:020000040800F2
:10000000FFFF012061DF00083F0200082302000813
:10001000B5DF0008B5DF0008B5DF0008000000000C
:10002000000000000000000000000000270200089F
:1000300043020008000000009D020008330200088F
:10004000B5DF0008B5DF0008B5DF0008B5DF000840
:10005000B5DF0008B5DF0008B5DF0008B5DF000830
:10006000B5DF0008B5DF000849290008B5DF000842
:10007000B5DF0008B5DF0008B5DF0008B5DF000810
:10008000B5DF0008B5DF0008B5DF0008B5DF000800
:10009000B5DF0008B5DF0008B5DF0008B5DF0008F0
:1000A000B5DF0008B5DF0008B5DF0008B5DF0008E0
:1000B000B5DF0008B5DF0008B5DF0008B5DF0008D0
:1000C000B5DF0008B5DF0008B5DF0008B5DF0008C0
:1000D000B5DF0008B5DF0008B5DF0008B5DF0008B0
:1000E000AD290008B5DF0008B5DF0008B5DF00085E
:1000F000B5DF0008B5DF0008B5DF0008B5DF000890
:1001000000000000D9200108B5DF0008B5DF0008B5
:10011000000000000000000039270008B5DF0008DB
:10012000B5DF0008B5DF0008B5DF0008C921010808
:10013000B5DF0008B5DF0008B5DF0008B5DF00084F
:10014000B5DF0008B5DF0008B5DF0008B5DF00083F
:10015000B5DF0008B5DF0008B5DF0008B5DF00082F
:10016000B5DF0008B5DF0008000000000000000057
:10017000000000000000000000000000000000007F
:10018000B5DF0008B5DF0008000000000000000037
:10019000B5DF0008B5DF0008000000000000000027
:1001A000000000000000000000000000000000004F
:1001B000B5DF00080000000000000000B5DF000807
:0401C000B5DF00089F
:1001D00072B61D481D4901F1040101604FF0E02095
:1001E0001B49C0F8081D1B481949096801601A48D5
:1001F000016841F0010101604FF0E02017494161C1
:100200004FF0070101614FF00001C0F8181D4FF0D9
:100210007F41C0F81C1D1249C0F8201D7047FFF730
:10022000FEBFFFF7FEBFFFF7FEBF00B55DF804EBB2
:10023000704700B500F07CF85DF804EB7047FFF7FD
:10024000FEBFFFF7FEBF000058170020C0250120A9
:1002500000000008100D0120001000E0FFA50E00B6
:100260000000FF400000000000000000000000004F
:100270004FF000002A4A1060EFF3148020F00400D1
:1002800080F3148862B64FF080504FF0E021C1F83F
:10029000040DBFF34F8FBFF36F8FFEE72148224A53
:1002A0004FF00003016891B10360EFF3098C2CE972
:1002B000F00F1EF0100F01D12CED108A1B4C4CF8E2
:1002C00004ED2568C1F808C00DB18D61236072B6D8
:1002D0001168B1B1016062B64F68144C8D6907F1C5
:1002E00001074F602560D1F808C05CF804EB1EF0F0
:1002F000100F01D1BCEC108ABCE8F00F8CF3098818
:10030000704772B61168016009B962B6F9E74FF03B
:1003100000674FF0E028C8F8047D62B6DCE770475C
:100320005C17002068FC0020CC0100207C06002027
:100330002249086800F101000860214B1A683AB1AF
:10034000A2F101021A601AB91E4B4FF001001860A9
:100350001D490868026822B11C4B4FF001021A6067
:1003600008E000F104001A4B1A68904201D1194BC1
:1003700018680860134B1A6812B914490868C8B1A4
:1003800001B51249086808B102F024FF0D4B1A6844
:1003900072B102F03BFB1048016849B90F4801688F
:1003A0000F4A13680F484FF08052994200D0026004
:1003B000BDE80140BFF34F8F70470000800600206A
:1003C0007C06002078060020E80500207406002046
:1003D000E4050020EC0500205C17002068FC0020EC
:1003E000CC01002004ED00E000000000000000004F
:1003F000026922F00702A2F144026FF002031360C7
:100400004FF0000353609360D360136153619361B5
:10041000D361136253629362D362136353634FF0E9
:10042000FF339363D1634FF080731364826070472E
:10043000704700BF00000000000000000000000046
:10044000704700BF81F0004102E000BF83F000432D
:1004500030B54FEA41044FEA430594EA050F08BF5F
:1004600090EA020F1FBF54EA000C55EA020C7FEA23
:10047000645C7FEA655C00F0E2804FEA5454D4EBA0
:100480005555B8BF6D420CDD2C4480EA020281EA6A
:10049000030382EA000083EA010180EA020281EAA2
:1004A0000303362D88BF30BD11F0004F4FEA0131F4
:1004B0004FF4801C4CEA113102D0404261EB410103
:1004C00013F0004F4FEA03334CEA133302D0524289
:1004D00063EB430394EA050F00F0A780A4F1010445
:1004E000D5F1200E0DDB02FA0EFC22FA05F280187F
:1004F00041F1000103FA0EF2801843FA05F3594165
:100500000EE0A5F120050EF1200E012A03FA0EFCE3
:1005100028BF4CF0020C43FA05F3C01851EBE3710D
:1005200001F0004507D54FF0000EDCF1000C7EEB2A
:1005300000006EEB0101B1F5801F1BD3B1F5001F68
:100540000CD349085FEA30004FEA3C0C04F1010487
:100550004FEA445212F5800F80F09A80BCF1004FB0
:1005600008BF5FEA500C50F1000041EB045141EA32
:10057000050130BD5FEA4C0C404141EB0101013CFB
:1005800028BFB1F5801FE9D291F0000F04BF0146EA
:100590000020B1FA81F308BF2033A3F10B03B3F1BC
:1005A00020020CDA0C3208DD02F1140CC2F10C024C
:1005B00001FA0CF021FA02F10CE002F11402D8BFAA
:1005C000C2F1200C01FA02F120FA0CFCDCBF41EA76
:1005D0000C019040E41AA2BF01EB0451294330BD45
:1005E0006FEA04041F3C1CDA0C340EDC04F1140422
:1005F000C4F1200220FA04F001FA02F340EA0300F9
:1006000021FA04F345EA030130BDC4F10C04C4F13E
:10061000200220FA02F001FA04F340EA030029461E
:1006200030BD21FA04F0294630BD94F0000F83F468
:10063000801306BF81F480110134013D4EE77FEA4B
:10064000645C18BF7FEA655C29D094EA050F08BF97
:1006500090EA020F05D054EA000C04BF1946104678
:1006600030BD91EA030F1EBF0021002030BD5FEABC
:10067000545C05D14000494128BF41F0004130BDE4
:1006800014F580043CBF01F5801130BD01F0004538
:1006900045F0FE4141F470014FF0000030BD7FEAAB
:1006A000645C1ABF194610467FEA655C1CBF0B46A6
:1006B000024650EA013406BF52EA033591EA030FBD
:1006C00041F4002130BD00BF90F0000F04BF0021B5
:1006D000704730B54FF4806404F132044FF00005E8
:1006E0004FF0000150E700BF90F0000F04BF002161
:1006F000704730B54FF4806404F1320410F00045C7
:1007000048BF40424FF000013EE700BF42004FEAC1
:10071000E2014FEA31014FEA02701FBF12F07F433E
:1007200093F07F4F81F06051704732F07F4208BFF5
:10073000704793F07F4F04BF41F40021704730B5FC
:100740004FF4607401F0004521F000411CE700BF48
:1007500050EA010208BF704730B54FF000050AE0CB
:1007600050EA010208BF704730B511F0004502D5CC
:10077000404261EB41014FF4806404F132045FEACE
:10078000915C3FF4D8AE4FF003025FEADC0C18BF77
:1007900003325FEADC0C18BF033202EBDC02C2F169
:1007A000200300FA03FC20FA02F001FA03FE40EAFB
:1007B0000E0021FA02F11444BDE600BF53B94AB954
:1007C000002908BF00281CBF4FF0FF314FF0FF3059
:1007D00000F00CB8ADF1080C6DE904CE14F072FB1A
:1007E000DDF804E0DDE9022304B07047704700BF84
:1007F00010F8012B11F8013B012A28BF9A42F7D0CB
:10080000D01A7047034613F8012B002AFBD1181A9F
:1008100001387047000000000000000000000000E8
:1008200001F0FF01102A2BDB10F0070F08D010F8A1
:10083000013B013A8B422DD010F0070F42B3F6D1A5
:10084000F0B441EA012141EA014122F007047FF0BE
:1008500000070023F0E80256083C85EA010586EA15
:10086000010685FA47F5A3FA87F586FA47F6A5FA51
:1008700087F68EB9EED1F0BC01F0FF0102F007025D
:1008800032B110F8013B013A83EA010313B1F8D108
:100890000020704701387047002D06BF35460338E9
:1008A000073815F0010F07D1013015F4807F02BF22
:1008B000013015F4C03F0130F0BC0138704700BF73
:1008C0004FF0FF3C06E000BF4FF0010C02E000BF1C
:1008D0004FF0010C4DF804CD4FEA410C7FEA6C5CFF
:1008E0004FEA430C18BF7FEA6C5C1BD001B050EAA2
:1008F000410C0CBF52EA430C91EA030F02BF90EA8D
:10090000020F0020704710F1000F91EA030F58BF4B
:10091000994208BF90422CBFD8176FEAE37040F0AD
:10092000010070474FEA410C7FEA6C5C02D150EA4B
:10093000013C07D14FEA430C7FEA6C5CD6D152EA06
:10094000033CD3D05DF8040B704700BF84461046CB
:1009500062468C461946634600E000BF01B5FFF7CA
:10096000B7FF002848BF10F1000F01BD4DF808ED9A
:10097000FFF7F4FF0CBF012000205DF808FB00BF6B
:100980004DF808EDFFF7EAFF34BF012000205DF8C5
:1009900008FB00BF4DF808EDFFF7E0FF94BF012012
:1009A00000205DF808FB00BF4DF808EDFFF7CEFF13
:1009B00094BF012000205DF808FB00BF4DF808ED52
:1009C000FFF7C4FF34BF012000205DF808FB00BF23
:1009D0000348044B834202D0034B03B118477047CE
:1009E0000C0100200C010020000000000548064B0F
:1009F0001B1AD90F01EBA301491002D0034B03B11D
:100A0000184770470C0100200C0100200000000076
:100A100010B5064C237843B9FFF7DAFF044B13B146
:100A20000448AFF300800123237010BD0C010020A7
:100A3000000000001C64010808B5054B1BB1054906
:100A40000548AFF30080BDE80840FFF7CFBF00BF07
:100A500000000000100100201C6401082DE9F74F80
:100A60005B4F5C4C00224FF0010E4FF003080E6804
:100A70000EFA02F505EA0603B54340F09B804D6887
:100A800025F01005013D5600012D08FA06FC11D88D
:100A9000856825EA0C09CD68B54045EA09058560F9
:100AA000456825EA03094D68C5F30015954045EAF8
:100AB00009054560C56825EA0C098D68B54045EA19
:100AC0000905C5604D6825F01005022D16D14FEAC5
:100AD000D20A00EB8A0A02F0070BDAF820504FEA3C
:100AE0008B0B4FF00F0909FA0BF925EA09090D697B
:100AF00005FA0BF545EA0905CAF82050056825EA0C
:100B00000C0C4D6805F00305B54045EA0C05056081
:100B10004D68EE004ED5002501957D6C45F480456D
:100B20007D647D6C22F0030606F1804605F4804565
:100B300006F59C36019502F0030C019DD6F808904D
:100B40004FEA8C0C0F2505FA0CF529EA0509224D10
:100B5000A84236D005F58065A84234D005F58065F9
:100B6000A84232D005F58065A84214BF07250325A9
:100B700005FA0CF545EA0905B5604D682668ED03F0
:100B800054BF9E431E4326604D686668AD0354BF44
:100B90009E431E4366604D68A668ED0254BF9E43A7
:100BA0001E43A6604D68E668AD0254BF26EA030303
:100BB0003343E3600132102A7FF459AF03B0BDE83C
:100BC000F08F0025D4E70125D2E70225D0E700BF4A
:100BD00000380240003C014000000240026801234E
:100BE00003FA01F1136A23EA01031362136A19433A
:100BF000116203680A4A934203D002F5806293426D
:100C000003D15A6C42F400425A6403689A6802F0B5
:100C10000702062A1EBF1A6842F001021A607047D6
:100C2000000001402F4A0368904212D0B0F1804F7B
:100C30000FD0A2F57C4290420BD002F58062904228
:100C400007D002F58062904203D002F578429042CC
:100C50003DD14A6823F070031343224A90421DD0CD
:100C6000B0F1804F1AD0A2F57C42904216D002F526
:100C70008062904212D002F5806290420ED002F55E
:100C8000784290420AD0184A904207D002F580621A
:100C9000904203D002F58062904203D1CA6823F4E7
:100CA000407313434A6923F08003134303608B6846
:100CB000C3620B6883620B4B984203D003F58063D9
:100CC000984201D10B690363012343617047074ACE
:100CD0009042E3D002F580629042DFD002F580625C
:100CE000CFE700BF00000140001800400040014075
:100CF000036A23F0100370B50362036A44688269D3
:100D00000D6822F4E64242EA05228D6823F02003B2
:100D100043EA0513104DA84203D005F58065A842AB
:100D200014D1CD6823F0800343EA05130A4DA8428D
:100D300023F0400303D005F58065A84206D1D1E930
:100D4000055624F44064354344EA850444608261D6
:100D50004A688263036270BD00000140F0B5174D20
:100D60002E68070C012F20D1746920EA0404A4B274
:100D7000B4FA84F464098C4201D0002014E0541CBD
:100D8000F0D00F4C2468E41AA242EBD200232022B8
:100D90002B6385F83D2085F83E302A6C85F83C3081
:100DA00042F020022A640120F0BDB469E443C4F398
:100DB000400484F00104E4B2DDE700BF380C0120F8
:100DC000CC0C012030B51B4B1C686269D24312F079
:100DD000020201D110461AE0626912F4806217D053
:100DE000226842F4007222601A686FF480615161D7
:100DF000002220211A6383F83D1083F83E201A6CEC
:100E000042F004021A64002283F83C20012030BD25
:100E1000451CDAD0084D2D686D1AB5F57A7FD4D906
:100E200020211A6383F83D1083F83E201A6C0A4390
:100E3000E8E700BF380C0120CC0C012030B5184B7E
:100E40001D686A6912F0800201D0002026E06C69FA
:100E500014F4806411D1421CF3D0124A1268521A61
:100E6000B2F57A7FEDD920221C6383F83D2083F808
:100E70003E401A6C42F020020BE06FF48061696121
:100E800020211A6383F83D1083F83E201A6C42F04B
:100E900004021A64002283F83C20012030BD00BF08
:100EA000380C0120CC0C012030B5164B164D1C68B7
:100EB000626912F0400201D0002012E0616911F075
:100EC00010010FD06FF01001616120211A6383F8C7
:100ED0003D1083F83E201A6C1A64002283F83C20EF
:100EE000012030BD2A68121AB2F57A7FE0D920229B
:100EF000196383F83D2083F83E101A6C42F02002FB
:100F0000EAE700BF380C0120CC0C012030B5134BB0
:100F1000DB68C3F30223DD1E042D94BFC3F1070376
:100F200004234FF0FF3488BF002504FA03F321EABD
:100F30000301AC4022EA0402A9401143421C16BF3F
:100F400000F16040054A00F561404FEA011314BF0B
:100F500080F8003382F8233030BD00BF00ED00E0A0
:100F6000044B054A9B68C3F38223D35C034A106891
:100F7000D840704700380240B07601086000002079
:100F800013B5002201463620FFF7C0FF274B4FF470
:100F900080025A6000230193254B1A6C42F0100224
:100FA0001A641A6C02F010020192019A9A689A6807
:100FB0009A689B681F4B12F4E05F1B6831D1FFF702
:100FC000CFFF1D4C1D4B236040F2E733E3601C4B09
:100FD000B0FBF3F000232361A360A36194F83D30DC
:100FE0000138606003F0FF020BB984F83C20022353
:100FF0001449124884F83D30FFF714FE012384F8A9
:101000003D302368DA6842F00102DA609A6802F043
:101010000702062A1EBF1A6842F001021A6002B0D7
:1010200010BDFFF79DFF4000CBE700BF00E100E0EF
:1010300000380240003C0240D00C0120001000406B
:1010400040420F00D40C012010B4D0E90140A44666
:1010500010BC604710B404688068A446012310BC2B
:10106000604713B5012301AA10210446FFF7ECFFE6
:1010700050B99DF8043001AA60F383031021204683
:101080008DF80430FFF7E6FF02B010BD0023044ADC
:1010900019460133B3F5806F02F8011BF9D170478F
:1010A00010080120030630B516D43F2914D80B4B85
:1010B0000B4D1B79002B18BF82F00102CB0800EB0F
:1010C000C31001242B5C01F0070104FA01F1A242D4
:1010D0000CBF0B438B432B5430BD00BF08080120CD
:1010E000100801202DE9F04F87B0DFF894B0059388
:1010F00089469246451E15F8013F0193A3F120044D
:10110000E2B25E2A1CD8BBF8006006EB0902802A16
:1011100016DCBBF80230029303EB0A02402A0FDC14
:10112000059B0AFB04F403EB44044FF00008D04590
:1011300009D32A78019B4E449A42ABF80060DAD07A
:1011400007B0BDE8F08F34F8023B0493029B08EB34
:101150000302D3B2002703934F4502D308F10108DD
:10116000E5E7049B039903FA07F2B81912F4004269
:10117000C0B218BF0122FFF795FF0137ECE700BFAF
:1011800008080120F0B50D46B0FBF2F702FB170688
:10119000092E8CBF03F1370430243444904205F803
:1011A000014B01D2681AF0BD3846EDE7D1E90123C1
:1011B00010B593423FBF0A685C1C8C60D05410BDD0
:1011C0008B6801338B60D1E9003118472DE9F0417C
:1011D000134C144B144801250027082206212580B2
:1011E00002266780FFF77EFF0E4B0F4826800822FD
:1011F00006216780FFF776FF258008252A46094BE0
:101200000A4865800621FFF76DFF268065802A4623
:10121000044B0648BDE8F0410621FFF763BF00BF5D
:10122000080801209E7001083E00002034000020C4
:10123000D0F8EC39642B38BF6423643BC0F8EC3938
:10124000D0F8F4390133C0F8F439D0F89439022BCE
:1012500007D1D0F8B839632B8CBF643B0023C0F8AA
:10126000B839704750B141F27073984206D942F6CE
:10127000E062904201D9400870471846704770B547
:101280000023561E9E4201D800200DE00578FF2D58
:10129000FAD001330DB90130F4E744788D4223448C
:1012A00003D19A42F0D3013070BD02342044E9E703
:1012B0000346014400208B4200D1704713F8012BF4
:1012C00042EA0020F7E738B5F0301446A3F1F00207
:1012D0000D46FFF7D4FF58B10178042902D9032D38
:1012E00008D104210130FFF7E3FF2060002038BD62
:1012F0000A20FCE70920FAE7014401F8012D8142A8
:101300004FEA1222F9D1704770B5049C1646226844
:1013100081542568013525604655256801351A46F2
:10132000256031462844FFF7E7FF236833442360F4
:1013300070BD01380A44914200D1704711F8013B59
:1013400000F8013FF7E70000F8B5136814463722AC
:10135000CA54236800F580570133236097F8D02FD3
:101360000332CA54064620680D460130206003222D
:1013700028440A49FFF7DDFF206803302060D7F8D2
:10138000D02F52B106F5FE510C312844FFF7D1FFA2
:1013900097F8D02F236813442360F8BD0000002085
:1013A00010B5002302780AB9581C0EE03F2A07D86E
:1013B000541C2044CC68A04208D201331344F1E706
:1013C00002F0C002C02A01D1981C10BD0020FCE729
:1013D00038B504461546FFF7E3FF50B1CA68831CD1
:1013E00023449A4207D9235A5BBA9BB22B60002050
:1013F00038BDA620FCE70320FAE738B504461546B9
:10140000FFF7CEFF60B1CA6800F10A0323449A4295
:1014100008D90444002023895BBA9BB22B6038BDF5
:10142000A620FCE70320FAE71D4B93F83920202A79
:1014300019D193F83820012A15D000222121DA632E
:1014400083F83910174983F83820096801219984F5
:10145000D9841968DA8C92B232B90A685206FCD57E
:10146000202283F839207047DA8C013ADA849A68AE
:10147000B2F5805F0CD10A681206FCD50288C2F36F
:1014800008024A601A690AB90230E3E70130E1E76D
:101490000A681206FCD510F8012B4A60DAE700BF93
:1014A0008C0C0120CC0C01202DE9F74F694F6A4CC0
:1014B0003D680C9E9A4694F83D30202B8146884624
:1014C00093463CD165482B4619220121FFF746FC83
:1014D000002834D194F83C308B4230D0236884F813
:1014E0003C101A68D2075EBF1A680A431A60226865
:1014F000136823F400631360212384F83D30002136
:10150000402384F83E302164A4F82AA0638D226829
:101510002385534BC4F824B0E362136843F480730B
:1015200013604FF0011032462B46FFF717FC22687C
:1015300040B11368D80502D54FF40073236403B09B
:10154000BDE8F08F09F0FE03136129463046FFF72E
:1015500039FC0028F3D1236801905A6901929B69F4
:10156000019329463046019BFFF768FC40B1236C8C
:10157000042BE4D12268136843F400731360DEE7A0
:101580002368C3F81080238D8BB923685A6912F041
:10159000040231D01A6842F400721A60202384F8E1
:1015A0003D30002384F83E3084F83C30C7E72946BC
:1015B0003046FFF743FC0028D9D1636A22681B78C4
:1015C0001361606A618D431C6362238D013B0139A5
:1015D0009BB22385618551694907D4D5002BD2D0B0
:1015E00043781361636A01336362238D013B238572
:1015F000638D013B6385C6E7596911F4806117D09B
:101600006FF4806159612021226384F83D1084F8D1
:101610003E20226C42F004022264002284F83C2026
:10162000226C042A02BF1A6842F400721A6086E72C
:10163000721CABD03A68521BB2F57A7FA6D9202231
:10164000216384F83D2084F83E10226C42F0200291
:10165000E2E700BFCC0C0120380C01200200100092
:101660000000FFFF13B5064CA04205D14FF47A707D
:101670000090D520FFF718FF002002B010BD00BF7A
:10168000380C012013B5064CA04205D14FF47A70F6
:101690000090B920FFF708FF002002B010BD00BF86
:1016A000380C012013B5074CA04207D14FF47A70D3
:1016B000009041F08001BF20FFF7F6FE002002B04D
:1016C00010BD00BF380C012013B5074CA04207D154
:1016D0004FF47A70009041F080013D20FFF7E4FE66
:1016E000002002B010BD00BF380C01201FB54FF024
:1016F000FF338DF80F0000930DF10F02012300213D
:101700007820FFF7D1FE05B000BD000073B50E4D87
:10171000B0244FF0FF362046FFF7E8FF0020FFF728
:10172000E5FF01341020FFF7E1FFE4B22A460096FE
:10173000802340217820FFF7B7FEB82C05F1800503
:10174000E9D102B070BD00BF100801202DE9F043BF
:10175000954C9846954B1D6894F83D30202B87B0EA
:1017600006460F46914661D191482B461922012128
:10177000FFF7F4FA002859D194F83C308B4255D049
:10178000236884F83C101A68D2075EBF1A680A43BF
:101790001A602268136823F400631360222384F81C
:1017A0003D300021402384F83E302164A4F82A8093
:1017B000638D238522687F4BC4F82490E36213680D
:1017C00043F4806313602268136843F480731360EA
:1017D0004FF001102B464FF47A72FFF7BFFA2368DF
:1017E00030B11B68D80521D54FF4007323641DE088
:1017F00006F0FE021A6129464FF47A70FFF7E2FA0A
:10180000A0B9236805905A6905929B6905932946FA
:101810004FF47A70059BFFF711FB50B1236C042B3A
:1018200004D12268136843F40073136007B0BDE865
:10183000F083236829461F614FF47A70FFF7FEFAA0
:1018400001460028EAD12268136843F480731360CC
:101850004FF001102B464FF47A72FFF77FFA23689E
:101860000028BED146F00106F6B21E6129464FF4AB
:101870007A70FFF7A7FA0028D8D1228D2368A2B981
:1018800004925A6904929A690492049A1A6842F47A
:1018900000721A60238D002B2FD1202284F83D2066
:1018A00084F83C3084F83E30C0E7012A0BD11A6836
:1018B00022F480621A60236803905A6903929A693D
:1018C0000392039AE2E7022A10D11A6822F4806296
:1018D0001A602268136843F400631360236802905F
:1018E0005A6902929B690293029BD3E701905A695D
:1018F00001929B690193019BCCE7032B5ED8012BDE
:1019000012D12846FFF7D0FA00288FD123681A6930
:10191000636A1A70636A01336362238D013B238516
:10192000638D013B6385B5E7022B23482B464FF4BB
:101930007A724FF000011AD1FFF710FA00287FF4F5
:1019400075AF2268136843F40073136023681A6943
:10195000636A1A70626A531C6362238D013B23859C
:10196000638D013B638523681B695370D2E7FFF7E2
:10197000F5F900287FF45AAF22680F48136823F462
:101980008063136023681A69636A1A70636A01339B
:101990006362238D013B2385638D013B63854FF497
:1019A0007A722B46C8E700BF380C0120CC0C01200E
:1019B000020010000000FFFF040001002846FFF7AE
:1019C00073FA00287FF432AF23681A69636A1A70C9
:1019D000626A531C6362238D013B2385638D013B47
:1019E00063852368596949077FF554AFBCE700BF99
:1019F00010B5044CA04202D1D520FFF7A7FE00206D
:101A000010BD00BF380C012010B5044CA04202D11B
:101A1000B920FFF79BFE002010BD00BF380C01204D
:101A200010B5054CA04204D141F08001BF20FFF762
:101A30008DFE002010BD00BF380C012010B5054CF4
:101A4000A04204D141F080013D20FFF77FFE00203D
:101A500010BD00BF380C012010B52DED028B3D4CA0
:101A600086B09DF80C309B0702D12368002B67D10C
:101A7000394C02220021204613F0CBFD22460223DE
:101A800028213648FFF7E0FA354BB4F90020D3EDB2
:101A9000015A93ED006AD3ED037A93ED027A9FED3C
:101AA000310A314C37EEE55A66EE677A06EE902A37
:101AB000E5EE877A02220021F8EEE66A37EE467AF2
:101AC000E5EE267A2046C7EE876ADFED287AF4EE47
:101AD000E67AF1EE10FAD8BFF0EE667AF4EEC07A4C
:101AE000F1EE10FAD4BFB0EE678AB0EE408A13F080
:101AF00090FD224602232A211848FFF7A5FA1C4B25
:101B0000B4F90020D3ED037AD3ED015A93ED006AC6
:101B100093ED027A37EEE55A66EE677A06EE902A82
:101B2000E5EE877AF8EEE66A37EE467AE5EE267A53
:101B3000B0EE480AC7EE870A06B0BDEC028B10BDB6
:101B40000123064803AA2721FFF77EFA2368013BF9
:101B5000236086E750000020340C01205400002050
:101B6000240C01200000C842200C012000000000CD
:101B7000100C012038B504460D462822002113F030
:101B800048FD6560EFF3108572B60B4B0B4923607F
:101B90000B680B4A43B9C4E90644146001330B6077
:101BA00085F31088002038BD1268D069D461846143
:101BB000C4E90620F2E700BF4E4456448C060020DC
:101BC0009006002007B5CBB20193C1F30723009321
:101BD0000A0EC1F307430146024813F069FC03B043
:101BE00000BD00BFFBBE04080CB42DE9F04F9FB050
:101BF00028ADCDE90A01CDE91201AF4955F8042B12
:101C00001591002312A90D9514931691009392F843
:101C100000E0BEF1000F0ED1704612A9FFF7C6FA20
:101C2000DDE90A32134403F8010C00981FB0BDE847
:101C3000F04F02B07047BEF1250F79D0531C0793C7
:101C400015A9009B17937046FFF7BAFA179B0093EC
:101C5000079ADCE72B2C64D03ED8202C46D0232CCE
:101C600061D02A2C4AD102210233039119782E29FE
:101C70007FD159782A2964D10221023302914FF091
:101C8000000A1E4616F8011B682976D06C297AD006
:101C90004C297AD01E4600213378782BCED8572B8A
:101CA00077D8252B00F02D81413BDCB2062CC5D81E
:101CB000062BC3D801A454F823F000BFF31E00087C
:101CC0003D1C00083D1C00083D1C0008D71E0008F4
:101CD000C91E0008E51E00082D2C26D0302C0DD181
:101CE000069BB3FA83F35B09049302E0002F08BF5D
:101CF00020270B465C78591C002CABD100230393A2
:101D000005934FF00A0C0C78303CE6B2092E0B46D6
:101D1000ACD8059B0CFB03430593012301310393CE
:101D2000F1E72746E5E7A046E3E706940023DBE773
:101D30004FF0000813464746CDF81080CDF81880C4
:101D4000D8E72D2912D10233002102911C464FF011
:101D5000000A4FF00A0C02E001340CFB0A1A217849
:101D60003039CEB2092E2346F6D98AE70133012154
:101D7000EBE7002102918A4683E75978682906D16A
:101D80009E1C032188E7042186E7022184E70121C4
:101D900082E7583B202B3FF651AF01A454F823F0C3
:101DA000AD1E00083D1C00083D1C00083D1C00083D
:101DB0003D1C00083D1C00083D1C00083D1C00089F
:101DC0003D1C0008E91E00083D1C0008071F000814
:101DD000A11E0008CD1E0008BD1E0008DB1E000865
:101DE0003D1C0008A11E00083D1C00083D1C000809
:101DF0003D1C00083D1C00083D1C0008A71E0008F3
:101E0000F71E00083D1C00083D1C00083D1E000890
:101E10003D1C0008251E00083D1C00083D1C000854
:101E2000B31E000820240723DBB202980193049B11
:101E3000002814BF002303F0010303E003230193F0
:101E4000202400230493731C9A4207933FF4F6AEB8
:101E5000039B022B2B4608D153F8042B0592002A32
:101E6000BFBF5242059201220692029A022A06D16F
:101E700053F804AB6FEA0A02D20F52000292019AA1
:101E8000023A0A2A4CD8DFE812F056005C00DF0064
:101E90000C010C010C015E016D016D016D016D0104
:101EA00020240423C0E720240523BDE700240623C3
:101EB000BAE72024FBE700BFAD1100082024029BF5
:101EC0001BB309230193BEE70024F8E72024029BFB
:101ED00003B30A23F6E70024F9E72024029BDBB1D1
:101EE0000B23EFE70024F9E72024029BB3B10C2376
:101EF000E8E70024F9E70823019300232024029354
:101F0000A1E70123F8E70223F6E7092301934FF045
:101F1000060A98E70A23F9E70B23F7E70C23F5E70E
:101F200025228DF860201D464FF0000BD946012672
:101F3000002718AC13E01D4655F8043B8DF86030BF
:101F4000F2E71D46002655F8044B029B13B1564597
:101F500080F26282A75D002F74D1BB46B946019B17
:101F6000039A013BDBB29AB1049A002A00F0668220
:101F7000022B40F26582029A002A00F06382BAF1D5
:101F8000000F40F05F82D34514BF2022302203921D
:101F900040F6047222FA03F3DB07059B58BFAAEB55
:101FA000060AA3EB060854BF2AEAEA7A4FF0000AB1
:101FB000002F18BFA8F10108B9F1000F01D0A8F156
:101FC0000208069BA8EB0A0828EAE878002B40F0F4
:101FD0004882039B002B00F04482302B19D13FB183
:101FE000009B179315A93846FFF7EAF8179B009353
:101FF000B9F1000F00F03382009B179315A9302030
:10200000FFF7DEF815A94846FFF7DAF8179B0093AB
:102010000027B8F1000F40F01782039B302B0ED041
:10202000B9F1000F0BD0009B179315A93020FFF7D3
:10203000C7F815A94846FFF7C3F8179B00934FF060
:10204000FF381DE2013680E701391D1D032923D821
:10205000DFE801F002221722B3F90000002811DAAC
:102060004FF0000B2D27002823464FF00A0218A935
:10207000B8BF4042FFF786F84FF0000906460C460D
:102080006DE7187850B9029B1BB1BAF1000F00F050
:10209000C8814FF0010BE6E71868DFE74FF0000B4F
:1020A000E1E701391D1D03291BD8DFE801F0021A01
:1020B000181A1F88BFB9029B002B38D0BAF1000F45
:1020C00035D1019B052BD14640F0AE815646B8EB89
:1020D0000A0A18BF4FF0010A4FF0010B29E71F78D9
:1020E000E8E71F68E6E74FF0000B019B052B21D0C6
:1020F000062B14BF0A221022234618A93846FFF7E0
:1021000041F80646002F00F08281B8F1000F00F080
:102110008F81019B052B0FD100F178036B44302296
:102120004FF0000903F8182C01364F46A7E74FF08F
:10213000010BDAE70822DFE7019B062B40F07A81EA
:1021400004F15809F4E61D46102255F8040B20232B
:1021500018A9FFF717F84FF0000B06464FF0780963
:102160005F468CE7073323F00705B5EC027B0022BE
:1021700051EC170B00238DED087BFEF701FC0022CC
:1021800000284FF00003DDE9080118BF2D27FEF7F6
:10219000EDFB9DED087B8DED0E7BB0F1000B18BFC4
:1021A0004FF0010B0EA910AA0023013311F8010B07
:1021B00002F8010B082BF8D1DDE9102340F2FF7182
:1021C000C3F30A508842C3F3130311930ED11A4389
:1021D00040F02081AD4A18A90026935D002B00F045
:1021E0001681234401F8013B0136F6E7BAF1150FD9
:1021F00001DDA74AEFE700287DD043F48013119357
:10220000A0F2FF30BAF1000F02D1B8F1000F74D084
:102210000AF178036B442E220AF1010103F8182C0D
:102220000028C0F28980DDE9103E1F280646A8BFBD
:102230001F26C6F13402A6F11408C6F1140C23FAC5
:1022400002F20EFA08F82EFA0CFC42EA080242EA00
:102250000C02B0EB060C72D0C6F13308A6F11300E5
:1022600023FA08F30EFA00F0C6F113062EFA06F66A
:102270000343334303F001034FF0300E4FF00508E2
:10228000BCF1000F3BD1342018AE01EB060E4FF02D
:102290000A090E46162EACDCB2FBF9F809FB182C25
:1022A0000CF1300C092A0EF801CB06F1010648D8D2
:1022B000342800F0328140EAE07C1099119A0CF148
:1022C0000C08ACF1140E01FA0EFEA0EB0C0302FA9E
:1022D00008F2CCF1140C21FA0CFC42EA0E0201FACD
:1022E00008F142EA0C024FEAD17ED446BCF1000F5D
:1022F00033D000212FE0012082E7514690E7002AE9
:1023000005DB43EA420200230CF1FF3CB8E7162943
:102310003FF76FAFB2FBF8F601F178006844013186
:1023200000F818EC06EB8600101A1844022894BF37
:10233000002301233246E7E700221346A4E7634661
:10234000A2E74246A6E7B2F1333F00D201B302F062
:10235000010E01335208032BF5DDDB437244DB0F22
:10236000BCF1000F2FD000210DF160094FF00A08D9
:102370004FEA127E0CF1FF3C0EF1300E0CF809E032
:1023800022F07042BCF1000F19D008FB02F2EFE717
:102390000EEB4E0E02EB82028B42724403DB8E4642
:1023A00001330121D7E70CF1FF3C0CF1780EEE442C
:1023B0004FF030080EF8188C01338E4696E734281B
:1023C00004D012018C4603EAD273614618AA881819
:1023D0004FF0300C19E016293FF70BAF8E42DFBFEC
:1023E00006F178036B44013603F818CC10F8012B82
:1023F0002E2A01D10131EEE7392A13BF01323022F2
:102400000123002300F8012C0131002BE3D14FF010
:1024100000098EE51F4ADEE64FF0000BD9465F4605
:102420009DE5D146564657E656464FF0010B7FE5EF
:102430004746ECE74FF000094F467AE52022A6E533
:102440000022A4E53022A2E5009B0398179315A96A
:10245000FEF7B6FE179B009308F1FF38D9E54F460B
:10246000D7E5B9F1000F0BD0009B179315A93020C9
:10247000FEF7A6FE15A94846FEF7A2FE179B00939D
:10248000019B032B2AD100270FE000BF0EBF0408D9
:1024900016BF040812BF0408009BE05D179315A93E
:1024A000FEF78EFE179B00930137BE42F4DC069BBD
:1024B000002B3FF4CDAB039B002B3FF4C9ABB8F12D
:1024C000000F7FF7C5AB009B0398179315A9FEF784
:1024D00077FE179B009308F1FF38F0E73FB1009BB0
:1024E000179315A93846FEF76BFE179B0093BAF1B8
:1024F000000F0BD1002EDADD013E009BA05D17938B
:1025000015A9FEF75DFE179B0093F3E7009B179359
:102510000AF1FF3A15A93020E5E7BAF1000F3FF4C0
:1025200055AFD44600221FE7F0B5A7B007460E46C8
:1025300015460021842205A81C4613F06AF83B4684
:10254000244A162105A8FFF74FFB3346224A234EA3
:1025500016210DF12A00FFF747FB2B46204A1621D2
:1025600010A8FFF741FB6823B922CDE90132A82367
:102570001C4A00931621C0230DF15600FFF734FBCF
:10258000194A16211BA8FFF72FFB184A184B1621D2
:10259000002C08BF13460DF18200114AFFF724FBFF
:1025A000FEF774FDFEF712FE05AC10254FF0020792
:1025B0007580083520460F4B378008220621ADB2C2
:1025C000FEF790FD402D04F11604F1D1FFF79EF8BF
:1025D00027B0F0BD3CBF04084EBF04080808012026
:1025E00056BF040859BF040868BF04082ABF04087E
:1025F0001ABF04089E70010810B504460CF054F987
:10260000C923B0FBF3F202FB1300632803D8C0F127
:102610006403A34202D2643C204410BD0120FCE7C5
:102620002DE9FF47154603321F4622F00302EB183F
:102630009B1A23F003030024B3F5C86F8046894634
:1026400003944FD30AF0C4FD7E1E2E44824618B177
:1026500003AA21460AF0C6FD244B1A68244B1C68C5
:1026600014BBBAF1000F04D0039903AA50460AF034
:10267000B9FDEFF305831F4A11680B4306D0EFF352
:10268000058312681343B3F1F03F2DD31A4B1A6838
:102690001A4B9A4228D000972B464FF4C162494604
:1026A000404607F0E9F816E090450BD0D2E9081350
:1026B000013B8D420B4401D39D4203D38E420ED386
:1026C0009E420CD2BAF1000F04D0039903AA5046DF
:1026D0000AF088FD0724204604B0BDE8F087526B5D
:1026E000013CBDE70924F6E71124F4E7D8170020E0
:1026F000D41700204C00002068FC0020B4FB002010
:102700000268094B9A420DD1EFF30583074A12681C
:10271000134307D1064B1B6823B1064A934201D0ED
:1027200007F008B9704700BF4B4341504C000020F0
:1027300068FC0020B4FB0020314A1368196989073E
:102740000AD5D968880707D56FF002011961012100
:102750001177996900211177196949070AD5D96854
:10276000480707D56FF004011961022111779969B3
:1027700000211177196909070AD5D968080707D513
:102780006FF00801196104211177D96900211177CF
:102790001969C9060AD5D968C80607D56FF01001AE
:1027A000196108211177D969002111771A69D107B8
:1027B00009D5DA68D20706D512496FF001021A610D
:1027C0000A6801320A601A69100605D5DA6811062E
:1027D00044BF6FF080021A611A69520605D5DA68A3
:1027E000500644BF6FF040021A611A69910605D580
:1027F000DA68920644BF6FF020021A61704700BF8A
:10280000D00C0120CC0C0120044A05491368002B90
:1028100008BF0B4618441060184670470408012092
:10282000C02301204FF0FF3070474FF400534B603E
:10283000002070470120704700207047054BD3F8F7
:10284000882042F47002C3F888204FF000629A603A
:10285000704700BF00ED00E02DE9F3412F4C304FF1
:102860000E4615468846A8EB06039D4203DC284623
:1028700002B0BDE8F08194F83A30202B16D194F8DC
:102880003830012B12D000232222E36384F83A204F
:102890003A6884F838300122A285E2850DF10603FA
:1028A000E28D92B2B2B9202384F83A300DF10600DD
:1028B000FEF7BAFD9DF806300D2B06D10A230DF167
:1028C00007008DF80730FEF7AFFD9DF8063008F8D9
:1028D000013BC8E7E28DA168013AB1F5805FE2856E
:1028E00022680ED111688806FCD52169526821B989
:1028F000C2F3080223F8022BD2E7D2B223F8012B4D
:10290000CEE711688906FCD521695268581C11B9B7
:102910001A700346C4E702F07F02F9E78C0C01202D
:10292000CC0C012073B50E4615460C46A31B9D42E8
:1029300002DC284602B070BD14F8013B019301A8E7
:10294000FEF772FDF2E70000154B5A69D20625D555
:1029500010225A6103F5484304229A61A3F580636B
:102960004FF400429A6102F1804202F5C4324FF402
:10297000005191611B69DB0610D40A490B682033B2
:10298000B3F5006FAABF40F2FF721A4613460A6001
:10299000054A4FF0804153638B639363704700BFD8
:1029A000003C0140C4F9002000040040144B5A6967
:1029B000520524D54FF480625A6103F548434FF421
:1029C00080229A61A3F580634FF000429A6102F180
:1029D000404202F502324FF0005191611A6912F43F
:1029E00080620CD107490B68203B54BF1A4613463E
:1029F0000A60054A4FF0804153638B6393637047CD
:102A0000003C0140C4F9002000040040104B1B684A
:102A1000EFF3108072B60F4A00211160ABB11A6B50
:102A20009AB90D49DA690A60196A9A6199420CD01B
:102A3000DA6ADB6B9A4208D1084B43F82210084A45
:102A4000126853F82220074B1A6080F310887047F1
:102A500068FC0020780600207C0600204001002051
:102A6000C0010020CC010020EFF3108372B6024AAF
:102A7000106883F3108870478006002003685A1E90
:102A8000033217D88269AAB9202B28BF20235A1EE7
:102A90000C4B1B6803EB82030B4A12689A429FBFE0
:102AA0009B1A0A4A12689B181A6822B9C0E90400E6
:102AB000186083617047516908615061C0E9042161
:102AC000F7E700BFE8050020E4050020EC05002042
:102AD000F8B5504B04461E68EFF3108572B6864277
:102AE0000AD1F36C013B033303D806F14C00FFF726
:102AF000C5FF494BE2691A60484A49481368013BDF
:102B00001360A36B012B7ED1D4F820E0D4F82CC045
:102B1000444F00217445A16340D0616ACEF824106F
:102B2000C1F820E057F82C10A1420CD147F82CE056
:102B3000DFF8F8E0DEF8001029B103FA0CF321EA1F
:102B40000301CEF800100368A3425CD1364E374C27
:102B5000336857F8233003602368002B3AD013689A
:102B60000133136085F31088EFF3108572B6136894
:102B7000D4F800C0013B13609CFAACF1B1FA81F1CA
:102B800057F821703668FB6BB34223D807600120E9
:102B900000FA01F12CEA010323601BE047F82C1036
:102BA00003FA0CF1DFF888C0DFF880E0DCF80030D1
:102BB00023EA0103CCF80030DEF800C0BCF1000FBE
:102BC00003D02CEA0101CEF800101749ABB920243C
:102BD0000C60036085F310881368CBB94FF0E023D5
:102BE0004FF08052C3F8042DEFF3058383B9EFF360
:102BF000108362B683F310880AE093FAA3F3B3FA62
:102C000083F30B609FE785F310880368B342E3D139
:102C1000F8BD00BF68FC00207C0600205C17002087
:102C2000CC01002040010020C0010020C401002090
:102C3000C801002038B5EFF3108372B6144A146847
:102C40001CB983F31088132038BDEFF30581114AB6
:102C500012680A43F5D1104A9442F2D010B983F3B6
:102C60001088F1E70D4A11680029EAD10425C4F85B
:102C700084101168256301252944A563E06411606F
:102C800083F310882046FFF723FFD4F88400DBE7A6
:102C900068FC00204C000020B4FB00205C170020E2
:102CA00038B5194B1C68EFF3108272B6D4F8AC300B
:102CB00082F3108813B1002120469847D4E91130DF
:102CC0009847124B1B680BB120469847EFF31085CD
:102CD00072B60F48D4F8AC200023E36403680121E6
:102CE0000B442163A163036085F31088EFF3148321
:102CF00023F0040383F314880AB12046904720464A
:102D0000BDE83840FFF7E4BE68FC00203401002035
:102D10005C170020404B98422DE9F74F79D10025F0
:102D2000DFF80CA13D4F2E46A846EFF3108172B696
:102D3000DAF80020136800930BB1C3F818D01660BE
:102D4000374ADAF800301268C7F80080043393423B
:102D5000CAF8003002BF334B1B68CAF8003081F359
:102D60001088EFF3108272B6DFF8C890009C8CB91F
:102D70003B68002B4AD12C4903230B6301238B634F
:102D80002A490B6801330B6082F310882648FFF74D
:102D90009FFECAE72369CDF804809C421BBF61698E
:102DA000596100230B61009318BFC3F818D0236842
:102DB000202B1FD9203B236001ABA3612461019428
:102DC0000023C9F8004082F310880BB128469847C9
:102DD000EFF3108B72B6019BC9F800609C4203D1DF
:102DE000A6612046FFF74AFE8BF31088EFF31082AE
:102DF00072B6BBE761682160D4E9023521B101A94F
:102E0000A16124610194DCE7A161DAE782F3108813
:102E10008BE703B0BDE8F08F4D49544174060020A4
:102E2000E4050020EC050020B4FB00205C17002026
:102E3000E805002070060020F8B5EFF3108672B6A2
:102E40008568046A25EA04041460046A25EA040714
:102E5000002C18BF3D460D420ED043693BB10369BB
:102E60002BB90C430462002086F31088F8BD8368F8
:102E700023EA01038360F6E7002B33D01A4D2C6858
:102E8000002C2FD1194C1A4F2468A1670121C4E9E5
:102E90001F21D4F8B020A7660A44E066C4F8B02029
:102EA0004269C2B90461C4E91C4442690132426109
:102EB0000722E3642B68226301221344A2632B6080
:102EC00086F310882046FFF703FEEFF3108672B6F4
:102ED000D4F88400C8E702692267516F61670C6704
:102EE0005467E2E70720BFE75C17002068FC00207A
:102EF000F531000830B40C4C0568A5420ED153B131
:102F0000EFF30584094D2D682C430AD1084C256840
:102F1000084CA54205D030BCFFF78EBF062030BC60
:102F200070470420FBE700BF4E4456444C0000208D
:102F300068FC0020B4FB00200B4B1B689BB90B4BBB
:102F40001A680B4B1B689A420DD04FF0E0234FF0EC
:102F50008052C3F8042DEFF3058323B9EFF31083F8
:102F600062B683F3108870475C17002068FC00206D
:102F7000CC01002038B5EFF3108472B61D4B1A68EF
:102F800001321A6084F310881B4A14681B4A1568C2
:102F90000022AA4201D0A0420ED1EFF3108572B6F2
:102FA0001A68013A1A6085F31088FFF7C5FFA0423E
:102FB00005D10623184638BDA4690132E9E7104B54
:102FC000104A1B6893420CBF13230023EFF30582C2
:102FD0000D4C25682A4306D0EFF30582246822436E
:102FE000B2F1F03F04D31BB9BDE83840FEF7C2BDD3
:102FF0001323DFE75C170020900600208C060020DA
:1030000068FC0020B4FB00204C000020F0B4EFF37B
:10301000108172B6D0F81CC0BCF1010F03D881F347
:103020001088F0BC70478369BCF1020F1A6F05D19C
:10303000D46ADB6A9C4238BF8261F0E7194C25688C
:10304000013525601D46D76ADE6AB74238BF134690
:1030500081F31088EFF3108172B6D0E90667AE42B3
:103060001BD1BC4519D1126FAA4214D125689A42CE
:1030700005F1FF35256009D0D3E91C546C6725673D
:10308000546FC3E91C2423675367836181F310885D
:10309000F0BCFFF751BFBC46D5E7326F354633462B
:1030A000E2E700BF5C17002083694BB102699042E0
:1030B00007D11A68824201D100221A60002383617D
:1030C0007047416951610A6119688142F6D1936183
:1030D000F3E70000F8B50446EFF3108572B6436ECF
:1030E000002B32D04C30FFF7DFFF334AA06B136860
:1030F0003249013B1360236B002854D1EBB1636B61
:10310000002B4BD123632E4EE36A56F82300002890
:103110003ED12C4F46F8234001203E6800FA03FCC4
:1031200046EA0C063E60284E37689F42C4E90844D0
:1031300003D933600E6856B90C60244B1B6885F3C5
:1031400010880968994210D1F8BDC364CDE7F76BC8
:103150009F42F2D9F36A9F4204D01D4E98403368D3
:10316000034333600C6085F310881368002BEBD1A8
:103170004FF0E0234FF08052C3F8042DEFF30583A6
:10318000002BE1D1EFF3108362B683F31088DBE705
:10319000436A1C624462C4E90803CEE70023636308
:1031A00003232363C9E7013B012BC6D9636B002BC3
:1031B000F4D1A363F5E700BF5C170020CC01002029
:1031C00040010020C8010020C001002068FC002050
:1031D000C4010020EFF3108172B6044A1368013372
:1031E000136081F310880248FFF774BF5C1700205A
:1031F000B4FB002038B5EFF3108472B61A4B826E20
:103200009A422BD1D0F8B0308B4227D1C36E2BB36A
:103210001968164A914221D15A69FAB10022826690
:103220001969F1B15A69013A5A610AB91A6105E09E
:10323000D0E91C25884255672A67F7D0036B072B16
:103240000CD10B4AC0F8843013680133136084F347
:103250001088FFF73FFFEFF3108472B684F31088F5
:1032600038BD0122DA60E9E7F53100084E445644E2
:103270005C1700202DE9F74F0446EFF3108572B676
:103280008368026AD0F824B00B43836012B122EA4B
:1032900001020262D4E90406002800F0B780012E82
:1032A00033D1D0F88010826F8F0703EA020601D570
:1032B000964200D17EB9002685F31088BBF1000F3D
:1032C00001D02046D847002E00F0A68003B0BDE80C
:1032D000F04FFFF731BEC66F3360CB0744BFA36822
:1032E00093434F4A48BFA360136800260133C4E9E3
:1032F000046613608666C0F8846085F31088FFF763
:10330000E9FEEFF3108572B6D6E7454F3A68002123
:1033100001323A602161844600910A468E4685F367
:103320001088EFF3108572B6E16829B1A06866696C
:10333000C4F80CE003436046D0F88090D0F8788061
:10334000016F019119F0020F08EA030A04D0C24587
:103350000CBFC2464FF0000A016B072910D1BAF129
:10336000000F24D0C16F19F0010F0B601EBFA168C0
:1033700021EA0808C4F80880C0F868E0C0F884E0D2
:10338000D0F8708040452AD0D0F87490C8F8749076
:103390006045C9F8708001D1D0F870C0616901F151
:1033A000FF38C4F81480EAB9026700900246013E73
:1033B00013D1216AC4F810C021B1A368266223EAA0
:1033C0000103A36085F3108892B9EFF3108572B6FC
:1033D0003B68013B3B6001266EE701989FE74FF099
:1033E000000CDBE7009900900867C0F870E0DEE7AA
:1033F000156FEFF3108172B63B6801333B6081F3C8
:1034000010881046FFF766FE2A46DDE7002E3FF4DF
:1034100052AF0123E3604EE703B0BDE8F08F00BF79
:103420005C1700200268034B9A4201D1FFF722BFCC
:10343000704700BF4E44564401480121FFF7F2BFD8
:10344000DC070120406F00F5EE5001210830FFF746
:10345000E9BF00F5EE5002210830FFF7E3BF00009E
:1034600010B5EFF3108472B6194B826E9A422BD1CD
:10347000D0F8B0308B4227D1C36E2BB31968154AF0
:10348000914221D1DA69FAB100228266DA69013A01
:10349000DA610AB99A6106E0D0E91C2151670A672E
:1034A00099698142F6D0036B0D2B0DD10A4A1D2379
:1034B000C0F8843013680133136084F31088FFF779
:1034C00009FEEFF3108472B684F3108810BD00BFBC
:1034D000613400084554554D5C1700202DE9F84330
:1034E00004460D46EFF3108272B6016B51B1D0F86D
:1034F0009830C562AB4294BFC363C56382F3108842
:10350000BDE8F883214E224F3368D7F80090D0F8F9
:103510002C80C164023333600E230126036386636B
:1035200082F31088FFF7D4FAEFF3108372B6D4F861
:103530009820E562AA4294BFE263E56383F31088B2
:103540002046FFF7C7FDEFF3108072B63A68944249
:103550000DD0236B5BB9E36AD16A8B420AD84C4524
:1035600005D1A8453C6002D20A4A42F8234080F3C4
:103570001088C5E7E26B9342F9D99142F1D2064A2D
:103580009E40136833431360F1E700BF5C170020CF
:10359000CC01002040010020C4010020F8B5034602
:1035A000EFF3108272B637489D68046805BB0121AD
:1035B000C3E902149CB11969012901BFE16A59618B
:1035C00020219962D4F8A41069B1086B0B63C3621F
:1035D000C3E90B10D4F8A0300133C4F8A03082F353
:1035E00010880020F8BDC4F8A430C3E90B33F1E71C
:1035F000D868A04202D101359D60F0E711B1224D9B
:103600002E681EB182F310881D20EBE71F4EC4E91F
:103610001A63D4F8B0600136C4F8B060DE6956BBF6
:103620009C61C4E91C44DE690136DE610D26E1645B
:103630002968266301263144A663296082F3108835
:103640001A69B24211D1996AE26A914288BF9A62BC
:10365000E36AD0F89C20934238BFC0F89C30E16AFE
:10366000C36A8B4201D9FFF739FF2046FFF730FAD2
:10367000D4F88400B6E79E692667776F67673C6772
:103680007467D0E768FC00205C17002061340008F4
:1036900010B4F0B10268124B9A421AD1114B49B1E1
:1036A000EFF305841A68224316D10F4A14680F4AB3
:1036B000944211D0EFF305841A68224306D0EFF349
:1036C00005821B681343B3F1F03F07D310BCFFF72B
:1036D00065BF1C2010BC70470420FBE71320F9E7EE
:1036E0004554554D4C00002068FC0020B4FB0020E0
:1036F0002DE9F0410446EFF31082114672B680685E
:1037000038B16A4DE3682D68AB4206D0684D2D682C
:103710001DB982F310881E2005E00138A06020B199
:1037200082F310880020BDE8F081002BF8D0D3F898
:10373000A0000138C3F8A00010B9C3F8A40007E046
:10374000D4E90B050563E862D3F8A450A542F4D090
:10375000A569206915B908B9E060E1E70128D3F847
:103760009470534D1ED129680131296082F310886D
:10377000D3F8A41020200A464AB11669012E03D1BD
:10378000966AB04228BF3046D26A9142F4D1EFF334
:10379000108172B62A68C3F89C00013A87422A60F9
:1037A00028BF0746E369012B10D92369012B0DD1EE
:1037B0002B6801332B6081F310882046FFF726FC2D
:1037C000EFF3108172B62B68013B2B60A669D6B966
:1037D0002B6801332B6081F310882023E068A362FB
:1037E000C36ABB4202D03946FFF778FEEFF310827E
:1037F00072B62B68013B2B600023E36082F31088D4
:10380000FFF79AFB8EE72369012B01BFF36A63611F
:103810002023A362D6F8A0300CBFD4F80C804FF060
:103820000008002B34D1C6F8A440C4E90B4401338E
:10383000C6F8A0300123C4E90236E369013BE36125
:1038400073BBA3610023B366C6F884302B680133D1
:103850002B6081F310882369012B15D1E3695BB1DB
:103860002046FFF7D3FBEFF3108272B6A3690BB1CA
:10387000DB6AA36282F31088D8F82C30BB4203D0F5
:1038800039464046FFF72AFE3046FFF723FC49E75A
:10389000D6F8A420106B1463C462C4E90B20C6E7F9
:1038A000336FA361726F5A671367CBE768FC002020
:1038B0005C17002090B102680A4B9A420ED1EFF3D8
:1038C0000583094A11680B4306D0EFF3058312689C
:1038D0001343B3F1F03F03D3FFF70ABF1C20704737
:1038E000132070474554554D4C0000202DE9F04FF2
:1038F00093B0CF6905460E46D0F8640C914600237C
:10390000482204A905F000FF834638B1D6F8843177
:103910000133C6F8843113B0BDE8F08FAB684C2298
:1039200002FB07330146D3F83887D3F834A7049B4A
:103930009C684FF49672204611F06BFE012306221C
:103940002370637084F803B084F82CB084F86CB0F2
:103950000421A27060187268FDF7CEFCB2680221E3
:1039600004F10800FDF7C8FC316C99420EBF5A46BD
:103970001946802204F10A0004F10C0BFDF7BCFC8F
:10398000002204215846FDF7B7FC0022042104F16F
:103990001000FDF7B1FC0022042104F11400FDF732
:1039A000ABFC0022042104F11800FDF7A5FC5246EF
:1039B000022104F11C00FDF79FFC4246042104F1A2
:1039C0001E00FDF799FCF0237C4A0593042104F1C5
:1039D000EC000DF11408FDF78FFC4B46CDF800808C
:1039E000012235212046FDF78FFCB9F1010F40F08F
:1039F0008A80F3685A1E033206D8CDF8008004226C
:103A000032212046FDF780FCCDF800804FF0FF33D7
:103A1000042233212046FDF777FCD5F804B0BBF132
:103A2000000F1AD0FF2207A9584606F0E3FF18B18D
:103A3000049805F0CBFF6EE7059B079A03920C21D3
:103A4000E154E11803F1020A4A7004EB0A005946F6
:103A5000FDF76FFC039A52440592424621462846E0
:103A6000FDF772FCD6F888310133C6F8883105F5C8
:103A70008053D3F8DCAFBAF1000F13D0049ADDF80D
:103A80001480526904EB0803D21A013A069206AA7E
:103A9000009239464A462846D0470128C8D1069B9D
:103AA00043440593049B4FF496725A629A6802F558
:103AB0009672DA60059BFF22E254049C0133B3F551
:103AC000967F81BFA2686362D218E260B9F1030FEA
:103AD00079D17378062B73D172694C235F43D5F883
:103AE000743C07F5E5673B4423630423CDE90A32C0
:103AF000214643230AAA05F6684008F0C0FD0028C5
:103B00003FF409AF94E76B68CBB11846FF2207A9D1
:103B1000039306F06FFF039B002889D10599079A4C
:103B200003920C206054601801F1020A4270194699
:103B300004EB0A00FDF7FDFB039A52440592F3687B
:103B40005A1E03320BD87278063AD2B2012A06D92D
:103B5000CDF80080042232212046FDF7D5FB736B9F
:103B60000BB1336B43B9CDF800804FF0FF33042223
:103B700033212046FDF7C8FB7378063BDBB2012BEF
:103B800015D973695A1E033206D8CDF80080042275
:103B900036212046FDF7B8FB424621462846FDF770
:103BA000D3FBD6F890310133C6F890315FE7F26865
:103BB00004215846FDF7A0FBEEE700BF6353826384
:103BC000042B00F2E1804C23AE687B4303F5E562F1
:103BD00032443344226393F82C274FF000094FF00E
:103BE000FF3BCDE9089B002A3FF422AF93F82E3724
:103BF000002B3FF41DAFA368083BA3604FF0040304
:103C000084F82C30D6F888300133C6F88830626AE0
:103C1000D6F88C301344C6F88C30D5F8783C013394
:103C2000C5F8783C626AD5F87C3C1344C5F87C3C06
:103C3000636AA76808336362D5F8703C1B0443F0DD
:103C400043033B60626A1BBA12043B6012BA09ABC1
:103C50007A600093626A08AB1121204605F08CFC63
:103C6000C0434FF6FF7380B2484508BF18467B68D3
:103C700000BA034306F59E787B6059464046FFF73D
:103C800007FDA768636AA7F1140A1433142263625C
:103C9000C4F808A0C4F834A084F82E20D5F8941CE9
:103CA0009BB20B4343F08A4347F8143CD6F83431B7
:103CB000591CC6F83411D5F89C1C57F8140C41EA6D
:103CC000034147F8101CD5F8983C47F804BC1B0684
:103CD00043F4881300BA09BA1BBA47E9033947F815
:103CE000140C47F8101C4B46CDF8009004212046D8
:103CF00005F042FCC04357F80C3C80B200BA0343C5
:103D000047F80C3CD6F8C8373BB1012150469847DC
:103D100018B14046FFF7CEFD8AE6D6F8CC372BB176
:103D200001222146304698470028F2D110960E9481
:103D30000422236B0A924FF6FF704FF0FF32CDE959
:103D40000C021193626A5B6A9A4211D9D6F8A032CA
:103D500053B1D5F89C2CB2F5804F05D00AA89847EE
:103D60004046FFF7A7FDD6E5736D01337365D0E7D5
:103D7000736901337361636AA3F11402B369134475
:103D8000B361236BDB6BE9E74FF0FF32A5E600BFC1
:103D900070B50546EFF3108372B60D4C2268013200
:103DA00022600126D5F8A40058B1866083F31088FC
:103DB000FFF79EFCEFF3108372B6D5F8A420002A1B
:103DC000F0D12268013A226083F3108870BD00BFF1
:103DD0005C1700202DE9F74307460C4602F110005E
:103DE000042116461D46FDF763FA0028019003D111
:103DF000922003B0BDE8F08309DA00F04043B3F14C
:103E0000004F04D000F06043B3F1404FF0D1E060C8
:103E10002B4601AA01213046FDF755FA18B9019B3E
:103E2000002B47D0A3612B4601AA36213046FDF76F
:103E30004AFA70B9019B8342DAD009DA03F04042B2
:103E4000B2F1004F04D003F06042B2F1404FCFD145
:103E500063612B4601AA33213046FDF734FA68B975
:103E6000019B581C1BBF64225343C4E90B335A08FF
:103E70001EBFE362A3EBD303226363632B4601AA55
:103E80003A213046FDF71FFA40B9019BE26A9A4297
:103E900004D3591C1CBF6422534323632B4601AA3D
:103EA0003B213046FDF70FFA30BB019B5A1C1AD15B
:103EB000636321E0BF68D4F81C904FF0FF3107F531
:103EC0009E70FFF76BFBEFF3108372B64C2207F581
:103ED0009E7002FB0977D7F84027A26183F3108810
:103EE000FFF706FC9FE764225343E26A0193934283
:103EF00002D8226B9342DBD26378042B02D0063BBC
:103F0000012B17D82B4601AA03213046FDF7DBF918
:103F100080B9019B83423FF46BAF0ADA03F0404261
:103F2000B2F1004F05D003F06042B2F1404F7FF490
:103F30005FAF2361A5F1F002B2F59C7F28BF4FF47B
:103F40009C72C4F8802106F1F00104F1480011F0E0
:103F5000E6FB00204DE72DE9F843054600F5EC5659
:103F6000143605F58054884630464FF0FF31FFF790
:103F70008FFB94F81C3E002B6CD0D4F8383E98454B
:103F800068D1D4F8283EF3B1AF684FF0FF3107F5A0
:103F90009E70FFF703FBEFF3108372B64C2207F518
:103FA0009E7002FB0877D7F83C7783F31088FFF701
:103FB0009FFBD4F8283EBB4205D10023A8681A46CF
:103FC000414605F054FBD4F82C3E43B3AF684FF0A4
:103FD000FF3107F59E70FFF7E1FAD7F80880B8F1D6
:103FE000000F07F59E7014BF00274E27FFF780FBD8
:103FF000AFB9D4F82C3E434511D1AD684FF0FF3135
:1040000005F59E70FFF7CAFAEFF3108372B6C5E9A3
:10401000027783F3108805F59E70FFF769FB002394
:104020004FF0FF32C4F8283EC4F8303EC4F82C3EAE
:10403000C4F8343EC4F8603EC4F8503EC4F84C3E68
:10404000C4F8482EC4F8243EC4F83C3EC4F8403EB0
:1040500084F81D3E3046BDE8F843FFF72BBC2DE940
:10406000804800F5EC5909F11409054689B04FF074
:10407000FF314846FFF70CFB05F5805405F5EE537C
:10408000083301934846FFF715FC4FF0FF331946FC
:1040900004AA0198FEF72EFF4FF0FF314846FFF7C4
:1040A000F7FA049BDA0740F14581002205A905F6DD
:1040B000684006F02BFB002840F03C81059E96F8F6
:1040C0002C30042B03D0304605F080FCEDE7336B39
:1040D00013B3DB7994F81C2E002AF4D0D4F8388E70
:1040E0009845F0D1736AF02BEDD9AB680093482264
:1040F000D5F8640C002306A905F006FB024600284B
:10410000E1D10698D6F824B083684169C91A5945A7
:1041100005D205F05BFCD6E74FF0FF33DAE7BBF1E1
:10412000000F08D0374637B1D7E90210401A904245
:1041300002D989182CD1FEE77F68121AF3E7BAEB8F
:10414000020AB96813440ED0FA680293521A524513
:1041500028BF52461846039211F0E1FA7F68DDE964
:104160000232002FEBD1069B3046C3F824B005F095
:104170002DFC069F009BBE684C2202FB0832B38BCD
:10418000D2F834175BBA9BB2994203D038469BE70A
:10419000DA46D9E7D6F81E30D2F838271BBA9A4249
:1041A000F4D104217018FDF783F8D4F8203E98422A
:1041B000ECD194F81DBE05F5F05AABF103030AF1FA
:1041C0001C0A042B5AD8DFE803F0032E5972720040
:1041D0007B6A07AA35213046FDF775F800284DD1D6
:1041E000079B022B4AD1D4F8A83F0133C4F8A83F5B
:1041F0007B6A324651462846FFF7ECFD00283DD148
:10420000032251462846FFF771FB4FF4C870C4F8EB
:10421000400EC4F83C0EFEF7EFF90423C4F83C0E40
:1042200084F81D3E2AE07B6A07AA35213046FDF757
:104230004AF818BB079B052B65D1D4F8B03F013372
:10424000C4F8B03F7B6A324651462846FFF7C2FDAC
:10425000A0B94146D4F8343ED4F8282E009805F091
:1042600006FAD4F82C1E11B1A86805F0DEF9052372
:1042700084F81D3ED4F84C3EC4F83C3E069805F048
:10428000A5FB94F81D1E8B453FF40FAFD4F8D43F27
:104290000BB128469847D4F8D83F002B3FF405AF20
:1042A00094F81D2ED4F8381E28469847FDE67B6A00
:1042B00007AA35213046FDF706F80028DED1079B16
:1042C000052B20D1D4F8B03F0133C4F8B03F7B6A4E
:1042D000324651462846FFF77DFD0028CED14146A3
:1042E000D4F8343ED4F8282E009805F0C0F9D4F85C
:1042F0002C1E11B1A86805F098F9D4F84C3EC4F80A
:104300003C3E05238CE7062BB8D1D4F8B43F00908F
:104310000133C4F8B43FD4F8381E2846FFF71BFE1B
:104320000223009A84F81D3E6423C4F83C3EC4F87E
:10433000402EA3E7049B9B077FF5A4AE94F81C3E98
:10434000002B3FF49BAED4F8243E0133C4F8243E46
:10435000D4F83C3E002B3FF491AE642B03D9643B70
:10436000C4F83C3E8AE694F81D6E05F5F051002332
:10437000B21E1C31C4F83C3E052A2DD8DFE802F0FD
:104380000342494B6280C4F8243ED4F8283E9BB1D6
:10439000D4F8603E83B103222846FFF7A7FA04232E
:1043A000D4F8400E84F81D3E60B14000B0F5C85FFF
:1043B00028BF4FF4C85007E001222846FFF796FABD
:1043C0000323EDE74FF4C870C4F8400EC4F83C0E68
:1043D000FEF712F9C4F83C0E94F81D1E8E423FF40D
:1043E0004DAED4F8D43F0BB128469847D4F8D83F07
:1043F000002B3FF443AE94F81D2ED4F8381E284607
:1044000098473BE601222846FFF770FAD4F8400EA1
:10441000CBE70322F7E7C4F8243E062384F81D3EC9
:1044200028460322FFF762FAD4F8500ED4F84C3E27
:10443000C01AC4F8540EFCF715FFC4F83C0EC4F8BB
:10444000400EC9E7D4F8540ED4F8403E98422CBF31
:10445000C01A0020C4F8540EFCF704FFC4F83C0E48
:1044600060BB072384F81D3E28460322FFF73EFA6F
:10447000D4F8480ED4F8503EC01AC4F8580EDAE703
:10448000D4F8580ED4F8403E98422CBFC01A0020F1
:10449000C4F8580EFCF7E6FE0746C4F83C0E68B9AF
:1044A000D4F8381E2846FFF756FD022384F81D3E37
:1044B0006423C4F83C3EC4F8407E8DE703222846BE
:1044C000FFF714FAD4F83C3EC4F8403E84E70000FD
:1044D0002DE9F84FDDE90A5604468B469246EF2156
:1044E00032462846DDE90C97984611F092F8B4223E
:1044F0000021204611F08DF80E9B6661C4E9063359
:104500002023C4F89C3003232363013E2E4BE56037
:104510003544C4E911A8C4E915342C49C4F828B0BD
:10452000C4F82C90C4F894902561E763C4F898709F
:104530002046FBF75DFFEFF3108172B6244B254850
:1045400023600368244A1BBBC4E92244146001337E
:104550000360224B1A6801321A600F9A012A26D191
:10456000EFF305821E4B1B681343B3F1F03F19D3E1
:104570001C4B1D68CDB1EB6AEE6BEB6381F31088C9
:104580002046FEF7A7FD05B1EE630020BDE8F88FD9
:104590001268D2F88C50C2F88C40C5F88840C4E943
:1045A0002225D4E700263546E8E72E46E6E781F3E4
:1045B0001088EFF3108172B61A68013A1A6081F31D
:1045C0001088FEF7B9FCE0E7455A0008A12C000866
:1045D00044524854380100203C0100205C17002060
:1045E0004C000020CC0100202DE9F04F85B0DDE922
:1045F0000E460393129B0293DDE91079DDE913A3C4
:10460000904620B90E23184605B0BDE8F08FB42BB4
:10461000F8D1EFF3108572B63C4A1368013313608A
:1046200085F310883A4B1D683A4B1B68019306F1DD
:10463000FF3C0023A4449E46019A9A4201D0854241
:104640003FD1EFF3108C72B6304A1368013B136010
:104650008CF31088FEF770FC8542D3D0002C49D033
:10466000B8F1000F46D0C72E46D91F2F46D84F4568
:1046700046D3BAF1010F45D8274B284A1B6893420D
:104680000CBF13230023EFF3058C254A156855EA68
:104690000C0506D0EFF3058512682A43B2F1F03F0E
:1046A00032D38BBB029BCDF84CA0CDE91193039B79
:1046B0000E944246CDE90F6705B0BDE8F04FFFF715
:1046C00007BFBEF1000FBCD1D5F80CB0A34505D88B
:1046D0002A69A24284BF4FF0010E0024E34505D8A9
:1046E0002A69624584BF4FF0010E0024D5F8885036
:1046F0000133A1E7032386E7052384E70F2382E73D
:10470000182380E710237EE713237CE75C17002043
:104710003C0100203801002068FC0020B4FB002090
:104720004C0000202DE9F04F2DED028B714B7249AA
:104730001A68724C42F40072B1B01A601A6842F4FE
:1047400080621A601A6842F480721A60CA686C4B00
:1047500022F4E0621204120C1343CB600F20FCF72A
:104760000FFC002211464FF0FF30FCF7CFFB0E226A
:1047700011460A20FCF7CAFB4FF480630E22114653
:1047800023602820FCF7C2FB5E4A00214FF48073AF
:1047900063601291136C43F080531364136C03F045
:1047A00080531293129B584B1191196841F4404168
:1047B00019601B6803F440431193119B936803F045
:1047C0000C03042B514B07D0916801F00C01082910
:1047D00059D15268550256D54A4A1268494A116C55
:1047E00011F0805160D11391116C41F0805111642E
:1047F000126C02F080521392139A0120424A1168FF
:10480000C90553D53F4A116F41F0010111671C687A
:1048100041F28835116F8E0755D518B1116C21F012
:1048200080511164926802F00C02082A38D0384A8C
:1048300000211166186833490D6815F0007547D1DD
:10484000344A4A60324A0121116618682D4A1168BB
:104850008C0142D52749086800F00F00022841D991
:10486000916841F4E0519160916841F46041916038
:10487000916821F0F0019160116889014ED42648B9
:1048800010F016FEFEE71F4A116841F480311160F6
:10489000186811688C03A1D41968091A6429F8D919
:1048A0001D4810F005FEFEE70020A7E7116841F45F
:1048B000807111601C681168CF05A3D41968091BA9
:1048C0000229F8D9ECE71968091BA942A2D9E7E740
:1048D0001A68121A022AAFD9E2E71968091A0229DE
:1048E000B5D9DDE703200870096801F00F018142A6
:1048F000C5D1B5E7003C024000ED00E000E100E07A
:104900000003FA050038024000700040CC0C012082
:10491000000047420D18402472BF0408916821F03E
:10492000030141F0020191601868B64941F28834F0
:104930008A6802F00C02082A40F0F785B24B1A6828
:1049400012F00C0F40F0F8858B6823F4E05343F429
:1049500080538B608B6823F460438B608B6803F01B
:104960000C03042B00F00E86082B00F0EF85A748FF
:10497000A44FA74ABB68A74EA74CC3F30313D35C4D
:1049800020FA03F81020C6F80080FCF7F9FA0C2290
:10499000DFF8A0C262614FF4E13394F83920C4E932
:1049A00000C30023C4E902332361A361E36102F081
:1049B000FF0312BB159384F838307A6C42F0200262
:1049C0007A647A6C02F020021592159A14933A6B6D
:1049D00042F001023A633A6B02F0010214924FF482
:1049E000C050149A0222CDE92002CDE922338B482F
:1049F000082320A92493FCF731F82768242384F89E
:104A00003930FB6823F40053FB603B69E26823F410
:104A1000405313433B612169A368FA680B43616902
:104A20000B43E16922F4164222F00C020B431343BC
:104A3000FB607B69A26923F4407313437B61E369E4
:104A40006268B3F5004F764B40F0A48512EB020983
:104A50004FF0000A4AEB0A0A9F4204D003F5806334
:104A60009F4240F09285674B6E4A9B68C3F3423386
:104A70001920D15C28FA01F14A465346A0FB0101F6
:104A8000FBF79CFE6422B0FBF2F102FB1103DB009A
:104A90003233B3FBF2F303F007025B0002EB0112C7
:104AA00003F4F8731344BB603B6923F490433B6108
:104AB0007B6923F02A037B61FB6843F40053FB60AE
:104AC00020220023E36384F8392084F83A204D4AF9
:104AD0001093116C41F001011164116C01F001019E
:104AE000109110990F93116C41F002011164126C36
:104AF000229302F002020F920F9A4FF080412D2272
:104B0000CDE9201240F2FF72CDE92323CDE9253310
:104B10009DF8BD3003F0FF020BB98DF8BC204FF0BB
:104B2000020821A94FF080408DF8BD80FCF77AF88B
:104B3000602319939DF8BC3001270024BB42CDE9C6
:104B40001C44CDE91E448DF8BD701B941A9418D0F6
:104B500020988DF8BC7019A98DF8BD80FCF7C8F8B5
:104B6000836943F400638361836923F48063836111
:104B700083691D9A43EA022383618DF8BD708DF825
:104B8000BC40042120A8FCF729F8274B20939DF86E
:104B9000BD3003F0FF020BB98DF8BC20224802247F
:104BA00021A98DF8BD40FCF73DF89DF8BC200123FC
:104BB0009A428DF8BD305CD08DF8BC30209B8DF8CA
:104BC000BD401A6A22F001021A621A6A586899698D
:104BD000199C21F0730121431B9C22F00202224305
:104BE000124CA34202D0124FBB422BD11C9F22F089
:104BF00008023A43A34222F004021DD00C4CA34207
:104C000020D119E000380240003C02400024F400AA
:104C10008E760108600000208C0C0120000002400C
:104C200000100140B076010800040040000001407F
:104C30000004014000140140DDE91E4720F44070EB
:104C40003C432043586099611A9959631A629A69E2
:104C500042F008029A619A6922F004029A619A6904
:104C60001D990A439A6101238DF8BD3000238DF808
:104C7000BC30002120A8FBF7B1FF9DF8BC30012B10
:104C80001BD020980223012419A98DF8BD308DF87E
:104C9000BC40FCF72DF8836943F4006383618369AA
:104CA00023F48063836183691D9A43EA022383614D
:104CB00000238DF8BD408DF8BC304FF00008C14F87
:104CC000C14CDFF83CB320A80421FBF787FFCDF8E7
:104CD00038803B6B43F001033B633B6B03F0010304
:104CE0000E930E9BCDF834803B6B43F002033B6385
:104CF0003B6B03F002030D930D9BCDF830803B6BB3
:104D000043F004033B633B6B014603F00403AF48ED
:104D10000C934FF0010A4FF004090C9BCDE9209A47
:104D2000CDE92288FBF79AFE4FF40043A0F580609E
:104D30002093FBF793FE4FF4005300F5006020939F
:104D4000FBF78CFEA24B4FF4826CA0F50060CDE91E
:104D500020C3CDE92288FBF781FE4FF0100E02231D
:104D600000F58060CDE920E32493CDE92288FBF7AC
:104D700075FE802300F580602093FBF76FFE08230B
:104D8000A0F580602093CDF890A0FBF767FE914BD3
:104D9000C4F8088040F20F32C4E900B34FF4404336
:104DA000C4E9032394F83D20C4F81480FF23C4E928
:104DB0000638C4F820801340002A32D1189384F8B2
:104DC0003C303A6B42F002023A633A6B02F0020264
:104DD0001892189A17933A6B42F002023A633A6BB0
:104DE00002F002021792179A16933B6C43F40013D9
:104DF0003B643B6CCDF888A003F400131693169B1C
:104E00004FF480771223CDE920730323CDE92339B2
:104E1000FBF724FE4FF400732093CDF89090FBF73E
:104E20001DFE2268242384F83D30136823F001031B
:104E300013602268136843F4004313602268136808
:104E400023F400431360FCF78BF8634B62689A42CB
:104E500094BF624B624B984240F2028423686149DE
:104E60005A68B0FBF1F122F03F020A435A60DFF8C2
:104E700068C162681F6A624584BF4FF4967C0CFB70
:104E800001F127F03F0784BF4FF47A7CB1FBFCF1BE
:104E9000013139431962D9694F4F21F44F41BA4268
:104EA00021F0FF0100F1FF3000F2BE835200B0FBA1
:104EB000F2F0421C40F6FC70024200F0CD83C2F3D7
:104EC0000B021143D961D4E907201968464F024308
:104ED00021F0C0010A431A602368D4E903029968EB
:104EE00021F40341024321F0FF010A439A60D4E90F
:104EF0000520D968024321F0FF010A43DA601A68ED
:104F00003A4842F001021A600023202223643B70D9
:104F100084F83D200F2123633A4684F83E30012374
:104F2000FCF792F83B78B12B40F09E832F48012389
:104F300020AA1121FCF788F850B99DF880302B4841
:104F400043F0040320AA11218DF88030FCF782F889
:104F5000274F2648012320AA1121FCF775F89DF858
:104F60008030C3F380023A705A07F2D41F48FCF72E
:104F700078F81E48012320AA1021FCF765F858B9DB
:104F80009DF880301948022262F30613102120AAEE
:104F90008DF88030FCF75EF8164F174800233B7001
:104FA0003A4601230F21FCF74FF83B78BC2B40F029
:104FB0005F83022320AA36210F48104FFCF744F8E4
:104FC00020E000BF00380240380C012000040240FD
:104FD00000003110801A0600A08601007F841E00A8
:104FE000FF083D0040420F0029010020080000207A
:104FF000280100202A01002054000020240C012058
:10500000005400409DF881209DF88030BD4803EB9E
:1050100002231BB207EE903AF8EEE77A012320AAAA
:105020003021C7ED007AFCF70FF89DF88030B548C5
:1050300007EE903AF8EEE77AB6EE008A67EE887AE5
:10504000022320AA3A21C7ED017AFBF7FDFF9DF864
:1050500081209DF88030AB4803EB02231BB207EEA2
:10506000903AF8EEE77A012320AA3121C7ED027ABF
:10507000FBF7EAFF9DF88030A24807EE903AF8EE81
:10508000E77A022367EE887A20AA3C21C7ED037AEB
:10509000FBF7DAFF9DF881209DF880309A4F994800
:1050A00003EB02231BB207EE903AF8EEE77A0123F6
:1050B00020AA3221C7ED007AFBF7C6FF98B9012379
:1050C00019AA90483521FBF7BFFF9DF864209DF891
:1050D000803002F0030203EB022307EE903AFAEE6F
:1050E000EE7AC7ED017A022320AA3E218548FBF71C
:1050F000ABFF9DF881209DF88030824803EB0223AE
:105100001BB207EE903AF8EEE77A012320AA33218A
:10511000C7ED027AFBF798FF98B9012319AA7948DD
:105120003521FBF791FF9DF864209DF88030C2F394
:10513000810203EB022307EE903AFAEEEE7AC7ED16
:10514000037A7048012320AA2021FBF77DFF50B984
:105150009DF880306B4843F0040320AA20218DF88D
:105160008030FBF777FF6748012320AA2021FBF757
:105170006BFF58B99DF880306248012262F3010349
:10518000202120AA8DF88030FBF764FF5D480123C1
:1051900020AA2021FBF758FF50B99DF880305948CC
:1051A00043F0800320AA20218DF88030FBF752FFC6
:1051B000564F574800233B703A4601230F21FBF717
:1051C00043FF3B786A2B40F057825148012320AAC5
:1051D0001221FBF739FF50B99DF880304C4843F05D
:1051E000010320AA12218DF88030FBF733FF494FCD
:1051F0004748012320AA1221FBF726FF9DF88030A3
:10520000C3F30002DB073A70F2D44148012320AA1D
:105210001221FBF719FF50B99DF880303C4843F04C
:10522000400320AA12218DF88030FBF713FF384885
:10523000012320AA1021FBF707FF58B99DF8803001
:105240003348012262F30713102120AA8DF8803021
:10525000FBF700FF2E48012320AA1121FBF7F4FEE3
:1052600058B99DF880302A48012262F307131121B2
:1052700020AA8DF88030FBF7EDFE2548FBF7F1FE04
:105280002348012320AA1121FBF7DEFE58B99DF81F
:1052900080301F48062262F34303112120AA8DF8B3
:1052A0008030FBF7D7FE1A48012320AA1021FBF714
:1052B000CBFE50B99DF88030154843F0010320AA79
:1052C00010218DF88030FBF7C5FE1148012320AA7C
:1052D0001721FBF7B9FE60B99DF880300C4803F048
:1052E000130363F0570320AA17218DF88030FBF7D2
:1052F000B1FE0748012320AA1621FBF7A5FE0028CE
:105300003DD109E054000020100C01202C010020A8
:10531000180000202B0100209DF88030B44823F0B5
:10532000700343F0600320AA16218DF88030FBF74C
:1053300091FE20BBAE48012319AA1521FBF784FE7C
:10534000E8B99DF8643019AA60F301031521A84853
:105350008DF86430FBF77EFE88B9A54801230BAABF
:105360001321FBF771FE50B99DF82C30A04843F093
:1053700002030BAA13218DF82C30FBF76BFE9D4F17
:105380009D4800233B703A4601234F21FBF75CFE0A
:105390003B78402B40F07481984B974805221A6067
:1053A0006021012320AAFBF74FFE50B99DF8803001
:1053B000914843F0200320AA60218DF88030FBF74C
:1053C00049FE8F4F8C48012320AA6021FBF73CFE49
:1053D0009DF88030C3F3401298063A70F2D48648A4
:1053E000012320AA6221FBF72FFE50B99DF88030DF
:1053F000814843F0100320AA62218DF88030FBF72A
:1054000029FE7D48012320AA6021FBF71DFE50B92B
:105410009DF8803020AA60F38303602176488DF8E0
:105420008030FBF717FE7448012320AA6121FBF7A7
:105430000BFE58B99DF880306F48012262F3420399
:10544000612120AA8DF88030FBF704FE6A48012311
:1054500020AA6021FBF7F8FD50B99DF8803066481E
:1054600043F0800320AA60218DF88030FBF7F2FD25
:105470006148012320AA6021FBF7E6FD50B99DF8A1
:10548000803020AA60F3010360215B488DF88030F2
:10549000FBF7E0FD5B485C4F10F00AF8D7F800A07E
:1054A00094F83D20202A3ED1584853461922012124
:1054B000FBF754FC002836D194F83C208A4232D0C5
:1054C000226884F83C101168C9075EBF116841F07A
:1054D0000101116021680A6822F400620A60242236
:1054E00084F83D20002222646B00A2F58032E26243
:1054F00009934FF001094FF0A00B21680A6842F4AC
:1055000080720A60534600210A224FF00110FBF717
:1055100025FC2168002800F0B7800B68DB0502D568
:105520004FF4007323643A48EAE01A68121AA24260
:105530007FF6FEA9FFF7A3B903221A701B6803F0D8
:105540000F0393427FF49BA9FFF7FEB94A684B68AB
:10555000496813F4800314BF2E482F48C1F3881103
:1055600018BF002302F03F02A1FB0001FBF726F960
:105570002A4B5B68C3F3014301335B00B0FBF3F0DC
:10558000FFF7F6B92348FFF7F3B9FBF7E9FC192158
:10559000FFF772BA9F424FEA92714FEA820902D036
:1055A0001F4B9F421BD11D4B1E4A9B68C3F34233C6
:1055B0001920D35C28FA03F84A460B46A8FB0001E1
:1055C000FBF7FCF86422B0FBF2F102FB11031B01B4
:1055D0003233B3FBF2F303EB0113FFF764BAFBF7CB
:1055E000BFFC4FF0190C0B464A46A0FB0C01E7E745
:1055F000180000202E010020280000202400002098
:105600002D01002018C00408CC0C0120020010005D
:1056100033C0040880BA8C010024F4000038024032
:1056200000140140B0760108A76857B902EB4202A6
:10563000B0FBF2F20132C2F30B027AB142F4004243
:105640003FE419277A43B0FBF2F20132C2F30B02B6
:1056500022B142F4404234E4042232E4012230E434
:10566000B7480FF025FFFEE7B6480FF021FF93E49F
:10567000B5480FF01DFF9BE5B4480FF019FF7EE61B
:10568000B3480FF015FF05E7099B0B61D7F800A0A1
:105690004A69486994F83DC0BCF1A00FC2F34002CA
:1056A000C0F3802003D00243D00740F140814FF087
:1056B000200884F83D804A6912F0020F0A6842F41B
:1056C00000720A6000F0A681002219922268A148A7
:1056D0005169199192691992199A53461922012117
:1056E000FBF73CFB00287FF41EAF84F83C009A4A8D
:1056F00084F83D802B46402120A80FF0EBFE20A827
:1057000001350FF0D5FE802D7FF4C8AE93480FF021
:10571000CFFE3A683B689B1A642BFBD9AE20FBF79F
:10572000E5FF2020FBF7E2FF0020FBF7DFFFB020C2
:10573000FBF7DCFFC820FBF7D9FF0020FBF7D6FF03
:105740001020FBF7D3FF4020FBF7D0FF8120FBF7B1
:10575000CDFFFF20FBF7CAFFA120FBF7C7FFA62064
:10576000FBF7C4FFA820FBF7C1FF3F20FBF7BEFFFC
:10577000A420FBF7BBFFD320FBF7B8FF0020FBF70B
:10578000B5FFD520FBF7B2FFF020FBF7AFFFD92024
:10579000FBF7ACFF2220FBF7A9FFDA20FBF7A6FFFF
:1057A0001220FBF7A3FFDB20FBF7A0FF2020FBF775
:1057B0009DFF8D20FBF79AFF694D1420FBF796FFA4
:1057C0000127AF20AF71FBF791FFFBF75FFCFBF701
:1057D0009DFF6F71634F3B68002413F10F3F2C80D6
:1057E0006C806ED04FF0F0333B60FAF7F1FC5E4B0B
:1057F0005E481C605E4BDFF818821C600422214664
:105800000FF007FF042221465A485B4D0FF001FFBD
:105810005A4B5B4820221A60214680220FF0F9FE85
:10582000584B594A1C60594BC8F800401C60584BF3
:105830001C60136843F080731360564B1C60564B1A
:105840001C60564B1C60564B1C60564B80222146F8
:1058500028461C600FF0DDFE534B544A1D60544B2C
:1058600054491D60544B554880351D60544B13609E
:105870004FF480620A6053490C60CDE90032CDE9F3
:105880000444514B514A5249CDE90244FEF720FEEF
:10589000504B1C60504B1C60504B1C60504B1C60AC
:1058A000504B1C60504B1C60504B1C60504B1C609C
:1058B000504B1C60504B1C60D8F800300133C8F8C6
:1058C00000304FF0E0224FF0F0333B6013694B485B
:1058D00023F00103136133686421B3FBF1F3013B4F
:1058E000536100239361116941F0010111610122AB
:1058F000B421CDE905210422CDE902224FF48052E2
:1059000001923F4A3F49009204933F4AFEF76CFEE2
:10591000014610B13D480FF0CBFD00243C60FAF782
:10592000A7FC204631B0BDEC028BBDE8F08F3A6891
:10593000A2EB0A020A2A88BF84F83DB0A8E600BF9D
:1059400072BF04088FBF0408ACBF0408D5BF0408A9
:10595000F7BF0408020010002CC0040835C004087A
:10596000080801204C00002068FC0020C80100202D
:10597000CC010020C4010020F0050020C00100205F
:10598000400100203C0100203001002038010020AF
:1059900034010020800600207C06002078060020CC
:1059A0007406002070060020EC050020E0050020B1
:1059B000E8050020DC010020E4050020B4FB002005
:1059C000E0010020D80100204D495441152D000868
:1059D0003AC00408D4010020D0010020A006002015
:1059E0009C060020980600209406002090060020C7
:1059F0008C0600208806002084060020A4160020C3
:105A0000A40600204EC00408556E000868C00408B3
:105A10005C17002022680A486FF480615161534688
:105A200019220121FBF79AF900287FF47CAD894403
:105A30004D453FF662AD84F83D8084F83C0072E548
:105A40000200100010B4EFF3108472B6026B042A47
:105A500008D1094A13680133136084F3108810BC1D
:105A6000FDF738BB826ED0F8B01084F310880AB10D
:105A700010BC104710BC70475C1700202DE9F04F98
:105A8000DFF8D082DFF8D092D8F800204A458DB0F8
:105A900040F0DF80EFF30582A34909680A4340F034
:105AA000D880A24A1268002A00F0D380A0498A4216
:105AB00000F0CF804FF0FF3108F59E70FDF76EFDCE
:105AC000D8F80C24D8F898140A4320D198F82C2739
:105AD00092B10322049208F5E5620B9204A8D8F86B
:105AE0006427CDF82880904711220492CDF82880B1
:105AF000D8F8642704A89047EFF3108172B6D8F85D
:105B000018278C48424509D1002202600FE008F5B1
:105B10009E700DB0BDE8F04FFDF7EABDD8F81C4708
:105B2000C2F81C47C4F8182704684445EDD08248E1
:105B3000824C0268D8F87C330193013A02602268F3
:105B4000D8F8683302930025D8F8AC34D8F880B17F
:105B5000D8F874A1D8F8E476D8F81067C8F8885156
:105B60000132C8E96055C8E95D552260C8F87C5328
:105B7000C8F86853C8F8E456C8F8E856C8F810578B
:105B8000C8F814570393C8F8AC54C8F8B05481F35C
:105B900010886B48FDF7ACFD6A4807F03DFC69488A
:105BA00007F08AFCD8F8281639B1674807F034FCAA
:105BB000654807F081FCC8F82856644807F05CFB8C
:105BC0005F4807F0AFFA624807F034FA5F4807F021
:105BD00009FABBF1000F02D0584603F057FFBAF1A3
:105BE000000F02D0504603F051FF019B13B118463D
:105BF00003F04CFF039B13B1184603F047FF17B1A6
:105C0000384603F043FF16B1304603F03FFF029BD6
:105C100013B1184603F03AFF0025D8F89061DEB9B9
:105C2000D8F88053002D46D1D8F8A022002A40F0A1
:105C30009580484804F012FF0022C8F80020EFF3D6
:105C4000108272B62368013B236082F31088FDF74F
:105C500073F90DB0BDE8F08FF26EEFF3108072B6FD
:105C6000B16E29B322B31168494521D1316FB566B0
:105C70008E421FBFC2F89011776F4F67316F18BF08
:105C80003967D2F8941108BFC2F890510139C2F8AF
:105C90009411326B0C2A0BD10122C6F884202268A1
:105CA0000132226080F310883046FDF713FAB4E722
:105CB00080F31088B1E7EA6EEFF3108072B6A96E38
:105CC00071B36AB3116849452AD12F6FAE66BD42E0
:105CD0001AD1C2F88063D2F884130139C2F8841350
:105CE000296B0C291CD12921C5F88410D2F8F81091
:105CF0000131C2F8F81022680132226080F3108866
:105D00002846FDF7E7F98BE7D2F880138D4208BFEC
:105D1000C2F88073D5E91C174F67296F3967DAE736
:105D200080F310887CE700BF4C00002068FC002056
:105D3000B4FB0020D0170020CC1700205C170020F7
:105D400040F2002078F3002030F700209CF2002081
:105D500050F3002004F10020202050494FF0FF3183
:105D60001648FDF71BFCEFF3108272B6D8F8B0723C
:105D7000D8F8B862C8F8A852C8E9A855C8E9AC551F
:105D8000C8E9AE5582F310880C48FDF7B1FC77B92D
:105D90004FF0AA35002E3FF44CAFF7693046366A13
:105DA000056203F013FE002EF8D13E46F2E7FD69CE
:105DB000384603F00BFE2F46E9E700BF40F2002013
:105DC00073B5444C44484FF0FF31FDF761FC636903
:105DD00033B904F1CC0002B0BDE87040FDF76ABDF4
:105DE00000256561C4F8AC59C4F8985907F0F0F97A
:105DF00001AA294607F096FD2369012B2BD1002625
:105E000070223146354826610FF003FC702231467E
:105E100033480FF0FEFB334807F044FE324807F0EA
:105E20009BFDA269314B9A4207D1EFF3108372B602
:105E3000A26C032A1BD883F310882D4804F026FD9A
:105E400007F0C6F9019901AA07F06CFD2248FDF799
:105E500031FD02B070BD2048FDF72CFD0120FCF79C
:105E6000E9FE4FF0FF311C48FDF712FCC4E7042A9D
:105E7000204D13D10322A2641A22C4F89C20C4F836
:105E800080602A6801322A6083F31088D4F89C303D
:105E90001A2B16D11448FDF71DF9CEE7D4F880600F
:105EA000002EEED00322A2641A22C4F89C202A6895
:105EB000D4F8C81001322A6083F310880A48B0472A
:105EC000E4E7EFF3108272B62B68013B2B6082F39C
:105ED0001088B2E76CFC002038FD00204407012048
:105EE000640601202C06012084FC00204452485402
:105EF000740501205C1700202DE9F04FBBB0002491
:105F00009E480F940FF0D4FA9D4B1C609D4C9C4E04
:105F10003368042B47D89C4D9C4855F823100FF04C
:105F2000C7FAFFF74DFF336855F823300393002B72
:105F300000F05E83964F974A3B68934240F05B8344
:105F4000EFF30583944A1268134340F05783934B51
:105F50001B68002B00F05283914A934200F04E835D
:105F60004FF4FA7107F1B800FDF792FB814668B96A
:105F7000014604222BA80FF04CFB3B69002B52D1A9
:105F800007F1B800FDF796FC4FF0A1097C4B85485E
:105F900019687D4B4A4653F821100FF089FA784A68
:105FA00013680133136000230F937F484FF47A7313
:105FB0000FAA0121FCF79EFF0F9E16F00106A6D046
:105FC0004FF0FF317948FDF763FB7848FDF772FC2D
:105FD000EFF30581704B1B6851EA030840F07B83A7
:105FE0006E4B1B68002B00F076836D4A934200F0E5
:105FF00072836F4D634FFCF737FD0FCD1EAC0FC49E
:106000000FCD0FC495E80F0084E80F00D7F8483B88
:10601000002B40F089832AA966480FF049FA6648A8
:106020000FF046FA5BE3494607F1400004F038FA06
:10603000002800F0CE82814607F1B800FDF73AFC57
:10604000A4E7F86B6423482210A903F05DFB8146A6
:1060500090BB109D08F028FC0646E868330A4FF014
:1060600001080370467080F8028080F803900822CF
:10607000494604300FF0CDFA6B6A7E81EE68A7F8CE
:1060800008800C3306F10C080398C5F80C806B628D
:10609000FF221EA904F0AEFC30B91E9B9A1D6B694D
:1060A000A3EB08039A4215D9284603F08FFC1098F9
:1060B00003F08CFC4FF0AA09009B002B40F0B88441
:1060C000B9F1370F53D03D4804F0E0FB3C48FDF7F1
:1060D000F1FB4CE0039B307306F10D0203F1FF3C32
:1060E0001CF8013F73BB1370E868961BA6F10B0206
:1060F0008118835401224A70E868A6F1090100EB77
:10610000010C43548CF801206B6AAA68073E3344A3
:106110006B62EB683344EB6093885BBA0133190A16
:10612000117153716B6A002BC1D0049A10992348E6
:106130003523103206F0A3FA8146A0B1109803F07F
:1061400045FCB9E7511C2E2B1BBF01F8013C98F808
:10615000003001F8010C42461CBF013388F80030C2
:1061600090460A46BCE7009B63BB4FF03709019B92
:10617000002B3FF40BAF04232A9303E19AC00408D9
:10618000D80701206CFC0020A0760108BAC00408E2
:10619000C8FA002020534E444C00002068FC002028
:1061A000B4FB0020CCC00408DC07012038FD00202F
:1061B00034640108A4C10408BCC1040808FB002021
:1061C00080FB0020FCF750FC009E8046A24832462F
:1061D00011A904F09BFA029070B9119D6A6A012A14
:1061E00007D9A96878890B885BBA9BB2984200F0FE
:1061F0001784284603F0EAFBFCF736FCA0EB080303
:10620000804588BF03F1FF339E4240F21184F61AA5
:10621000DCE74B885BBA23F4FF4222F07D0292B2A6
:1062200048F20200824200F000846FF30E139BB22A
:10623000B3F5004F40F09580CB8809935BBA9AB2D2
:106240000B920A890A9252BA1FFA82FA4A891AFAFA
:1062500083F352BA13449BB20893002B00F0818061
:106260008B88B3F5807F01F10C0800F0C1804646B1
:106270000B9B53444FF000090DF1AC080C93099BA4
:106280001BB10B9B4B4500F253810A9B002B00F086
:1062900052810C9B4B458CBF4FF0020B4FF0030B10
:1062A000D5F80CA0B2455CD912AA29463046FBF7B6
:1062B0008FF8002855D1129B0793012B40F03E81A7
:1062C00014AA3046FBF784F800284AD1BBF1030F2B
:1062D0002BD0624B1A89149B9A4242D11EAA304697
:1062E000FBF78BF800283CD11E9B042B39D130469C
:1062F000FBF756F8002834D00A3033189A4530D9C5
:106300007BB304339A452CD333581BBA159308F149
:10631000040A2CAB9A4524D84046042215A90FF054
:10632000FEF9019B01330193D046029B33B94B4BDD
:10633000079A1B89991A4B424B4102931EAA294680
:106340003046FBF75AF860B93046FBF729F840B100
:106350001E9B0A3303441E44089B09F10109994519
:106360008DD3284603F032FB029B002B00F06083A4
:10637000394804F08BFA3A48FDF79CFA019B002B50
:106380007FF4F9AEEFF30581DFF8EC80D8F8003048
:10639000194340F03681334F3B68002B00F03181C8
:1063A000314DAB4200F02D81304B3148C4F8B83943
:1063B0000822C4F8BC190FF02CF92B9BC4F8B4398F
:1063C00004220126C4F804390223C4F8B029C4F811
:1063D0000029C4F89439C4F8AC69C4F89069EFF3A3
:1063E0000583D8F80020134300F01081112522E125
:1063F000DDF808E01F4876464346D5F80C909945ED
:1064000040F213831A78002A56D0FE2E00F20D8334
:106410003F2A944632D80133EA689A4240F2058313
:1064200093F80090B9F1000F00F0FF820246FE2EB3
:1064300002F8019B03F101030CD0BCF1010C06D161
:106440004FF02E0C023082F800C00236D5E701363C
:106450001046E1E7FE26F3E708FB0020C8FA00201B
:1064600080FB002068FC0020B4FB0020407E05007B
:106470006C050120C8F900204C00002002F0C00C7F
:10648000BCF1C00F40F0D18203F1010CE14540F2B4
:10649000CC825B78120202F47C5213446A6A934203
:1064A00080F0C3820B449C4500F0BF820EF1010EC8
:1064B000BEF1100FA1D9B8E2002E00F0B68210F89C
:1064C000013C2E2B2FD002700398324613A904F002
:1064D00091FA002840F0A982139BB34240F0A582B4
:1064E0008249039832460FF06BF8002840F09D82F5
:1064F00029464046FAF754FFEB68061D46449E4283
:1065000080F0938238F80030794A5BBA12899BB2E6
:106510009A4240F08A828044B8F80230B3F5807F16
:106520003FF4A6AE81E2013E00F8012CCCD17CE222
:106530004FF0010BB4E64FF0030BB1E6079B1C2BA9
:106540007FF4F3AE15AA3046FAF742FF00287FF435
:1065500008AFBBF1030F3FF4E8AE654B1A89159BFA
:106560009A427FF4FEAE1EAA3046FAF746FF8346F3
:1065700000287FF4F6AE1E9B102B7FF4F2AE08F1DC
:1065800010032CAA93423FF6ECAE30460D93FAF777
:1065900007FF00283FF4E5AE0A30304482457FF61D
:1065A000E0AE00283FF4DDAE00F1100292450D9BF5
:1065B000FFF4D7AE50F80B2012BA48F80B200BF1BD
:1065C000040BBBF1100FF5D1019A013201929846EC
:1065D000ABE64FF4FA7301900690009341E2454810
:1065E00004F054F94448FDF765F94FF0A309BEE5FE
:1065F0004FF00709CAE44FF0A809C7E44FF01109AA
:10660000C4E43E4811210EF053FFC8E43B68002B60
:106610003FF4ECAEAB423FF4E9AE39484FF0FF3106
:10662000FDF736F8054630B963693BB13448FDF7EC
:1066300041F940F60C5533482946E4E7D4F8AC2933
:106640002AB92F48FDF736F940F60155F3E7C4F8AB
:106650008C392D4BD4F8C029C4F8EC392B4BC4F835
:1066600080699A4204D02648FDF724F91525E2E70F
:10667000EFF3108572B6D4F8E0392BB9D4F8C839E5
:1066800013B12348FCF7FAF985F3108821487B21E0
:1066900003F006FF054630B11F4807F003FA18481B
:1066A000FDF708F9C7E7A2691C4B9A4208D11C48BC
:1066B00007F01CFA054628B1164804F0E7F8EBE7A6
:1066C0000E25F9E70123C4E90403C4F8B8090C480E
:1066D000FDF7F0F863E4134811210EF0E9FEFFF72F
:1066E0006FFB00203BB0BDE8F08F00BFC8F9002071
:1066F000C8FA002008FB002080FB0020FBC0040833
:1067000038FD002036C1040880FC0A004D49544180
:1067100034060120740501202C06012044524854FF
:1067200084FC00206CC104084146242215A80EF008
:1067300070FFDFF8E482D7F8483BDFF8E0C2AD4CE9
:10674000984440F2DF75A5F2CD739B08A5F2CF7196
:10675000AA070CFB1382A1EB03030CBF6046204683
:1067600004FB13220CBFB6464FF0000E824200F22B
:10677000D880A14B15959A42CDF874E080F0D38073
:106780000123169313469D4CB3FBF4F204FB123421
:106790004FF461632AAEB4FBF3F803FB18443C23C7
:1067A00002F10109B4FBF3FA314603FB1A44D7F8AE
:1067B0004C0BCDF85C90CDF86080CDF864A01A94B5
:1067C00002F020FC2A9A4FF47A71B2FBF1F301FB3C
:1067D0001322B2F5FA7F28BF01331B93169B013BAE
:1067E0000B2B3FF618AC3AAA02EB8303202753F891
:1067F000703C1A788DF8A8205A788DF8A9209B78DB
:106800008DF8AA303B222BA948468DF8AB7004F0D6
:1068100001F900283FF4FFABA0F13A03012B7FF60A
:10682000FAAB00F1E8036B442C2200F1060903F8EF
:106830003C2C03F83B7CC0F1390206EB09012846E9
:1068400004F0E8F800283FF4E6AB09EB00023F2A29
:106850003FF4E1AB02F1E8036B44551C03F8407CC4
:10686000C2F13E027119404604F0D4F800283FF40A
:10687000D2AB2A183F2A3FF4CEAB02F1E8036B44B7
:10688000551C3A2703F8407CC2F13E02711950466C
:1068900004F0C0F800283FF4BEAB2A183F2A3FF4AA
:1068A000BAAB02F1E8036B44551C03F8407CC2F11B
:1068B0003E027119204604F0ADF800283FF4ABAB5E
:1068C0002A183F2A3FF4A7AB02F1E8036B44541C9B
:1068D0002E2103F8401C1B98C2F13E02311904F02E
:1068E00099F800283FF497AB2044A0F13B03042B18
:1068F0007FF691AB00F1E8030DEB03005522202356
:1069000000F83F2C542200F8403C00F83E2C00F8E0
:106910003C3C4322002300F83D2C00F83B3CFFF7B1
:106920007ABB01350FE702231693A2F52313A3F5D3
:10693000F453BEF1000F0CD031498B42FFF423AF6A
:10694000A2F59E02A2F5D0522B498A420AD2032315
:1069500017E72C498B42FFF416AFA2F59B02A2F574
:106960009142F1E72848A2F52313A3F5F45383429B
:1069700002D80422169206E7A2F5A003A3F5D74396
:106980008B4201D20522F5E7A2F5F203A3F5944369
:10699000834201D80622EDE7A2F52003A3F5574371
:1069A0008B4201D20722E5E7184BD3188B4201D264
:1069B0000822DFE7A2F57203A3F51443834201D84E
:1069C0000922D7E7A2F18D73A3F504538B4201D2BC
:1069D0000A22CFE70E4BD318834201D80B22C9E716
:1069E0000C2316930B4BD3188B427FF6CCAEFFF7DC
:1069F00012BB00BF8033E10180DE2800805101001E
:106A0000803B260000EA2400FF8C2700804A36FFE6
:106A10008000BDFE807395FE8071C9450085E2014E
:106A20006B6813B90C2A3FF6F4AB284602F0CEFF90
:106A3000059B01330593049B08330493059B052BA9
:106A400004D0049B1B69002B7FF4FBAA009BB3F5C9
:106A5000486F94BF5B004FF4C8530093069B01330B
:106A60000693BB6B069A9A42BFF4B9AD024B0493EE
:106A700000230593E5E700BFC8FA002070B4B0B169
:106A800005680E4CA54212D189B1940712D15BB1B1
:106A90000B4C246884B1EFF305850A4E3668354304
:106AA0000AD1094DAC4207D070BC02F02DBE0720C0
:106AB00070BC70470A20FBE71120F9E74B434150B7
:106AC00068FC00204C000020B4FB002010B50446F8
:106AD000006808B9072010BD0368002BFAD01A68B7
:106AE0000A4B9A42F6D1826803699A4209D3C26876
:106AF00043699A4207D802F069FF0028EAD1206072
:106B0000E9E70220E7E70320E5E700BF4B434150F8
:106B10002DE9F047524D86B0002303938246894603
:106B20004FF0FF33482203A92846FFF7A7FF04468A
:106B300038B101464B480EF0BBFC204606B0BDE81C
:106B4000F0872A68484B9A422CD1039850B3B9F188
:106B5000000F29D0826803699A4227D3C26843692B
:106B60009A4225D8414F3B6823B3EFF30582DFF803
:106B70001881D8F800100A431CD13D4EB34219D0F9
:106B80004FF0FF3300934A462B46514603F0D2F8AC
:106B9000044688B1374821460EF08AFC03A8FFF767
:106BA00095FFCAE70724F5E70924F3E70224F1E794
:106BB0000324EFE71124EDE70822014604A80EF0B4
:106BC00028FD2D4B2D480422CDE9042302682C4BCF
:106BD0009A423ED1039900293BD00B6AB3F1AA3FF8
:106BE00037D1C368D3F81024002A34D08A680C69DE
:106BF000121B1B2A0BDCD3F898200132C3F8982013
:106C0000036A0133036202241E482146C4E7CC68AC
:106C10004A69944209D9D3F898200132C3F89820E0
:106C2000036A013303620324EEE7EFF30583D8F828
:106C30000020134311D13B687BB1B3420DD047F222
:106C4000267304AA05F01BFD044600283FF475AF27
:106C5000DAE70724D8E71424D6E71124D4E700BFE5
:106C60004CF90020D8C104084B43415068FC002077
:106C7000B4FB002010C20408B968A8C0D4F80020F2
:106C80002050445546C204084C00002010B50C4664
:106C9000A2B00F49F9F7ACFD68B90E4A802102A8ED
:106CA0000EF018FC7F2801460ED90B480EF000FCB0
:106CB000092022B010BD78230093084A2346802182
:106CC00002A80EF007FCEDE702A8FFF721FFF0E7AE
:106CD00071C204087BC20408D4C20408A1C204081B
:106CE00010B50F4C0F4B22689A4217D1EFF3058372
:106CF0000D4A1268134311D10C4B1B6873B10C4A37
:106D000093420BD004F1400003F0CEFC30B904F103
:106D1000B80006F067FC08B92060E06010BD00BF55
:106D2000C8FA002020534E444C00002068FC00208C
:106D3000B4FB0020F8B53C4D3C4B2A689A4260D128
:106D4000EFF305823A4B1F6817435AD1394B1B6842
:106D5000002B56D0384A934253D005F5805437481B
:106D60004FF0FF31FCF794FC94F81C3ECBB14FF090
:106D7000FF3104F69450D4F8386EFCF789FC94F88F
:106D80001C3E002B3ED0D4F8383E9E423AD12846D5
:106D90003146FDF7E0F884F81C7E04F69450FCF7C9
:106DA00089FD274806F0D8FD254806F009FE24484D
:106DB00006F0A2FD234806F0A1FB234806F072FE70
:106DC000214806F079FE214803F060FD1F4803F0DA
:106DD0006BFCD5F8640C02F0ADFD1848FCF76AFDB9
:106DE000164806F0FFFBEFF3108172B6184A002335
:106DF0002B601368AB4207D1D4F8E03F136081F3F6
:106E00001088F8BD0D48CAE71A4603F58053D3F839
:106E1000E03F002BF3D0AB42F6D102F58052D4F81C
:106E2000E03FC2F8E03FEAE7F0D00020504348449A
:106E30004C00002068FC0020B4FB002084EE002001
:106E4000D0DD0020B8EE0020E0EE002058DD00206C
:106E5000BC1700202DE9F04F2DED108B0023BDB0A5
:106E60005148524E524C534D534FCDE90F330EF013
:106E70001FFB524B3360524B524A1A605249534BDC
:106E8000534A1A600A6823681343524A106803433E
:106E9000286803433868034313D14F4B0020186020
:106EA0004E4B18604E4B18604E4B18604FF000432D
:106EB00023604D4B0B604D4B13604D4B2B604D4B86
:106EC0003B604D4D4D4A4E494FF4C8432846FBF7B1
:106ED000A7FB044620B101464A480EF0E9FA23E038
:106EE000494A4A494FF4964305F13C00FBF798FBA9
:106EF000044628B12846FBF703FC45482146ECE749
:106F000044480EF0D5FA33681B78B3B942480EF006
:106F1000CFFA3948FBF7F4FB4048FBF7F1FB404858
:106F200043210EF0C5FA43243E4821463DB0BDEC56
:106F3000108BBDE8F04F0EF0BBBA284607F070F892
:106F400008B13948E3E745F6580007F06FFD0646FB
:106F500008B13648DBE701461CA80AF0A5F89DF801
:106F6000753002939DF8743001939DF873309DF84D
:106F700071209DF8701000932D489DF872300EF02E
:106F800097FA2C480EF094FA2A682B4B16969A42E0
:106F900056D007241848FBF7B3FB2048FBF7B0FB9B
:106FA0002648214699E700BF12C30408E0F00020FC
:106FB000EC170020E0170020DC17002041C3040874
:106FC000D8F0002053C30408E8170020DCF00020AC
:106FD00004004000E4170020D8170020D417002038
:106FE000D0170020CC1700200A0064004B010A05CE
:106FF0004A12201C140A0A074CF90020F06C0020E9
:1070000061C3040875C30408F0210020A0C304086C
:10701000B4C30408DFC30408F5C3040888F90020DA
:1070200094C404085DC7040811C404082AC40408F1
:107030004AC4040878C404084B434150DCC4040823
:1070400006F0C6F8044618B116AA314606F0CAF88A
:10705000DFF8E8A2A14FA248DAF800303A68DFF87A
:107060008CC200F2FF76002A40F0BB8024B1169952
:1070700016AA204606F0B6F8EFF30583994E32685B
:10708000134307D0EFF3058332681343B3F1F03FA6
:10709000C0F0CB80DFF8A892934BD9F800209A4239
:1070A00000F0C380914C4FF0000B4FF4FA62594648
:1070B0002046CDF870B00EF0ACFA6FF0FF03C4F8C4
:1070C00040378B4BC4F864378A4BC4F828378A4B57
:1070D000C4F87437894BC4F888374FF07F43C4F83D
:1070E0008C374FF0FE43C4F890374FF6FF73844956
:1070F000C4F898375A46834BC4F878374FF00108E4
:1071000004F59E70C4E94D85616084F82C87C4F84D
:107110003CB7C4F844B7C4F868B784F82FB7C4F8CC
:10712000B0B705F0CFFF764904F51370FAF722FDEA
:1071300006F04EF8054618B11CAA414606F052F872
:107140004FF400630193664B0093684B6E4A6C49A1
:107150004FF00108CDE90488CDE9028803F5CC7031
:10716000FDF7B6F96423CDE90033604B674A644903
:10717000CDF8088003F51D7006F018F9644BC4F8CB
:10718000C037EFF3108172B6DAF80030DFF8B4815F
:10719000C4F80080002B41D0D3F81C27C3F81C474B
:1071A000C2F81847C4F81C27C4F818373B680133E5
:1071B0003B6081F3108825B11C991CAA284606F073
:1071C00011F84A4D2B68434531D00724FEF756FC91
:1071D0005048FBF795FA5048FBF792FA4F48214682
:1071E0007BE663450DD0D3F8A4E1864503D8D3F8F8
:1071F000A811814205D8B6450CD8D3F8A811B142E0
:1072000008D9002C3FF4C5AE169916AA204605F001
:10721000E9FFBEE6D3F81837013A24E7CAF8004080
:10722000C4F81847C4F81C47C0E71124B2E6D5F8E3
:10723000EC36002B4DD1EFF305833268134306D0B3
:10724000EFF3058332681343B3F1F03F43D3264F86
:10725000D9F80030BB423ED04FF4007200213048D4
:107260000EF0D7F92E4B082219461846013A03F1C1
:107270003403C360F9D12B4BC1F8AC111846343B31
:107280008B425B64FBD11861C5F8DC36C5F800376A
:107290000923C5F80437244BC5F8F036234BC5F84D
:1072A000F436234BC5F8F836224BC5F8EC362B687C
:1072B00000214345C5F8D81646D00724FEF7DEFB6B
:1072C0001448FBF71DFA1448FBF71AFA1A4821462E
:1072D00003E615247AE7112478E700BFCC170020D5
:1072E000F01900204C000020B4FB002004F1002025
:1072F00081E20008B0C40408B4C404080100007F9F
:10730000C9C4040801000101A19A00089789000876
:10731000DDC800084CF9002088F90020FBC40408EF
:10732000F0170020901900203F9E0008219F0008C0
:10733000C997000835A200081BC50408D017002013
:1073400068FC002020205049D5F89C34002B50D1F7
:10735000EFF3058331680B4306D0EFF30583316803
:107360000B43B3F1F03F46D38D4BC5F820362433A1
:107370000132092A43F8083CF9D10023C5F8183630
:10738000884BC5F8A834884BC5F8A034874B884A89
:10739000C5F8A434874BC5F824370A231360864AFE
:1073A00014211160854A45F6C0511160D5F8282690
:1073B0006AB94FF0010ACDE9013A0093804B814A46
:1073C000696803F22C6005F0F1FFC5F828A67E4B32
:1073D000C5F89C342B6843450FD00724FEF74EFBBD
:1073E0007A48FBF78DF97A48FBF78AF97948214604
:1073F00073E5152462E7112460E7D5F81034EBB982
:10740000EFF305833268134306D0EFF30583326848
:107410001343B3F1F03F13D36F4BC5F81034D5F8D5
:1074200070337BB11524FEF729FB6848FBF768F938
:107430006748FBF765F9694821464EE51524CDE715
:107440001124CBE7EFF305833268134306D0EFF343
:10745000058332681343B3F1F03F48D3D9F80030C5
:10746000BB4244D05E4D5F4BC4F874335E4BC4F8EE
:10747000703341F6E8725D4BC4F87833002128463A
:107480000EF0C7F85A4BAC606B6005F10C0440F687
:107490001C430093574905F148034FF41B722046E3
:1074A00002F0EAF95349C5F8644C04234FF48042D2
:1074B00005F6684003F0ACF8EFF3108372B64E4A5D
:1074C000C5F8D82C83F310884C4A4D494D48C5F86F
:1074D000DC5C2B4606F08AFA044650B105F668409B
:1074E00003F0E2F8D5F8640C02F024FA14E0112459
:1074F00099E702463F494448342306F019F8044608
:10750000A8B105F6684003F0CFF8D5F8640C02F096
:1075100011FA3C4806F0D0FAFEF7B0FA2B48FBF718
:10752000EFF82B48FBF7ECF838482146D5E4B423B4
:10753000CDE905034FF001090323CDE90339029397
:1075400005F694564FF480530193314A2949009629
:107550002B4605F54E60FDF747F8044630B106F5B9
:10756000805006F03FF8A6F59670CCE729492A48E6
:10757000FBF700FD0446002850D005F54E6006F0EC
:107580001FFA05F54E6006F0B7F906F5805006F0D3
:1075900029F81C4806F090FAA6F59670A0E700BFFF
:1075A000BCF500204DC600081989000891B80008F4
:1075B000C8170020998D0008C4170020C0170020AC
:1075C00004F10020A1890008C5C500084CF900207D
:1075D00088F900203BC5040889CC00087EC5040852
:1075E000F0D0002039A40008C9A3000861AE00084B
:1075F00041C304085BC5040845340008533400083F
:107600006CC50408E0EE002084EE0020B2C504083A
:107610005F4000089FC50408B8EE0020EFF3108219
:1076200072B69A4BDFF8B8821968C5F8008005F584
:10763000805A1D60CAF8E01F82F310884FF0FF31B6
:1076400006F58050FCF724F89AF81C3E012B1ED05A
:10765000AA688AF81C9E4FF0FF33CAF8384ECAF861
:10766000284ECAF8304ECAF8504ECAF84C4ECAF8E6
:10767000483ED2F83437D2F8382783EA020907F0B7
:1076800013F989EA0000CAF8200ECAF83C4E06F544
:107690008050FCF70FF92B68434540F09980EFF3D9
:1076A0000583DFF840B2DBF80020134340F09280FE
:1076B000774B1B68002B00F08D80BB4200F08A8066
:1076C00074484FF0FF31FBF7E3FF9AF81C3E012BA3
:1076D0002DD17048DAF8384E4FF0FF31FBF7D8FF64
:1076E0009AF81C3E1BB1DAF8383E9C4203D0694838
:1076F000FCF7E0F81BE09AF81D3E6BB16548FCF71B
:10770000D9F8654E6348DFF8E081FCF7D3F83368B9
:10771000434561D0072487E06048442102F0C0FE61
:107720000446B0B15B48FCF7C5F8932CE9D0594842
:10773000FCF7C0F8A624FFF7FDFAFEF79FF95848BA
:10774000FAF7DEFF5748FAF7DBFF57482146FFF705
:10775000C4BBD5F8E02C554B9A4203D04F4803F0F8
:1077600095F8C4E7524806F0C1F9524BC340D90717
:10777000F4D5DAF8F02D504B9A42EFD1EFF31084A4
:1077800072B6DAF8105EEDB9DAF8F83DD3B14B48CD
:10779000FBF774F984F310886423CAF83C3EDAF8E6
:1077A000D43FCAF8405E02218AF81D1E6BB9DAF890
:1077B000D83F002BA2D09AF81D2EDAF8381E404888
:1077C00098479BE784F31088C8E73D489847EEE761
:1077D0000724B0E71124AEE73A4D3B4F2B68BB427C
:1077E00098D0EFF30584DBF800301C434BD1284BD5
:1077F0001B68002B47D0DFF8F4904B4543D033494A
:1078000005234FF4804205F1400002F001FF2246BB
:107810002F49342305F1B80005F08AFE044688B1EB
:1078200005F1400002F040FFFFF784FAFEF726F969
:107830001B48FAF765FF1B48FAF762FF2548214607
:10784000FFF74BBB2846244B40F8107B28222146EB
:107850006B60EE600DF0DDFE0323AB63D6F83831CC
:10786000002B45D10724FFF73BFAFFF763FAFEF739
:1078700005F90B48FAF744FF0A48FAF741FF1748A1
:107880002146FFF72ABB1124CEE700BFBC1700201A
:1078900068FC002084EE002004F1002058DD002068
:1078A0004CF9002088F90020D3C5040844524854FC
:1078B000D0DD0020010000024D495441E8EE0020D7
:1078C000F0D00020C8FA002020534E44F3C504082D
:1078D000FEC5040813C6040808C6040838C6040810
:1078E000504348444C00002020205049B4FB002065
:1078F0009A6AB2F5127F4BD3B749B848EB63FBF7EE
:1079000039FB0446002845D13368434540F02481C3
:10791000D6F83841002C00F01F81B14DB14F2B68D3
:10792000BB4200F0198140F66C32002128460DF070
:1079300070FEA36AC5E900764B2B4FF00007AF60DD
:1079400040F20C81A849EC6005233A4605F6081080
:1079500002F05EFEEFF3108372B6A44AC5F87829F0
:1079600083F31088A24AA349C5F85C7B2B4605F532
:107970001C60C5F8607BC5F8647B06F037F80446E8
:10798000F0B105F6081002F08FFE9B48214603E097
:10799000A82468E7014699480DF08AFD21469848D9
:1079A0000DF086FDFFF79CF9FFF7C4F9FEF766F8C6
:1079B0009448FAF7A5FE9448FAF7A2FEFFF7B4BA86
:1079C00002469249342305F1CC0005F0B1FD04468E
:1079D00040B105F6081002F067FE05F51C6006F0E0
:1079E0006BF8D2E78A498B48FBF7C4FA044660B1CA
:1079F00005F6081002F058FE05F51C6006F05CF86C
:107A000005F1CC0005F0EEFDBFE7B423CDE9050399
:107A100001270223CDE90337029305F5807A4FF45D
:107A2000006301937C4A7D49CDF800A02B4605F107
:107A30001800FCF7D9FD044600287DD1784B794920
:107A4000C5F8480B0246C5F84C0BC5F8F409764852
:107A5000C5F8683B05F036FB212221461CA80DF035
:107A6000D8FD204609F066FB002843D06F48704DD2
:107A70000DF01EFD384608F0EFFA204609F0F2F846
:107A800020466C4C08F0E8FA2068F8F7BBFE216845
:107A90008DF87000C2B20DF171000DF040FE21684A
:107AA00065480DF005FD394664480DF001FD4FF0C5
:107AB000FF316348FBF7ECFD624B2C68D3F800A064
:107AC0005046F8F79FFE0022C3B22146CDE90022BE
:107AD0001CA8524608F0B6FB04465948FBF7EAFEDC
:107AE0004FF4FA700137FBF7A5F8002CDBD15648AC
:107AF0000DF0DEFC55480DF0DBFC3368434530D11A
:107B0000EFF30583DBF80020134337D1504B1B689C
:107B1000A3B34B4532D040F6B833D6F83C47002CDF
:107B200040F05C856BB3012B18BF03F1FF340120DB
:107B3000FBF780F82346F0E7AAF1340005F052FD88
:107B40000AF6080002F0B0FD0AF50C6005F0B4FF7B
:107B5000304805F0D3FC18E7072416E740F62A540E
:107B600013E74FF0070A3B4851460DF0A1FC3A4895
:107B70000DF09EFC39485146FFF7D8B94FF0110A75
:107B8000F1E74FF0430AEEE794F81D3E042B07D8C7
:107B900004F69450FBF78EFE4FF0940A00F0A5BD5A
:107BA000D4F89C2F2E480621F9F769FB38B904F662
:107BB0009450FBF77FFE4FF0970A00F096BD90F8C7
:107BC00000A0BAF1180F65D904F69450FBF772FEC5
:107BD0004FF0950A00F089BD33C60408DC07012088
:107BE0006CFC002060544E538AC604080DDD00086A
:107BF000311200089DC6040800C7040860C60408C6
:107C00002CC704084CF9002088F90020B6C60408E7
:107C1000CDC604089417002029DD0008E5C6040835
:107C200039340008F6C604086017002093C704081A
:107C3000DCF00020E0F00020A7C70408C2C7040859
:107C400040F20020D8F00020D4C70408EEC7040892
:107C500068FC002004C8040830C8040861C904088E
:107C600054EF00200421A019F9F722FB47F8040B78
:107C70000436B245F6D29C4C9C48DFF8A8B2FBF71C
:107C800019FE23685B4510D04FF0070A984851460B
:107C900000F02DBD16AFC41EEAE74FF0070A00F052
:107CA00024BD4FF0110A00F020BDEFF305832A68D0
:107CB00013432DD1D8F8003053B3DFF86C924B4505
:107CC00026D04FF0FF3104F1B800FBF7E1FC064687
:107CD00008BB0146282204F110000DF09AFC04F1C3
:107CE000B800FBF7E7FD4FEA9A0316AF0993099B2B
:107CF000B34213D17F4E80480DF0DAFBFEF7FCF85B
:107D000032687E4B9A4276D007217D48FFF70EB944
:107D10004FF0110ABAE74FF0A00AB7E7D7F800A072
:107D200078485146F9F74EFF23685B455AD1BAF1BE
:107D3000000F5AD0EFF305812B68194358D1D8F8BA
:107D40000030002B54D04B4552D0082214A80DF01F
:107D500060FC04236C484FF0FF31CDE9143AFBF787
:107D600097FC824678B9DDE914025F4B1969042952
:107D70000DD104281BD15969914218D16248FBF7F3
:107D800099FD4FF0AF0A6148514600F0B0BC06299A
:107D900007D0062818D15C48FBF78CFD4FF0B30ADA
:107DA000F1E75948FBF786FD4FF0A80AEBE70AF127
:107DB000010ABAF1050F03F10803D7D15248FBF7C6
:107DC00079FD4FF0170ADEE70AF1020A04EBCA0355
:107DD0004D485A60042344F83A300437FBF76AFDF3
:107DE000013684E74FF0070ACDE74FF0A40ACAE74F
:107DF0004FF0110AC7E7EFF305832A68134306D053
:107E0000EFF305832A681343B3F1F03F2AD3D8F880
:107E100000304B4526D03E484FF0FF31FBF7BEFB0C
:107E2000D6F80C44D6F808343A4A94B93848FBF7E7
:107E30005FFCD6F81034BBB1364E3749374F0423B8
:107E40002246304602F0E4FB3368BB420ED00721E5
:107E500022E0934203D12E48FBF74AFC54E79B6E85
:107E6000013CE2E7112150E714214EE7F368D3F813
:107E70001034002B33D0EFF305832A68134330D13D
:107E8000D8F800306BB34B452BD02146304602F07A
:107E900007FB0146002849D021480DF009FB336853
:107EA000BB4240F02984F368D3F81034002B00F073
:107EB0002384EFF305832A68134340F01D84D8F828
:107EC0000030002B00F018844B4500F01584114859
:107ED0003DB0BDEC108BBDE8F04F02F0E5BB1421C6
:107EE000DAE71121D8E700BFC8FA002084EE0020AD
:107EF000CFC8040804F100202AC9040820205049F2
:107F0000A1C90408FAC8040880FB002006C90408B7
:107F100040F20020D4F800208BC9040820504455BA
:107F2000D7C9040820534E44B4FB0020B92347F2BC
:107F30002672CDE900326548DFED659A6823A822F4
:107F4000C0210DF0B5FAFAF78FFD274609900D9480
:107F5000A3460E94A246A0460A9481460126FAF74B
:107F600083FD5C4B1B69C3F3001383F00103BB4229
:107F7000054668D1022C98BF0134032C19D10D9B02
:107F8000BB4216D0002F61D031465348FEF77EFE2B
:107F9000B0FA80F38046514A51495B094120FAF713
:107FA000C3FA41464F480DF083FAB8460D970A953B
:107FB0000136484B1B69C3F3802383F0010353450B
:107FC00046D1BBF1020F98BF0BF1010BBBF1030FC0
:107FD0001CD10E9B534519D0BAF1000F3CD031464D
:107FE0004148FEF753FEB0FA80F380463F4A4049CD
:107FF0005B094220FAF798FA42463E4878210DF094
:1080000057FAD046CDF838A00A950136099BEB1AED
:10801000092B4AD9F9F720FDDFED377A8DED160AE5
:10802000B0EEE07AB4EE677A731CF1EE10FACDEDA3
:10803000170A0B9313D931480DF03AFA4D21304805
:108040000DF036FA2FE001241F46B2E70D97B0E796
:108050004FF0010B9A46D9E7CDF838A0D6E760EE8D
:10806000A90A6421FDEEE07A1CA817EE903A93FB72
:10807000F1F201FB1233002BB8BF5B42CDE90023C4
:108080008021204A33460DF025FA7F28014604D985
:108090001D480DF00DFA0921D1E71CA8FEF738FDA7
:1080A00001460028CBD10B9E0995A5EB0903632B54
:1080B00040F29282B8F1000F05D00A9BEB1AB3F59B
:1080C000967FC0F08781DFF8448031E009CA040858
:1080D0000000C8420000024071C2040833CA04080C
:1080E00046CA040851CA040896CA0408A1CA04086A
:1080F000AECA0408B7CA0408FFFF7F7FF3CA0408AA
:1081000097CB04082BCB04085FCB040804000020A5
:108110000123C2481CAA2721F8F796FF9DF870306A
:1081200003F001031093D8F80030013BC8F8003089
:10813000109B1BB9D8F80030002BE9D1DFF8088379
:108140000422002140460DF064FA03234246282110
:10815000B248F8F779FFD8ED00CADFF8F0820222C2
:10816000002140460DF055FA424602232B21AB4830
:10817000F8F76AFFB8F90030DFF8D4820DEE103A54
:10818000F9F76AFC8DED160ACDED170A9DF87030EF
:108190005B0704D1D8F80030002B40F0B380DFF843
:1081A000B4820622002140460DF033FA42460623EF
:1081B00028219B48F8F748FFB8F900300CEE103A38
:1081C000B8F902300BEE903AB8F90430DFF8888243
:1081D00006220021404608EE103A0DF01AFA4246F7
:1081E000062322218E48F8F72FFFB8F9003009EE58
:1081F000103AB8F9023008EE903AB8F90430DFF8D6
:108200005C820222002140460AEE903A0DF001FA0B
:108210000223424682482021F8F716FFB8F90030C1
:10822000DFF83C820BEE103A0F9B1BB9D8F80030F8
:10823000002B73D1DFF82C820622002140460DF07E
:10824000E8F94246062368217648F8F7FDFEB8F9BA
:1082500000300AEE103AB8F902300FEE103AB8F9D1
:108260000430DFF804820222002140460EEE903AEC
:108270000DF0CFF9424602236E216A48F8F7E4FE7A
:108280009DED17EADDED16DAB8F900806EEE297A79
:108290006423FDEEE77A1CA8CDED0B7A0B990B9ABF
:1082A00092FBF3F26DEEA97A03FB1212FDEEE77A70
:1082B00082EAE271A1EBE271129117EE902A17EEB9
:1082C000901A92FBF3F203FB121282EAE273A3EB21
:1082D000E27300217822119306F1FF39CDED0C7A7B
:1082E0000DF097F90523B9FBF3F303EB8303A9EB37
:1082F0000303032B00F23581DFE813F02100710046
:10830000BA000001012346481CAA1E21F8F79CFE72
:10831000D8F80030013BC8F8003037E70123414866
:108320001CAA6721F8F790FE9DF87030C3F3C003D4
:108330000F93D8F80030013BC8F8003074E73A4A90
:1083400014211CA8F9F750FC1EEE100AF8F7DEF90C
:10835000364ACDE90001142121A8F9F745FC1DEEAC
:10836000900AF8F7D3F9CDE90001314A142126A883
:10837000F9F73AFC4FF01008F8F788FEF8F726FFF7
:108380001CA82C4B13904FF002021A80A3F8028015
:108390000822294B062108F10808F8F7A3FE1FFA66
:1083A00088F81398B8F1400F00F11400E9D1F9F7FB
:1083B000ADF9119B0B98009364210C9B129A93FBCF
:1083C000F1F3CDF8049090FBF1F11C480DF070F83A
:1083D0004FF000080A20FAF72DFCA946BFE5F8EE99
:1083E000CD7AFAEECACAC7EEA98A154A14211CA88A
:1083F000F9F7FAFB1CEE900AF8F788F9114ACDE973
:108400000001142121A8F9F7EFFB18EE900AF8F704
:108410007DF9064ACDE90001A8E700BF0800002069
:108420001800002028000020C6CB0408D5CB040883
:10843000DFCB0408080801209E70010875CC0408F1
:10844000F0CB040801CC0408E8F00020E4F00020A0
:1084500014000020F4F00020EEF00020ECF00020EA
:1084600024000020FCF00020FAF0002023DB793DFE
:108470005FED027AA34AB8EECC9AF8EEEB8A29EEC9
:10848000279AB8EEC88A14211CA868EEA78A28EE9D
:10849000278AF9F7A9FB19EE100AF8F737F99A4A73
:1084A000CDE90001142121A8F9F79EFB18EE900AEE
:1084B000F8F72CF9954ACDE90001142126A8F9F71F
:1084C00093FB18EE100AF8F721F9914ACDE9000163
:1084D00014212BA8F9F788FBF8EECB7ADFED8D6A33
:1084E000B3EE097AA7EEA67A17EE100AF8F70EF99E
:1084F000894ACDE90001142130A839E7DFED877AF8
:10850000874AB8EEC99AF8EEE88A29EE279AB8EEBB
:10851000EA8A14211CA868EEA78A28EE278AF9F7B0
:1085200063FB19EE100AF8F7F1F87E4ACDE9000175
:10853000142121A8F9F758FB18EE900AF8F7E6F88D
:10854000794ACDE90001142126A8F9F74DFB18EE70
:10855000100AF8F7DBF8754ACDE9000114212BA8C1
:1085600006E7B8EECA9AF7EE087A29EE279AF8EEEF
:10857000CF8AB8EEEE8A6E4A14211CA868EEA78A4C
:1085800028EE278AF9F730FB19EE100AF8F7BEF843
:108590005D4ACDE90001142121A8F9F725FB18EE69
:1085A000900AF8F7B3F8594ACDE90001142126A83A
:1085B000F9F71AFB18EE100AF8F7A8F8544ACDE9B3
:1085C000000114212BA8F9F70FFB07EE908AF4EEB7
:1085D000006AF8EEE77A83E74D46FBE633684345E9
:1085E00023D1EFF30583534A11680B4306D0EFF311
:1085F000058312681343B3F1F03F19D34E4B1B6848
:108600004B4515D04FF0FF314C48FAF7C7FFEFF359
:10861000108372B6D6F83C270B92D6F84027099201
:1086200083F310884548FBF763F8336843451AD154
:10863000EFF305833F4A11680B4306D0EFF3058340
:1086400012681343B3F1F03F0DD33B4B1B684B450E
:1086500009D03A484FF0FF31FAF7A0FFB368374826
:108660000A93FBF745F80B993548364CF9F7AAFA07
:1086700009993548F9F7A6FA0A993448F9F7A2FAA0
:1086800033480CF015FF1822002116A80CF0C1FF8A
:1086900030480CF00DFF22682F4B9A427FF4FDAA60
:1086A000EFF30583234D2A6813437FF4FAAADFF81A
:1086B0008880D8F80030002B3FF4F3AA4B453FF4F4
:1086C000F0AA04F5805425484FF0FF31FAF7E0FF97
:1086D00094F81C3E23B1D4F8386E002E3FF454AA0F
:1086E0001E48FBF7E7F84FF0A40A1D4851460CF06E
:1086F000DFFE1C48FFF73CBA3DB0BDEC108BBDE877
:10870000F08F00BF0DCC04081ECC040827CC040851
:1087100030CC04080000803BD5CB040800008C421C
:1087200039CC04084BCC040854CC04085DCC0408B4
:1087300066CC04084C00002068FC002040F20020B9
:1087400046C80408F0D0002051C8040856C80408E0
:108750005EC804087AC804085043484484EE0020E8
:1087600096C804084CC90408431E073013F8012FAB
:108770001AB98342FAD101207047002070470000E7
:108780002DE9F04300241C6001F07044B4F1604F07
:1087900001D04C1C19D1196013682BB990F82E37F1
:1087A00013B100F5E5601060BDE8F08390F82E4746
:1087B0004CB3D0F83C47A14225D1156800F5E564DB
:1087C0000DB1AC421FD1146032E090F82C97B9F192
:1087D000000FEBD100F5E56590F878E700F27474CE
:1087E000BEF1000F26D090F87A671EB3D0F88C67E0
:1087F000D0F890770E40BE421CD110680028E2D11C
:108800002546156014E000F5E565B9F1000FE3D0E9
:1088100090F82E47002CDFD0D0F84047D0F84467BE
:108820000C40B442D8D11468002CEAD0A542D3D170
:108830001960B9E7374E4FEA114C4FEA0C4CB4457A
:108840000FD116682EBBB9F1000F03D090F82E6738
:10885000002E5CD1BEF1000F03D090F87A67002E95
:10886000B1D1D0F808C0BCF1000F1FD0C668EEB17E
:1088700096F80680B8F1000F18D0B1690CEA010C27
:10888000F169614590D1116861B9166082681A601A
:108890008AE796F804C0BCF1000FE2D0B679002E4A
:1088A000DFD0C5E78E427FF47FAFEFE71668F6B9F9
:1088B000B9F1000F09D090F82E6736B1D0F83C67B7
:1088C000144F6FF30F06BE4221D0BEF1000F3FF4EC
:1088D0006BAF90F87A57002D3FF466AFD0F8880759
:1088E0000C4D6FF30F00A8427FF45EAF6BE7327957
:1088F000002A3FF459AFB279002A3FF455AF7269AC
:1089000004486FF30F0282427FF44EAF90E72C468B
:1089100059E700BF0000FEA97047704703460020DA
:108920001060187802280AD15978042917D199784B
:108930001160DB7843EA01231360012070470028AF
:10894000FBD0012804D1013301390329E9D8F4E728
:10895000587828B1884202D80344091AF5E7002064
:10896000704738B5D0F8F839044663B100F6F8110D
:10897000702200F6D8200CF0D2FE7022002104F6FE
:10898000F8100CF046FE04F668207022BDE838406E
:1089900000210CF03EBE012100F51370FAF76ABC0D
:1089A0004FF4807100F51370FAF764BC10B4C36E15
:1089B000EFF3108172B6826E32B32BB31C68144A87
:1089C000944221D1026F00248242846612D1DC627B
:1089D0001A6B013A1A63036B0C2B15D10D4A012354
:1089E000C0F8843013680133136081F3108810BC21
:1089F000FAF770BBDC6A844208BFDA62D0E91C4235
:108A00006267046F1467E3E781F3108810BC704756
:108A10004B4341505C17002030B4EFF3108272B624
:108A2000C36E1BB11C6826498C4203D082F31088A8
:108A300030BC7047816E0029F8D0EFF30581214CDE
:108A40002468214304D1204C2568204CA5420CD138
:108A50001F498166D3F8A00082F310884FF480513B
:108A600030BC00F51370FAF705BC046F8166A042B4
:108A70001FBFC3F8F440416F6167046F14BF0C67F8
:108A8000C3F8F410D3F8F8100139C3F8F810016BEB
:108A90000C29CBD1996B052910D1D3E92F319942FB
:108AA00034BF392349230B49C0F884300B680133A4
:108AB0000B6082F3108830BCFAF70CBB3823F2E766
:108AC000205043544C00002068FC0020B4FB0020E0
:108AD0001B8900085C17002010B4C36EEFF31084EC
:108AE00072B6826E2AB323B31968144A914220D118
:108AF00000215965026F81661B6D82421FBF1A6695
:108B0000416F5167026F18BF0A675A6E08BF196636
:108B1000013A5A66036B0C2B0BD1094A2323C0F888
:108B2000843013680133136084F3108810BCFAF7A3
:108B3000D1BA84F3108810BC704700BF2050445550
:108B40005C17002010B4C36EEFF3108172B6826E12
:108B50001AB313B31C68134A94421ED1026F002447
:108B6000824284661FBF9A65446F5467026F18BFC4
:108B70002267DA6D08BF9C65013ADA65036B0C2B3E
:108B80000BD1094A0123C0F8843013680133136004
:108B900081F3108810BCFAF79DBA81F3108810BCDD
:108BA000704700BF205044555C17002030B4EFF3ED
:108BB000108172B6C36E1BB11C68204A944203D068
:108BC00081F3108830BC7047826E002AF8D0EFF332
:108BD00005821B4C246822430CD01A4AD3F8A030DB
:108BE000826681F310884FF4805130BC03F5137016
:108BF000FAF740BB144C2568144CA542EDD08266B0
:108C0000C3F8FC20C3F8CC209A6882B101229A6391
:108C1000036B0C2BD4D10E4A3823C0F88430136870
:108C20000133136081F3108830BCFAF753BA022283
:108C30009A631A6C013A1A64EAE700BF2050435461
:108C40004C0000201B89000868FC0020B4FB0020B9
:108C50005C17002070B40346EFF3108272B6C46E46
:108C60001CB1256819498D4203D082F3108870BC6D
:108C70007047816E0029F8D0EFF30581144D2D68FF
:108C8000294304D1134D2E68134DAE420CD1134924
:108C90009966D4F8A00082F310884FF4805170BC1C
:108CA00000F51370FAF7E6BA8166C4F80011016B9B
:108CB0000C29DAD14121C0F8841009490B6801332D
:108CC0000B6082F3108870BCFAF704BA205043544A
:108CD0004C00002068FC0020B4FB00201B89000829
:108CE0005C17002030B4EFF3108272B6C36E1BB174
:108CF0001C6823498C4203D082F3108830BC704733
:108D0000816E0029F8D0EFF305811E4C24682143C1
:108D100004D11D4C25681D4CA5420CD11C4981660F
:108D2000D3F8A00082F310884FF4805130BC00F5D6
:108D30001370FAF79FBA046F8166A0421FBFC3F891
:108D4000EC40416F6167046F14BF0C67C3F8EC100F
:108D5000D3F8F0100139C3F8F010016B0C29CBD116
:108D60009B6B0C49052B0CBF01233823C0F88430C2
:108D70000B6801330B6082F3108830BCFAF7AAB994
:108D8000205043544C00002068FC0020B4FB00201D
:108D90001B8900085C1700202DE9F8434B4ED0F8E2
:108DA0009454D0F89874DFF838810FB9BDE8F8838F
:108DB000D5F80891013FB9F1000F2DD0D5F8044145
:108DC000A36EB34224D1EFF3108272B6E16E11B1FB
:108DD0000B68434502D082F3108819E0A36E002B84
:108DE000F9D0EFF305833A480068034305D13948C9
:108DF000D0F800C03848844541D1A666D1F8A0001B
:108E000082F310884FF4805100F51370FAF732FAAC
:108E1000B9F10109246FD3D1D5F8FC0020B1836EDC
:108E2000B34201D1FFF7C2FED5F8000120B1836E35
:108E3000B34201D1FFF70EFFD5F8F04064B1D5F889
:108E4000EC90D9F86830B34202D14846FFF74AFFA8
:108E5000013CD9F87090F4D1D5F8F84064B1D5F858
:108E6000F490D9F86830B34202D14846FFF7D4FDF8
:108E7000013CD9F87090F4D1D5F80C5195E7C1F8C0
:108E8000E830206FA366D1F8E41084421FBFC1F818
:108E90000401636F4367206F14BF1867C1F8043182
:108EA000D1F80831013BC1F80831236B0C2B92D16A
:108EB0000A492323C4F884300B6801330B6082F322
:108EC00010882046FAF706F9A2E700BF1B890008C0
:108ED0004C00002068FC0020B4FB00205C17002040
:108EE0002050435410B4EFF3108172B60368C3B13D
:108EF0001A6F0E4C93421DBF0260586F50670022DC
:108F00000EBF02601A6F0267226800200132986665
:108F1000226081F31088C3F8840010BC1846FAF769
:108F2000D9B881F3108810BC704700BF5C170020CF
:108F300010B5D0F8F430044623B3D0E9153293428B
:108F400009D9C16E013901299CBF016A02EB4102B6
:108F5000934228BF1346E26D9A4213D2D4E92F32CE
:108F60009A420FD2D4F830310BB120469847D4F84A
:108F7000F830013BC4F8F83004F1F400BDE81040CB
:108F8000FFF7B0BF10BD000010B5EFF3108472B64C
:108F9000194B826E9A422BD1D0F8B0308B4227D138
:108FA000C36E2BB31968154A914221D11A69FAB1DF
:108FB000002282661A69013A1A610AB9DA6006E08B
:108FC000D0E91C2151670A67D9688142F6D0036B4A
:108FD000062B0DD10A4A0D23C0F8843013680133E3
:108FE000136084F31088FAF775F8EFF3108472B603
:108FF00084F3108810BD00BF898F0008414D455390
:109000005C17002070B50022022443F6095620FAAE
:1090100004F3950903F03F03920604F1060448BFE8
:1090200001357343202C05EB0302F0D10A6070BDBB
:109030002DE9F34799460C680368A3428BBF1C1BBC
:10904000E41A00230123C9F80030234B9C428046D8
:109050000F4616463CD8406801A9FFF7D3FFDDF85C
:1090600004A078684FF47A73BAFBF3F503FB15A3F9
:10907000B3F5FA7F694628BF0135FFF7C3FF009AB1
:10908000D8F800004FF47A73B2FBF3F103FB11231D
:10909000B3F5FA7F3B6828BF013198420BD1924566
:1090A00091BF491B0023691AC9F8003031600020C4
:1090B00002B0BDE8F0874FF47A7303FB04F435BFC8
:1090C000641B2B1964185B1A34BF34603360EEE7FD
:1090D00040F63250ECE700BF378941002DE9FF41EF
:1090E000D0F8D83A0446A3B300F60C31082200F6B3
:1090F0002C200CF065FA60BB082204F6043104F65B
:1091000024200CF05DFA20BB082204F6FC2104F6B2
:109110001C200CF055FAE0B9082204F6F42104F6FC
:1091200014200CF04DFAA0B9042204F52F6104F5C7
:1091300021600CF045FA60B9D4F8082AD4F8E83A6E
:109140009A4206D1D4F80C2AD4F8EC3A9A4200F0AC
:109150008E81D4F8F869D4F8943906F00702042A0D
:1091600004D0022B00F08681052A02D0012B00F0EA
:109170008181C6F3C202032A07D0022B00F07D8151
:10918000022A02D8012B00F07881C6F38116032E43
:1091900000F07681D4F8FC39002B40F0B280D4F88E
:1091A000603B002B00F06F8104F52165B749042274
:1091B00028460CF005FA00287CD0B5490422284640
:1091C0000CF0FEF9002878D0B249042228460CF0B1
:1091D000F7F9002874D0B049042228460CF0F0F9C1
:1091E000002870D0AD49042228460CF0E9F9002887
:1091F0006CD0AB49042228460CF0E2F9002868D074
:10920000A849042228460CF0DBF9002864D0A649BE
:10921000042228460CF0D4F9002860D0A349042287
:1092200028460CF0CDF900285CD0A149042228463C
:109230000CF0C6F9002858D09E49042228460CF0AC
:10924000BFF9002854D09C49042228460CF0B8F9F4
:10925000002850D09949042228460CF0B1F9002882
:109260004CD09749042228460CF0AAF9002840F671
:109270000E7118BF4FF47061D4F8603B20469847D8
:10928000002840F0E480D4F89439022B40F0E780C5
:10929000D4F8483BEBBB04F62420FFF765FA01281D
:1092A00005D004F62C20FFF75FFA012838D140F6EC
:1092B0002950CCE040F60171DEE740F60271DBE7B1
:1092C00040F60371D8E740F60471D5E740F6057122
:1092D000D2E740F60671CFE740F60771CCE740F6DB
:1092E0000871C9E740F60971C6E740F60A71C3E79D
:1092F00040F60B71C0E740F60C71BDE740F60D710A
:10930000BAE713F0F00F01D1032BBCD940F625507A
:109310009DE004F61C20FFF727FA0128BBD1C6E721
:1093200002AB01AA04F5266104F65820FFF780FE7F
:10933000002840F08A80029B002BB8D0731E012BBE
:1093400005D8D4F85C3B13B1314620469847D4F891
:109350008019012900F0BE800023C4F88C3908224E
:1093600004F5266104F535600CF0D9F9D4F880399C
:10937000012B40F0DA8004F64837082204F5266114
:1093800038460CF0CCF94F4B4F4A1B681268D4F8A2
:10939000486B4FF47A759B1A6B430020632B4FF098
:1093A0006408C4F8F409B3FBF8F8B8FBF5F540F22B
:1093B000D88015FA86F3C3F3004303EB1643D803B2
:1093C00000F1CC804FF47A73B8FBF3F603FB1686FA
:1093D00016FB03F6D4F8483BD4F84C0B1D44C4F8F4
:1093E000485B01A9FFF70EFE019BF34206D5013D44
:1093F00003F57423C4F8485B03F51073334A334410
:1094000093420CDDD4F8482B511C00F0A7800132A8
:10941000C4F8482B2E4A93FBF2F102FB113340F6BD
:109420007A7159430A0B41F2C60000FB03230A0577
:1094300000D50133C4F84C3BD4F8683B1BB1394626
:1094400004F6F8109847002006E040F63250D4F8B1
:109450008C390133C4F88C3904B0BDE8F08104F6CE
:109460002C20FFF781F901287FF468AF1FE740F651
:109470002850ECE740F62250E9E740F62150E6E7B5
:1094800040F61250E3E740F61350E0E722CD04081F
:1094900027CD04082CCD040831CD040836CD0408AE
:1094A0003BCD040840CD040845CD04084ACD04084E
:1094B0004FCD040854CD040859CD04085ECD0408EE
:1094C00063CD0408180D0120140D01203F420F0048
:1094D00040420F00D4F89439022B7FF43DAFD4F80A
:1094E0000C2A002A3FF438AF214E130C73434CF280
:1094F0005030834202D940F62650ADE792B2C4F80C
:109500000C2A4FF4004026FA01F502421D4401F1F5
:10951000010118BF2B4611294FEA5000F3D14CF23C
:10952000503293427FF618AFE5E7D4F8F429D4F827
:10953000483B13440293D4F84C3B03936A4601AB77
:1095400004F5356102A8FFF773FD38B9094B009A9D
:109550009A427FF610AF4FF453607DE740F63250E9
:109560007AE70BF03FFEB0427FF62CAFF3E700BF87
:1095700040420F0020BF0200F0B51129059D01D027
:10958000062927D103B105B9FEE72C880C44698868
:1095900014440C4419885B880C44234499B201EBB1
:1095A00013418BB203EB11435BBA9BB2D0E90215B6
:1095B0006C1AA24210D8D41E0C448C4210D812B39C
:1095C0004068D8B105F00305022D02BF0988023AB0
:1095D0005B18EBE70023E9E725F003048C42EFD9A1
:1095E000E61C0A4426F00306921BA142E7D251F87A
:1095F000046B370C17FA86F63344F6E7012A0BD1D1
:1096000048700A8813449AB202EB134398B200EBF5
:10961000134040BA80B2F0BD032AF2D10A4632F8B4
:10962000024BC87023441146EBE770B504460E4662
:1096300000F59E704FF0FF31F9F7B0FF94F82C372A
:109640007BB1D4F84037D4F844273340934208D153
:10965000EFF3108372B604F5E562A660E26083F36F
:10966000108804F59E70BDE87040FAF741B82DE906
:10967000F74F1D4600F59E7304460F4618464FF0FF
:10968000FF3116460193F9F789FFEFF3108072B6A8
:109690004C2202FB0742D4E9B0B106EA050CD2F82D
:1096A0003CA7D2F84097D4F8C882C2F83C67C2F809
:1096B0004057C2F844C700220091C4F80827C4F8F4
:1096C0000C2780F310880198FAF712F8BBF1000F0D
:1096D00006D0B245009901D1A9450BD02046D84704
:1096E000B8F1000F06D0B24501D1A94502D0002142
:1096F0002046C0474C2303FB07440023C4F86837C7
:1097000003B0BDE8F08F000070B5846A944253D373
:1097100000240C60EFF3108672B68568CDB1C36982
:10972000013D8560DD69C5611869DC610244C3E9FA
:1097300002224FF0AA321A6204225C609C615C62D1
:109740001C639A8583F82E4020460B6086F31088B0
:109750002BE0046901340461002B2BD04469174DC0
:1097600001344461164C2468C4E91A50C4E91E212E
:10977000C26ADAB12267526F6267C26A526F1467B7
:10978000C26A5467026B0F49013202630C222263E2
:109790000122A2630A68E36401320A6086F310883A
:1097A0002046F9F795F9D4F8840070BDC462C4E985
:1097B0001C44E7E70120C9E74D20F6E7AD89000822
:1097C00068FC00205C170020F0B506468BB00F4601
:1097D000144602B9FEE7D0F838010023482201A957
:1097E000FFF792FF00283FD1019ADFF888C0146389
:1097F000F36E0133F3661C2353629368A3F11C01DB
:1098000091601A4A4FF4843143E90712E268658A8D
:1098100045EA024543F8145C2169E28A42EA0142C2
:1098200043F8102C616943F8080C1148090443E916
:1098300007C02DBA12BA09BA3FBA43F8145C43F80C
:10984000102C43F80C1C43F8047C05230293019B65
:1098500006934FF6FF7E4FF0FF33CDE904E3089601
:10986000E36B099402A898470BB0F0BD0100040611
:1098700006040001000108002DE9F84F92460A9AFB
:10988000DD1C9E188B463C220021044625F0030572
:109890000BF0BFFE0AF138080023761B08F103071E
:1098A000C4E90B3326F0030627F00307C4E9085682
:1098B000A946C4F804B0C4F828A02E44EA191946F1
:1098C0004FF0FF30B2421BD9ED1BE961C4E902330E
:1098D000C4F81C90EFF3108172B6134B134A236047
:1098E0001368EBB19A6B9C635463C4E90D32104A60
:1098F00013680133136081F310880020BDE8F88FEE
:1099000005F1380CC5F810C008EB050CEA61C5E993
:1099100000412862C5F814C001333A443D44D1E700
:10992000C4E90D441460E2E74B434150D8170020CE
:10993000D41700202DE9F0410446EFF3108072B6F1
:109940001F4A1368013B1360626B1E4B0021944257
:10995000216018D119601C4D2B6801332B6080F3F6
:109960001088E66A00274FF03008236BA3B9EFF3A5
:10997000108272B62B68013B2B6082F31088BDE821
:10998000F041F9F7D9BAA16B9163626B4A63196828
:109990008C4208BF1A60DEE7EFF3108272B62B68C4
:1099A000B76601332B6082F31088C6F88480366F67
:1099B000706FF9F78FFB236B013B2363D5E700BF83
:1099C000D4170020D81700205C170020F8B52D4DC3
:1099D00003464FF0FF3600240BB918460DE01A6A13
:1099E000B2F1AA3F0AD01B6833B1274A19689142E5
:1099F00002BF9A6901329A610720F8BD5F68EFF3F0
:109A0000108C72B61A68D06A002830D0016F81427B
:109A10001FBFD162D0F874E0C1F874E0016F18BFC5
:109A2000CEF87010116B08BFD462013911632A6837
:109A3000846601322A608CF31088DC615C609C6172
:109A40005C62816F1A691C630A44C3E902224FF009
:109A5000AA321A624FF000029C8583F82E20C26F52
:109A60001360C0F88440F9F735FB3B46B4E71E624B
:109A7000D169D961D3619368013393608CF3108805
:109A8000F3E700BF5C1700204B43415010B504467C
:109A90002046E469FFF79AFF002CF9D110BD0000C1
:109AA00080B5044694B04FF0FF3100F59E70F9F791
:109AB00075FD94F82C370126C4F87061CBB1D4F849
:109AC0006437B3B11322049204F5E5620B9204A843
:109AD00084F82E670A949847D4F864370A9404A847
:109AE00004969847022304930A94D4F8643704A890
:109AF000984704F5E56604F59E70F9F7F9FD4FF017
:109B0000FF33194602AA04F51370F9F795F94FF0DF
:109B1000FF3104F59E70F9F741FD029B180700F133
:109B2000C480190609D5D4F8A83420469847029B6A
:109B300023F080030293002BDDD0DA050AD5D4F898
:109B4000A4340BB120469847029B23F48073029300
:109B5000002BD0D0DF071ED5D4F8F0360BB120464D
:109B60009847D4F808370BB120469847D4F86033AB
:109B70000BB120469847D4F8A8320BB1204698473D
:109B8000D4F8A0340BB120469847029B23F0010380
:109B90000293002BAFD0DD0604D5D4F8F4360BB118
:109BA00020469847029B980604D5D4F80C370BB191
:109BB00020469847029B590603D5D4F864332046C3
:109BC0009847029B5A0500F1A080029B9B077FD417
:109BD000029B580703D5D4F8743320469847029B5C
:109BE000190500F18280029BDA0479D4029B5B04A0
:109BF00081D5D4F8C437002B3FF47DAF94F82C37CF
:109C00000027002B3FF477AF94F83037002B3FF458
:109C100072AF0A230C9304F5E563139303AB11931E
:109C20000CA8D4F8643784F8307712949847D4F8A5
:109C3000C437039A3946204698475CE7EFF3108211
:109C400072B6D4F87471FB69C4F874310BB9C4F8F6
:109C5000783182F31088E3690133E3613B6B03B928
:109C60003E63B86890F8008078634FEA181887F868
:109C70002C80D4F8C83733B10021984718B1384642
:109C8000FFF7A4FE11E0D4F8CC372BB100223946FF
:109C9000204698470028F2D1B8F1040F11D1D4F82A
:109CA000C03773B1394620469847D4F87431002B39
:109CB000C4D1029B23F008030293002B3FF41BAF97
:109CC0002FE7636B01336363E36C0133E364D6E72F
:109CD000D4F8A432002B3FF47BAF2046984777E7B7
:109CE000D4F824372046984780E794F82C37002B87
:109CF0003FF479AF1223049301AB09930A94D4F88B
:109D000064370B9604A898476DE794F82C37002B1E
:109D10003FF45BAF08230493054B0A944FF480771C
:109D2000CDE906730B96D4F8643704A898474CE73E
:109D30000100005E2DE9F74F856907468846164603
:109D40009A46F5B14FF000096B69EA689B1A99448D
:109D50002B466D68002DF7D101951D46B14526D2E1
:109D600000240C9B002201A95046FFF7CDFC83463E
:109D700060B114B12046FFF729FE584603B0BDE894
:109D8000F08F4269C368A2EB0309E7E7019B002C4F
:109D90002DD0A26942B35360A3615A69DB68D31A1C
:109DA00099444E45DDD825B36C600023A3617B6ADE
:109DB00033447B62BB69002B08BF3B46019386B1ED
:109DC000019BD8685C69241AB44228BF34462246F5
:109DD00041460BF0A4FC019BDA68361B2244DA6092
:109DE00009D14FF0000BC8E7A3616360D5E71C46BB
:109DF000D3E77C60D9E75B680193A044BB61DFE7F0
:109E0000EFF3108272B6036AB3F1AA3F01D00133B7
:109E100003D182F31088FFF7D9BD4FF0DD3390F8FE
:109E20002E10C36183680B448360436A5B1A4362EC
:109E3000002380F82E3082F31088184670472DE9F1
:109E4000F843D0F8DC46054600270A26D5F8E03668
:109E5000BB420AD895F82C372BB1D5F8683713B127
:109E6000013BC5F86837BDE8F8836368002B36D03E
:109E7000013B6360002B32D1A268122A47D1EFF375
:109E8000108172B6E26952B16069A0422AD11360B2
:109E9000D5F8E036013BC5F8E0360023E361E2681F
:109EA000A24214D023691361E268DA60D5F8DC3687
:109EB000A34204BF1346C5F8DC26E3601B69236197
:109EC000D5F8DC361B69DC60D5F8DC361C614FF058
:109ED0000008206BC4F8308081F3108860B9E46812
:109EE0000137B3E71368A34208BF1060D4E9052324
:109EF000936162695A61CBE7D0F81C90C0F81C806E
:109F00006B6D01336B65FFF77BFF4846E6E7013277
:109F1000C4E90162216AE26A2846FFF755FCDEE7E0
:109F20002DE9F04F97B000F5E56304460493D4F8AB
:109F3000E43613B917B0BDE8F08FEFF3108272B6B4
:109F4000D4F8E456EB69C4F8E4360BB9C4F8E83643
:109F500082F310886B6A1B2B08D8D4F88030013349
:109F6000C4F880302846FFF731FDE0E7AB68586859
:109F700059699A68DF681E6900BA09BA59611FFAFF
:109F800080F89969586008F1FF3012BA3FBA36BAC2
:109F900009BA01289A60DF601E619961DDD8360C2C
:109FA0004FEA174946EA07462F6B4FEA124A49EA39
:109FB00002490FB9049F2F637869C0B97A6C002AEF
:109FC00038D0964203D0002E34D1914232D1FB6872
:109FD0009A4502D13B699945C4D0BE6C002EC1D0D0
:109FE000F979CDF8009053462046B047BAE70EB352
:109FF00086421FD1FB689A4502D13B699945B1D091
:10A000003B6C33B90A233B642A6B31462046FFF789
:10A01000DBFBBE6C36B1F979CDF800907A6C534613
:10A020002046B047D4F8FC36002B9BD0294620466A
:10A0300098477CE7B8F1010F6ED1226F814202F19F
:10A04000010222676BD1626F0132626759686FF358
:10A050000F0141F0020159602A6BD068B2F812C0BA
:10A060004CEA004CC3F808C02A6BD2F810E0D08A42
:10A0700040EA0E40D8602A6B52694AEA024212BA9C
:10A080001A6109BA99FA89F259605A6100BA9CFAC0
:10A090008CF132BAD86099609A611C236B62AB680C
:10A0A0001C33EB60062306932B6B0D93CDE908A9B7
:10A0B000DB6B0C940A9506A8984706EB162B0BF061
:10A0C0001F030393002E00F0868003F5CB7354F832
:10A0D00023B0039B03F5CB72BBF1000F55D0DBF827
:10A0E00020108E424BD1DBF8002082B9CBE909A9C0
:10A0F000CBE90122CBF82C70EFF3108172B6DBF8BC
:10A10000300008B1CBF8302081F3108850B9B8F195
:10A11000000F7FF40CAF3CE0A36F0133A3674FF057
:10A120000008CAE7C36905930023C361DBF82C105C
:10A130000163DBF824201092DBF82820119215919E
:10A14000426A496A14948A420E9312900CD9D4F848
:10A15000A02212B10EA8904704E0626D0132626540
:10A16000FFF74EFE0598D1E7626901326261A2698C
:10A17000416A143A0A44A261026BD26BEAE7DBF847
:10A1800014B054F822108B45A6D1B8F1000F07D1B6
:10A19000C3462846FFF71AFCBBF1000F7FF4C7AE99
:10A1A000002E3FF4C4AE039B03F5CB7B0022D4F812
:10A1B000EC3604EB8B012046984700287FF4B7AEBD
:10A1C00054F82B309B69C3E9086AC3E90100C3F85E
:10A1D0002890DF62ABE6B3467BE7CB6970B50446F7
:10A1E000A3B1EFF3108672B64A69CB6991420ED1E2
:10A1F00000221A600025CD61D4F8E036013BC4F896
:10A20000E036086B0D6386F3108850B970BD18688E
:10A21000814208BF1A60D1E9052393614A695A61F6
:10A22000E8E7C669C561636D01336365FFF7E8FD63
:10A230003046EAE7F8B5D0F8DC3605460E46174654
:10A24000002B56D01C692146FFF7C7FFEFF31082A1
:10A2500072B63368E66123B3336863619B69A361B7
:10A260005C6133689C61012F2AD1E168A1421FBF64
:10A2700023690B61E168D96004BF0023C5F8DC36AF
:10A28000D5F8D8368BB9C4E90344C5F8D846D5F813
:10A2900084300133C5F88430276082F310880020B1
:10A2A000F8BDC4E905443460DDE7E3601B69236160
:10A2B000D5F8D8361B69DC60D5F8D8361C61E6E7DE
:10A2C000D5F8DC36A3420ED0D4E903130B61E16864
:10A2D000D960D5F8DC36E3601B692361DC60E36894
:10A2E0001C61C5F8DC46D5F8E0360133C5F8E03628
:10A2F000D2E71720D4E72DE9F0418268866B00236E
:10A300009A420CBF022201228263D0F8C020C361AE
:10A31000C0E90533044680F89C30C0F8CC30C366F1
:10A3200080F89E30D2B1D0F8C450C0E931334FF03C
:10A33000AA37EFF3108372B628462D6AC269076206
:10A34000B2F1DD3F28D183F31088FFF73FFBD4F84B
:10A35000C030013BC4F8C030002BEAD1D4F8EC0087
:10A36000E8B9D4F8F400E8B9D4F8FC0008B1FEF775
:10A370001DFCD4F8000108B1FEF76CFC052E04D1D9
:10A38000D4F828310BB120469847D4F8203163B176
:10A390002046BDE8F041184783F31088D7E7FEF761
:10A3A000A1FCDBE7FEF738FBDBE7BDE8F081D0F886
:10A3B000783303B11847D0F8EC300133C0F8EC30F3
:10A3C0000846FFF703BB000030B4D0F8E440013486
:10A3D000C0F8E4404C6A072C03460A4608D8D0F877
:10A3E000EC100131C0F8EC1030BC1046FFF7EEBAAB
:10A3F000EFF305850E4C24682C4305D10D4D2D68D7
:10A4000000F5CC74A5420FD0EFF3108172B6D3F8EB
:10A410007C03D061C3F87C2381F31088042130BC15
:10A4200003F51370F8F726BF30BCFFF7C0BF00BFBD
:10A430004C00002068FC002070B50446EFF3108348
:10A4400072B60025D0F87C13C0F87C5383F31088D3
:10A4500001B970BDCE69CD612046FFF7A8FF314636
:10A46000F6E730B4436A8B420CD9591A4162D0E9FD
:10A470000242151B8D4203462144406804DA891AC2
:10A480000028F4D130BC70470022D9605A600028FF
:10A49000F8D04FF0AA33036230BCFFF797BA000040
:10A4A0002DE9F843C668054606F59E770C46384602
:10A4B0004FF0FF31F9F772F8EB6C0BB96B6D2BB104
:10A4C0003846F9F715F92220BDE8F883B4BB04F04B
:10A4D000EBF9C0F30D0909F540494C464FF0FF3147
:10A4E0003846F9F75BF804EB142303F01F03E2335B
:10A4F00056F8233033B11A4691688C4214D0D26C8E
:10A500009342F9D14FF000083846F9F7F1F8B8F165
:10A51000000F13D00134B4F5803F08D1B9F5404F96
:10A5200007D04FF44044D9E74FF00108ECE7A145CC
:10A53000D4D13846F9F7DCF84520C5E704EB1423FD
:10A5400003F01F0306EB8302AC60D2F888130B46BE
:10A55000002936D09868A04205D0DB6C9942F9D129
:10A560009968A1422DD1EFF3108172B6254A146883
:10A57000254AC4E91A25C5E914341A6E002A3CD0CC
:10A580002267526F62671A6E526F14671A6E5467B1
:10A590005A6E01325A661D4A0C2323630123A363BA
:10A5A0001368013313604FF0FF33E36481F31088C5
:10A5B0003846F9F79DF82046F8F78AFAD4F884006F
:10A5C00082E7EFF3108172B693B1D2F88833EB646F
:10A5D0001B6D2B65D2F888331B6DDD64D2F8883390
:10A5E0001D6581F310883846F9F782F800206BE783
:10A5F000C5E91355C2F88853F3E71C66C4E91C4447
:10A60000C6E700BF68FC0020D98A00085C1700205C
:10A610002DE9F0410446214D884617460021782255
:10A620001E460AF0F6FF00228023C4E91322C4E983
:10A630001822C4E90F26C4E91122E560C4F8048099
:10A64000E2626763236384F83820626522674FF013
:10A65000FF3105F59E70F8F7A1FFEFF3108172B698
:10A660000F4B2360D5F808349BB1DA6EDC66946634
:10A67000E266D5F80834A366D5F80C340133C5F882
:10A680000C3481F310880748F9F732F80020BDE850
:10A69000F081C5F808442346E466ECE704F10020A5
:10A6A0002050445540F2002070B5C56804464FF074
:10A6B000FF3105F59E70F8F771FFE36C2BB105F5DE
:10A6C0009E70F9F715F8422070BDEFF3108072B656
:10A6D000A16E2360A14202D1C5F8083407E0E26E02
:10A6E000CA66A36E9366D5F80824A242F4D0D5F8C2
:10A6F0000C34013BC5F80C3480F3108805F59E70CE
:10A70000F8F7F6FFF8F718FC0020DDE72DE9F3472E
:10A710000023DFF86C91DFF86CA1DFF86C810B602F
:10A7200004460E461746EFF3108372B6E26C2AB960
:10A7300083F31088242002B0BDE8F087626C02B376
:10A740003260D269626402B9A264E26B013AE263E8
:10A7500083F31088306894F83820856890F82C309E
:10A7600012B9A98800293CD1062B00F085803268F7
:10A77000536A083B53623268936808339360002041
:10A78000D9E74FB3D9F80050C5E91AA4EE67A26D16
:10A79000F2B12A67526F6A67A26D526F1567A26D98
:10A7A0005567E26D0132E2650C222A630122AA6339
:10A7B000D8F80020EF640132C8F8002083F3108835
:10A7C0002846F8F785F9D5F884000028C2D0B2E70A
:10A7D000A565C5E91C55E4E783F3108801203760BF
:10A7E000A9E7042B49D1426B02F10C03103229680E
:10A7F00009BA2960696809BA69600092426A112140
:10A80000FEF7BAFE2B681BBA2B606B681BBA6B6035
:10A810004FF6FF739842AAD0EFF3108272B6E16848
:10A82000D1F8A4300133C1F8A430E168D1F89830F0
:10A830000133C1F89830A36AE1680133A362D1F80B
:10A840009030013BC1F89030E1683068D1F8943025
:10A85000406A08331B1AC1F89430A369013BA36115
:10A860003168E369496A08335B1AE36182F310884F
:10A870003068FFF7ABF856E700221346B7E700BF92
:10A8800068FC0020458B00085C1700202DE9F84F7C
:10A89000C668044606F59E784FF0FF314046F8F74B
:10A8A0007DFEE16C41B9606D08B1FEF715F94046D7
:10A8B000BDE8F84FF8F71CBFA76807EB172707F0AC
:10A8C0001F07EFF3108172B6E26C944222D107F1B8
:10A8D000E203002246F82320E26481F31088D4F8D2
:10A8E0003C90B9F1000F24D00023656CC4E911330A
:10A8F0002846ED69FFF76AF8E36B013BE363002B41
:10A90000F6D1EFF3108172B6256E002D33D181F3AD
:10A910001088CCE7236D1365E26CDA6406EB8703DD
:10A92000D3F88803844208BFC3F888230023E36474
:10A93000D3E7E36D002BE4D0DFF8B4A0A56DC4F835
:10A9400058904FF0260BEFF3108272B6DAF8003011
:10A95000C5F868900133CAF8003082F31088C5F852
:10A9600084B02D6F686FF8F7B5FBE36D013BE365CD
:10A97000002BE8D1C5E72B6F9D421FBF23666A6F8E
:10A980005A672B6F12BF136700232366636E013B68
:10A990006366EB6E00205865226E1A6606EB87062A
:10A9A0002066D6F88823EAB1DA64126D1A65D6F803
:10A9B0008823126DD364D6F8882313650C48036886
:10A9C00000220133AA66036081F31088C5F8842051
:10A9D0004046F8F78DFE2846F8F77CFBBDE8F84FB7
:10A9E000F8F7AABAC3E91333C6F88833E6E700BF1D
:10A9F0005C17002010B548B10024035D13B90C604A
:10AA0000184610BDA24203D00134F6E70720F8E74C
:10AA10000920F6E770B504461046F2B10023013A6A
:10AA20000A25934213D2C81803E010F8016C00F80D
:10AA300001698842F9D1B4FBF5F605FB16403030C8
:10AA4000092C087003F1010304D93446E9E7002C0E
:10AA500018BF00230022CA54184670BDF8B5054639
:10AA60004FF0FF3100F59E70F8F798FDD5F8DC4601
:10AA7000002764B1D5F8E0364BB121462846FFF7F0
:10AA8000ACFBE762D5F8DC36E4689C42F1D105F511
:10AA90009E70F8F72DFE0020F8BDEFF3108372B61C
:10AAA000D0F874214AB1D0F87821D1610022CA616E
:10AAB000C0F8781183F310887047C0E95D11CA614E
:10AAC00083F31088082100F51370F8F7D3BB2DE944
:10AAD000F0431646026901328DB002610A6BDDF85F
:10AAE000588005460C469C4652B9836B01338363FC
:10AAF0008B68143B8B604B6A14334B6220461BE11E
:10AB0000A76851692369626AA7F114001432984258
:10AB1000A060626200D2FEE7606394F82E001430F9
:10AB200084F82E0094F82D00012831D092B242EA28
:10AB30000C0242F08A4247F8142CD5F834315A1CE2
:10AB4000C5F8342157F8142C48EA034312BA1BBA4B
:10AB500047F8142C47F8103CDDE9142343EA02635C
:10AB60001BBA47F80C3C33BA47F8043C09BA002337
:10AB700047F8081C1422009304212046FEF7FCFC31
:10AB8000C04357F80C3C80B200BA034347F80C3C72
:10AB9000D5F8C83723B1A068012198470028ADD166
:10ABA000D5F8CC372BB101222146284698470028FA
:10ABB000A4D1179F97B9D5F830313BB1224617ABD6
:10ABC00042F8307F31462846FDF7DAFD236B0BB1A2
:10ABD000179F1FB9AB6B0133AB638FE7236B0A95EC
:10ABE000002208940B9304925A79002A00F0CD8039
:10ABF000701C0AD09A69D96906EA0200814211D113
:10AC0000D14326EA020291420CD1042304934FF669
:10AC1000FF714FF0FF33CDE906130B9B002B40F083
:10AC2000BE806BE75A69964225D100230B93636A75
:10AC3000D3B1D5F8387100231A4603A93846FEF778
:10AC400063FD034680B90398226B0263D4E90321B4
:10AC50000093521A3B46FFF76DF82646002800F095
:10AC6000AD800398FEF7B2FE6B6D01336B656B6CC4
:10AC700001336B64D1E706F07042B2F1604F18D136
:10AC8000002205F53371142707FB02F3C8588642EA
:10AC900000F0CE800132072AF6D10023C6F3160653
:10ACA0004FF4807246F0BC4606920796002BB4D053
:10ACB000BDE707EB172101F01F0105EB8109D9F86A
:10ACC000580606466EB9626A5B6A9A4212D9D5F88E
:10ACD000A03213B1B8F1000F0CD06B6D01336B656E
:10ACE0000CE7326A974200F0AA807669B042E9D157
:10ACF0000026E8E72EB3EFF3108272B60023E3617B
:10AD0000336BE3B9346382F310880DB0BDE8F08390
:10AD100001300B46D9690029FAD10328DC61F2D948
:10AD2000306BC3693363C1616B6C01336B646B6DF2
:10AD300001336B6582F31088FFF762F8E5E70120C5
:10AD4000E8E7D5F8EC361BB96B6C01336B64C4E7EC
:10AD500001F5CB71324605EB810128469847002862
:10AD6000F2D1D9F858369B690A22C3E90876C3E9BB
:10AD700001269E62226BDA62E6611C63D5F8F83622
:10AD8000226B394628469847BFE706F10142B2F1E7
:10AD9000807FFFF44AAF5B699E423FF446AF236B6E
:10ADA000626A5B6A9A4235D9D5F8A032002B94D0FA
:10ADB000B8F5804F91D004A89847A6E7766846B1C9
:10ADC000D6E902123B460090521A0398FEF7B2FFF2
:10ADD00044E703992369A0680A69C01A13188B60B5
:10ADE0004B6A1B1A4B62606B2669801B02444A63E4
:10ADF000626A93420CD16B6901336B61636AA3F1A0
:10AE00001402AB691344AB612846FFF746FE04E722
:10AE1000084627E76B6901336B61636AA3F114028B
:10AE2000AB691344AB61236BDB6B002BC3D1FEE733
:10AE30002B44D3F8DC32003B18BF01232EE7D6E9C0
:10AE4000090202433FF43FAFEFF3108372B6726A18
:10AE50000692B26A0792C9F8586683F31088DCE656
:10AE6000F0B587B000268F6800960D464A6A3346D3
:10AE700004464FF480312846FEF77EFB4FF6FF7301
:10AE800098420FD0D4F8EC300133C4F8EC30D4F849
:10AE9000E8300133C4F8E830284607B0BDE8F04098
:10AEA000FEF794BD3B78002B5ED1D4F80031AA6840
:10AEB0000133C4F80031D3885BBA9BB2EFF310873B
:10AEC00072B6494E31680131D4E9E002316087F34E
:10AED000108842B9D4F8EC300133C4F8EC3028467D
:10AEE000FEF774FD24E0B0F878108B4239D1EFF30F
:10AEF000108172B6036F984227D10023C4F88033C3
:10AF0000D4F88433013BC4F884333368002201331E
:10AF10008266336081F310886B6A083B6B62AB68B2
:10AF20000833AB60C36F1D60C0F88420F8F7D2F817
:10AF3000EFF3108272B63368013B336082F31088FE
:10AF400007B0BDE8F040F7F7F7BFD4F88023904290
:10AF500008BFC4F88033D0E91C235367026F1A6717
:10AF6000CEE7006F013AB4E7082B37D1D4F80431AB
:10AF7000AA686F6B05960133C4F8043153881670C4
:10AF80005BBA9BB283F47F4383F0FF0303F57743FF
:10AF9000FF3399B201EB13418BB203EB1143DB4357
:10AFA0005BBA5380F96805AB05F130022046FDF726
:10AFB000E7FBD4F808310133C4F80831059B4FF49E
:10AFC0008032CDE902638023CDE900322946FA6858
:10AFD00033462046FFF77BFD07B0F0BDD4F8F030D4
:10AFE0000133C4F8F03057E75C1700202DE9F04F2B
:10AFF00089B0D0F8A070D0F874A0059211F4003B8D
:10B0000004460E469846D7F838014FF000034FF03B
:10B01000400207A914BF4FF0E0494FF0A049FEF7E6
:10B0200073FB38B90798856843695B1B1C2B04D8F0
:10B03000FEF7CCFC09B0BDE8F08F636980F82C30D6
:10B040006369042B04BFA36A036305F11403C3609F
:10B0500014234362E268E36943EA02432B60059BE1
:10B0600046EA0A06C5E9013846EA09060023EE6009
:10B070002B61636FC4F84480A3672B681BBA2B60F5
:10B080006B681BBA6B60AB681BBAAB60EB681BBA32
:10B09000EB602B691BBA2B61149B53B1079AD368E1
:10B0A000591CD160149A12781A70079A536A0133A6
:10B0B0005362BBF1000F0FD0129B19BA139B1ABA3F
:10B0C000079BDB681960079BD9684A60DA68083219
:10B0D000DA605A6A08325A6263690798042B0ABF19
:10B0E000A36A002204F11802009214BF134614331D
:10B0F000426A0621FEF740FAC043000400BA286104
:10B100006369042B96D1E36A0393D4F8AC300293BD
:10B110004FF4C0230193D4F8A8300093D4F8A4309E
:10B12000A26907993846FFF7D2FC83E71FB50023D1
:10B13000CDE901330A4600934FF48011036C0446B5
:10B14000FFF754FF024B1B68A36404B010BD00BF9F
:10B15000C41700202DE9F04FD1F808A04A6ADAF8A8
:10B160000C60DAF80470036CD0F8A09085B0360F4C
:10B17000A2EB860604460D46009307EB0608002E58
:10B1800038D0DB1B002B26DD9A421BD900993A44AC
:10B19000521A6A620AF11402AA609B462846D0E954
:10B1A00002C2A2EB0C0EF3450BEB0C0155D9854204
:10B1B00043D1C5F80CC0B1EB020B6868EFD1AA68A7
:10B1C000143AAA60DAF804201A44009BCAF8042052
:10B1D000FF1A3E441F46226C636F02EB030BA8EB81
:10B1E0000B01002906DD2846FFF73BF9ABEB080809
:10B1F0004644D846DAF80C30DB0306D5DAF80430DA
:10B200003344E3640123A4F85030002E35D1A36BFE
:10B21000052B0ED1D4F8B0305BB9236CDAF80420DA
:10B22000934206D0013B9A4203D0E16B2046FFF7E0
:10B230007DFF002005B0BDE8F08F019343686B608F
:10B24000002343604FF0AA330362CDE90221FEF7E9
:10B25000BDFBDDE90221019BADE785420BD1AEEBE1
:10B260000B02604601930AF0BBF9EA68019BA2EB6E
:10B270000B02EA60A3E78160A1E70023EB61D4F849
:10B28000B800236C002847D0D0F808C0416ADCF829
:10B2900004200A44DCF80C10090FA2EB8102DAF852
:10B2A0000410994240D19A423ED14FF0BB33EB613A
:10B2B000A0B30562C4F8B850D4F8B0300133C4F874
:10B2C000B0304FF0EE332B62D4F8B050C4F8408069
:10B2D000D9F8B030009A0133C9F8B030D9F8B43099
:10B2E0003344C9F8B430D4F884300133C4F884301E
:10B2F000D4F888303344C4F88830236C934206D0A5
:10B30000D31A626F1A446267A26F1A44A2674FF0A1
:10B31000AA374FF0000801E11A46C0E78F4B1B68BF
:10B32000A364C4E92D55C7E7D4F8B4A0BAF1000F5F
:10B3300010D1E16B2046FFF7F9FE0123C4F8B030CD
:10B34000864B1B68A3644FF0EE33C4E92D552B6286
:10B350005546BDE7FB1A002B03DDE16B2046FFF7E6
:10B36000E5FED4F8B4A00023BAF1000F60D0BAF122
:10B37000EE3F00F0A680DAF80820DAF82400D2F8D0
:10B3800004B0D26800EB0B0E4FEA127CCEEB8C01BE
:10B390007A1802D4DAF820203EE0BBEB08000190D6
:10B3A00046D5AEEB8C00A0EB080EA7EB0B0C5CEACD
:10B3B0000E0C7FF53AAFABEB070CBCF1000F6FDB67
:10B3C00018EB010F2BD4CDE902314FF0AA33DAF894
:10B3D0002020CAF82030D4F8B00001920138C4F817
:10B3E000B0005046FEF7F2FAD9F8B00003990138E0
:10B3F000C9F8B000D9F8B4008B445844C9F8B40077
:10B40000D4F884000138C4F88400D4F88800DDE959
:10B41000012A5844C4F8880053469246A4E7A8EB92
:10B420000B0128460293FFF71CF8019B1E44029B68
:10B43000002B49D1C4F8B450BAF1000F03D1C4F8BD
:10B44000B8504FF0EE3AC5F820A0D4F8B030D4F898
:10B45000B420206C0133C4F8B03000254FF0BB3766
:10B46000D2F808C0DCF80430C11A0029FFF630AF6A
:10B47000516A0B44DCF80C10090FA3EB8103191A75
:10B480000029C4BF2364D761126AC8BF1846B2F14D
:10B49000EE3F05F101053FF41BAF002AE0D117E7AD
:10B4A000C11B50460192FEF7DCFFD9F8B430019A77
:10B4B0001344C9F8B430D4F888301344C4F8883041
:10B4C00068E74FF0000AB3E71D62B5E7D4F8B4307F
:10B4D0001A6AC4F8B420C3E90787D4F8B020013A47
:10B4E000C4F8B0209968CA68120F01EB8201996014
:10B4F000596AA1EB82015962D4F8EC20D26F136033
:10B500005B6A626F1A44D4F8F0306267013BC4F89A
:10B51000F03004F1EC00013DFDF7E4FC1DB1D4F87E
:10B52000EC30002BD2D1D4F8B0300BB9C4E92D33B4
:10B53000D4E91D329D1A236C009A266F934204D0E1
:10B54000D4F82C310BB120469847B5EB560F03D3F6
:10B55000E16B2046FFF7EAFD01206BE6C4170020EF
:10B5600030B543690269042B05BF836A5B6A002317
:10B57000283B9BB29A4285B004460D4602D2002A6F
:10B5800018BF1346A06B1349042843F001720FD172
:10B59000606A834228BF034623625B432363002320
:10B5A000CDE901130092236C2A464FF4901109E073
:10B5B00003282362F3D10023CDE9011300924FF455
:10B5C00000312A462046FFF711FDC4E9185505B0A1
:10B5D00030BD00BF000101011FB5CA6812F480121E
:10B5E000044611D00023CDE9013300938A684FF45B
:10B5F0008021FFF7FBFCD4F8A020D2F8E030013323
:10B60000C2F8E03004B010BDCDE9012200924B68D1
:10B610004FF4A011EDE7F0B50E46D1B00746154640
:10B6200000214FF49E7201A809F0F3FF96F82C3028
:10B630002997042B0CD1726B0693336BD1680B9353
:10B6400000230C930BAA0CAB38460791FDF798F832
:10B650002B689AB20492EA681B0C0893D3020AD4AE
:10B66000716A6B680B44110FA3EB810312F4403F26
:10B6700018BF01336B608023294601A82B93FFF785
:10B68000ABFF51B0F0BD00002DE9F04F8046486D92
:10B69000D1F8C45089B00C4600284AD1002D41D0C1
:10B6A000AB68DA6811BAD960596809BA5960A968F3
:10B6B000C2F3031211F8222084F89D20012284F89D
:10B6C0009C205A68C4E925025A6812BA5A60DA689E
:10B6D00012BADA60D4F89420D4F8D4300132C4F825
:10B6E000942094F8DC200133C4F8D4305A43D4F8C1
:10B6F000D0309340C4F8CC3094F89D308DF81F3092
:10B700000DF11F0302930023CDE900334FF48011A4
:10B71000236CD4F898202046FFF768FC5B4B1B682D
:10B72000A36403E091F89C30002BD3D109B0BDE8AD
:10B73000F08F91F89C30D1F8D400012B04BF002386
:10B7400081F89C300130012AC1F8D40002D091F870
:10B750009E30A3B9236AE16D5E004908B14238BF4B
:10B760003146012A01BF9B195B18A365E36B616336
:10B7700009BF03F1FF33A36584F89E20236694F884
:10B78000DC20D4F8D030A76D42439340C4F8CC30CD
:10B79000002DCBD0EB69B3F1DD3FC7D1D5F824A0A4
:10B7A0001437BA45C2D86369AE68D5F82090042B27
:10B7B00008BF85F82C30B2680492F2680592226CBA
:10B7C00008BFA36AD6F810B012BAB260626F42F036
:10B7D000A04242F4C01212BAF2609BFA8BF23261BC
:10B7E000226C6264626FA267328A14BF002104F186
:10B7F000180112BA3261009114BF0B4614336A6A01
:10B8000006212846FDF7B8FEC343326904991B049C
:10B810001BBA1343B26833618A4208D1F2680599B2
:10B820008A4204D15B4504BF012385F82D30D8F846
:10B83000D8300133C8F8D830D4F88C300133C4F88C
:10B840008C300023EB616369042B11D1E36A03930D
:10B85000D4F8AC3002934FF4C0230193D4F8A8304D
:10B860000093D4F8A430A26929464046FFF72FF987
:10B87000B9F1EE3F3FF45AAF94F89E30012BA7EB9D
:10B880000A073FF453AF4D4682E700BFC4170020BC
:10B89000F0B5524BD0F898641D68D0F8944485B048
:10B8A00007460EB905B0F0BDA36B042B06F1FF36B9
:10B8B0000ED9D4E910239A4203D1D4E91D329A4219
:10B8C00006D2A36CAB420ED8E16B2046FFF72EFCEC
:10B8D000D4F8CC3023B1AB4208D95B1BC4F8CC30D0
:10B8E000D4F80C41DDE75B1BA364F1E7D4E9353202
:10B8F000934202D394F89C1039B1D4F894108A4240
:10B9000007D894F89C20012A03D12046FEF7F3FCC7
:10B91000E6E7A26BD11E012910D85A1C94F8DC303E
:10B92000C4F8D4205343D4F8D020E16B9A40C4F833
:10B93000CC2001392046FFF713FED1E7D4F8C4101C
:10B9400019B9616D79B9062A0DD8E36B013B2366FD
:10B95000002221463846FFF797FE002384F89E30E8
:10B96000636BA365BCE7073A042AB9D801A151F873
:10B9700022F000BF89B90008E1B8000889B90008C1
:10B98000B9B9000889B9000894F8DC200133C4F87B
:10B99000D4305A43D4F8D0309340C4F8CC3000238C
:10B9A000E26B0093CDE90133013A236C4FF4881127
:10B9B0002046FFF71BFB93E70023C4E90533E3614F
:10B9C00084F89C30C4F8CC30E36684F89E30A368D9
:10B9D00013B10123A36383E70223FBE7C817002009
:10B9E0002DE9F04F91F82C2093B00023042A04464F
:10B9F0008A460B9324D14E6B4FF406730B930B6B5B
:10BA0000039306F10C09103600964B46DAF8242011
:10BA100006215046FDF7B0FD4FF6FF73984213D054
:10BA2000D4F8B8300133C4F8B830D4F8C03001339A
:10BA3000C4F8C030504613B0BDE8F04FFDF7C6BFA4
:10BA400003931E469946DFE7DAE90283A3EB080376
:10BA5000132B05D8D4F8B8300133C4F8B830E9E76F
:10BA6000D8F80430D8F80070D8F810201BBAC8F8FD
:10BA70000430D8F808301BBAC8F80830D8F80C30B1
:10BA800093FA83FBC3F303133FBA12BA053BC8F81A
:10BA90000070C8F80CB0C8F81020DBD4DAF8080041
:10BAA000DAF80C209900121A01F11405AA42D1D338
:10BAB0006BB10BAA1430FCF731FF48B10B9B33B9C3
:10BAC0009AF82C30042B04BF4FF406730B9301201B
:10BAD000BBB204933B0C07EB172707F01F0704EBDF
:10BAE00087070593D7F81414002900F00A840D463F
:10BAF000EB68049A934240F0FF83EB69059A934206
:10BB000040F0FA839AF82C206B69934240F0F4835A
:10BB1000042B40F0F183AA69D9F800309A4240F032
:10BB2000EB83C7F81454D8F80C30D5F838C013F4A8
:10BB3000003F09D00B9A2B696A629A4235D9002BD3
:10BB400033D02B625B432B63DAF8087000233E4648
:10BB50000C930FCE0DAC0FC4FF68336823603B0F0E
:10BB60009B00BCF1030F0C461646039340F2D181B3
:10BB70006A6FDAF824300492039A296CB3EB020856
:10BB800007F480202CD1049BC3B9A14248D00028DF
:10BB900047D1BA0250D407F4B813B3F5801F4BD085
:10BBA000E96B2846FFF7C2FA12E0BCF1030F02D19D
:10BBB0002B6A9A42C6D22A621346C3E7631A002B45
:10BBC00004DB049BCB181B1B002B29DC0028E7D0CF
:10BBD000D5F8A020D2F8BC300133C2F8BC3029E738
:10BBE000049A002AF2D0A4EB010EBEF1000F06DB8E
:10BBF00001EB020EAEEB040EBEF1000F10DC04F1FF
:10BC0000FF3EC644AEEB010EBEF1000FDEDB039A31
:10BC1000C3F101031B1B1344049A0B441344D3E7E1
:10BC200050B1D5F8A020D2F8DC300133C2F8DC30B6
:10BC30002846FEF760FBFDE6BB0306D501340DA9DF
:10BC400028460E94FFF7C8FCF2E7BCF1040F00F0A1
:10BC50009984FA027FF5EEAEEB6B069395F89C3073
:10BC6000002B5FD0069B03F10109D5F8B820002A0C
:10BC70005BD092F82C30042B7FF4DCAED2F8348009
:10BC80009068D8F81830526A0344134408F114023B
:10BC90009B1AD8F82020120FA3EB82030993EB6DB7
:10BCA0000893089A069BB145A3EB020305933ED186
:10BCB000D5F8C830D5F8C0B00793BCF1060F02D94B
:10BCC0000123A5F85230BBF1000F00F0B28095F8C7
:10BCD0009E002B6E012807D1F21A002AC1BF6A6BA1
:10BCE000AA65002085F89E00C6F10202DA4244BF30
:10BCF000B31E2B660023EB66059B6B66089B9A19A7
:10BD0000069B0128A2EB0301AB6D40F02D81069844
:10BD100003449B1A2A6AAB65914240F29280134415
:10BD2000AB658EE0DDF818909FE70991B7E7D5F88D
:10BD3000C480B8F1000F64D0D8F81C30B3F1DD3FF7
:10BD40005FD1059BB34219D1EB6E0133032BEB6638
:10BD50004DD12A6E731E9B1A002B06DDD5F8A0006C
:10BD600001222946FFF790FC08E02A6AAB6D934256
:10BD700004D96B6EF31AB3EB8203EFD4059B4B45EA
:10BD800034BF002001204FF0000BCDF81CB0B8F1FB
:10BD9000000F1FD0D8F81C20D8F80830D8F824108D
:10BDA000B2F1DD3F1BBF98F82EC0D8F834209C4676
:10BDB00094440B44DCF8042012BA13449CF80C2081
:10BDC000A3EB0C031209A3EB8203E0B9B34201D841
:10BDD000B14523D2BBF1000F7FF479AFA6EB090385
:10BDE0005B452EDD49462846FFF7A0F922E6C5D976
:10BDF00095F89E30012B01BFAB6D2A6A9B18AB658D
:10BE0000BCE70020BFE7059A9A4204D9B242E1D9C3
:10BE1000B34203D9DEE7059AB242F9D9D8F8203007
:10BE2000CDF81C80B3F1EE3F0BF1010BD2D0984658
:10BE3000ADE7049B2BB9A14203D131462846FFF759
:10BE400075F9089B069A33449B1A002B04DDA6EB78
:10BE50000909B9F1000F08DD099AA21A002A04DCC9
:10BE6000099AA24203D1002B01DBBBB26B65696D5D
:10BE7000EB6D994206D8D5F89830B3429CBF0023A9
:10BE8000C5F89430BBF1000F43D0D5E93183079A50
:10BE90009A427BD0136AC5F8C430D5F8C030A3EB02
:10BEA0000B03C5F8C030D5F8D030C5F8CC3000232E
:10BEB000C5F8D4304FF0AA3940460BF1FF3BD8F813
:10BEC0002080EFF3108172B6C369C0F82090B3F1FF
:10BED000DD3F76D181F310888368416A1A7BEB6D70
:10BEE0001209A1EB820C634586BF5B1A03EB820348
:10BEF0000023EB65FDF76AFDBBF1000FDCD195F87F
:10BF00009E30012B05D1D5F8A0005A462946FFF7EF
:10BF1000BBFB039B142B6FD9DAF80800039B0CAA18
:10BF2000A3F114011430FCF7F9FC002864D1F802E5
:10BF300008D4DAF82430039A23449C1A17F4403FBB
:10BF400018BF01340DA92846CDE90E461097FFF71A
:10BF500043FB2846FEF7CFF9D5F8A020D2F8B83039
:10BF60000133C2F8B83065E56A6B9A4208D82A6B8B
:10BF70009A4234BF0122B2FBF3F21A44AA6560E789
:10BF80002A6A9142F9D21944A9655AE7A86B00229E
:10BF90000B28C5E93122C5F8C0200BD84FF428631F
:10BFA000C340DB0706D5D5F8D030C5F8CC30C5F88E
:10BFB000D4207FE700293FF47DAF0023C5F8CC30C3
:10BFC00078E7426B90F82E30D0F808C0406AD5F878
:10BFD0005CE0134460441A7BA0EB030C1209ACEB49
:10BFE000820CF4453DBF1B1A734403EB820300230C
:10BFF000EB6581F310887FE7AB6B033B082B10D810
:10C00000DFE813F00900C402A100CC00FB004501E9
:10C0100055010F00D00017F4802207F4801324D0BC
:10C020006BB90024BA0204D5D5F814310BB12846F7
:10C030009847002C3FF4FEAC13B0BDE8F08FEB6BDB
:10C04000B342EED1D5F8A020D2F8DC300133C2F8EB
:10C05000DC302846FEF74FF9AB6B052BE1D151469A
:10C060002846FFF777F80446DCE7B90350D5E96BBB
:10C0700083B38E4251D1BBB26B656B63D5F8D430BC
:10C08000EA6501342A6A2C64B3B1AA652846FFF731
:10C090004DF80523AB630023C5F8CC30D5F81C312F
:10C0A0000BB128469847D5F8FC30002BD4D005F1C9
:10C0B000FC00FCF717FFCFE7B2F5896F4FEA820368
:10C0C00001D2AB65E2E740F68E009B1A824288BF40
:10C0D0009B1AF6E72A6ABBB20134B2F5896F6B6529
:10C0E0006B632C644FEA82030BD2AB6504220023FE
:10C0F000EB65AA63C5F8CC3001392846FFF730FA62
:10C10000AAE740F68E009B1A824288BF9B1AECE792
:10C11000002B86D0EB6BB34283D00DA92846CDE926
:10C120000E461097FFF758FA96E7B2F5896F4FEA77
:10C13000820301D2AB653AE240F68E019B1A8A4235
:10C1400088BF9B1AF6E751462846FFF703F8B5F873
:10C1500050300446DBB1EA6C2B6C9A4217D1D5F80B
:10C16000A020D2F8D0300133C2F8D0300623AB6320
:10C170002B6C01332B64D5F8EC0060B9E96B2846D1
:10C18000FEF7D4FFD5F828310BB12846984728464A
:10C19000FCF7CEFE46E7FCF7A5FDECE72846FCF7EA
:10C1A000C7FE3EE7F8027FF53CAFEB6BB3427FF48E
:10C1B00038AF2B6CA3427FF434AF0023C5E90533BD
:10C1C000EB6185F89C30C5F8CC30EB6685F89E3085
:10C1D000AB68002B0CBF02230123AB63D5F8003101
:10C1E0001BB105F58070FCF77DFED5F82031002BE2
:10C1F0003FF417AF2846984713E751462846FEF705
:10C20000A9FFB5F85220B5F85030044672B323B9EF
:10C210000822AA63C5F8CC3004E72A6CEB6C934281
:10C2200027D10A22AA63994AE96B1268C5F8CC2083
:10C2300001332B642846FEF779FFD5F800311BB196
:10C2400005F58070FCF74EFED5F828310BB1284675
:10C250009847D5F824310BB128469847D5F82031B6
:10C26000002B3FF4DFAE28469847DBE6002B3FF477
:10C27000D9AE2A6CEB6C93427FF4D4AE0922013321
:10C28000E96BAA632B642846FEF750FFCAE65146C5
:10C290002846FEF75FFFB5F850300446002B3FF408
:10C2A000C1AE2A6CEB6C93427FF4BCAEB9E7F902E5
:10C2B0007FF5B7AEEB6BB3427FF4B3AE2B6CA3420A
:10C2C0007FF4AFAE0A23AB63704B1B68C5F8CC306C
:10C2D000D5F800311BB105F58070FCF703FED5F8E9
:10C2E00028310BB128469847D5F82431002B3FF46C
:10C2F0007CAF2846984778E7D5F8E050A9427FF40C
:10C30000F7AB30B9424651462046FFF784F9FFF7B4
:10C31000A1BB1BF4801F40F01C81D4F82416002917
:10C3200000F017819AF82C30042B23D1D9F8003073
:10C330003268934204D1DDE9042082423FF48AABA3
:10C3400003F07042B2F1604F3FF484AB039A03985C
:10C350009269C06903EA0205854205D1D54323EA03
:10C36000020295423FF476AB83423FF473AB013354
:10C370003FF470AB0E463368049A934240F0E58078
:10C380001BF4003F09D11BF4802F10D1D4F8BC302E
:10C390000133C4F8BC30FFF74DBBD4F8C8300133CB
:10C3A000C4F8C830D4F8C4300133C4F8C430D8F865
:10C3B0000C30B56803F48023002D69D0002B67D1C1
:10C3C000D5F818312BB151462846984701287FF4FB
:10C3D00031AB0022B2609AF82CB0BBF1040F10D13F
:10C3E000039BAB622B46204643F82C2F05F1280215
:10C3F000D9F80010FCF7C4F9C5F814B0D9F800302A
:10C40000AB61059BEB61D8F804302B640B9B6B622E
:10C41000AB656A6D6A630023EB65D7F8143483B3A8
:10C42000C5F8E030D3F8E430C5F8E430D7F8143478
:10C43000D3F8E430C3F8E050D7F81434C3F8E4502C
:10C4400050467468FDF7C2FAAB6B042B0FD12B6C0E
:10C45000E96B01332B644B1CEB63D5F8D030C5F886
:10C46000CC300023C5F8D4302846FFF779F8002CEB
:10C470003FF4E2AD04992846234613B0BDE8F04FDF
:10C480001847C5E93855C7F81454D9E7C017002034
:10C49000D6E904E10F460846BEF1000F2AD1002B71
:10C4A0007FF474AFCAF81C307369002B4AD0B369AB
:10C4B000C3F81CA03369F268C6F818A00133934290
:10C4C00033617FF6B9ADD4F8D4300133C4F8D43039
:10C4D000D4F8C430013BC4F8C430D4F8BC300133C4
:10C4E000C4F8BC307069C36973613369013B33615F
:10C4F000FFF7A1BA90F82C20042A1ED1D0F808C06A
:10C50000D9F800205CF8085C954216D1BCF80220EE
:10C51000059D954211D1002B3FF438AFC369884285
:10C5200014BFFB617361B369834208BFB761FDF754
:10C530004DFA3369013B336128E707460EF1FF3EB0
:10C54000C069A9E7C6F814A0B4E7F669B1427FF460
:10C5500012AF1BF4003F1EBFD4F8D4300133C4F82F
:10C56000D430D4F8BC300133C4F8BC30D8F80C3027
:10C570005B033FF55FAA424651462046FFF74BF862
:10C58000FFF758BA039B142B3FF6C6ACFB027FF5AE
:10C5900048ADEB6BB3427FF4C0ADBBB26B656B6370
:10C5A000D5F8D4302A6A002B3FF4BFADAA65052325
:10C5B000AB63D5F81C310BB1284698472B6C6B64E4
:10C5C00071E500BF30B44C6A132C03460A4608D804
:10C5D000D0F8B8100131C0F8B81030BC1046FDF7E3
:10C5E000F5B9EFF30585174C24682C4305D1164D9A
:10C5F0002D6800F5CC74A54220D0EFF3108072B600
:10C60000D3F8AC1499B1D3F8B014CA610021C3F8BF
:10C61000B024D161D3F8B4240132C3F8B42480F338
:10C620001088802130BC03F51370F6F723BEC3F8E1
:10C63000AC24C3F8B024D1610122EEE730BCFFF78F
:10C64000CFB900BF4C00002068FC002070B5044644
:10C65000EFF3108372B60025D0F8AC14C0F8B054D4
:10C66000C0F8AC54C0F8B45483F3108801B970BD5D
:10C67000CE69CD612046FFF7B3F93146F6E72DE9E3
:10C68000F04387B01746002205460C4699460592AE
:10C69000EFF3108372B6C16C29B983F3108824209C
:10C6A00007B0BDE8F083C66883F310883B68042BAD
:10C6B0006CD105AB796804F130023046FCF760F8C4
:10C6C000236B002B64D03A1D1433A1680839A16094
:10C6D000396884F82C10D6F888100131C6F8881013
:10C6E000606AD6F88C100144C6F88C1029690131B3
:10C6F0002961606A696901446961616AD4F80880E6
:10C7000008316162A96849EA0141C8F80010606A0D
:10C71000000409BA00BAC8F80010C8F8040095F877
:10C72000381011B13968062912D10092626A1121BC
:10C730002046FCF721FFC0434FF6FF7380B200286C
:10C7400008BF1846D8F8043000BA0343C8F80430CC
:10C750004FF0FF3106F59E70F6F720FF3B68042B83
:10C760000ED1059B03936B6B02934FF488130193D7
:10C770002B6B0093EB6A7A6821463046FEF7A7F9E7
:10C7800006F59E70F6F7B4FF002089E713469CE794
:10C79000212085E72DE9F0471F46D0F8783386B091
:10C7A00080460E469246002B00F09480D1F83490DB
:10C7B000D9F81010481C00F08D8001F07043B3F1DF
:10C7C000604F00F08780326B9369D26901EA030001
:10C7D000904204D1DA4321EA03018A427AD0D9F89F
:10C7E0000430C3F30C03002B74D1D9F80C40002C97
:10C7F00070D004F10142B2F1807F6BD3611C69D02B
:10C8000004F07042B2F1604F64D0D8F83801402291
:10C8100005A9FCF779FF00285CD1059B04229D68DF
:10C8200083F82C203F064FEA1A633FBA4FEA1A4AB0
:10C8300068802B7085F801A06F6099F80330059A25
:10C8400003F00F0391689B0003F110000144506254
:10C85000D160726B02F11400116809BA42F8041B2E
:10C860008242F9D1726B291D134452F8040B41F82E
:10C87000040FC2F10800D842F7D1736B03F1140121
:10C880001A6812BA43F8042B9942F9D1059F336B09
:10C890003A46002642F8303F214604AB4046FBF7BB
:10C8A0006FFF00967A6A33464FF480313846FCF7C2
:10C8B00063FE049BC04340BA68804FF48032CDE9E8
:10C8C0000263FF23CDE900320599334622464046F4
:10C8D000FEF7FDF806B0BDE8F08700002DE9F3474C
:10C8E0008E684F6AD6F8009099FA89F81FFA88F88E
:10C8F000474504460D4617D00BD2636B0133636383
:10C90000E36C0133E364284602B0BDE8F047FDF76D
:10C910005DB8A7EB0807C1F824804FF0000AA869AA
:10C9200010BBEB68DB1BEB606B6A09F00F07B3EB26
:10C93000870F4FEA8702E0D9042FDED94FF0000AB3
:10C94000D5F83090CDF800A0534604212846FCF7D6
:10C9500013FE4FF6FF7398421FD0636B013363637E
:10C96000236D01332365CBE7D0E90232D31ABB42F2
:10C9700002D9D21BC260D7E7FF1A2A461346526873
:10C980009042FBD1C3F804A0AB4208BF0023AB61C7
:10C99000FDF71CF8002FC2D1C6E7336830691BBA17
:10C9A000336073681BBA7360B3681BBAB360F36813
:10C9B00000BA1BBA052FF36030612BD0AA6852F879
:10C9C000141BC1F303610539C9B28900534699426A
:10C9D0005FD807F18042013A06EB820346F8220055
:10C9E000F26843F8042CB26843F8082C726843F8E4
:10C9F0000C2C326822F09E4242F08A4243F8102CFE
:10CA0000A3F110016B6AA960053FA3EB870369637B
:10CA10006B620E463369D9F814108B4200F08680A1
:10CA2000002B00F08380D9F81820D9F81C0003EA05
:10CA30000207874204D1D04323EA0202904275D014
:10CA40005A1C73D003F10142B2F1807F6ED38C4A3D
:10CA500093426BD0224604F18C07D2F8CC02834279
:10CA600003D1D2F8D002814560D014329742F4D17C
:10CA7000002900F0DD80D4F83021002A00F0FC808D
:10CA8000A36A294601332046A36202B0BDE8F047FD
:10CA9000104792F800C0BCF1010F11D0BCF1440F57
:10CAA00011D0BCF1000F94D092F801C0BCF1010F7D
:10CAB0007FF626AF63449942FFF422AF624486E7D3
:10CAC0000132013383E70AF1010ABAF1010F07D9F4
:10CAD00016334FF0406229462046FFF75BFE0FE712
:10CAE00092F801C0ACF1080EBEF1200FF0D81CF096
:10CAF000030FEDD192F802C0BCF1040F02D91CF073
:10CB0000010F01D11733E4E792F803C04FEA1C1E6E
:10CB1000BEF10F0F01D11833DBE71CF00E0FC3D0AD
:10CB20000CF00F0CBCF1030FBED0F4E77368C3F335
:10CB30000D035BB3A36E0133A366D4F8A432002BBC
:10CB40003FF4DEAE73689B0405D5A8F1140818F015
:10CB5000070F7FF4D5AEEFF3108272B6D4F8B0327F
:10CB600083B1D4F8B432DD610023EB61C4F8B45270
:10CB700082F31088022104F5137002B0BDE8F0477B
:10CB8000F6F778BBC4E9AC55EB61F1E7AB68B17A75
:10CB90001433AB606B6A143B6B62236A013323620C
:10CBA0006A6A636A3229134463623FF4ACAE332984
:10CBB0002DD0062908D1D4F89C3443B32946204609
:10CBC00002B0BDE8F047184795F82C30042B09D186
:10CBD000012902D1D4F87033EFE7022902D1D4F849
:10CBE0005C33EAE7112902D1D4F81034E5E7D4F830
:10CBF0007C31A3B995F82C30042B05D1214A0023B0
:10CC000029462046FFF7C6FD236C01332364236ABF
:10CC1000013B23626A6A636A9B1A636270E62A4672
:10CC20000904204698470028E4D102B0BDE8F08707
:10CC3000B36803F47F03B3F5881F16D1AB681433D0
:10CC4000AB606B6A143B6B62236A013323626A6ACE
:10CC5000636A13446362AB681B681BBA9BB2442BC4
:10CC600003D1D4F81034002BA8D1236A013B2362EE
:10CC70006A6A636A9B1A6362E36B0133E3633FE6AC
:10CC8000010000E0000002032DE9F047D0F89030E9
:10CC90000133C0F890304B6A072B05460E4609D881
:10CCA000D5F898300133C5F898303046BDE8F047E4
:10CCB000FCF78CBED1F80890D9F80030D9F80420E0
:10CCC0001BBA12BAC9F80030C9F80420496AB1EB9E
:10CCD000124FE5D3DFF820A21FFA83F803EB1323EA
:10CCE00003F01F07DAF800305BB1EFF305827E4BEB
:10CCF0001B68134305D14FF0FF3100F59E70F6F726
:10CD00004DFC05EB8707D7F8883373BB96F82C20CA
:10CD1000042A11D1D5F8782372B1D9F8002012BABB
:10CD2000C9F80020D9F8042012BAC9F80420314605
:10CD30006E4A2846FFF72EFDD5F89C300133C5F822
:10CD40009C30D5F8A0300133C5F8A030DAF80030B7
:10CD5000002BAAD0EFF30582634B1B681343A4D1C9
:10CD600005F59E70F6F7C4FC9FE71C46A268424595
:10CD700045D1A3690133A361736AA3F10802D5F811
:10CD800094301344C5F89430736AA3F10802E36940
:10CD90001344E361DAF800304BB1EFF30582524BF4
:10CDA0001B68134303D105F59E70F6F7A1FCA36839
:10CDB000434528D0D5F89C300133C5F89C30D5F8D0
:10CDC000A0300133C5F8A03096F82C30042B7FF446
:10CDD0006CAFD5F87833002B3FF467AFD9F800304B
:10CDE000424A1BBAC9F80030D9F804301BBAC9F856
:10CDF0000430314600232846FFF7CCFC55E7E46CAD
:10CE0000A342B3D1C6E7EFF3108372B6384A216864
:10CE100091420FD0D5F89C200132C5F89C20D5F85E
:10CE2000A0200132C5F8A020626A0132626283F359
:10CE300010883AE7D7F88823D4F87080A24204D04B
:10CE4000D5F844210AB9C7F88843A06D18B3026F1A
:10CE5000284D82421FBFA265416F5167026F12BF0A
:10CE60000A670022A265E26D013AE2652A68013292
:10CE70002A60C26F00218166166083F31088C0F8B3
:10CE80008410F6F727F9B8F1000F2AD02046434660
:10CE9000BDE8F0471847626CD2B1A26CD661A664B7
:10CEA000F061E26B206C511C8142E16316D9606C29
:10CEB000C1696164E263D5F8A0200132C5F8A02001
:10CEC000626A0132626283F31088FCF77FFDDAE761
:10CED000C4E91166F261E26B0132E26383F3108808
:10CEE000D1E7BDE8F08700BF4C000020000003033D
:10CEF000205044555C17002068FC0020EFF310839D
:10CF000072B6D0F8F4264AB9D0F880200132C0F8C1
:10CF1000802083F310880846FCF758BDD0F8E4263B
:10CF20004AB1D0F8E826D1610022CA61C0F8E816FB
:10CF300083F310887047C0F8E416C0F8E816CA6199
:10CF400083F31088102100F51370F6F793B9EFF30F
:10CF5000108372B6D0F80C274AB9D0F82C210132D0
:10CF6000C0F82C2183F310880846FCF72FBDD0F8B9
:10CF700010274AB1D0F81427D1610022CA61C0F845
:10CF8000141783F310887047C0F81017C0F81417EF
:10CF9000CA6183F31088202100F51370F6F76AB98F
:10CFA00010B50446006808B9072010BD0368002BBF
:10CFB000FAD01A680A4B9A42F6D1826803699A42FB
:10CFC00009D3C26843699A4207D8FCF719FF0028C1
:10CFD000EAD12060E9E70220E7E70320E5E700BFA8
:10CFE0004B43415010B5EFF3108172B6036B013B18
:10CFF000012B03D981F31088112010BD0B4A0023A7
:10D0000003601368013B1360094A0BB9136008E021
:10D01000D0E92234C3F88C40C4F8883014688442C4
:10D02000F4D081F310880020E7E700BF380100202A
:10D030003C0100202DE9F0410346EFF3108772B662
:10D040001D49002202600A68013A0A601B490AB9B8
:10D050000A6006E0D0E90620D06182610868834258
:10D06000F6D0174C186922685D69002601322260EB
:10D070001E615E6187F3108801275DB9EFF31082AE
:10D0800072B62368013B236082F31088BDE8F0414B
:10D09000F5F752BF013DEFF3108272B62368D0F866
:10D0A000708086660133C0F88470236082F3108834
:10D0B000F6F710F84046E0E78C06002090060020C6
:10D0C0005C17002070B504460E4615460021342238
:10D0D00008F09FFA66602561EFF3108572B60C4B7D
:10D0E00023600C490C4B0D4A1A600B680C4A43B97B
:10D0F000C4E90844146001330B6085F310880020F4
:10D1000070BD1268506A54620462C4E90820F2E7F4
:10D110004554554D8406002034010020913D0008FF
:10D12000880600202DE9F843EFF3108272B62549F6
:10D13000002303600B68013B0B6023490BB90B60B4
:10D1400006E0D0E908345C6223620C688442F6D0C1
:10D150001E4C85692368C6690133236000238361FF
:10D16000C361C36843B10123836082F31088F6F77B
:10D17000BFFAEFF3108272B682F3108800274FF0E7
:10D18000010866B9EFF3108272B62368013B236091
:10D1900082F31088F5F7D0FE3046BDE8F883013EF3
:10D1A000EFF3108272B62368D5F87090AF66013342
:10D1B000C5F88480236082F310882846F5F78AFF3B
:10D1C0004D46DEE784060020880600205C1700201C
:10D1D000EFF3108372B6024A106883F31088704729
:10D1E00068FC002070B5EFF3108472B6D0F894306C
:10D1F0008B4236D30CD1C36A1B4D55F82350A8423D
:10D2000006D11A4E01259D40336823EA0503336099
:10D21000D0F898301360164AD0F89C30C56A12686E
:10D22000C0F898108B4228BF0B469542C36318D9AB
:10D23000914216D90F490E68B04212D19D4205D0D5
:10D240000A480123AB4005682B430360064B53F8A3
:10D2500022300B6084F31088F5F76EFEEFF3108434
:10D2600072B684F3108870BD40010020C401002014
:10D27000C0010020CC0100202DE9F0410446EFF36D
:10D28000108672B64C30F5F70FFF236B022B02D1DC
:10D2900086F310884BE0012BFAD0404DD4F8AC70E7
:10D2A0002A68DFF8048101322A6002210122216309
:10D2B000A263002B40D1E3642B6813442B6086F3F8
:10D2C0001088EFF30582D8F8003013430AD1344BAD
:10D2D0001B68A34206D1EFF3148323F0040383F306
:10D2E00014880BE04FF0E023D3F8343FD80705D57E
:10D2F000EFF31483B0EE400A5907ECD517B10121C2
:10D300002046B8472046F5F7E3FBEFF3108372B6EB
:10D3100083F31088234B1B680BB120469847EFF32B
:10D32000108272B62B68013B2B6082F31088F5F7F0
:10D3300003FE0020BDE8F081A36ED4F8B01086F3A0
:10D3400010880BB120469847EFF3108372B6002285
:10D35000A26383F31088EFF30582D8F800301343FB
:10D360000AD10F4B1B68A34206D1EFF3148323F0BD
:10D37000040383F314880BE04FF0E023D3F8343F29
:10D38000DA0705D5EFF31483B0EE400A5B07ECD55E
:10D39000002FBAD001212046B847B6E75C1700201D
:10D3A00068FC0020340100204C000020F8B5044641
:10D3B0000F46164600212C221D4608F02AF9069B2E
:10D3C000A360079B6760C4E903366561EFF31085CE
:10D3D00072B60E4B0E4923600B680E4A7BB9C4E946
:10D3E0000944146001330B60089B012B03D104F145
:10D3F0000800F5F743FB85F310880020F8BD12689C
:10D40000906A94624462C4E90920EBE74D495441B3
:10D41000D0010020D401002070B5EFF3108572B662
:10D42000026A002A2AD0204B1E68B24200F108048A
:10D4300027D31E4B1B689A4223D21D4909688A4292
:10D440003FBF5B1A9B10961B01332CBF511A03EB95
:10D45000A603866824BF89104B1CA6F1200119443D
:10D46000202E88BF0B46836083699C4214D11368C9
:10D470009C4201D1002313600023036285F31088CE
:10D4800070BD0C4B1B689C4204D08368202B01D9D3
:10D49000203BE8E7C368E6E7C16959610B611168A1
:10D4A0008C42E9D19A61E6E7EC050020E405002012
:10D4B000E80500207006002038B50446EFF310851B
:10D4C00072B6036A13B10830F5F7EEFD094A00237E
:10D4D00023601368013B1360074A0BB9136006E031
:10D4E000D4E9093199624B6211688C42F6D085F318
:10D4F000108838BDD0010020D40100200268084BFC
:10D500009A420CD1EFF30583064A1268134306D101
:10D51000054B1A68054B9A4201D0FFF78BBD704747
:10D520004E4456444C00002068FC0020B4FB002010
:10D53000F8B504460E46174610B91C231846F8BD28
:10D54000342BFAD1EFF3108172B6204B1A680132F6
:10D550001A6081F310881E4A15681E4A126800205E
:10D56000824201D0A54229D1EFF3108272B6196828
:10D570000139196082F31088F5F7DEFCA542DCD092
:10D58000012F1ED8144B154A1B6893420CBF13235E
:10D590000023EFF30580124A1168014306D0EFF330
:10D5A000058110680843B0F1F03F0CD35BB93A46EF
:10D5B00031462046BDE8F840FFF784BD2D6A0130B2
:10D5C000CEE71F23BAE71323B8E700BF5C1700209C
:10D5D000880600208406002068FC0020B4FB0020A0
:10D5E0004C00002080B10268094B9A420CD1EFF345
:10D5F0000582084B1B68134308D1074B1A68074B79
:10D600009A4203D0FFF78EBD1C207047132070474D
:10D610004554554D4C00002068FC0020B4FB002010
:10D620002DE9F84304468946904610B90C20BDE820
:10D63000F883202BFAD1EFF3108172B6274B1A68CA
:10D6400001321A6081F31088254F264E3D683168FB
:10D650000022914201D0A54234D1EFF3108172B67D
:10D660001A68013A1A6081F31088F5F765FCA54243
:10D67000DCD01D4B1A681D4B9A422DD0EFF305816B
:10D680001B4B1A680A4306D0EFF305821B6813434D
:10D69000B3F1F03F20D320220021204607F0B9FF4C
:10D6A000C4E90198EFF3108072B6124B236033681F
:10D6B0005BB9C4E905443C600133336080F31088F2
:10D6C0000020B4E76D690132C3E73A68916994615B
:10D6D0004C61C4E90521EFE71320A8E75C1700209F
:10D6E000A00600209C06002068FC0020B4FB00205F
:10D6F0004C000020414D45532DE9F04103460028E0
:10D700004DD00168284A914249D1EFF30581274A5B
:10D7100012680A4345D1264908682649884240D004
:10D72000EFF3108772B624491A600A68013A0A605A
:10D7300022490AB90A6006E0D3E9052090614261F6
:10D7400008688342F6D01E4DD8682A681C690026F6
:10D7500001322A60DE601E6187F31088012764B9F8
:10D76000EFF3108272B62B68013B2B6082F31088B6
:10D77000F5F7E2FB2046BDE8F081013CEFF31082B3
:10D7800072B62B68D0F8708086660133C0F884705A
:10D790002B6082F31088F5F79DFC4046DFE70C24F0
:10D7A000E8E71324E6E700BF414D45534C00002055
:10D7B00068FC0020B4FB00209C060020A00600208E
:10D7C0005C17002070B500284BD00268274B9A42A6
:10D7D00047D151B1EFF30583254A1268134342D173
:10D7E000244B1A68244B9A423DD0EFF3108372B653
:10D7F00082682AB1013A826083F31088002070BDEC
:10D8000011B11E4A14681CB183F310880D20F6E78D
:10D81000184C1B4D2468C4E91A50D4F8B050013597
:10D82000C4F8B0500569ADB9C460C4E91C440569C9
:10D83000013505610620E16411682063012001447F
:10D84000A063116083F310882046F5F741F9D4F8FE
:10D850008400D4E7C56825676E6F666734676C67B8
:10D86000E5E70C20CBE70420C9E700BF414D455355
:10D870004C00002068FC0020B4FB00205C17002056
:10D88000898F000838B5044600282FD00268184B4D
:10D890009A422BD1EFF3108172B603694BB98368BA
:10D8A00001338360C36981F3108803B19847002076
:10D8B00038BDC068013B1FBF026FE260456F55670E
:10D8C0000CBFE3602A6723610A4A00238366E56987
:10D8D000C0F8843013680133136081F31088F5F7C2
:10D8E000F9FB002DE3D02046A847E0E70C20DFE756
:10D8F000414D45535C170020EFF30581074A12683C
:10D900000A4306D138B10268054B9A4203D1FFF7AA
:10D9100069BB132070470E20704700BF4C000020E9
:10D920004452485470B480B10668094CA6420CD1E8
:10D93000EFF30584074E3668344306D1D0F89430AF
:10D94000994202D870BCFFF74DBC70BC704700BF55
:10D95000445248544C0000200268154B9A420BD1A7
:10D96000EFF3108172B6036B3BB1013B022B01D97F
:10D970000123436381F310887047EFF305830D4A59
:10D98000126813430C4B06D10C4A1268904202D124
:10D990001A68002AEED10322026301228263002268
:10D9A000C2641A6801321A6081F31088F5F790B8E2
:10D9B000445248544C0000205C17002068FC0020B2
:10D9C00058B10268074B9A4207D1EFF30583064A24
:10D9D0001268134303D1FFF74FBC0E20704713208A
:10D9E000704700BF445248544C0000202DE9F043DA
:10D9F000064685B00F4690469946EFF3108272B600
:10DA0000224D2B6801332B6082F31088204B1C6859
:10DA1000204B1A680023934201D0A6420DD1EFF3A8
:10DA2000108272B62B68013B2B6082F31088F5F7E9
:10DA300083FAA64204D1152421E0646A0133EAE79F
:10DA4000154B1C68154B9C420CBF13240024EFF3AC
:10DA50000582134B19680A4306D0EFF305801B6853
:10DA60001843B0F1F03F0ED36CB96423CDE9003315
:10DA700002944B46424639463046FFF797FC204613
:10DA800005B0BDE8F0831324F9E700BF5C17002060
:10DA9000D4010020D001002068FC0020B4FB00204D
:10DAA0004C0000200268034B9A4201D1FFF7B4BC3E
:10DAB000704700BF4D4954410268084B9A420CD14F
:10DAC000EFF30583064A1268134306D1054B1A6823
:10DAD000054B9A4201D0FFF7EFBC70474D495441C6
:10DAE0004C00002068FC0020B4FB002038B5EFF3A8
:10DAF000108272B6036B032B1ED1EFF30581134B1B
:10DB00001B680B43B3F1F03F11D3114B1C688CB170
:10DB1000E36AE56BE3630F490B6801330B6082F343
:10DB20001088F5F7D7FA04B1E563002038BD002569
:10DB30002C46F0E72546EEE7436B012B05BF00239B
:10DB400043631220192082F31088EFE74C00002075
:10DB5000CC0100205C1700202DE9F341044601258B
:10DB60004FF000082561002201A904F60810FCF717
:10DB7000CDFDC4F810800646002840F0B080019822
:10DB8000836833F8062C7B2A03D190F82C20062AD0
:10DB900002D1FBF71BFFE5E7042AFAD1D4F80029EC
:10DBA000042AF6D1D4F8941953F8107CD4F8042937
:10DBB000022940F098809742EBD1436A303B142B06
:10DBC000E7D84768002FE4D17022394604F6F810F0
:10DBD00007F01FFDDDF80480F4F746FF4A4B702282
:10DBE0001860394604F6F81007F013FDD8F808500D
:10DBF0002B681ABADBB22A60C4F8F839AB78C4F8DB
:10DC0000FC396B78C4F8003A2B78C4F8043A6B6896
:10DC10001BBA6B60C4F8083AAB681BBAAB6005F17D
:10DC20000C01C4F80C3A042204F5216007F077FDDA
:10DC30002B691BBA2B61C4F8143A696909BA696186
:10DC400004F61420C4F8181AFAF78EFD28B9D4F88F
:10DC5000143AC4F8483AC4F84C1AAB691BBAAB6121
:10DC6000C4F81C3AE96909BAE96104F61C20C4F851
:10DC7000201AFAF779FD28B9D4F81C3AC4F8503ABA
:10DC8000C4F8541A2B6A1BBA2B62C4F8243A696A86
:10DC900009BA696204F62420C4F8281AFAF764FD68
:10DCA00028B9D4F8243AC4F8583AC4F85C1AAB6AD4
:10DCB0001BBAAB62C4F82C3AE96A09BAE96204F605
:10DCC0002C20C4F8301AFAF74FFD28B9D4F82C3AB2
:10DCD000C4F8603AC4F8641A0198FBF777FE30463E
:10DCE00002B0BDE8F08197427FF453AFD4E901213F
:10DCF0004C2707FB012253F80C3CD2F84027D143B4
:10DD000023EA0203994257E7180D012008B5044899
:10DD10000121F5F787FBF4F7A7FE024B186008BD59
:10DD200094170020140D01208FB504464FF0000811
:10DD300001274FF0FF3104F1CC00F5F7A9FC0346B1
:10DD40000028F6D1D4F89429022A40F0D6808148E0
:10DD500002AA0121F5F7CEF850BB2046FFF7FCFEE2
:10DD600030BB2046FBF7BAF958B97B4BC4F8B83939
:10DD70007A4BC4F8EC39C4F88009C4F8BC09C4F87B
:10DD8000907904F1CC00F5F795FDFFF721FA002119
:10DD900001AAFFF7C7FD27610120F4F74BFFC4F884
:10DDA0001080FFF715FA019901AAFFF7BBFDC0E744
:10DDB000D4F8EC390BB9C4F89039D4F8B859002D1F
:10DDC000DFD12046FAF7CDFD4FF0FF3104F1CC0052
:10DDD000F5F75EFC7022294604F6682007F019FC6E
:10DDE0001B23C4F8683A04F1CC00F5F763FDE06842
:10DDF0006423482203A9FBF787FC8146A8B94FF0AA
:10DE0000FF3104F1CC00F5F743FCD4F80039039D51
:10DE1000062B03D0E3689B6A4B2B1DD82846FBF7E3
:10DE2000D5FD04F1CC00F5F745FDD4F8EC394A4AAC
:10DE3000A3F5AF23A3F5C86393425BD9D4F8BC39EB
:10DE4000464A0133C4F8BC395343934294BFC4F8E3
:10DE5000B839C4F8B82994E7D4F8483BD4F8F41991
:10DE6000D4F84C2BC4F8A02A0B44C4F89C3AE868B8
:10DE70006B691B1A272BD1D94946282207F0C9FB09
:10DE8000EB68D4F8682A1A70EB682833EB606B6A89
:10DE900028336B62D4F89C3AD4F8A02AC4F8D42A68
:10DEA000C4F8D03AEA681360EB68D4F8D42A5A6010
:10DEB000EA6813681BBA1360EA6853681BBA5360B8
:10DEC000EB680833EB606B6A08336B6204F1CC00DB
:10DED000F5F7F0FC03997B2304F5106204F60810B3
:10DEE000FEF7CDFB18B10398FBF770FD9DE7F4F743
:10DEF000BBFD9AE7C4F8B82943E7164803AA0121F5
:10DF0000F4F7F8FFE8B92046FAF72BFD2046FFF7B3
:10DF100023FE0546A8B92046FBF7E0F838B1D4F84F
:10DF20008C39032B7FF62DAFC4F8905929E70B4BA2
:10DF3000C4F8EC39C4F88C09C4F89079C4F88009A5
:10DF40001FE7D4F8EC39002B7FF41BAFC4F89039ED
:10DF500017E700BF94170020407E050080FC0A00F0
:10DF6000DFF838D072B6002103E00D4B5B58435008
:10DF700004310C480C4B42189A42F6D30B4A02E08B
:10DF8000002342F8043B0A4B9A42F9D3F4F756FCBB
:10DF900007F09EFB62B6F6F7C5FB7047FFFF012056
:10DFA00078CD0408000000200C0100200C010020A6
:10DFB000BC230120FEE7000080B483B000AF03461D
:10DFC0000A46FB711346BB71BB79002B0FD10F4B77
:10DFD0001B68002B02D00D4B1B6810E0FB79002B57
:10DFE00002D10B4B1B680AE00A4B1B6807E0FB7968
:10DFF000002B02D1084B1B6801E0084B1B68184638
:10E000000C37BD465DF8047B704700BF1C0D012036
:10E01000240D0120200D01202C0D0120280D0120B0
:10E0200080B483B000AF7860064A7B6813607B6879
:10E030003C33054A1360002318460C37BD465DF893
:10E04000047B7047240D0120200D012080B588B08D
:10E0500000AFF8607B600B46FB7213463B810123E7
:10E060007B61FB68FB613B89B3F5C46F02D940F269
:10E07000F23340E07B69012B10D1FB7A0021184676
:10E08000FFF79AFFB861BB69002B07D07B680022BD
:10E09000F969B869F8F7F2FC03467B617B69012BEB
:10E0A00010D1FB7A01211846FFF786FFB861BB69E2
:10E0B000002B07D07B680022F969B869F8F7DEFC0D
:10E0C00003467B617B69012B02D140F2F13312E000
:10E0D0007B69002B02D040F20E430CE0FB691B6809
:10E0E0003A895A62FB691B6899683A89FB691B681F
:10E0F0000A44DA60002318462037BD4680BD80B54B
:10E1000084B000AF7860084611461A460346FB709B
:10E110000B463B801346BB70BB78012B02D14FF0FE
:10E12000FF3300E00023FB603A88F978FB687868E9
:10E13000FFF78CFF034618461037BD4680BD80B5FB
:10E1400084B000AF78600B46FB70FB78002B10D1D9
:10E150007B68FB60FB685B6A242B04D93B1D242190
:10E16000184600F02EF807F10C031846FEF718FFCA
:10E1700006E07B68BB6007F108031846F8F7A6FCC9
:10E1800000BF1037BD4680BD80B485B000AF786059
:10E190007B68FB60FB689B6818461437BD465DF8DA
:10E1A000047B704780B485B000AF78607B68FB600B
:10E1B000FB685B6A9BB218461437BD465DF8047B6A
:10E1C000704780B485B000AF786039607B68FB60D1
:10E1D000FB681B689A683B681344BB60FB681B685C
:10E1E0001B69BA689A4202D240F2094323E0FB68F5
:10E1F0001B685B69BA689A4202D940F209431AE087
:10E20000FB681B68BA689A60FB681B68DA68FB6881
:10E210001B689B689A4205D2FB681A68FB681B68FA
:10E220009268DA60FB681B68596A3A68FB681B6889
:10E230008A1A5A62002318461437BD465DF8047BDB
:10E24000704780B485B000AF78600B467B807B68F8
:10E25000FB607B88B3F5C46F02D940F20A4309E042
:10E260007A88FB685A62FB689A687B881A44FB6864
:10E27000DA60002318461437BD465DF8047B70470A
:10E2800080B582B000AF78600021786800F032F885
:10E2900000BF0837BD4680BD80B483B000AF786052
:10E2A00039607B689B681B0ADAB23B681A707B682E
:10E2B0009B68DAB23B685A707B68DB681B0EDAB287
:10E2C0003B689A707B68DB681B0CDAB23B68DA70DB
:10E2D0007B68DB681B0ADAB23B681A717B68DB6813
:10E2E000DAB23B685A7100BF0C37BD465DF8047B5B
:10E2F0007047000080B588B002AF786039607B68F5
:10E300001B693B617B6843225A603B68002B06D047
:10E310003B68012B03D03B68022B40F0F9813B683E
:10E3200003F003037A689269B64941F823203B68F9
:10E3300003F00303B34A52F823307B617B681B6808
:10E34000332B00F2E88001A252F823F01FE5000809
:10E350001DE4000847E400089FE400081FE50008EA
:10E360001FE500081FE500081FE50008AFE40008EE
:10E37000D9E4000803E5000817E5000817E50008E0
:10E3800017E5000817E5000817E5000817E500087D
:10E3900037E4000817E5000817E5000817E500084E
:10E3A00017E5000817E5000817E5000817E500085D
:10E3B00017E5000817E5000817E5000817E500084D
:10E3C00017E5000817E5000817E5000817E500083D
:10E3D00017E5000817E5000817E5000817E500082D
:10E3E00017E5000817E5000817E5000817E500081D
:10E3F00017E5000817E5000817E5000817E500080D
:10E4000017E5000817E5000817E5000817E50008FC
:10E4100017E5000817E500081FE500087B6940F2D2
:10E42000DC52C3F84C277B69012283F82D277B68D7
:10E4300000225A6074E03B6803F00303714A002134
:10E4400042F823106CE007F108033968184602F01F
:10E450002BFE0346002B04D07B69002283F82E2775
:10E460005EE03B7A1B027A7A13441A467B69C3F852
:10E470003427BB7A1A06FB7A1B041A443B7B1B0227
:10E4800013447A7B13441A467B69C3F838277B69A7
:10E49000012283F82E277B6800225A6040E07B69C6
:10E4A000002283F82E277B6800225A6038E007F1AB
:10E4B000080319467868FFF7EFFE07F108031846CE
:10E4C00002F00AFF0346002B02D07B6843225A6009
:10E4D0007B6800225A6023E007F108031946786838
:10E4E000FFF7DAFE07F10803184602F0ADFF034616
:10E4F000002B02D07B6843225A607B6800225A605E
:10E500000EE07B6993F82E277B685B691A607B6855
:10E5100000225A6004E07B6844225A6000E000BF99
:10E520007B6993F82E37012B40F0E280386802F0C7
:10E5300001FE0346002B40F0DB807B681B68072B45
:10E5400016D8072B00F2D28001A252F823F000BFA8
:10E5500079E50008EDE60008EDE60008EDE60008C4
:10E5600059E6000809E60008DBE5000831E6000886
:10E57000332B00F0A280B9E03B6993F82C30042BD8
:10E580000BD139697B689A687B68DB684FF400605F
:10E590000090786900F095F916E03B6993F82C300B
:10E5A000062B0BD139697B689A687B68DB6848F277
:10E5B000DD600090786900F084F905E007F1100350
:10E5C0001846F8F783FA92E03B693968184600F07C
:10E5D0000BFC7B6800225A6089E039697B689A6885
:10E5E0007B68DB6840F606000090786900F069F906
:10E5F0003B693968184600F0F7FB7B6800225A60D7
:10E6000075E000BF300D0120396940F60603009324
:10E610004FF0FF334FF6FF72786900F052F93B6913
:10E620003968184600F0E0FB7B6800225A605EE023
:10E63000396948F2350300934FF0FF334FF6FF720C
:10E64000786900F03EF93B693968184600F0CCFB68
:10E650007B6800225A604AE03B6993F82C30042B17
:10E660000BD139694FF4006300934FF0FF334FF63D
:10E67000FF72786900F025F916E03B6993F82C30B9
:10E68000062B0BD1396948F2DD6300934FF0FF335D
:10E690004FF6FF72786900F014F905E007F11003F6
:10E6A0001846F8F713FA22E03B693968184600F07B
:10E6B0009BFB7B6800225A6019E03B6993F82C3081
:10E6C000042B0AD139697B689A687B68DB6848F655
:10E6D000F7000090786900F0F4F83B693968184653
:10E6E00000F082FB7B6800225A6000E000BF14E06B
:10E6F0003B69002B0ED07B681B68002B02D0043BCB
:10E70000032B09D807F110031846F8F7DFF904E0E6
:10E7100000BF02E000BF00E000BF1837BD4680BD6B
:10E7200080B58AB000AF786039607B68BB61BB6937
:10E730009B683B623B6A002B00F0A7803B68032B81
:10E7400005D907F118031846F8F7C0F99EE03B6AAF
:10E750000C331B781B021AB23B6A0D331B781BB2B9
:10E7600013431BB2FB844B4B1B68002B10D04A4B4E
:10E770001B88FA8C9A420BD1484B1B683A689A4224
:10E7800006D1444B1B68BA69454909681046984749
:10E79000FB8CB3F5014F29D1BB69996807F10C03D4
:10E7A0000C22184606F0BBFFBB699B68043307F1D7
:10E7B0000C010C22184606F0B2FFBB699A68BB69CF
:10E7C00004329A60BB695A6ABB69043A5A62BB69EF
:10E7D0009B683B623B6A0C331B781B021AB23B6A94
:10E7E0000D331B781BB213431BB2FB84FB8C48F622
:10E7F0008E02934204D13968786800F0B5F845E09C
:10E800003B6803F00303274A52F82330FB61FB699E
:10E81000002B05D107F118031846F8F757F935E032
:10E82000BB699A68BB690E329A60BB695A6ABB6958
:10E830000E3A5A62FB8CB3F5006F04D0FB8C48F2A1
:10E84000DD62934205D1BB691946F869FCF725F9E9
:10E850001CE0FB8C40F60602934205D1BB691946C9
:10E86000F869FEF74BFB11E0FB8C48F2350293424E
:10E8700005D1BB691946F869FEF769FB06E007F1A7
:10E8800018031846F8F722F900E000BF2837BD4604
:10E8900080BD00BF480D0120400D0120440D012026
:10E8A0004C0D0120300D012080B582B000AFBB1DA2
:10E8B0000221184604F09EFAFB8818460837BD4628
:10E8C00080BD80B487B000AFF860B9607A603B600B
:10E8D000BB689B68A3F10E02BB689A60BB685B6A69
:10E8E00003F10E02BB685A62BB689B68023B7B6106
:10E8F0007B697A681A607B6904333A681A60FB683E
:10E90000D3F834371904FB68D3F838371A0C7B690D
:10E9100008330A431A60FB68D3F8383719043A8C75
:10E920007B690C330A431A607B691B681ABA7B69DE
:10E930001A607B6904331A687B69043312BA1A605F
:10E940007B6908331A687B69083312BA1A607B69DD
:10E950000C331A687B690C3312BA1A6000BF1C377B
:10E96000BD465DF8047B704780B582B000AF78602B
:10E9700039607B68002B0DD0084B1B68002B05D03D
:10E98000064B1B6839687868984703E0012178686E
:10E99000FFF7D5FB00BF0837BD4680BD500D0120F5
:10E9A00080B584B000AF78600B46FB701E4A7B6870
:10E9B000536004F061FA0346FB81FB89002B01D010
:10E9C000FB892CE003F05CF80346FB81FB89002BFC
:10E9D00001D0FB8923E003F013FCFB78012B04D169
:10E9E00004F01EFE0346FB8105E005F06BFD04F01C
:10E9F00093FE0346FB81FB89002B01D0FB890EE0CF
:10EA0000094B00221A7001F027FA0346FB81FB89AB
:10EA1000002B01D0FB8902E003F04EFB00231846D7
:10EA20001037BD4680BD00BFA000002080B58CB06F
:10EA300002AF7860744B1B78012B01D10023DEE01C
:10EA400006F06EF800217868FFF7AAFF0346FB8402
:10EA5000FB8C002B01D0FB8CD1E007F10C036B4A3F
:10EA60000421184601F04CF8F861FB69002B02D133
:10EA700040F20E43C3E0FB6900221A60F9680023EC
:10EA80000022022000F08CF90346FB84FB8C002B53
:10EA900006D0FB8C40F2E772934201D0FB8CAEE0D3
:10EAA00007F10C035A4A0421184601F029F8F861CD
:10EAB000FB69002B02D140F20E43A0E0FB6901226A
:10EAC0001A60F96800230022022000F069F9034669
:10EAD000FB8405F003FF0346FB84FB8C002B01D075
:10EAE000FB8C8CE007F10C034A4A0C21184601F01C
:10EAF00007F8B861BB69002B02D140F20E437EE0FB
:10EB00000C220021B86906F084FDBB6908337B61E3
:10EB10003D4B5B689AB27B691A60BB697B613A4B7B
:10EB20005B689AB27B691A60374B5B681B0C1A46AC
:10EB3000BB695A60BB695B68002B03D1BB694FF0AE
:10EB4000FF325A60F96800230022022000F028F901
:10EB50000346FB84FB8C002B01D0FB8C4FE0002391
:10EB60003B620123FB841DE007F10C032A4A1321B9
:10EB7000184600F0C5FF38613B69002B02D140F216
:10EB80000E433CE013220021386906F042FDF9688B
:10EB900000230022022000F003F90346FB843B6AB5
:10EBA00001333B62FB8C002B02D03B6A022BDBD98A
:10EBB000FB8C002B01D0FB8C21E002F05FFC07F105
:10EBC0000C030421184600F0E1FFF861FB69002BFB
:10EBD00002D140F20E4312E0FB6901221A60FA688A
:10EBE0000023009300236E21022000F04FFC034617
:10EBF000FB84FB8C002B01D0FB8C00E0002318462B
:10EC00002837BD4680BD00BFA00000206464010815
:10EC100070640108786401088064010880B500AF61
:10EC2000314804F0D3F90346002B02D040F2F6330A
:10EC300058E000212C4804F015FA0346002B02D0BE
:10EC400040F2F6334EE0294804F0C0F90346002BA9
:10EC500005D0254804F01AFA40F2F63342E0244881
:10EC600004F0B4F90346002B08D0204804F00EFA53
:10EC70001D4804F00BFA40F2F63333E000211C4843
:10EC800004F0F0F90346002B02D040F2F63329E0FD
:10EC9000184804F09BF90346002B0BD0134804F0EE
:10ECA000F5F9114804F0F2F9114804F0EFF940F2D7
:10ECB000F63317E000210F4804F0D4F90346002B87
:10ECC00002D040F2F6330DE00B4B00221A600B4BE2
:10ECD00000221A603C220021094806F09AFC00F04C
:10ECE00011F80023184680BDB40D0120D80D012075
:10ECF000FC0D0120900D01201C0E0120200E012092
:10ED0000540D012080B400AF084B00221A70084B4C
:10ED100000221A70074B00221A70074B01221A704A
:10ED200000BFBD465DF8047B704700BFFA0D0120AF
:10ED3000FB0D0120F80D0120F90D012080B582B0F6
:10ED400000AF124804F0A2F9114804F09FF91148ED
:10ED500004F09CF9104804F099F90EE00F4B1B6881
:10ED6000184601F02DF878600C4B1B6800211846FE
:10ED7000FFF7E5F9094A7B681360084B1B68002B15
:10ED8000ECD100BF00BF0837BD4680BDD80D0120C3
:10ED9000B40D0120FC0D0120900D01201C0E01205E
:10EDA00080B586B002AFB9607A603B600346FB7302
:10EDB000FB7B022B0AD13B6800937B68BA6840F268
:10EDC0000711022000F062FB034609E03B68009354
:10EDD0007B68BA684FF48371002000F057FB03464C
:10EDE00018461037BD4680BD80B588B000AF78604A
:10EDF00039600023FB610023FB767B681846FFF730
:10EE0000C3F978617B699B899BB21B021AB27B694B
:10EE10009B899BB21B0A9BB21BB213431BB27B8222
:10EE20007B8AB3F5006F04D07B8A48F6F7029342E1
:10EE300006D17B681846FFF7A7F903460F33FB613D
:10EE40003B1D6FF015011846FFF7BBF903463B82E7
:10EE50003B8A002B05D07B6800211846FFF76FF92D
:10EE600045E07B681846FFF78FF9F8603B68022B96
:10EE700005D97B6800211846FFF761F937E0FB6888
:10EE800000229A74FB6820229A747B8AB3F5006F83
:10EE900004D07B8A48F6F70293420DD1FB69002B20
:10EEA0000AD0FB691B78002B06D0FB691B7818463B
:10EEB00000F0A4FF0346FB763B68002B05D1FB7EE8
:10EEC0000C4AD25CFB68DA7402E0FB68FA7EDA7402
:10EED000386800F0FBFE0346DAB2FB681A75FB687F
:10EEE00000225A757B680221184600F005FF203782
:10EEF000BD4680BD8000002080B584B000AF786042
:10EF00007B680433FB60FB685B7803F00F03022B24
:10EF10001ADCFB685A79114B1B78D31ADAB2104B02
:10EF20001A700F4B1B78072B04D8FB685A790B4BD0
:10EF30001A7009E00A4B1A780A4B1B789A4203D9D7
:10EF4000074B1A78074B1A70FB681B79184605F0B7
:10EF50003BFA00BF1037BD4680BD00BFF90D012050
:10EF6000FA0D0120FB0D0120B0B590B000AF786024
:10EF70007B681846FFF708F9B863BB6B1A795B79B1
:10EF80001B021343FB86FB8EDB43BB86BB6BDB881C
:10EF90009BB2BA8E9A4205D07B6801211846FFF7D2
:10EFA000CEF833E2FB8E0B2B03D9FB8EB3F5C46F87
:10EFB00005D97B6801211846FFF7C1F826E2BB6B33
:10EFC0000833043B1846FFF797FFFB8E0C2B05D147
:10EFD0007B6801211846FFF7B2F817E2BB6B5B7A3A
:10EFE00003F00F03022B36D0022B00F30982002B13
:10EFF00002D0012B79D003E2BB6B9B889BB21B2B09
:10F0000005D87B6801211846FFF799F8FEE17B6877
:10F010001846FFF7B9F8B861BB690433BA69D27A08
:10F0200013447B617B699B683B613B691B0CFB81E3
:10F03000A54B1B88FA899A4207D17B68A34A1360C3
:10F040000021A34804F00EF8E0E17B680121184696
:10F05000FFF775F8DAE1BB6B9B889BB2102B05D8E4
:10F060007B6801211846FFF76AF8CFE1BB6B0433D8
:10F07000BA6BD27A13443B63BB6BDB7A03F10802B1
:10F080003B6BDB789B001344FB623B1DF96A18461F
:10F09000FFF797F80346002B05D07B68012118463F
:10F0A000FFF74DF8B2E102F0DDF90346012B10D174
:10F0B000884B1B68002B06D0864B1B687A680021A2
:10F0C00010469847A2E17B6801211846FFF737F800
:10F0D0009CE17C683B6B9B78184600F0A3FE0346DE
:10F0E00019462046FFF71CFB90E1BB6B0433BA6B5B
:10F0F000D27A1344BB62BB6ADB7801339B00BA6AE5
:10F1000013447B627B6A9B899BB21B021AB27B6AA7
:10F110009B899BB21B0A9BB21BB213431BB27B841D
:10F120007B8C48F66C02934205D07B68012118461F
:10F13000FFF705F86AE17B6A133303221946664834
:10F1400006F03EFA0346002B05D07B6801211846E5
:10F15000FEF7F5FF5AE17B6A1833FB61FB695B88B8
:10F160009BB21B021AB2FB695B889BB21B0A9BB263
:10F170001BB213431BB29AB2FB695A80FB695B68EE
:10F180001A06FB695B681B0203F47F031A43FB69E1
:10F190005B681B0A03F47F431A43FB695B681B0E21
:10F1A00013431A46FB695A60FB699B681A06FB69A0
:10F1B0009B681B0203F47F031A43FB699B681B0ACD
:10F1C00003F47F431A43FB699B681B0E1A43FB69D8
:10F1D0009A60FB69DB681A06FB69DB681B0203F4B3
:10F1E0007F031A43FB69DB681B0A03F47F431A435E
:10F1F000FB69DB681B0E1A43FB69DA60FB691B695C
:10F200001A06FB691B691B0203F47F031A43FB699F
:10F210001B691B0A03F47F431A43FB691B691B0E1E
:10F220001A43FB691A61FB695B691A06FB695B6932
:10F230001B0203F47F031A43FB695B691B0A03F497
:10F240007F431A43FB695B691B0E1A43FB695A61D2
:10F25000FB695B69F98E7A6A02F14800BA6B043285
:10F26000821A8A1A934205D97B6801211846FEF753
:10F2700066FFCBE07B6A93F846301A46174B53F88B
:10F280002230DAB2FB699A77FB695B682E2B0ED1CC
:10F29000FB699B6803F580731A46FB699A60FB69FA
:10F2A000DB6803F500731A46FB69DA602EE0FB6940
:10F2B0005B68172B14D1FB69DB6803F580731A4672
:10F2C000FB69DA6022E000BFB00D0120D40D0120FF
:10F2D000D80D0120240E01208C640108700000204C
:10F2E000FB695B680B2B03D0FB695B68052B0DD1B9
:10F2F000FB699B6803F500731A46FB699A60FB691A
:10F30000DB6803F540731A46FB69DA607B6A4833B1
:10F310001946F86901F0DCFC00224FF0FF313D484E
:10F3200003F06CFE0346002B05D07B6801211846D4
:10F33000FEF705FF6AE00023FB8754E0FA8F3649A9
:10F3400013465B0013449B000B441B68002B47D003
:10F350000023BB8735E0FA8F2F4913465B00134427
:10F360009B000B441A68BB8F9B0013441A68FB690F
:10F370005B689A4222D1FA8F274913465B001344F7
:10F380009B000B4404331D687B6A03F14801FA8F2C
:10F39000214813465B0013449B00034408331B6859
:10F3A000FC8F1A46F869A84702461B4923465B00B2
:10F3B00023449B000B4408331A6011E0BB8F0133D8
:10F3C000BB87FA8F144913465B0013449B000B4420
:10F3D0001A68BB8F9B0013441B68B3F1FF3FBAD17F
:10F3E000FB8F0133FB87FB8F042BA7D90021094832
:10F3F00003F038FE7B6801211846FEF7A0FE05E009
:10F400007B6801211846FEF79AFE00BF4037BD46D3
:10F41000B0BD00BF900D0120540D012090B585B006
:10F4200000AFB9607A603B600346FB73074B1B6813
:10F43000002B06D0054B1C68F87B3B687A68B968DE
:10F44000A04700BF1437BD4690BD00BF280E012065
:10F4500080B500AF044B1B68002B02D0024B1B6829
:10F46000984700BF80BD00BF2C0E012080B400AFC4
:10F47000054B1B68002B14BF01230023DBB2184689
:10F48000BD465DF8047B7047280E012080B5AEB004
:10F4900000AFB9607A603B600346FB73D7F8C030B9
:10F4A00003F003038F4A52F82330C7F8AC30FFF75C
:10F4B000CFFF00224FF0FF318B4803F09FFD034642
:10F4C000A7F8AA30B7F8AA30002B06D00021786838
:10F4D000FEF735FEB7F8AA30FFE07868FEF762FE67
:10F4E0000346203BC7F8B4307868FEF74DFEC7F8F6
:10F4F000A400BB6840F20712934203D0BB68B3F587
:10F50000837F47D1D7F8A4302033C7F8A030D7F88D
:10F51000A030C7F8B03004E0D7F8B0300133C7F8F6
:10F52000B030D7F8B0301B78002BF5D0D7F8A0203A
:10F53000D7F8B0309A421BD0D7F8B020D7F8A03017
:10F54000D31A1A46D7F8B4309B1AC7F8B430D7F894
:10F55000B420D7F8B010D7F8A00006F041F8D7F8DB
:10F56000B4309BB220339BB219467868FEF769FE2F
:10F57000FFF77CFF0346012B0CD1D7F8B430802B6A
:10F5800028BF80231A4607F11403D7F8A0101846A5
:10F5900006F0C5F8D7F8A430BA681A61D7F8A430D5
:10F5A000D7F8B4205A61514B1B8801339AB24F4BA4
:10F5B0001A804E4B1B881A04FB7B1A43D7F8AC30D9
:10F5C0001B031A43D7F8A4309A61D7F8A43000225D
:10F5D0001A7700225A7700229A770022DA77786821
:10F5E000FEF7E0FD03461A4640F2DC539A4204D986
:10F5F00040F2DC517868FEF724FE0021786800F0C4
:10F600007BFB002241F28831394803F0F7FC0346C6
:10F61000A7F8AA30B7F8AA30002B06D0002132484C
:10F6200003F020FDB7F8AA3057E0324B1B681846AC
:10F63000FEF7AAFDC7F89C00D7F89C300433D7F832
:10F640009C20D27A1344C7F89830D7F898309B683A
:10F65000C7F89430D7F89830DB689BB2C3F5FA63EB
:10F66000A7F8AA303B68002B0CD0224B1A683B68E5
:10F670001A60D7F89C30DB7A143319463868FEF7E5
:10F68000A0FD05E01B4B1B6801211846FEF757FD46
:10F69000184B00221A600021134803F0E3FC07F125
:10F6A0001402F87BD7F8C030B968FFF7B7FED7F877
:10F6B000943003F00103002B0ED03B68002B08D0E0
:10F6C0003B681B6801211846FEF739FD3B680022A4
:10F6D0001A60B7F8AA3000E000231846B837BD46D4
:10F6E00080BD00BF64000020B40D0120B00D0120DA
:10F6F000D80D0120D40D012080B487B000AFF86090
:10F70000B9607A603B60FF23FB820023BB8256E036
:10F71000BA8A434913465B0013449B000B441B68A1
:10F72000FA689A4239D1BA8A3D4913465B001344BC
:10F730009B000B4404331B68BA689A420DD1BA8A05
:10F74000374913465B0013449B000B4408331B6886
:10F750007A689A4201D100235BE0BA8A30491346A5
:10F760005B0013449B000B4400221A60BA8A2C49A8
:10F7700013465B0013449B000B44043300221A60C1
:10F78000BA8A274913465B0013449B000B44083395
:10F7900000221A60BB8AFB8214E0FB8AFF2B0BD18C
:10F7A000BA8A1F4913465B0013449B000B441B6835
:10F7B000002B01D1BB8AFB82BB8A0133BB82BB8A8F
:10F7C000042BA5D9BB68002B22D0FB8AFF2B02D1CA
:10F7D00040F2F5331DE0FA8A114913465B001344E9
:10F7E0009B000B440433BA681A60FA8A0C4913462A
:10F7F0005B0013449B000B4408337A681A60FA8A52
:10F80000074913465B0013449B000B44FA681A60D7
:10F81000002318461C37BD465DF8047B704700BFC7
:10F82000540D012080B58AB000AF786039600023A4
:10F8300087F823300023FB610023BB6100237B6139
:10F840000023FB843AE0FA8C424913465B001344E0
:10F850009B000B441B68002B2DD00023BB841BE0B6
:10F86000FA8C3C4913465B0013449B000B441A6816
:10F87000BB8C9B0013441B68FB60FB687F2B08D983
:10F88000012387F82330FA68FB699A4201D9FB68A3
:10F89000FB61BB8C0133BB84FA8C2E4913465B00A1
:10F8A00013449B000B441A68BB8C9B0013441B68D9
:10F8B000B3F1FF3FD4D1FB8C0133FB84FB8C042BD1
:10F8C000C1D997F82330002B13D1234A1721786828
:10F8D00000F016F978617B69002B01D1002334E038
:10F8E000386800F0F3F902467B691A607B690433DB
:10F8F0002BE0FB690833DB08FB74FB7C9BB209330C
:10F900009BB2164A1946786800F0FAF878617B696C
:10F91000002B01D1002318E0386800F0D7F9024627
:10F920007B691A607B690433BB6105220021B869D9
:10F9300005F06FFEBB6901221A70BB6903225A7081
:10F94000BB69FA7C9A70BB69043318462837BD46F8
:10F9500080BD00BF540D012090640108A46401081B
:10F9600090B58BB000AFF860B9607A603B60002260
:10F970004FF0FF315F4803F041FB03467B847B8CF3
:10F98000002B01D07B8CB0E03B687A68B968F868DE
:10F99000FFF7B2FE03467B847B8C002B40F09F80F8
:10F9A00007F1140339681846FFF73CFFF861FB695B
:10F9B000002B03D140F2F2337B8491E04E4BDB68A5
:10F9C00001334D4AD36004F0BFFF03467B8313220B
:10F9D0000021F86905F01DFE0023FB8463E0FA8C2A
:10F9E000464913465B0013449B000B441B68002BE5
:10F9F00056D00023BB8444E0FA8C404913465B0098
:10FA000013449B000B441A68BB8C9B0013441B6877
:10FA1000002B00DA0733DB101A46FB691344187811
:10FA2000FA8C364913465B0013449B000B441A685A
:10FA3000BB8C9B0013441B685A4203F0070302F07F
:10FA4000070258BF5342012202FA03F3D9B2FA8CDB
:10FA50002A4C13465B0013449B0023441A68BB8C5A
:10FA60009B0013441B68002B00DA0733DB101A4697
:10FA7000FB69134440EA0102D2B21A70BB8C013315
:10FA8000BB84FA8C1D4913465B0013449B000B4456
:10FA90001A68BB8C9B0013441B68B3F1FF3FABD1CA
:10FAA000FB8C0133FB84FB8C042B98D9002111487B
:10FAB00003F0D8FA7969002300220220FFF770F9D9
:10FAC00003467B840C4BDB68013B0B4AD3600A4B3B
:10FAD000DB68002B01D100F053FA7B8C05E000BFFE
:10FAE0000021044803F0BEFA7B8C18462C37BD4633
:10FAF00090BD00BF900D0120A0000020540D0120FA
:10FB000080B588B000AFF8600B467A607B8178687A
:10FB1000F0F778FE03460133FB61FB695B4203F0BB
:10FB20000303BB61FB699AB27B8913449AB2BB6938
:10FB30009BB213449BB220339AB24FF0FF330021A3
:10FB4000F868FEF783FA0346002B1AD1FB681B689E
:10FB50001846FEF719FB034620337B61BA69002182
:10FB6000786905F056FD7A69BB691344FA697968CA
:10FB7000184605F0D4FDFA69BB6913447A69134449
:10FB800000E0002318462037BD4680BD80B582B016
:10FB900000AF78600B467B807B8820339AB24FF0B1
:10FBA000FF3300217868FEF751FA0346002B07D196
:10FBB0007B681B681846FEF7E7FA0346203300E02F
:10FBC000002318460837BD4680BD000080B400AF52
:10FBD000054B1B68002B01D0012300E000231846D1
:10FBE000BD465DF8047B70471C0E012080B584B0D3
:10FBF00000AF7860274B1B68002B45D004F0FCFB5E
:10FC00000346012B02D140F2F7333FE0224B1A7832
:10FC1000224B1B789A4202D14FF47E7336E00022C9
:10FC20004FF0FF311E4803F0E9F90346002B02D0E4
:10FC300040F2F6332AE0174B1A687B681A607B683B
:10FC40001B68184600F0BCF80346124A1360114BBB
:10FC50001B68002B02D1134B00221A6000211048B0
:10FC600003F000FA7B681B681846FEF78DFAF8600F
:10FC7000094B1A78FB681A72074B1B780133DAB20A
:10FC8000054B1A70002301E040F2F9331846103793
:10FC9000BD4680BD1C0E0120F80D0120F90D01208C
:10FCA000FC0D0120200E012080B400AF054B1A7816
:10FCB000054B1B78D31ADBB21846BD465DF8047BB2
:10FCC000704700BFF90D0120F80D012080B483B00A
:10FCD00000AF78607B68022B04D8064A7B6852F834
:10FCE000233000E0002318460C37BD465DF8047B46
:10FCF000704700BF6400002080B584B000AF78601A
:10FD00000B46FB707868FEF73FFAF8607868FEF7FC
:10FD100049FA03467B817B89043B7B81FB68043382
:10FD20000C220021184605F074FCFB68FA785A7220
:10FD3000FB78022B01D10E2200E00C22FB68DA7264
:10FD4000FB6800221A72FB687A899A807B89DB4300
:10FD50009AB2FB68DA8000224FF0FF31154803F0B9
:10FD60004DF90346002B04D000217868FEF7E7F92F
:10FD70001DE07968002000F031F80F4B1B68002B64
:10FD800005D00D4B1B681946786800F027F80A4A21
:10FD90007B681360094B1B68002B02D1074A7B6804
:10FDA00013600021034803F05DF900F0E9F8103713
:10FDB000BD4680BDFC0D0120200E01201C0E01203F
:10FDC00080B584B000AF78607868FEF7DDF9F86040
:10FDD000FB681B6818461037BD4680BD80B584B0EF
:10FDE00000AF786039603868FEF7CEF9F860FB68DC
:10FDF0007A681A6000BF1037BD4680BD80B485B0F8
:10FE000000AF0346FB71FB799B08FB73FB7B044A45
:10FE1000D35C18461437BD465DF8047B704700BFBD
:10FE2000B876010880B485B000AF0346FB71FB795A
:10FE300003F00F03FB60FB68022B04D8054AFB6844
:10FE400052F8233000E0002318461437BD465DF811
:10FE5000047B70477000002080B584B002AFFEF7CD
:10FE6000DDFE0346FB80FB88002B01D0FB881FE0F2
:10FE7000114803F0ABF80346FB80FB88002B01D050
:10FE8000FB8815E00123019340F6781300930B4B98
:10FE90000B4A0C490C4803F02FF80346FB80FB8803
:10FEA000002B01D0FB8803E0084B01221A700023CD
:10FEB00018460837BD4680BD60180120300E01206D
:10FEC000BC640108A5FF0008AC170120A917012098
:10FED00080B582B000AF00233B603B461846FFF779
:10FEE00085FE0346002B01D0002317E004F02CFD13
:10FEF0000346FB80FB88002B06D03B680021184698
:10FF0000FEF71DF9002309E03B68184603F0DDFB0E
:10FF10000346002B01D0002300E0012318460837D8
:10FF2000BD4680BD80B582B000AF3B1D184603F0D2
:10FF300083FE0346002B01D0002307E07B68002BE3
:10FF400003D07B681846FFF70FF8012318460837DF
:10FF5000BD4680BD80B500AF064B01221A70064B2E
:10FF60001B78DBB2012B03D10121044803F07AF89E
:10FF700000BF80BD80180120A91701206018012052
:10FF800080B500AF054B1B78DBB2012B03D10021FC
:10FF9000034803F067F800BF80BD00BFA917012028
:10FFA0006018012080B584B000AF78601F4B01223B
:10FFB0001A7024E0002001F09FFC0346FB811C4BDB
:10FFC0001B78DBB2012B0FD1194B00221A7003F002
:10FFD000FBFD0346002B07D0FFF7A4FF03467B730E
:10FFE00097F90D30002BF7D1FFF772FF03463B73F3
:10FFF00097F90C30002BF7D10E4803F01AFB0E4B8B
:020000040801F1
:100000001B78DBB2012BD5D1084B00221A700A4BAA
:1000100000221A70074803F039F8FEF78FFE0748F0
:1000200002F0C1FF00BF1037BD4680BDA9170120F7
:100030008018012060180120A8170120AC170120AA
:1000400080B400AF034B1B781846BD465DF8047BB7
:10005000704700BFC618012080B582B000AF0346CC
:10006000FB71174B1B78DBB2FA799A4201D100235E
:1000700021E0134AFB791370114B1B78DBB2012B83
:1000800018D1104B1B78DBB2012B13D100224FF09B
:10009000FF310D4802F0B2FF0C4B1B68002B05D05E
:1000A0000A4B1B680021184602F0DCFF00210648BD
:1000B00002F0D8FF002318460837BD4680BD00BFB8
:1000C000C5180120C4180120A4180120A01801207F
:1000D00080B588B002AFF860B9603B601346FB7131
:1000E0000023FB821C4B1B78DBB2002B10D11B487A
:1000F00002F06CFF0346BB82BB8A002B01D0BB8A97
:1001000026E0154B01221A700021144802F0AAFFC4
:1001100000224FF0FF31114802F070FF104A3B6897
:10012000136000210D4802F09DFF0E4B1B78DBB2DF
:10013000012B01D10A230BE0FA793B6800931346A7
:10014000BA68F968386A00F021F90346FB82FB8A35
:1001500018461837BD4680BDC4180120A4180120D8
:10016000A0180120C518012080B584B000AFF86048
:100170000B467A607B8100224FF0FF310F4802F07E
:100180003DFF0F4B00221A607B68002B02D1F868FC
:1001900002F07CFF0021094802F064FF094BDB6894
:1001A000013B084AD360074BDB68002B01D1FFF706
:1001B000E7FE00BF1037BD4680BD00BFA418012078
:1001C000A0180120A000002080B584B000AF7860A6
:1001D000396002F06DFFB86000237B7322E00022DB
:1001E0004FF42F71786802F009FF0346FB81FB8909
:1001F000002B01D0FB89022B00BF386800F09AFF6A
:100200000346FB81FB89002B10D002F051FF024610
:10021000BB68D31A41F6573293428CBF01230023A7
:10022000DBB27B737B7B002BD9D000E000BFFB8966
:10023000002B02D0386800F015FDFB8918461037F6
:10024000BD4680BD80B592B002AFF860B9607A60FB
:10025000FB70FB681B78202B02D940F2E2738CE024
:10026000484B1B78DBB2012B01D10A2385E0464BBA
:10027000DB680133444AD36004F066FB0346BB8766
:10028000F86C04F036FB0346002B0DD03E4BDB68C8
:10029000013B3D4AD3603C4BDB68002B01D1FFF7AB
:1002A0006FFE40F21F4368E0BB6C002B18D107F1D2
:1002B0001403184602F08AFE03467B877B8F002BCF
:1002C00001D07B8F59E007F11401FA78FB6C0093A1
:1002D0000B467968B868FFF7FBFE0346FB8709E029
:1002E000FA78FB6C0093BB6C7968B868FFF7F0FE96
:1002F0000346FB87FB8F002B37D107F11003242126
:100300001846FFF743FC78637B6B002B02D140F269
:100310000E4332E024220021786B05F07AF9FB6865
:100320001B781A467B6B1A607B6B181DFB68591C87
:100330007B6B1B681A4605F0F2F93A69FB6C009377
:1003400000231A210220FFF7A1F80346FB87FB8F49
:10035000002B0AD1BB6C002B07D107F11403F96CF9
:100360001846FFF731FF0346FB87F98F07F11403A7
:10037000BA6C1846FFF7F8FEFB8F18464037BD46AB
:1003800080BD00BFC5180120A000002080B598B036
:1003900002AFF860B9607A60FB7000237B610023D4
:1003A000A7F84E300023A7F84C300023BB649A4ACC
:1003B000FB68002142F82310FB78402B02D8FB7821
:1003C000072B13D8BB68954A93421AD0BB68944A4E
:1003D000934216D0BB68934A934212D0BB68924AAC
:1003E00093420ED0BB68914A93420AD0FB78402BCF
:1003F0000BD9BB688E4A934203D0BB688D4A9342A7
:1004000003D14FF47B7300F023BCFB68002B0ED0AC
:10041000FB68022B03D1884B1B78002B07D0874940
:10042000874805F045F840F2214300F011BC07F180
:10043000140300221946834801F0CEF8BB68DBB2F2
:10044000FA681946862001F019F90346A7F84630E4
:10045000B7F84630002B02D0B7F84630F8E3F8681A
:10046000FFF734FCB86407F11803774A08211846EF
:10047000FFF746FB38643B6C002B02D140F20E4381
:10048000E6E33B6CBA6C1A60BB6803F40013002B04
:1004900009D1BB6803F48003002B04D1BB6803F0CF
:1004A0008073002B01D0012200E000223B6C04335A
:1004B0001A60B969002300220220FEF771FC07F1DF
:1004C0001803624A08211846FFF71AFB38643B6C90
:1004D000002B02D140F20E43BAE33B6CBA6C1A60B7
:1004E0003B6C04334FF0FF321A60B96900230022DD
:1004F0000220FEF755FCBB68554A934200F0298163
:10050000BB68534A934200F3F981BB68514A934256
:1005100000F0E180BB684F4A934200F3EF81BB6873
:10052000B3F1005F00F0EC81BB68B3F1005F00F352
:10053000E581BB68484A934200F0E281BB68464AC5
:10054000934200F3DB81BB68B3F1805F00F0D88198
:10055000BB68B3F1805F00F3D181BB683F4A93422F
:1005600000F3CC81BB683E4A934243DABB683D4A04
:10057000934200F3C381BB683B4A934278DABB687D
:100580002C4A934200F0C680BB682A4A934200F38B
:10059000B581BB68264A934200F0BC80BB68244A00
:1005A000934200F3AB81BB68204A934200F3A681DB
:1005B000BB681D4A93426CDABB682C4A934200F335
:1005C0009D81BB68154A934274DABB6848F2010208
:1005D000934200F0D080BB6848F20102934200F3DE
:1005E0008D81BB68002B00F08B81BB68012B00F074
:1005F000C28083E1BB68A3F11073023B012202FABF
:1006000003F303F01503002B14BF01230023DBB217
:10061000002B40F09E8071E18C1801200200200028
:1006200004002000040040000200400006004000DA
:100630000400000104004001C618012018770108D9
:1006400028650108406501084465010854650108F2
:100650000400404204004040040000100600400234
:1006600002004002060020020200200206002000D4
:10067000BB68A3F10873023B012202FA03F303F003
:100680001503002B14BF01230023DBB2002B60D124
:1006900034E1BB68A3F58003023B012202FA03F3B5
:1006A00003F01503002B14BF01230023DBB2002B42
:1006B00011D123E1BB68A3F50013023B012202FA2A
:1006C00003F303F01503002B14BF01230023DBB257
:1006D000002B00F0138140F6C411F86800F0F2FF1F
:1006E00003463B873B8F002B06D03B8F40F2E772DF
:1006F000934201D03B8FABE2FB78FA6819467868E9
:1007000000F0DAFE0346FB86FB8E002B00F0FA8039
:10071000FB8E9DE240F6C411F86800F0D3FF03465B
:10072000BB87BB8F002B06D0BB8F40F2E772934292
:1007300001D0BB8F8CE2FB78FA681946786800F02C
:10074000F3FE03467B877B8F002B00F0DD807B8FE1
:100750007EE20021F86800F0B5FF0346FB87FB8FBF
:10076000002B00F0D380FB8F40F2E772934200F041
:10077000CD80FB8F6CE20023A7F85630B6E0B7F8C7
:1007800056307A6813443B6307F11803A4211846D6
:10079000FFF7FCF9F862FB6A002B02D140F20E432E
:1007A00056E2A4220021F86A04F033FF3B6B1B7869
:1007B0001A46FB6A1A603B6B5B781A46FB6A5A6002
:1007C000FB6A03F108003B6B991C3B6B5B781A4694
:1007D00004F0A5FF3B6B5B78053B1B2B4AD801A2BD
:1007E00052F823F05508010875080108750801083A
:1007F00075080108750801087508010875080108E1
:10080000750801085D0801087508010875080108E8
:1008100065080108750801087508010875080108D0
:1008200075080108750801087508010875080108B0
:1008300075080108750801087508010875080108A0
:100840007508010875080108750801087508010890
:100850006D080108FB6A01221A6713E0FB6A032294
:100860001A670FE0FB6A04221A670BE0FB6A022298
:100870001A6707E0BB6900211846FDF760FC4FF4DA
:100880007B73E5E1B7F85630002B05D1FB6A5B6F4F
:1008900043F00202FB6A5A67FB6A1A68FB6A1A6035
:1008A000FB6A5A68FB6A5A60FB6A1A6FFB6A1A672E
:1008B000FB6A5A6FFB6A5A67BA69FB6800930023A8
:1008C0002D210220FEF7E2FD03467B857B8D002B68
:1008D00001D07B8DBCE17B6801331B789AB2B7F8FD
:1008E000563013449BB20233A7F85630FB789BB2C4
:1008F000B7F856209A42FFF442AF08E000BF06E086
:1009000000BF04E000BF02E000BF00E000BFBB6822
:1009100003F00053002B0CBF01230023DBB2FA6865
:100920001946142000F0AAFE03463B853B8D002BA0
:1009300001D03B8D8CE1BB6848F20102934202D1A9
:1009400001233B650CE0BB689C4A934203D0BB6823
:100950009B4A934202D103233B6501E000233B65A0
:10096000FA68396D162000F089FE0346FB84FB8C83
:10097000002B01D0FB8C6BE1BB68904A934208D0FE
:10098000BB688F4A934204D0BB6803F48003002BFA
:1009900004D07B69022B01D001237B617B6900229B
:1009A0001946884800F0F6FD0346A7F84C3007F1D9
:1009B000180304211846FFF7E9F838623B6A002B58
:1009C00002D140F20E4343E1BB687F4A934200F0FC
:1009D000EF80BB687C4A934200F31C81BB687B4A72
:1009E000934200F0D380BB68784A934200F31281AF
:1009F000BB68B3F1005F00F0A980BB68B3F1005F92
:100A000000F30881BB68724A934200F0A980BB687A
:100A10006F4A934200F3FE80BB68B3F1805F00F041
:100A20009F80BB68B3F1805F00F3F480BB68694AC4
:100A3000934200F3EF80BB68674A934242DABB6897
:100A4000664A934200F3E680BB68654A93424ADAFD
:100A5000BB685B4A934200F09E80BB68584A934251
:100A600000F3D880BB68554A934200F09480BB687D
:100A7000524A934200F3CE80BB685A4A934200F335
:100A8000C980BB68584A93423EDABB68574A9342D2
:100A900000F3C080BB68564A934246DABB6848F20E
:100AA0000102934200F0A880BB6848F20102934221
:100AB00000F3B080BB68002B52D0BB68012B00F064
:100AC0009B80A7E0BB68A3F11073023B012202FAEE
:100AD00003F303F01503002B14BF01230023DBB243
:100AE000002B61D196E0BB68A3F10873023B0122A1
:100AF00002FA03F303F01503002B14BF01230023B4
:100B0000DBB2002B4CD185E0BB68A3F58003023B30
:100B1000012202FA03F303F01503002B14BF012393
:100B20000023DBB2002B2DD174E0BB68A3F50013CA
:100B3000023B012202FA03F303F01503002B14BF5A
:100B400001230023DBB2002B18D163E0294AFB68A4
:100B500052F8233043F002022649FB6841F8232073
:100B60003B6A00221A60234AFB6852F8233043F0A4
:100B700008022049FB6841F823204FE03B6A042229
:100B80001A604BE03B6A80221A6047E03B6A4FF4F0
:100B900081421A6042E03B6A4FF480221A603DE0D5
:100BA0003B6A02221A6039E03B6A40221A6035E053
:100BB0003B6A44F240021A6030E000BF04000001CA
:100BC0000400400140650108040040420400404028
:100BD000040000100600400202004002060020024D
:100BE0000200200206004000020040000600200033
:100BF000020020008C1801203B6A00221A60164A6D
:100C0000FB6852F8233043F008021349FB6841F8AF
:100C1000232003E03B6A00221A6000BFBA69FB6828
:100C200000930023A5210220FEF730FC0346FB833E
:100C3000FB8B002B01D0FB8B0AE0FB683A6E074967
:100C40000748FEF78DFE0346A7F84E30B7F84E3042
:100C500018465837BD4680BD8C180120E90C0108A4
:100C6000F876010880B584B000AF78600023FB817E
:100C70007B68032B05D91249124804F019FC05239F
:100C80001AE07B68002200210F48FEF769FE034648
:100C9000BB81BB89002B01D0BB890DE07968342072
:100CA00000F0CDFC0346FB81084A7B68002142F836
:100CB000231000F06BFA002318461037BD4680BDA4
:100CC000307701086C650108F87601088C1801205E
:100CD00080B483B000AF7860396000BF0C37BD4688
:100CE0005DF8047B7047000080B588B000AFF86005
:100CF000B9607A607B68BB610023FB77FB689B7FF0
:100D0000002B05D0FB689B7F022B01D07B68C0E1E4
:100D1000FB689B7F032B03D9B849B94804F0C8FB93
:100D2000FB685B682E2B67DC002BC0F282812E2BC8
:100D300000F27F8101A252F823F000BF1B0F0108CF
:100D40003310010833100108D50F010833100108D2
:100D500033100108B70F01083310010833100108E0
:100D6000331001083310010833100108B70F0108D0
:100D70003310010833100108331001086D0F01080A
:100D80003310010833100108331001083310010833
:100D90003310010833100108331001083310010823
:100DA0003310010833100108331001083310010813
:100DB0003310010833100108331001083310010803
:100DC00033100108331001083310010833100108F3
:100DD00033100108331001083310010833100108E3
:100DE00033100108331001083310010833100108D3
:100DF00033100108010E0108502B00F00C8118E19E
:100E0000FB689B7F1A467F4B53F8223003F00403A4
:100E1000002B00F01081FB689B68B3F5837F1CD129
:100E2000FB689B7F1A46774B53F82230FA68927F13
:100E3000114623F47273734A42F82130FB689B7F9A
:100E40001A46704B53F82230FA68927F114643F0ED
:100E500008036C4A42F82130EDE00123FB77FB6880
:100E60009B68B3F5827F14D1FB68DB6840F20F22E8
:100E700093420ED1FB689B7F1A46624B53F8223097
:100E8000FA68927F114643F040035E4A42F82130EF
:100E900042E0FB689B68B3F5847F14D1FB68DB6894
:100EA00040F20F2293420ED1FB689B7F1A46554BAE
:100EB00053F82230FA68927F114643F08003514A7A
:100EC00042F8213028E0FB689B68B3F5857F14D198
:100ED000FB68DB6840F20F2293420ED1FB689B7FD8
:100EE0001A46484B53F82230FA68927F114643F471
:100EF0008073444A42F821300EE0FB689B7F1A461B
:100F0000404B53F82230FA68927F114643F4007345
:100F10003C4A42F821308EE08DE0FB689B68002B54
:100F20000ED1FB689B7F1A46364B53F82230FA6885
:100F3000927F114643F01003324A42F821307FE09D
:100F4000FB689B68032B0ED1FB689B7F1A462D4BD9
:100F500053F82230FA68927F114643F02003294A61
:100F600042F821306CE00123FB7769E0FB685B8885
:100F70009BB203F00103002B0ED0FB689B7F1A4647
:100F8000204B53F82230FA68927F114643F0040355
:100F90001C4A42F8213053E0FB689B7F1A46194BEC
:100FA00053F82230FA68927F114623F00403154A61
:100FB00042F8213044E0FB689B7F1A46114B53F8FE
:100FC0002230FA68927F114623F006030D4A42F858
:100FD000213035E0FB689B68002B15D1FB689B7FB7
:100FE0001A46084B53F82230FA68927F114643F0B4
:100FF0000203044A42F821301FE000BF4077010895
:10100000D06701088C180120FB689B68062B14D060
:101010000123FB7711E0FB685B69052B0FD9BB68E7
:101020007B617B695B88DBB219461C4804F040FA9F
:1010300005E000BF04E000BF02E000BF00E000BF29
:10104000FB689B7F184600F075F80346002B03D120
:101050000123FB7700F09AF8FB7F012B18D1BB69C5
:10106000002B13D000224FF0FF310D4801F0C6FFD6
:101070000C4B1B68002B05D00A4B1B68002118463F
:1010800001F0F0FF0021064801F0ECFF002300E032
:101090007B6818462037BD4680BD00BFF467010855
:1010A000A4180120A018012080B586B000AF786098
:1010B00039601D4B1B683A689A4205D106221B49CC
:1010C000786804F02CFB29E007F11003184A062188
:1010D0001846FEF715FD0346002B02D140F20E43E1
:1010E0001DE0396907F10C023B680020FDF758FE4E
:1010F0000346FB82FB8A002B01D0FB8A0FE0FB68D2
:101100001846FDF741F8034606221946786804F0B0
:1011100006FBFB6801211846FDF711F8002318466D
:101120001837BD4680BD00BF7C0000208418012018
:101130001068010880B582B000AF78607B68022B30
:1011400012D07B68022B1BD87B68002B13D07B68E6
:10115000012B15D103F06EFC0346012B01D10023B6
:1011600010E04FF482630DE0FEF76AFF0346012BA7
:1011700001D1002306E0786800F0D8FA034601E0C8
:1011800040F2024318460837BD4680BD80B500AF27
:10119000044B1B68002B02D0024B1B68984700BF12
:1011A00080BD00BFC818012080B588B000AF78604E
:1011B000396007F10C03474A40211846FEF7A0FCAE
:1011C0000346002B02D140F20E437EE0F96807F19E
:1011D00008023B680020FDF7E3FD0346BB83BB8BA1
:1011E000002B01D0BB8B70E0BB681846FCF7CCFF2E
:1011F000B8610023FB8319E0FA8B13465B001344AC
:101200005B00BA691344043306221946786804F077
:10121000D7F90346002B06D1BB6801211846FCF71D
:101220008EFF002351E0FB8B0133FB83FA8BBB69FC
:101230001B689A42E0D3BB691B6801339BB21A4614
:10124000520013445B009BB2043399B207F10C03C4
:10125000204A1846FEF754FC78617B69002B02D1C6
:1012600040F20E4331E0BB691A687B691A607B6902
:10127000181DBB69191DBB691A6813465B0013442E
:101280005B001A4604F04BFABB6801211846FCF7D4
:1012900056FF7B691A6813465B0013445B007A694A
:1012A0001344043306227968184604F038FA7B693F
:1012B0001B685A1C7B691A60F9683B68002202208F
:1012C000FDF76EFD03467B827B8A18462037BD46BC
:1012D00080BD00BF2469010880B582B000AF78608E
:1012E00000217868FFF760FF034618460837BD46BF
:1012F00080BD000080B588B000AF7860396007F12C
:101300000C03504A40211846FEF7FAFB0346002B17
:1013100002D140F20E4391E0F96807F108023B6800
:101320000020FDF73DFD0346BB83BB8B002B01D0A6
:10133000BB8B83E0BB681846FCF726FFB861BB692E
:101340001B68002B74D0BB691B68013B9BB21A461B
:10135000520013445B009BB2043399B207F10C03B3
:10136000384A1846FEF7CCFB78617B69002B02D126
:1013700040F20E4362E00023FB834FE0FA8B1346FA
:101380005B0013445B00BA69134404330622194618
:10139000786804F015F90346002B3CD17B69181DD1
:1013A000BB69191DFA8B13465B0013445B001A4698
:1013B00004F0B5F9FA8B13465B0013445B007A69BD
:1013C0001344181DFB8B5A1C13465B0013445B002F
:1013D000BA691344191DBB691A68FB8BD21A1346EC
:1013E0005B0013445B00063B1A4604F098F9BB69A6
:1013F0001B685A1E7B691A60BB6801211846FCF7FE
:101400009EFEF9683B6800220220FDF7C9FC0346F6
:101410007B827B8A12E0FB8B0133FB83FA8BBB69F7
:101420001B689A42AAD3FB6800211846FCF787FE86
:10143000BB6801211846FCF782FE002318462037BE
:10144000BD4680BD2469010880B582B000AF7860D8
:1014500000217868FFF74EFF034618460837BD465F
:1014600080BD000080B400AF034B1B781846BD461A
:101470005DF8047B704700BF9C18012080B582B0E6
:1014800000AF0C4B1B78012B01D100230EE0002193
:10149000022000F0D4F80346FB80FB88002B01D02B
:1014A000FB8803E0034B01221A700023184608371B
:1014B000BD4680BDA000002080B588B002AFF860B6
:1014C0000B467A60FB7207F1100344211846FEF7C1
:1014D0005DFB78617B69002B02D140F20E431FE077
:1014E00044220021786904F094F87B690433FA7A85
:1014F000F968184604F013F9FB7A9AB27B691A80EE
:101500007B6901225A80012001F0DAFD3A697B688B
:10151000009300234FF486710220FDF7B7FF0346C6
:1015200018461837BD4680BD80B586B000AFF8605C
:101530000B467A60FB7207F11003154A42211846E8
:10154000FEF7DEFA78617B69002B02D140F20E4390
:1015500019E042220021786904F05BF87B690233CC
:10156000FA7AF968184604F0DAF8FB7A9AB27B69DD
:101570001A80012001F0A4FD39697B680022022055
:10158000FDF70EFC034618461837BD4680BD00BF68
:10159000806A010880B586B000AFF860B9607A60F3
:1015A00007F11003FA6804211846FEF7A9FA7861DA
:1015B0007B69002B02D140F20E4309E07B69BA68D7
:1015C0001A6039697B6800220220FDF7E9FB0346B7
:1015D00018461837BD4680BD80B588B000AFF860AA
:1015E000B9607A6007F11803FA6804211846FEF71B
:1015F00087FA0346002B02D140F20E431BE0B96983
:1016000007F114027B680020FDF7CAFB0346FB8349
:10161000FB8B002B01D0FB8B0DE07B691846FCF7A0
:10162000B3FD03461A68BB681A607B69012118463E
:10163000FCF785FD002318462037BD4680BD80B5E8
:1016400086B002AF7860396007F1080300211846C0
:10165000FEF79CFAF860FB68002B02D140F20E43C3
:1016600008E0BA683B680093002379680220FDF720
:101670000DFF034618461037BD4680BD80B588B0C3
:1016800002AFF860B9607A6007F1100304211846D0
:10169000FEF77CFA78617B69002B02D140F20E43A1
:1016A0000BE07B69BA681A603A697B680093002393
:1016B000F9680220FDF7EAFE034618461837BD46D2
:1016C00080BD000080B586B000AF7860396000232F
:1016D0007B617868FEF7FAFA786107F10803124A2D
:1016E00008211846FEF70CFA38613B69002B02D13D
:1016F00040F20E4314E07A693B691A603B69043397
:101700003A681A60B968002300220220FDF748FBFE
:101710000346FB81FB89002B01D0FB8900E00023FD
:1017200018461837BD4680BD786C010880B584B076
:1017300000AF78607B6803F00303FB6000F0AEF855
:101740000346002B04D0FB68002B01D100239AE054
:10175000FB68032B06D94E494E4803F0A9FE40F220
:10176000014390E04C4AFB6852F8233040F21622C5
:10177000934278D040F21622934200F2828040F2E7
:10178000062293426FD040F20622934279D8B3F5F5
:101790008B7F65D0B3F58B7F73D8B3F5837F5FD034
:1017A000B3F5837F6DD8962B57D0962B69D8862BAF
:1017B00053D0862B65D8202B46D8202B61D801A288
:1017C00052F823F0711801088318010883180108E2
:1017D0008318010883180108831801087D1801087F
:1017E000831801087118010883180108831801087B
:1017F0008318010883180108831801087718010865
:101800008318010883180108831801088318010848
:101810008318010883180108831801087D1801083E
:101820008318010883180108831801088318010828
:101830008318010883180108831801086D1801082E
:10184000831801084F180108462B03D019E04FF404
:10185000806318E040F2254315E040F2264312E091
:1018600040F227430FE04FF485630CE000230AE0C9
:1018700040F2EE3307E040F2FF3304E040F2EF3392
:1018800001E040F2014318461037BD4680BD00BF5D
:101890005C7701086C6501088C18012080B400AFEA
:1018A000064B1B6803F00103002B01D0012300E06D
:1018B00000231846BD465DF8047B7047CC18012014
:1018C00080B582B000AF0346FB71084AFB79137004
:1018D000074B1B68002B05D0054B1B68054A126897
:1018E0001046984700BF0837BD4680BDDC18012070
:1018F000E0180120E418012080B584B000AF034651
:10190000FB710023FB73124B1B78DBB2022B1AD145
:10191000FEF75CF90346012B02D0FB79012B02D1C3
:101920000023FB7309E002F013F90346012B02D1F7
:101930000123FB7301E0002306E0FB7B184600F067
:1019400009F8034600E0002318461037BD4680BD65
:10195000DC18012080B584B000AF0346FB71002382
:10196000FB811C4B1B78DBB2022B01D000232DE046
:101970000320FFF7A5FF184AFB791370FDF7C2F9A2
:10198000164B5968154B9A68144B1B68F87903F08D
:101990000EFA0346FB81FB89002B0CD1FB7918461C
:1019A00002F098FD0346FB81FB89002B04D1002047
:1019B000FFF786FF00E000BF094AFB891380FB891F
:1019C000002B02D00220FFF77BFFFB89184610375F
:1019D000BD4680BDDC180120DD180120D018012093
:1019E000DE18012080B483B000AF0346FB71FB79A1
:1019F00003F01F03012202FA03F1064A97F90730A8
:101A00005B0942F8231000BF0C37BD465DF8047B2C
:101A1000704700BF00E100E080B582B000AF7860A1
:101A200000F02EFEFEF796FA00BF0837BD4680BDD7
:101A300080B400AF034BC022DA6300BFBD465DF83F
:101A4000047B7047002C014080B500AF032106489D
:101A500000F008FC0023054A0121034800F08AFC3D
:101A60000023184680BD00BFC8770108191A010875
:101A700080B400AF00231846BD465DF8047B704774
:101A800080B58AB002AF00F0BBFD2C4801F09EFA91
:101A90000346BB83BB8B002B01D0BB8B4AE0284B9A
:101AA0004FF0FF329A633120FFF79CFF3B20FFF796
:101AB00099FF0123FB7711E0FB7F224A52F83300A4
:101AC000FB7F204ADB00134419790C230093012388
:101AD000002200F0EFFCFB7F0133FB77FB7F062B3E
:101AE000EAD901214FF4800000F03CFF01214FF4BE
:101AF000006000F057FF00F095FF78233B7600234D
:101B00007B600023BB604FF40073FB6000233B61EC
:101B100000237B613B1D184600F092FF032000F07C
:101B2000CFFF012000F0DCFF012000F0B9FF00F042
:101B300087FD002318462037BD4680BDF8200120D0
:101B4000002C0140C877010880B58AB006AF002399
:101B50007B600023FB600023049301230393002395
:101B60000293002301930023009301230422002108
:101B7000012000F047F8002304930123039300237E
:101B800002930023019300230093012304220521E3
:101B9000002000F037F83B1D04930023039300233B
:101BA00002930023019300230093012304220321C5
:101BB000002000F027F803467B81FB680133FB60BF
:101BC000FB68B3F5FA7F01D3022317E07B89002B72
:101BD00003D0012001F074FABDE77B680022049273
:101BE000002203920022029200220192009301231C
:101BF00004220721012000F005F8002318461037C1
:101C0000BD4680BD90B587B000AF0446084611467A
:101C10001A462346FB710346BB710B467B71134684
:101C20007B8000237B6100233B82BB79352B01D174
:101C3000FB6A002B00BFBB6B002B02D0BB6B0022EA
:101C40001A6000F0DDFC674B00221A60664B4FF013
:101C5000FF329A63654B00221A703B8A01333B8244
:101C60003B8A042B03D940F21B437B82AFE0BB7954
:101C70005F4A1360BB79352B71D1FFF7D9FE7B79B1
:101C8000042B18D13B8E184600F051F903467B8097
:101C90007B88B3F5007F08D2BB6A23F4FF7323F07F
:101CA00001037A881343BB6205E0BB6A23F4FF7328
:101CB00023F00103BB624F4AFB7913703B8E798896
:101CC000F879FA6A00F0A2F8474ABB6A9360BB79D8
:101CD00043F04003DBB2444A43F48063D360012203
:101CE0003221454801F08AF903467B827B8A002B2A
:101CF0006CD13E4B1B78012B00D1A7E73A4B5B6BB5
:101D000003F00C03002B00D0A0E7374B5B6B03F014
:101D10003303002B00D099E7384B7B617B69013B93
:101D20007B617B69002B91D02F4B5A6B40F23E2395
:101D30001340002B00D089E72B4B5B6B03F440531F
:101D4000002BEBD1FB79002B36D12D4B1B682D4A94
:101D500011682D4A1268184603F0E1FC2CE0224A73
:101D6000BB6A9360BB7943F04003DBB21E4A43F485
:101D70008063D360214B7B611B4B5B6BFB607B699A
:101D8000013B7B617B69002B3FF460AF97F83430F7
:101D9000002B06D1FA6840F23E231340002B00D0FE
:101DA00054E7FB6803F40063002BE5D1BB79052BF6
:101DB00002D10D4B01229A63BB6B002B03D00A4B5F
:101DC0005A69BB6B1A6000237B8200E000BF00F001
:101DD00037FC054B4FF48002DA637B8A18461C37C8
:101DE000BD4690BD58640240002C014018210120DE
:101DF0001C21012019210120F8200120A0860100CA
:101E0000E8200120F0200120EC20012080B584B0E2
:101E100000AFBA601A460346FB730B46BB811346FC
:101E2000FB80274ABB681360FB88264A1360FA8848
:101E3000BB8913445A1EBB8992FBF3F3BA8902FB98
:101E400003F31A46204B1A60FB7B012B03D11F4A78
:101E5000BB68136002E01D4B1D4A1A601D4B4FF01A
:101E6000FF325A621B4A184B1B689362BB891846A3
:101E700000F094F80246FB7B174951F823301343D6
:101E8000144A43F4006343F00903D362134B002266
:101E90001A60134B4FF07C629A60104B27225A61F4
:101EA0000E4B104A9A60094B1A680C4BDA60064BCD
:101EB0001B680A4A9B08536000BF1037BD4680BDAF
:101EC000E8200120EC200120F4200120F020012056
:101ED000E8180120002C014078770108586402407E
:101EE00000640240802C014080B586B000AF002322
:101EF0003B7500233B6000237B600023BB604FF4F5
:101F00000063FB6000233B6100F08CFD3B461846FC
:101F100000F096FD032000F0D3FD012000F0C0FD8D
:101F2000FFF786FD002318461837BD4680BD80B4F4
:101F300083B000AF78607B68B3F5807F02D94FF43F
:101F4000007324E07B68802B02D94FF480731EE07D
:101F50007B68402B01D9802319E07B68202B01D9B5
:101F6000402314E07B68102B01D920230FE07B680D
:101F7000082B01D910230AE07B68042B01D9082320
:101F800005E07B68022B01D9042300E004231846F6
:101F90000C37BD465DF8047B7047000080B483B009
:101FA00000AF0346FB80FB88B3F5006F7BD0B3F531
:101FB000006F7ADCB3F5806F73D0B3F5806F74DC9B
:101FC000B3F5007F6BD0B3F5007F6EDCB3F5807F97
:101FD00063D0B3F5807F68DC802B5CD0802B64DC21
:101FE000202B47DC002B60DD013B1F2B5DD801A2BD
:101FF00052F823F07B2001087F200108AB20010864
:1020000083200108AB200108AB200108AB200108A8
:1020100087200108AB200108AB200108AB20010894
:10202000AB200108AB200108AB200108AB20010860
:102030008B200108AB200108AB200108AB20010870
:10204000AB200108AB200108AB200108AB20010840
:10205000AB200108AB200108AB200108AB20010830
:10206000AB200108AB200108AB200108AB20010820
:102070008F200108402B0CD017E0002316E010231E
:1020800014E0202312E0302310E040230EE0502320
:102090000CE060230AE0702308E0802306E0902330
:1020A00004E0A02302E0B02300E0002318460C3730
:1020B000BD465DF8047B704780B400AF002318462E
:1020C000BD465DF8047B704700B5EEF7B9F900F046
:1020D00003F8EEF7ADB900BF684620F007018D4662
:1020E00081B583B000AF2C4B5B6B7B602B4B1B68C7
:1020F000052B02D1284B01229A637A6840F23323E0
:102100001340002B0BD0264B01221A70224B4FF0AC
:10211000FF329A630121234800F0A4FF35E07B6879
:1021200003F0C003002B1FD01B4B5B6903F400635B
:10213000002B07D01A4B01221A700121194800F018
:1021400091FF0EE0154B1B68352B0AD1164B1B78FF
:10215000012B03D1154B164A1A6002E0134B154AA6
:102160001A600D4BC0229A637B6803F48003002B36
:102170000BD0094BDB6B084A23F48003D363064B77
:102180004FF480029A63FDF7E5FE00BF0C37BD46B1
:10219000BDE8814085467047002C01401C2101208C
:1021A00018210120F8200120192101205864024043
:1021B0007154A3083154A30800B5EEF741F900F0BB
:1021C00003F8EEF735B900BF684620F007018D46E9
:1021D00081B583B000AF084B4FF07C629A6001215B
:1021E000064800F03FFF0346FB8000BF0C37BD46AA
:1021F000BDE881408546704700640240F820012018
:1022000080B582B002AF094B1869084B197D0023D5
:1022100000930023002200F04DF900214FF400103C
:1022200000F080FB00231846BD4680BDA077010862
:1022300080B483B000AF0346FB71FB7903F01F034A
:10224000012202FA03F1064A97F907305B0942F8C6
:10225000231000BF0C37BD465DF8047B704700BFFC
:1022600000E100E080B586B000AF78600B46FB70FF
:1022700000F0C6F97B681B68184600F05FF903465A
:10228000FB75234B1A6BFB7D224951F82330204903
:1022900013430B6300237B74FB78002B07D0FB7880
:1022A000012B04D0FB78032B01D0012300E0002395
:1022B000DBB23B74FB78022B14BF01230023DBB29B
:1022C000BB74FB78002B02D0FB78052B02D10123D5
:1022D000FB7407E0FB78012B02D10223FB7401E0C1
:1022E0000023FB747B681B791A4601239340FB6033
:1022F0007B681B6807F10C021146184600F03AFA99
:1023000000F09EF9002318461837BD4680BD00BF77
:10231000003802408077010880B582B000AF786055
:1023200000F06EF97B681B791A46012303FA02F26A
:102330007B681B6892B21A8300F082F9002318466A
:102340000837BD4680BD80B582B000AF786000F030
:1023500057F97B681B791A46012303FA02F27B685E
:102360001B6892B25A8300F06BF9002318460837B5
:10237000BD4680BD80B588B000AFF8607A603B6034
:102380000B46FB72FB68002B02D07B68002B00BF62
:10239000FB681B791A4601239340BB61FB7A032B30
:1023A0000CD0032B0DDC012B02D0022B03D008E054
:1023B0000823FB7707E00C23FB7704E01023FB776F
:1023C00001E005236EE000F01BF9384B1A68BB6989
:1023D0001340002B62D10023BB77FB681B681846B3
:1023E00000F0ACF803461A46FB681B791946104604
:1023F00000F086FBFB7F7B75BB693B6100233B756F
:102400000123BB7507F11003184600F041F9BB69C1
:1024100003F01F03002B05D0FB681B790633DBB2EA
:10242000BB770EE0BB6903F47873002B02D017234F
:10243000BB7706E0BB6903F47C43002B01D0282363
:10244000BB7797F91E301846FFF7F2FEFB681B7941
:102450001846FB681A68164903465B0003449B0054
:102460000B441A60FB681B791946114A0B465B0046
:102470000B449B00134404337A681A60FB681B7991
:1024800019460B4A0B465B000B449B001344083370
:102490003A681A6000F0D4F8002303E000F0D0F8A6
:1024A00041F27A7318462037BD4680BD003C01409A
:1024B0002021012080B586B000AF78600846114623
:1024C0001A460346FB700B46BB7013467B70786858
:1024D00000F034F80346FB7500F092F8154B1A6BC8
:1024E000FB7D154951F82330124913430B63012337
:1024F0007B7402233B74BB78BB747B78FB74FB78E2
:10250000012202FA03F3FB6007F10C031946786815
:1025100000F030F9FB789BB297F8202019467868D4
:1025200000F0B7F900F08CF8002318461837BD46C4
:1025300080BD00BF003802408077010880B483B0BE
:1025400000AF78607B68254A93423DD0234A93428E
:102550003CD8234A934235D0214A934236D8214A67
:1025600093422DD01F4A934230D81F4A934225D020
:102570001D4A93422AD81D4A93421DD01B4A9342BA
:1025800024D81B4A934215D0194A93421ED8194A9F
:1025900093420DD0174A934218D8174A934203D05A
:1025A000164A934202D011E0002310E001230EE00E
:1025B00002230CE003230AE0042308E0052306E0DD
:1025C000062304E0072302E0082300E0FF23184667
:1025D0000C37BD465DF8047B704700BF0020024009
:1025E000001C02400018024000140240001002408B
:1025F000000C0240000802400000024000040240BB
:1026000080B400AF72B60C4B1B68002B08DC0B4B80
:102610001B690A4A23F004031361074B00221A6066
:10262000054B1B680133044A136062B60023184649
:10263000BD465DF8047B7047E021012000ED00E01D
:1026400080B400AF72B60C4B1B68013B0A4A1360A2
:10265000094B1B68002B08DC084B1B69074A43F039
:1026600004031361044B00221A6062B6002318466B
:10267000BD465DF8047B7047E021012000ED00E0DD
:1026800080B400AF00BFBD465DF8047B704700001A
:1026900080B485B000AF78600023FB60344BFB60F2
:1026A0007B689B79002B4FD0314B1A687B681B6885
:1026B000DB432F4913400B602D4B5A687B681B6826
:1026C000DB432B4913404B607B681B791A46FB6840
:1026D0001344FB60FB6819687B681A68FB680A434F
:1026E0001A60234B9A687B681B68DB4320491340C0
:1026F0008B601F4BDA687B681B68DB431C49134007
:10270000CB607B685B79102B0ED1194B9A687B6884
:102710001B68174913438B60154BDA687B681B688D
:1027200013491343CB601DE0114BFB607B685B7961
:102730001A46FB681344FB60FB6819687B681A68DB
:10274000FB680A431A600DE07B681B791A46FB6838
:102750001344FB60FB6819687B681B68DA43FB68FD
:102760000A401A6000BF1437BD465DF8047B70470D
:10277000003C014080B487B000AF7860396000232E
:102780007B6100233B610023FB6000237B6176E0DB
:1027900001227B6902FA03F33B613B681B683A69DB
:1027A0001340FB60FA683B699A4265D17B681A68FE
:1027B0007B695B00032101FA03F3DB431A407B686A
:1027C0001A607B681A683B681B7919467B695B0055
:1027D00001FA03F31A437B681A603B681B79012BEB
:1027E00003D03B681B79022B2ED17B689A687B69EA
:1027F0005B00032101FA03F3DB431A407B689A6014
:102800007B689A683B685B7919467B695B0001FAD3
:1028100003F31A437B689A607B685A687B699BB2B2
:10282000194601238B40DB431A407B685A607B6862
:102830005B683A68927911467A6992B201FA02F2BB
:1028400092B21A437B685A607B68DA687B699BB2F4
:102850005B00032101FA03F3DB431A407B68DA6073
:102860007B68DA683B68DB7919467B695B0001FAB3
:1028700003F31A437B68DA607B6901337B617B6910
:102880000F2B85D900BF00BF1C37BD465DF8047B08
:10289000704780B485B000AF78600B467B801346EC
:1028A0007B700023FB600023BB607A787B8803F099
:1028B00007039B0002FA03F3FB607B88DB089BB2F3
:1028C0001A467B68083253F822207B8803F00703FE
:1028D0009B000F2101FA03F3DB437988C90889B211
:1028E000084602EA03017B6800F1080243F822105F
:1028F0007B88DB089BB21A467B68083253F822308B
:10290000FA681343BB607B88DB089BB21A467B687E
:102910000832B96843F8221000BF1437BD465DF88D
:10292000047B704780B485B000AF786039600023C5
:10293000FB600B4B9B68FB60FB6823F0EC63FB6068
:102940007A683B681343FA681343FB60044AFB68E8
:10295000936000BF1437BD465DF8047B704700BF2D
:102960000038024080B483B000AF78600B46FB7043
:10297000FB78002B06D00A4B1A6B09497B6813437E
:102980000B6306E0064B1A6B7B68DB43044913407C
:102990000B6300BF0C37BD465DF8047B704700BF7A
:1029A0000038024080B483B000AF78600B46FB7003
:1029B000FB78002B06D00A4B5A6C09497B681343FD
:1029C0004B6406E0064B5A6C7B68DB4304491340BA
:1029D0004B6400BF0C37BD465DF8047B704700BFF9
:1029E0000038024080B483B000AF78600B46FB70C3
:1029F000FB78002B06D00A4B5A6A09497B681343BF
:102A00004B6206E0064B5A6A7B68DB43044913407D
:102A10004B6200BF0C37BD465DF8047B704700BFBA
:102A20000038024080B500AF01214FF40060FFF78D
:102A3000D9FF00214FF40060FFF7D4FF00BF80BD35
:102A400080B485B000AF78600023FB60134B5B68F7
:102A5000FB60FB6823F4FD4323F07F03FB607B688E
:102A60001B7D1A467B689B681A437B685B681A4328
:102A70007B68DB681A437B681B681A437B681B69A9
:102A80001343FA681343FB60044AFB68536000BFBA
:102A90001437BD465DF8047B704700BF002C014031
:102AA00080B483B000AF0346FB71044AFB79136026
:102AB00000BF0C37BD465DF8047B7047A0802542FF
:102AC00080B483B000AF7860044A7B68136000BFB5
:102AD0000C37BD465DF8047B704700BF002C0140F9
:102AE00080B483B000AF7860044A7B68136000BF95
:102AF0000C37BD465DF8047B704700BFA8852542B2
:102B000080B485B000AF03460A46FB711346BB7123
:102B10000023FB60BB7903F003039B000F2202FA42
:102B200003F3FB60164ABB799B08DBB2023352F811
:102B30002320FB68DB431248B9798908C9B21A40DF
:102B40008B1C40F823200E4ABB799B08DBB2023372
:102B500052F82320F979BB7903F003039B0001FAB3
:102B600003F30748B9798908C9B21A438B1C40F8A6
:102B7000232000BF1437BD465DF8047B704700BFBB
:102B80000038014080B489B000AFF8600B467A602D
:102B90007B817B68DB43FB610023BB6121E0BB6978
:102BA000FA6813441B781A46FB695340FB61002303
:102BB0007B6110E0FB6903F00103002B05D0FB698A
:102BC0005A080E4B5340FB6102E0FB695B08FB6156
:102BD0007B6901337B617B69072BEBDDBB690133CB
:102BE000BB617B89BA699A42D9DBFB69DB43184632
:102BF0002437BD465DF8047B704700BF2083B8EDE5
:102C000080B487B000AF72B6344B1B68344A52F8B8
:102C100023307B61314B1B680D3303F00F03304AC7
:102C200052F823303B617A693B695A407B691B0447
:102C30005A403B69DB035340FB60284B1B68093358
:102C400003F00F03264A52F823303B613B69DB0A4D
:102C50003A6953403B61214B1B68F9683A694A4025
:102C60001F4941F823201E4A52F823307B617B69BB
:102C70005A011C4B13407A695340BB60174B1B68C9
:102C80000F3303F00F03154A1360144B1B68144AEB
:102C900052F823307B617A69FB685A40BB685A401E
:102CA0007B699B005A40FB689B0482EA03013B69F5
:102CB0001A070A4B1B684A40094941F82320074B71
:102CC0001B68074A52F823307B6062B67B6818465F
:102CD0001C37BD465DF8047B704700BF24220120ED
:102CE000E4210120242D44DA80B594B000AF78604F
:102CF0000B467B800023FB640023BB6410E07B88D1
:102D0000FA6C19467868FFF73DFFF864BB6C9B00CE
:102D100050333B44FA6C43F8482CBB6C0133BB6422
:102D2000BB6C0F2BEBD972B60023BB6411E00D4ACC
:102D3000BB6C52F82320BB6C9B0050333B4453F8D0
:102D4000483C5A400749BB6C41F82320BB6C013317
:102D5000BB64BB6C0F2BEAD962B600BF5037BD46CF
:102D600080BD00BFE421012080B485B000AF0346E0
:102D7000FB800023FB7372B60D4B1B68B3F5806FAD
:102D800007D30B4B1B68C3F30903094A13600123E4
:102D9000FB73FA88064B1B681344054A136062B63E
:102DA000FB7B18461437BD465DF8047B704700BFB7
:102DB0008800002080B584B000AF0346FB80FB880C
:102DC0001846FFF7D1FF0346002B0CD000F048F85F
:102DD0000346FB60064B1B685B6807F10C0204218D
:102DE0001046984700BF00BF1037BD4680BD00BFEA
:102DF0009400002080B586B000AF78600B467B80E1
:102E00007B687B617B881846FFF7D4FF1DE0134B7E
:102E10001B681B68984738610023FB6012E07B69E0
:102E20005A1C7A613A69D2B21A707B88013B7B8066
:102E30007B88002B00D108E03B691B0A3B61FB68E3
:102E40000133FB60FB68032BE9DD7B88002BDED1BF
:102E5000002318461837BD4680BD00BF94000020EF
:102E600080B400AF034B5B681846BD465DF8047B39
:102E7000704700BF001000E080B500AF00F02EF8F2
:102E800002210448FFF7EEF9012000F005F80023C5
:102E9000184680BDA877010880B582B000AF034610
:102EA000FB71FB79012B03D10548FFF74CFA02E0D7
:102EB0000348FFF731FA00BF0837BD4680BD00BFA9
:102EC000A877010880B483B000AF0346FB7100BF50
:102ED0000C37BD465DF8047B7047000080B500AF3D
:102EE00002210448FFF7BEF90248FFF72CFA00233D
:102EF000184680BDB077010880B58AB004AFF8608D
:102F0000B9607A603B6000237B6100233B6107F17D
:102F1000100302937B6A01933B6A00933B687A68D3
:102F2000B968F86800F005F8034618461837BD463A
:102F300080BD80B590B008AFF860B9607A603B6042
:102F40000023FB610023BB613B68002B02D140F2F0
:102F50000B4324E03B6B002B05D03B6B1B68FB61F4
:102F60003B6B5B68BB61B423069301230593FB694C
:102F70000493FB6A0393FB6A0293BB6A01933B6869
:102F80000093BB69BA687968F868F1F72DFB78613E
:102F90007B69002B01D1002301E040F20743184672
:102FA0002037BD4680BD80B584B000AF78607868BA
:102FB000FAF706FDF860FB68002B01D1002301E061
:102FC00040F21D4318461037BD4680BD80B582B023
:102FD00000AF78602023002207497868FAF720FBC9
:102FE0000346002B01D1002301E040F2F6331846DE
:102FF0000837BD4680BD00BF4C70010880B586B063
:1030000000AFF860B9601346FB71BB68B3F1FF3FD6
:1030100009D0BB684FF47A7202FB03F3104AA2FB9B
:1030200003239B0901E04FF0FF331946F868FAF7D4
:10303000C9FB78617B69002B01D100230CE07B691F
:103040000D2B01D1022307E07B691A2B02D140F23C
:103050001E4301E040F2F63318461837BD4680BDE6
:10306000D34D621080B582B000AF78600B46FB7024
:103070007868FAF707FC0346002B01D1002301E032
:1030800040F2F63318460837BD4680BD80B582B0A1
:1030900000AF78607868FAF72FFB0346002B01D168
:1030A000002301E040F2F63318460837BD4680BDE4
:1030B00080B500AFEFF7D8FC0346184680BD00008E
:1030C00080B586B000AF78607B684FF47A7202FBFF
:1030D00003F3B3F57A7F11D37B684FF47A7202FB66
:1030E00003F3154AA2FB03239B091846EFF7A2FD41
:1030F0000346002B1AD040F20D4318E0FFF7B0FE54
:1031000078617B680D4A02FB03F33B610BE0FFF73C
:10311000A7FEF860FA687B69D31A1A463B699B1AC6
:103120003B61FB687B613B69002BF0DC00231846A8
:103130001837BD4680BD00BFD34D6210C0D401001A
:1031400080B584B000AF78600B4B1B68002B09D1B1
:103150003423002209490A48FAF7EAF9F860064BD5
:1031600001221A604FF0FF310548F0F791FA00BFD5
:103170001037BD4680BD00BF2822012058700108CD
:103180002C22012080B582B000AF78600348F0F7B0
:1031900091FB00BF0837BD4680BD00BF2C22012037
:1031A00080B483B000AF0346FB71064AFB7913700D
:1031B000054B00221A6000BF0C37BD465DF8047B4A
:1031C000704700BF642201206022012080B584B0D6
:1031D00000AF0023FB60364B1B68B3F1FF3F1ED0EE
:1031E000344B1B78002B03D1334B1B68002B01D0D1
:1031F000012300E00023FB72EFF3108372B67B60C3
:103200002B4B1B682D4A1360294B4FF0FF321A607D
:103210007B6883F31088FB7A1846FFF7C1FF254BC4
:103220001B78012B12D1234B00221A70234B1B68F1
:10323000002B25D0FFF73CFF0246204B1B681344B0
:103240001D4A13601D4B1B68FB6019E01A4B1B687D
:10325000002B15D0FFF72CFF3860174B1A683B681E
:10326000D21A164B1B689A4204D8134B1A683B6853
:10327000D31AFB60FB68002B02D10F4B00221A60AF
:10328000FB68002B0ED001F043FB0346002B02D15C
:103290000023FB6006E000F013F80346002B01D08A
:1032A0000023FB60FB6818461037BD4680BD00BF99
:1032B0009C00002064220120602201209800002050
:1032C00080B400AF00231846BD465DF8047B70470C
:1032D00080B400AF034B00221A6000BFBD465DF80A
:1032E000047B70476822012080B582B000AF0023C4
:1032F000FB800021002000F049F80346FB80FB889A
:1033000018460837BD4680BD80B584B000AF3B4647
:103310001946012001F05CFD3B6803F03F03002BE0
:1033200004D03B6823F03F03403300E03B683B6040
:10333000154BFB603B68FA68D31ABB60B968012083
:1033400000F024F80346FB80FB88002B01D0FB88AB
:1033500015E03B689B08DB431A043B689B0813435A
:103360003B603B681A460421F86800F049FD0346BB
:10337000FB80FB88002B01D0FB8800E0002318466F
:103380001037BD4680BD00BFFCBF030080B58CB0C8
:1033900002AF03463960FB714FF480633B62002348
:1033A000FB8307F10C02FB791146184601F010FD72
:1033B0000346FB83FB8B002B40F08D80FB68002BCA
:1033C00002D10523FB8389E000237B623B6A9BB229
:1033D00004339AB207F1100000230021FAF78FFEA0
:1033E0000346FB83FB8B40F2F232934269D13B6A86
:1033F0005B083B623B6A012BE8D862E0FB8B002B49
:103400006BD13B691846FAF7BFFEB861BB691A1D5C
:10341000F87907F1080300933B6A796A01F0F4FC3C
:103420004CE0314B1B78DBB2012B07D13B6900210B
:103430001846FAF784FE0A23FB834FE0BB6840F28C
:10344000DC52934202D8BB689BB201E040F2DC53ED
:10345000FB82386800F04AF80346FB83FB8B002BA5
:1034600005D03B6900211846FAF769FE36E03B6853
:10347000C3F30E02BB690433F98A00930B460121A2
:10348000012000F04AFD0346FB83FB8B002B05D097
:103490003B6900211846FAF752FE1FE0BA68FB8A22
:1034A000D31ABB60FB8ABA691344BB61FB8A7A6A90
:1034B00013447B62FB8A3A6813443B60BB68002B71
:1034C000AFD1FB687A6A9A4298D33B6900211846CB
:1034D000FAF735FE02E000BF00E000BFFB8B1846A4
:1034E0002837BD4680BD00BF6C22012080B588B062
:1034F00000AF786040F2FD33FB837B6823F4FF4329
:1035000023F07F03BB614FF07F437B614FF47F0368
:103510003B614FF47F43FB603D4B1B68BA699A42A5
:1035200001D100236FE03A4B1A68BB695A407B69AE
:103530001340002B1CD0BB691B0E01223549012012
:1035400000F0D1FC0346FB83FB8B002B01D0FB8BEF
:1035500059E07B69DA432E4B1B6813402C4A1360F9
:10356000BA697B691A402A4B1B681343284A1360C7
:10357000274B1A68BB695A403B691340002B1CD08B
:10358000BB691B0C01222449012000F0ACFC03465E
:10359000FB83FB8B002B01D0FB8B34E03B69DA43D0
:1035A0001B4B1B6813401A4A1360BA693B691A40E7
:1035B000174B1B681343164A1360154B1A68BB69F7
:1035C0005A40FB681340002B1CD0BB691B0A012228
:1035D0001249012000F087FC0346FB83FB8B002B84
:1035E00001D0FB8B0FE0FB68DA43094B1B681340EB
:1035F000074A1360BA69FB681A40054B1B681343FE
:10360000034A1360002318462037BD4680BD00BF23
:10361000682201200C0001000B0001000A000100DB
:1036200080B400AF4FF47F731846BD465DF8047B4D
:10363000704780B586B000AF78600023FB8201231D
:103640003B61FFF7C3FDF860FB68002B02D0FB680D
:103650003B610FE001F0CAF90346FB82FB8A002BB5
:1036600001D0FB8A012B00BFFB8A002B02D14FF057
:10367000FF333B61FCF7AAFA0346012B14D1FCF798
:1036800013FB0346002B0FD100F092FE0346FB8292
:103690003B69642B28BF6423002219467868FFF732
:1036A000ADFC0346FB8206E0002239697868FFF72B
:1036B000A5FC0346FB82FB8A002B01D0FB8A022B70
:1036C00000BF00BF1837BD4680BD90B587B002AFC0
:1036D00078607868FAF766FD0346043B9CB2786828
:1036E000FAF752FD034604330093234600220221D9
:1036F000012000F012FC0346FB8100217868FAF7F4
:103700001EFDFB89002B02D10120FFF749FDFB893B
:1037100018461437BD4690BD80B592B000AF002367
:103720007B60AC4B00221A70FFF7D2FD0120FFF73F
:10373000B3FB0120FFF7C6FB0120FFF7C1FC00200F
:10374000FFF7AAFB0120FFF7BBFCFEF7FDF90346DC
:10375000FB87FB8F002B01D0FB8FF1E100233B6443
:10376000022301220221002000F0BDFB0346BB879B
:10377000BB8F002B01D0BB8FE2E13B6C002B02D052
:103780000120FFF79DFC07F109030122022100201F
:1037900000F0EEFD03467B877B8F002B01D07B8FF3
:1037A000CEE13B6C01333B643B6CB3F5FA7F01D354
:1037B0000223C5E17B7A022BD2D107F10903012252
:1037C0000721002000F0D4FD03463B873B8F002BF0
:1037D00001D03B8FB4E17B7A23F0030343F0020373
:1037E00001220721002000F07EFB0346FB86FB8EB2
:1037F000002B01D0FB8EA3E100233B640BE00120F2
:10380000FFF75EFC3B6C01333B643B6CB3F5FA7F26
:1038100001D3022394E1402301221021002000F073
:1038200062FB0346A7F84630B7F84630002B14D1A8
:1038300007F1090301221021002000F099FD034641
:10384000A7F84630B7F84630002B06D17B7A402BDC
:1038500003D03B6CB3F5FA7FD1D3B7F84630BB86C3
:10386000BB8E002B01D0BB8E6AE1402301221021C8
:10387000002000F038FB03467B867B8E002B01D0B6
:103880007B8E5DE1402301224FF48871002000F01F
:103890002AFB03463B863B8E002B01D03B8E4FE13B
:1038A000402301224FF40471002000F01CFB03466A
:1038B000FB85FB8D002B01D0FB8D41E10023012214
:1038C00040F21121002000F00EFB0346BB85BB8DAA
:1038D000002B01D0BB8D33E10723012204210020FE
:1038E00000F001FB03467B857B8D002B01D07B8D97
:1038F00026E1FEF7F9FA03463B853B8D002B01D00C
:103900003B8D1DE100233B6405E00120FFF7D8FB60
:103910003B6C01333B6407F10903012203210020C2
:1039200000F026FD0346A7F84630B7F84630002BD6
:1039300008D17B7A03F00203002B03D13B6CB3F573
:10394000FA7FE2D33B6CB3F5FA7F01D30223F7E0B1
:10395000B7F84630FB84FB8C002B01D0FB8CEFE0EA
:10396000292301221C49012000F0BDFA0346BB8433
:10397000BB8C002B01D0BB8CE2E000233B6405E054
:103980000120FFF79DFB3B6C01333B6407F109030A
:1039900001221149012000F0EBFC0346A7F8463054
:1039A000B7F84630002B07D17B7A03F04003002B99
:1039B00002D13B6C632BE3D93B6C632B01D902230F
:1039C000BEE0B7F846307B847B8C002B06D07B8C26
:1039D000B6E000BF6D2201200E000100002301228D
:1039E0005949012000F07FFA03463B843B8C002BB1
:1039F00001D03B8CA4E0002301225449012000F0B7
:103A000072FA0346FB83FB8B002B01D0FB8B97E004
:103A1000062301220221002000F065FA0346BB8341
:103A2000BB8B002B01D0BB8B8AE007230122F22144
:103A3000002000F058FA03467B837B8B002B01D0DB
:103A40007B8B7DE0FEF714F80346184600F0F0FC8F
:103A500003463B833B8B002B01D03B8B70E0FDF793
:103A6000F3FF0346FB82FB8A002B01D0FB8A67E051
:103A7000052301220421002000F035FA0346BB8211
:103A8000BB8A002B01D0BB8A5AE007F1090301224F
:103A90000321002000F06CFC03467B827B8A002B14
:103AA00001D07B8A4CE0FFF703FBF86000F074FB69
:103AB0000346A7F84630FFF7FBFA0246FB68D31A25
:103AC000FB603B1D1946002001F082F9B7F8463033
:103AD000002B02D0B7F8463032E000233B6405E00B
:103AE0000120FFF7EDFA3B6C01333B6407F109035A
:103AF00001220321002000F03BFC0346A7F84630DA
:103B0000B7F84630002B08D17B7A03F00403002B72
:103B100003D13B6CB3F57A7FE2D33B6CB3F57A7F8C
:103B200001D302230CE000F0FFFE00F00DFF03467E
:103B30007B817B89002B01D07B8901E0B7F846307F
:103B400018464837BD4680BD0E0001000F00010039
:103B500080B582B000AF00237B6000F0F5FE034625
:103B6000002B01D0002328E03B1D1A4604211548F4
:103B700000F07EF90346002B17D17B6803F0800329
:103B8000002B14D0802204210E4800F039F903469E
:103B9000002B0ED13B1D1A4604210A4800F068F99B
:103BA0000346002B07D1012307E000BF04E000BF5C
:103BB00002E000BF00E000BF002318460837BD4602
:103BC00080BD00BF2020001880B582B000AF002368
:103BD0003B6000F0B9FE0346FB80FB88002B01D060
:103BE000FB8822E03B461A460421124800F040F9C7
:103BF0000346002B02D000233B6013E03B6803F038
:103C0000F003002B0DD03B6803F0F0031A460421AB
:103C1000084800F0F5F80346002B02D000233B6073
:103C200000E000BF3B6803F0F00318460837BD46CC
:103C300080BD00BF2020001880B58AB002AF786038
:103C40007B6800221A6000F07FFE0346BB83BB8BBB
:103C5000002B01D0BB8BCCE007F108031022002120
:103C6000184601F0D6FC0023019307F108030093E6
:103C7000042300220221002000F06AF903467B831E
:103C80007B8B002B05D0002000F03AFB40F2034371
:103C9000AFE03A897B8913439BB2002B07D03A8966
:103CA0007B8953409BB24FF6FF72934202D040F2A1
:103CB00004439EE03B890C2B21D1504B1B78012BF8
:103CC0001DD10023019307F1080304330093082357
:103CD00000220221002000F03BF903467B837B8B0E
:103CE000002B05D0002000F00BFB40F2034380E0E6
:103CF00007F108031846FBF7FFF8002379E03B893A
:103D0000042B03D93B89043BFB8301E00023FB83A5
:103D1000FB8B08339AB2002301217868FAF7EFF998
:103D200003467B837B8B002B2DD07B8B40F2F132C3
:103D3000934203D07B8B40F2F232934200BF0023C8
:103D4000019307F1080304330093082300220221A2
:103D5000002000F0FDF803467B837B8B002B05D011
:103D6000002000F0CDFA40F2034342E0002000F0D2
:103D7000C7FA03467B8307F108031846FBF7BCF834
:103D800040F2054335E07B681B681846FAF7FCF9FA
:103D90000346043307F108010422184601F0BFFC72
:103DA000FB8B002B21D07B681B681846FAF7ECF9D7
:103DB00003460833FA8B0021019100931346002239
:103DC0000221002000F0C4F803467B837B8B002B8C
:103DD0000BD0002000F094FA7B681B680121184684
:103DE000FAF7ADF940F2034303E00120FFF7D8F9F9
:103DF000002318462037BD4680BD00BFA00000202C
:103E000080B588B002AFF8600B467A60FB72F86844
:103E1000FFF76CFB0346FB82FB8A002B01D0FB8A79
:103E200022E0FB68C3F30E03FB60FB7A042B03D193
:103E3000FB6843F40043FB60FB7A9AB200230193D2
:103E40003B1D00931346FA680121012000F080F821
:103E50000346BB82BB8A002B01D0BB8A04E04FF033
:103E6000C050FFF743FB034618461837BD4680BDD8
:103E700080B588B002AFF8600B467A60FB727B6851
:103E800000221A70F868FFF731FB0346FB82FB8AB9
:103E9000002B01D0FB8A22E0FB68C3F30E03FB601A
:103EA000FB7A042B03D1FB6843F40043FB60FB7AED
:103EB0009AB2002301937B6800931346FA680121AC
:103EC000002000F045F80346BB82BB8A002B01D0DE
:103ED000BB8A04E04FF0C050FFF708FB03461846CA
:103EE0001837BD4680BD80B586B002AFB9607B6033
:103EF0000346FB731346BB73BB7B9AB2F97B00236B
:103F000001933B1D00931346BA68012000F020F88E
:103F1000034618461037BD4680BD80B584B002AF59
:103F20003A601A460346FB710B46BB711346BB80D1
:103F3000BA88B979F879002301933B690093134655
:103F40003A6800F005F8034618460837BD4680BDBC
:103F500080B586B004AF3A601A460346FB710B4643
:103F6000BB711346BB80BB88012B0DD13B691A780E
:103F7000B979F8793B6901933B7D009313463A6820
:103F800000F01AF8034613E0BB883F2B01D900224A
:103F900000E00422B979F879002303933B7D029372
:103FA0003B690193BB8800933B6800F067F80346C8
:103FB00018460837BD4680BD80B58CB006AF3A6064
:103FC0001A460346FB710B46BB7113467B710023F7
:103FD000FB60BB7903F00703DBB203F00303DAB243
:103FE000FB7B62F30613FB733B68C3F3100303F020
:103FF0007F0250007A7B02F00102114602460A431A
:104000007A73DA09D2B200210A43BA73DB0B03F0E8
:10401000030303F00301FB7B23F003031A460B4663
:104020001343FB73FB79012B01D1012200E0002235
:10403000FB7B62F3C713FB737B793B73FB68F879F7
:1040400007F11002049297F82020039200220292B6
:10405000002201920093012304223421FDF7D2FDB6
:104060000346FB827B6A002B03D03B69DAB27B6A92
:104070001A70FB8A18461837BD4680BD80B58AB0D5
:1040800006AF3B600346FB710B46BB7113467B7169
:104090000023BB60BB7903F00703DBB203F003032B
:1040A000DAB2FB7A62F30613FB723B68C3F31002C9
:1040B000BB6862F35923BB60FB7A43F00403FB72D5
:1040C000FB79012B01D1012200E00022FB7A62F38F
:1040D000C713FB727B79042B1ED13B8BC3F3080300
:1040E0009AB23B8962F308033B81BB687979F8791E
:1040F0007A6A049297F8202003923A8B0292FA6926
:104100000192009340230A463521FDF77BFD0346CB
:10411000FB81FB89002B38E03B8B9B099BB2C3F3EF
:1041200008039AB23B8962F308033B813B89C3F3DE
:1041300008039BB29B011A463B8B9A420BD23B89E8
:10414000C3F308039BB20133C3F308039AB23B895C
:1041500062F308033B81FB7A43F00803FB72BB6800
:104160007979F8797A6A049297F8202003923A8B49
:104170000292FA690192009340230A463521FDF725
:1041800041FD0346FB81FB89002B00BFFB891846DC
:104190001037BD4680BD000080B588B000AF002359
:1041A000FB710021002000F014FD03467B837B8B14
:1041B000002B01D07B8B97E00021012000F009FD4E
:1041C00003463B833B8B002B01D03B8B8CE00021D3
:1041D000012000F070FD0346FB82FB8A002B01D01A
:1041E000FB8A81E000F0A8FB0346BB82BB8A002B60
:1041F00001D0BB8A78E0FFF777F803467B827B8AA1
:104200000A2B01D17B8A6FE07B8A002B01D07B8A4D
:104210006AE0FFF779F803463B823B8A002B01D026
:104220003B8A61E00021002000F045FD0346FB8150
:10423000FB89002B01D0FB8956E0002000F08AFCAE
:1042400003467B827B8A002B01D07B8A4CE00023D3
:10425000FB6105E00120FEF733FFFB690133FB61E1
:10426000FB1D01222249012000F082F803467B82D7
:104270007B8A002B07D1FB795BB2002B03DBFB6948
:10428000B3F5FA7FE6D3FB69B3F5FA7F01D30223D6
:104290002AE07B8A002B01D07B8A25E0F0220421D2
:1042A0001448FFF7ADFD0346BB81BB89002B01D04D
:1042B000BB8919E0032201210F48FFF7A1FD034646
:1042C0007B817B89002B01D07B890DE008230122B3
:1042D0000A490120FFF707FE03463B813B89002B7B
:1042E00001D03B8900E0002318462037BD4680BD41
:1042F0000E000100242000183420001808000100DE
:1043000080B584B000AF0346FB7102230122062171
:104310000020FFF7E8FD0346FB81FB89002B01D05D
:10432000FB891CE0012301220F490120FFF7DBFD7F
:104330000346BB81BB89002B01D0BB890FE0FB7911
:10434000012B0BD1012201210848FFF759FD03463B
:104350007B817B89002B01D07B8900E000231846FC
:104360001037BD4680BD00BF0D0001004020001881
:1043700080B586B002AFB9607B600346FB7313461D
:10438000BB73BB7B1A460021786801F042F9BB7B06
:104390009AB2F97B002301937B6800931346BA68B5
:1043A0000020FFF7D5FD034618461037BD4680BDF7
:1043B00080B500AF082204210248FFF721FD034623
:1043C000184680BD4020001880B483B000AF03467B
:1043D000FB71FB79002B03D0064B01221A7002E01F
:1043E000044B00221A70002318460C37BD465DF8B6
:1043F000047B70476D22012080B400AF034B1B7813
:104400001846BD465DF8047B704700BF6D22012051
:1044100080B400AF00231846BD465DF8047B7047AA
:1044200080B400AF00231846BD465DF8047B70479A
:1044300080B584B000AF0346FB71FB79012B33D10B
:104440000F2301221B490120FFF74DFD0346FB818D
:10445000FB89002B01D0FB8927E0002301221649AC
:104460000120FFF740FD0346BB81BB89002B01D033
:10447000BB891AE00223012210490120FFF733FD16
:1044800003467B817B89002B01D07B890DE00223D1
:1044900004220B490120FFF726FD03463B813B899F
:1044A000002B01D03B8900E0002318461037BD46A1
:1044B00080BD00BF050001000600010007000100EB
:1044C0006C00001880B400AF00BFBD465DF8047BEF
:1044D0007047000080B592B000AF0346FB71002327
:1044E000A7F8463000233B6400233B6402230122EB
:1044F00002210020FFF7F7FC0346FB87FB8F002B10
:1045000001D0FB8FE1E13B6C002B02D00120FEF7D4
:10451000D7FD07F10D03012202210020FFF728FF3C
:104520000346BB87BB8F002B01D0BB8FCDE13B6C1B
:1045300001333B643B6CB3F5FA7F01D30223C4E142
:104540007B7B022BD2D107F10D0301220721002032
:10455000FFF70EFF03467B877B8F002B01D07B8FFD
:10456000B3E17B7B23F0030343F002030122072125
:104570000020FFF7B8FC03463B873B8F002B01D0A0
:104580003B8FA2E100233B640BE00120FEF798FD86
:104590003B6C01333B643B6CB3F5FA7F01D30223E0
:1045A00093E14023012210210020FFF79CFC0346E9
:1045B000A7F84630B7F84630002B14D107F10D03A9
:1045C000012210210020FFF7D3FE0346A7F8463052
:1045D000B7F84630002B06D17B7B402B03D03B6CD9
:1045E000B3F5FA7FD1D3B7F84630FB86FB8E002BAC
:1045F00001D0FB8E69E14023012210210020FFF74A
:1046000072FC0346BB86BB8E002B01D0BB8E5CE1E7
:10461000402301224FF488710020FFF764FC034619
:104620007B867B8E002B01D07B8E4EE140230122C6
:104630004FF404710020FFF756FC03463B863B8E87
:10464000002B01D03B8E40E10023012240F21121DA
:104650000020FFF748FC0346FB85FB8D002B01D0B3
:10466000FB8D32E10723012204210020FFF73BFCF0
:104670000346BB85BB8D002B01D0BB8D25E1FDF72B
:1046800033FC03467B857B8D002B01D07B8D1CE1A9
:1046900000233B6405E00120FEF712FD3B6C013373
:1046A0003B6407F10D03012203210020FFF760FEA8
:1046B0000346A7F84630B7F84630002B08D17B7B7D
:1046C00003F00203002B03D13B6CB3F5FA7FE2D376
:1046D0003B6CB3F5FA7F01D30223F6E0B7F846301E
:1046E0003B853B8D002B01D03B8DEEE02923012241
:1046F00078490120FFF7F7FB0346FB84FB8C002B76
:1047000001D0FB8CE1E000233B6405E00120FEF7D3
:10471000D7FC3B6C01333B6407F10D0301226D496B
:104720000120FFF725FE0346A7F84630B7F84630CC
:10473000002BEBD17B7B03F04003002B02D13B6CC1
:10474000632BE3D93B6C632B01D90223BDE0B7F89F
:104750004630BB84BB8C002B01D0BB8CB5E0002362
:1047600001225C490120FFF7BEFB03467B847B8C62
:10477000002B01D07B8CA8E00023012256490120A8
:10478000FFF7B1FB03463B843B8C002B01D03B8CF5
:104790009BE00623012202210020FFF7A4FB034631
:1047A000FB83FB8B002B01D0FB8B8EE007230122C8
:1047B000F2210020FFF797FB0346BB83BB8B002B46
:1047C00001D0BB8B81E0FDF753F903461846FFF794
:1047D0002FFE03467B837B8B002B01D07B8B74E009
:1047E000FDF732F903463B833B8B002B01D03B8B1B
:1047F0006BE00523012204210020FFF774FB034630
:10480000FB82FB8A002B01D0FB8A5EE007F10D03DF
:10481000012203210020FFF7ABFD0346BB82BB8AC8
:10482000002B01D0BB8A50E0FFF7B6FC0346A7F887
:104830004630B7F84630002B02D0B7F8463044E097
:1048400000233B6405E00120FEF73AFC3B6C01339A
:104850003B6407F10D03012203210020FFF788FDCF
:104860000346A7F84630B7F84630002BEBD17B7BE8
:1048700003F00403002B03D13B6CB3F57A7FE2D342
:104880003B6CB3F57A7F04D3FB79012B01D1022372
:104890001BE000F049F803467B827B8A002B01D0A5
:1048A0007B8A12E000F050F803463B823B8A002BE3
:1048B00001D03B8A09E000F099F80346FB81FB89AF
:1048C000002B01D0FB8900E0002318464837BD4685
:1048D00080BD00BF0E0001000F00010080B500AFD9
:1048E000002304220821002000F0D6F803461846D1
:1048F00080BD80B582B000AF786008220221786860
:1049000000F0A4F8034618460837BD4680BD0000F5
:1049100080B400AF034B1B781846BD465DF8047B9E
:10492000704700BF6E22012080B400AF00231846FC
:10493000BD465DF8047B704780B400AF0023184685
:10494000BD465DF8047B704780B584B000AF00239E
:104950007B714FF47A73FB60224B1B78012B01D1E2
:1049600000233AE0FFF754FD03467B817B89002B4F
:1049700001D07B8931E0102301221B490120FFF780
:10498000B2FA03463B813B89002B01D03B8924E0EE
:104990007B1D012214490120FFF7EAFC0346FB803E
:1049A000FB88002B01D0FB8817E0FB68013BFB6014
:1049B0007B795BB2002B06DBFB68002B03D0012068
:1049C000FEF77EFBE4E7FB68002B02D140F2FE33EA
:1049D00003E0044B01221A70002318461037BD462D
:1049E00080BD00BF6E2201200E00010080B582B0A4
:1049F00000AF0E4B1B78012B13D10C4B00221A7009
:104A0000002301220A490120FFF76DFA0346FB80CB
:104A1000FB88002B01D0FB8804E0FFF701FD034673
:104A200000E0002318460837BD4680BD6E220120F5
:104A30000E00010080B400AF034B1B781846BD4642
:104A40005DF8047B704700BF6F22012080B584B001
:104A500000AF78600B467B8013463B807B88FB81F0
:104A60000120FCF767FB0346002B01D100230DE07A
:104A70007B68002B01D13B88FB81FB890022194612
:104A80000448FCF787FD0346BB81BB8918461037F5
:104A9000BD4680BD6870010880B584B000AF786005
:104AA000084611461A460346FB700B46BB70134678
:104AB0007B70FB787A6819461648FCF76BFD034655
:104AC000FB81FB89002B01D0FB891EE097F90230A6
:104AD0007A6819461048FCF75DFD0346BB81BB8927
:104AE000002B01D0BB8910E07B78FF2B0CD07B78AA
:104AF0007A6819460948FCF74DFD03467B817B899E
:104B0000002B01D07B8900E0002318461037BD46FA
:104B100080BD00BF687001087870010884700108CA
:104B200080B400AF00BFBD465DF8047B7047000055
:104B300080B483B000AF0346FB71FB79044A52F89E
:104B4000233018460C37BD465DF8047B704700BF24
:104B50000078010880B584B000AF0346FB71FB7993
:104B60001846FFF7E5FFF860FB6803F5816307F17E
:104B7000090201211846FFF77BF903467B817B89F7
:104B8000002B01D07B8920E07B7A03F00303012B0B
:104B900002D040F2FA3318E0FB6803F5006307F136
:104BA000090201211846FFF763F903467B817B89DF
:104BB000002B01D07B8908E07B7A03F00103002BF6
:104BC00002D040F2FB3300E0002318461037BD4608
:104BD00080BD80B584B000AF03460A46FB71134622
:104BE000BB71FB791846FFF7A3FFF860FB6803F57C
:104BF000006307F1090201211846FFF739F903465E
:104C00007B817B89002B01D07B8950E0FB6803F519
:104C1000006307F1080201211846FFF729F903464E
:104C20007B817B89002B01D07B8940E03B7A03F0BC
:104C30000103002B01D0002339E0FB6803F58160FC
:104C4000BB79012B01D1202300E000231A4601216A
:104C5000FFF7D6F803467B817B89002B01D07B8947
:104C600025E0FB6803F5816307F10902012118467D
:104C7000FFF7FEF803467B817B89002B01D07B89FF
:104C800015E00120FEF71CFAFB6803F50063012222
:104C900001211846FFF7B4F803467B817B89002B7E
:104CA00001D07B8903E00120FEF70AFA7B891846D0
:104CB0001037BD4680BD80B584B000AF03460A46BC
:104CC000FB711346BB71FB791846FFF731FFF860A3
:104CD000BA79FB7911461846FFF77BFF03467B81C3
:104CE0007B89002B01D07B895DE0FB6803F5816047
:104CF000BB79012B01D1232300E003231A460121B4
:104D0000FFF77EF803467B817B89002B01D07B89EE
:104D100049E0FB6803F5816307F1090201211846A8
:104D2000FFF7A6F803467B817B89002B01D07B89A6
:104D300039E0FB6803F50063002201211846FFF704
:104D40005FF803467B817B89002B01D07B892AE0B9
:104D50000120FEF7B5F9FB6803F58160BB79012BF3
:104D600001D1212300E001231A460121FFF748F871
:104D700003467B817B89002B01D07B8913E0FB6894
:104D800003F5816307F1090201211846FFF770F866
:104D900003467B817B89002B01D07B8903E00120C6
:104DA000FEF78EF97B8918461037BD4680BD80B46A
:104DB00085B000AFB9607A603B600346FB734FF487
:104DC0007F7318461437BD465DF8047B70470000BA
:104DD00080B483B000AF03463960FB71FB79002BD0
:104DE00004D1084B5A683B681A6003E03B6840F204
:104DF000C5321A60002318460C37BD465DF8047BA7
:104E0000704700BFB8BE040880B586B002AFB96075
:104E10007A603B600346FB73FB7B002B09D17B6808
:104E20000093BB693A68B9680E4800F01FF8034662
:104E300013E0BB68C3F5717301333A689A4228BF27
:104E40001A46BB691A60BB68074A9918BB691B6898
:104E50001A46786800F063FC002318461037BD46F8
:104E600080BD00BFB8BE04080C78010880B584B0CE
:104E700000AFF860B9607A603B60FB685B68BA6855
:104E80009A4202D940F6A17318E0FB685A68BB68E1
:104E9000D21A7B689A4228BF1A463B681A60FB68A0
:104EA0001B78002B09D1FB689A68BB68D1183B6856
:104EB0001B681A46B86900F032FC00231846103708
:104EC000BD4680BD2DE9F04782B00646DDF828E0FA
:104ED0000846B4460D46002B4ED18A4214466DD981
:104EE000B2FA82F242B1C2F12003954026FA03F3EE
:104EF00094401D4306FA02FC260CA7B2B5FBF6F15E
:104F00004FEA1C4306FB115543EA054301FB07F03A
:104F1000984209D9E31801F1FF3580F003819842E6
:104F200040F20081023923441B1A1FFA8CFCB3FBA8
:104F3000F6F006FB10334CEA034C00FB07F3634525
:104F40000AD914EB0C0C00F1FF3580F0ED806345BD
:104F500040F2EA80A444023840EA0140ACEB030C82
:104F60000021BEF1000F04D02CFA02F30022CEE99A
:104F7000003202B0BDE8F0878B4209D9BEF1000FC4
:104F800001D0CEE900610021084602B0BDE8F087FB
:104F9000B3FA83F1174600294DD1834202D3B242BE
:104FA00000F20F81B6EB070C60EB030301201D46F6
:104FB000BEF1000FDDD0CEE900C5DAE7002A00F02F
:104FC00098801A46B4FA84F3002B40F0AF800B1B94
:104FD000270CA6B20121B3FBF7F54FEA1C4007FBF3
:104FE000153340EA034306FB05F8984507D9E31853
:104FF00005F1FF3002D2984500F2E8800546A3EBA8
:1050000008031FFA8CFCB3FBF7F007FB10334CEAE4
:10501000034C06FB00F3634508D914EB0C0C00F1BC
:10502000FF3602D2634500F2CE803046ACEB030C73
:1050300040EA054095E7C1F120058B4022FA05FCC6
:105040004CEA030C00FA01F426FA05F3E84002FAF0
:1050500001F943EA04084FEA1C4206FA01FAB0FBE0
:10506000F2F71FFA8CF602FB17004FEA184444EAE5
:10507000004407FB06F0A0420AD91CEB040407F128
:10508000FF3380F09C80A04240F29980023F64444C
:10509000241A1FFA88F3B4FBF2F002FB104443EA2F
:1050A000044300FB06F69E4209D91CEB030300F102
:1050B000FF3480F082809E427FD90238634440EA08
:1050C0000740A0FB09749B1BA3423E46A04664D345
:1050D00061D0BEF1000F0AD0BAEB060263EB080301
:1050E00003FA05F5CA401543CB40CEE90053002131
:1050F0003FE7730843EAC1734A08190C41EA0241C9
:105100004FEAC67C9BB2B2FBF4F02646A046274687
:105110001F2243EA0143B1FBF4F1A3EB080341EA88
:10512000004158E72946FFE6284615E71A46C3F12D
:1051300020019C4026FA01F320FA01F1904003433C
:10514000270C06FA02FCB1FBF7F0A6B207FB10151C
:10515000190C41EA054100FB06F58D423BD9611867
:1051600001D28D4220D8491B0138B1FBF7F50195DA
:1051700005FB06F8019D9BB207FB151143EA0143AD
:10518000434526D2E31805F1FF31C6D24345C4D2C8
:10519000A91E2344C1E7BA459BD2B7EB090664EBCD
:1051A0000C040138A04694E7651B29440238B1FB82
:1051B000F7F5019505FB06F8DCE720467FE71F467B
:1051C00066E70846F4E6A44402382FE7023D23448C
:1051D00015E70199A1E7491BB1FBF7F5019505FB1F
:1051E00006F8C7E70028B8BF4042704770B50F4CBB
:1051F0000E462168054611B900F048FA2060314694
:10520000284600F043FA431C03D14FF0FF342046F8
:1052100070BDC41C24F00304A042F8D0211A284613
:1052200000F034FA0130F2D1EFE700BF7022012024
:105230002DE9F843CD1C25F0030508350C2D38BFAA
:105240000C25002D064601DBA94204D90C2333604E
:105250000020BDE8F883334FFDF772FF3B681C4622
:105260003CBB29463046FFF7C1FF431C044656D1DC
:105270003C68A046B8F1000F40D1002C49D023680B
:105280004146304604EB030900F000FA814540D165
:1052900021686D1A29463046FFF7A8FF013038D043
:1052A00023682B4423603B685A685ABBC7F80080C8
:1052B0000EE02268521B1ED40B2A16D96119A34294
:1052C000256018BF5960636808BF396062514B6040
:1052D0003046FDF757FF04F10B00231D20F00700B7
:1052E000C21A1CBF1B1AA350B3E76268A3420CBFCB
:1052F0003A605A60ECE723466468B1E74446D8F860
:105300000480B7E71A465B68A342FBD100235360D1
:10531000DEE70C2333603046FDF734FF98E7056085
:10532000D6E700BF74220120002310B50446C0E96F
:105330000033C0E90433836081814366C2818361A5
:10534000194608225C3000F064F90D4B63620D4B86
:10535000A3620D4BE3620D4B23630D4B24629C4211
:1053600006D003F16802944202D0D0339C4205D1AA
:1053700004F15800BDE8104000F0CEB910BD00BFE8
:10538000395501085B55010893550108B9550108C5
:1053900078220120024A0349034800F06BB800BF9D
:1053A000B00000203D610108C000002041680C4BA6
:1053B000994210B5044601D000F0C0FEA168094B27
:1053C000994202D0204600F0B9FEE168064B9942AE
:1053D00004D02046BDE8104000F0B0BE10BD00BFB4
:1053E00078220120E02201204823012010B50A4B39
:1053F0000A4A1A600A4800220421FFF795FF09486B
:1054000001220921FFF790FFBDE810400648022263
:105410001221FFF789BF00BFB02301209553010877
:1054200078220120E022012048230120014800F0D9
:1054300074B900BFB8230120014800F06FB900BF64
:10544000B823012010B50446FFF7F0FF236A1BB113
:10545000BDE81040FFF7F0BF044B2362044B1B680C
:10546000002BF5D1FFF7C2FFF2E700BFAD530108F3
:10547000B02301202DE9F8438046894614460026D2
:10548000D4E90175013F05D52468002CF8D13046D8
:10549000BDE8F883AB89012B07D9B5F90E3001338C
:1054A00003D029464046C84706436835EAE700006E
:1054B0000FB407B5064904AB086853F8042B81689C
:1054C000019300F007FB03B05DF804EB04B07047F4
:1054D000BC0000200CB430B5154B0C1E1D689DB0EF
:1054E00008DA8B232B604FF0FF301DB0BDE8304051
:1054F00002B070474FF000031B9318BF0123E31A5B
:10550000049307930B4B029006900593209A21ABCE
:1055100002A92846019300F0BDF9431CBCBF8B23B0
:105520002B60002CE1D0029B00221A70DDE700BF47
:10553000BC0000200802FFFF10B50C46B1F90E10A8
:1055400000F092F80028ABBF636DA3891B1823F409
:105550008053ACBF6365A38110BD2DE9F0411F46A8
:105560008B89DB0505460C46164605D5B1F90E10AC
:105570000223002200F066F8A389B4F90E1023F488
:105580008053A38132463B462846BDE8F04100F0F7
:105590008DB810B50C46B1F90E1000F053F8B4F9FF
:1055A0000C30421C0BBF23F4805343F48053A3817F
:1055B000A38118BF606510BDB1F90E1000F032B8BC
:1055C00010B501390244904201D1002005E0037872
:1055D00011F8014FA34201D0181B10BD0130F2E7B2
:1055E000884210B501EB020402D98442234607D851
:1055F000431EA14207D011F8012B03F8012FF8E751
:105600000244824200D110BD13F8011D02F8011DB1
:10561000F7E702440346934200D1704703F8011BA9
:10562000F9E7000038B5064C00230546084623601C
:10563000EDF7F8F8431C02D1236803B12B6038BDA5
:10564000B423012038B5074C054608461146002210
:1056500022601A46EDF7F0F8431C02D1236803B12B
:105660002B6038BDB423012038B5074C05460846E9
:105670001146002222601A46EDF7EEF8431C02D1D3
:10568000236803B12B6038BDB423012038B5064C24
:105690000023054608462360EDF7B6F8431C02D107
:1056A000236803B12B6038BDB423012038B5074C03
:1056B000054608461146002222601A46EDF732F9E7
:1056C000431C02D1236803B12B6038BDB4230120F1
:1056D00070B50D4B0D4C00261D1BB6EBA50F09D167
:1056E00000F09CFE0A4C0B4B00261D1BB6EBA50FD1
:1056F00005D170BD54F8043B98470136EDE754F8E6
:10570000043B98470136F1E770CD040870CD0408DA
:1057100070CD040874CD04087047704770470A4480
:10572000914200F1FF3300D1704710B511F8014BE1
:1057300003F8014F9142F9D110BD000037B500299F
:1057400044D051F8043C0190002BA1F10404B8BFEF
:10575000E418FDF7F5FC1E4A0198136833B963603D
:10576000146003B0BDE83040FDF70CBDA34208D97A
:10577000256861198B4201BF19685B68491921606E
:10578000EDE71A465B680BB1A342FAD911685518C8
:10579000A5420BD1246821445418A3421160E0D1E2
:1057A0001C685B6853600C441460DAE702D90C2370
:1057B0000360D6E7256861198B4204BF19685B68EE
:1057C000636004BF491921605460CAE703B030BD6B
:1057D000742201202DE9F0478E681F46BE428246A2
:1057E0000C469046334653D8B1F90C0010F4906F34
:1057F0002BD065692368096905EB4505A3EB010911
:1058000005EBD5757B1C6D104B44AB422A4684BF1B
:105810001D462A46430527D511465046FFF708FD89
:10582000064658B321694A46FFF779FFA38923F456
:10583000906343F08003A381266165614E44A5EB2C
:1058400009052660A5603E463B461F4620683A464D
:105850004146FFF7C5FEA3689B1BA36023683B443A
:1058600023600020BDE8F087504600F021FD064689
:105870000028E1D121695046FFF760FF0C23CAF8E8
:105880000030A38943F04003A3814FF0FF30E9E7E4
:105890003E46DBE72DE9F0471F468B891B069CB08F
:1058A00006460D46144610D50B6973B94021FFF723
:1058B000BFFC2860286130B90C2333604FF0FF3003
:1058C0001CB0BDE8F08740236B61002309932023BF
:1058D0008DF8293003973023654F8DF82A304FF02B
:1058E000010823461A7899461AB1252A03F10103C3
:1058F000F8D1B9EB040A0BD053462246294630466C
:10590000FFF768FF013000F0A380099A5244099222
:1059100099F80030002B00F09B8000224FF0FF33FD
:10592000CDE9053209F10109049207928DF853205F
:105930001A924C46052214F8011B4D48EAF770FFF5
:10594000049AD0B9D00644BF20238DF853301107F4
:1059500044BF2B238DF8533099F800302A2B13D0F5
:1059600007994B4600204FF00A0C1A78303A092A62
:105970001C464AD9A8B1079113E0C01B08FA00F0F1
:1059800010430490A146D4E7039B191D1B680391A3
:10599000002BBBBF5B4242F0020207930793B8BFE4
:1059A000049223782E2B0AD163782A2B32D1039BC1
:1059B0001A1D1B68039243EAE37302340593DFF870
:1059C000C090217803224846EAF72AFF38B1049BA9
:1059D000A0EB090040228240134301340493217854
:1059E00024488DF828100622EAF71AFF002835D03F
:1059F000214818BB039B073323F0070308330393A5
:105A0000099B0344013409936BE701330CFB01212B
:105A10000120AAE700230593611C18464FF00A0CE9
:105A20000A78303A092A0C4603D9002BC7D00590D2
:105A3000C5E701310CFB00200123F1E703AB009324
:105A40002A460E4B04A93046AFF30080421CD7D142
:105A5000AB895B063FF532AF099831E703AB0093A2
:105A60002A46064B04A9304600F0BEF9EEE700BF17
:105A7000C8BE0408D2BE040800000000D5570108C3
:105A8000CEBE04089368013B002B10B4936007DA84
:105A90009469A34201DB0A2902D110BC00F076BB55
:105AA0001368581C10601970084610BC7047F8B590
:105AB00006460F461446D518AC4201D1002007E037
:105AC00014F8011B3A463046FFF7DCFF431CF3D1C4
:105AD000F8BD00002DE9F04706469CB00D4614467F
:105AE0001F4618B1036A0BB9FFF7ACFC6B6ED90700
:105AF00005D4AB899A0502D4A86DFFF70EFEAB89D9
:105B00001B0701D52B699BB92946304600F07CFB69
:105B100070B16B6EDE0704D54FF0FF301CB0BDE8EE
:105B2000F087AB899C05F7D4A86DFFF7F7FDF3E785
:105B30000023099320238DF82930039730236A4FDF
:105B40008DF82A304FF0010823461A7899461AB189
:105B5000252A03F10103F8D1B9EB040A0BD053460F
:105B6000224629463046FFF7A2FF013000F0A3800D
:105B7000099A5244099299F80030002B00F09B805A
:105B800000224FF0FF33CDE9053209F101090492FB
:105B900007928DF853201A924C46052214F8011BE7
:105BA0005148EAF73DFE049AD0B9D00644BF2023FD
:105BB0008DF85330110744BF2B238DF8533099F8DB
:105BC00000302A2B13D007994B4600204FF00A0CC7
:105BD0001A78303A092A1C464AD9A8B1079113E02D
:105BE000C01B08FA00F010430490A146D4E7039BC1
:105BF000191D1B680391002BBBBF5B4242F00202E0
:105C000007930793B8BF049223782E2B0AD16378A9
:105C10002A2B32D1039B1A1D1B68039243EAE373BC
:105C200002340593DFF8D090217803224846EAF742
:105C3000F7FD38B1049BA0EB0900402282401343DA
:105C400001340493217829488DF828100622EAF7B8
:105C5000E7FD00283ED0264818BB039B073323F0FE
:105C6000070308330393099B0344013409936BE74B
:105C700001330CFB01210120AAE700230593611CDD
:105C800018464FF00A0C0A78303A092A0C4603D914
:105C9000002BC7D00590C5E701310CFB0020012384
:105CA000F1E703AB00932A46124B04A93046AFF349
:105CB0000080431CD7D16B6ED90705D4AB899A05F8
:105CC00002D4A86DFFF72AFDAB895B063FF524AF30
:105CD000099823E703AB00932A46064B04A93046F4
:105CE00000F082F8E5E700BFC8BE0408D2BE040891
:105CF00000000000AF5A0108CEBE04082DE9F047AD
:105D0000914698468A680B69089E9342B8BF13462D
:105D1000C9F8003091F8432007460C4612B1013310
:105D2000C9F800302368990642BFD9F80030023321
:105D3000C9F80030256815F0060507D104F1190AE5
:105D4000E368D9F800209B1AAB4229DC94F8433071
:105D50002268003B18BF012392062ED404F14302AF
:105D600041463846B047013021D02368A1682269F6
:105D700003F00603042B01BFE568D9F80030ED1AE3
:105D800025EAE57518BF00258B1A2B449142C8BF40
:105D90001D464FF000091A344D451AD1002008E085
:105DA0000123524641463846B047013003D14FF0F7
:105DB000FF30BDE8F0870135C2E7E1185A1C3020FA
:105DC00081F84300224494F8451082F843100233CE
:105DD000C4E70123224641463846B0470130E6D0A9
:105DE00009F10109D8E700002DE9F04398460B7E40
:105DF00085B0782B174606460C9A0C4609D8622BBC
:105E000001F1430108D8002B00F0DC80582B00F092
:105E1000BD8004F1420539E0A3F163001528F8D8EC
:105E200001A555F820F000BF815E0108955E0108CC
:105E3000135E0108135E0108135E0108135E01087A
:105E4000955E0108135E0108135E0108135E0108E8
:105E5000135E0108A55F0108C15E0108535F0108D8
:105E6000135E0108135E0108CD5F0108135E01088F
:105E7000C15E0108135E0108135E01085B5F010843
:105E80001368191D1B68116004F1420584F8423043
:105E90000123A8E013682568181D1060280601D5A5
:105EA0001B6803E06A06FBD5B3F90030002B03DA68
:105EB0002D225B4284F84320DFF878C10A2213E0E8
:105EC0002568106815F0800F50F8043B02D16D066C
:105ED00048BF9BB21060227EDFF858C16F2A5DD1A7
:105EE0000822002084F843006568A560002D05DBCA
:105EF00020681D4320F00400206051D00D46B3FB04
:105F0000F2F002FB103E9A421CF80EE005F801ED9B
:105F10000346F4D9082A0BD12368DA0708D5236988
:105F200062689A42DEBF302305F8013C05F1FF3577
:105F3000491B2161CDF800803B4603AA214630462B
:105F4000FFF7DCFE013053D14FF0FF3005B0BDE864
:105F5000F083236843F020032360DFF8DCC078235C
:105F600084F845302068156810F0800F55F8043B20
:105F700003D110F0400F18BF9BB21560C50744BF96
:105F800040F02000206023B11022AAE7DFF8A4C06F
:105F9000E6E7226822F020022260F5E70A22A0E765
:105FA0000D46B7E71368D4F800C060691D1D156081
:105FB0001CF0800F1B6801D0186003E01CF0400F3C
:105FC000FAD01880002323610D46B3E71368191D2A
:105FD00011601D68626800212846EAF721FC08B1BB
:105FE000401B606063682361002384F84330A1E7AD
:105FF00023692A4639463046C0470130A4D0236879
:106000009B0714D4E068039B9842B8BF18469DE7ED
:10601000012304F1190239463046C047013093D0BC
:106020000135E36803995B1AAB42F1DCEAE700252E
:10603000F7E700BFD9BE0408EABE0408B1F90C2096
:106040002DE9F041160705460C4651D44B68002B4C
:1060500002DC0B6C002B49DDE66A002E46D00023E3
:1060600012F480522F682B6031D0626DA3895907DA
:1060700005D56368D21A636B0BB1236CD21A002367
:10608000E66A216A2846B047421CB4F90C3006D1B2
:1060900029681D2945D8284ACA40D60741D500227B
:1060A0006260D9042269226004D5421C01D12B68A8
:1060B00003B96065616B2F60C1B104F1440399427B
:1060C00002D02846FFF73AFB002363630EE0216A03
:1060D00001232846B0470246501CC7D12B68002B2D
:1060E000C4D01D2B01D0162B1AD12F6000201DE02B
:1060F0000F69002FFAD093070E6808BF4B690F6035
:1061000018BF0023A6EB07088B60B8F1000FEDDD88
:10611000216AA66A43463A462846B047002807DC6B
:10612000A38943F04003A3814FF0FF30BDE8F08125
:106130000744A8EB0008E8E70100402038B50B69E8
:1061400005460C4613B91D46284638BD18B1036AEA
:106150000BB9FFF777F9B4F90C30002BF3D0626E6E
:10616000D00704D4990502D4A06DFFF7D6FA2846CB
:106170002146FFF763FF636EDA070546E4D4A3897F
:106180009B05E1D4A06DFFF7C9FADDE7F8B5054638
:106190000F46144618B1036A0BB9FFF753F9A36908
:1061A000A360A3891A0701D5236943B9214628466C
:1061B00000F02AF818B14FF0FF363046F8BD2369D9
:1061C0002068C01A6369834205DC21462846FFF730
:1061D000B5FF0028EFD1A368013BA36023685A1CD8
:1061E00022601F70636901308342FEB204D0A3892C
:1061F000DB07E2D50A2EE0D121462846FFF79EFFB5
:106200000028DAD0D7E7000038B5284B05461868D3
:106210000C4618B1036A0BB9FFF714F9B4F90C3046
:10622000190720D4DA0607D409222A6043F0400374
:10623000A3814FF0FF3031E0580711D5616B41B1B8
:1062400004F14403994202D02846FFF777FA00236D
:1062500063630022A38962602269226023F0240321
:1062600043F00803A38123694BB9A38903F4207386
:10627000B3F5007F03D02146284600F06BF8B4F94F
:106280000C3013F001020AD00022A260626952426F
:10629000A261226942B913F08000C7D138BD9907C5
:1062A00058BF6269A260F4E70020F7E7BC00002055
:1062B0002DE9F041074615460C4621B9BDE8F041ED
:1062C0001146FEF7B5BF2AB9FFF738FA2C4620462B
:1062D000BDE8F08100F09AF88542064602D8B5EB99
:1062E000500FF4D829463846FEF7A2FF804608B979
:1062F0004446ECE7B5422A46214628BF3246FFF71E
:106300000EFA21463846FFF719FAF1E770B50E4646
:10631000B1F90E10002996B014461D460ADAB2896A
:1063200012F0800213D14FF4806100202A602160B6
:1063300016B070BD6A4600F047F80028EFDB019AFE
:1063400002F47042A2F500535A425A41EBE7002290
:106350004021EAE78B8973B59E0705460C4607D5B1
:1063600004F14703236023610123636102B070BD20
:1063700001AB6A46FFF7CAFF009E28463146FEF78A
:1063800057FFB4F90C3038B99A05EFD423F0030362
:1063900043F00203A381E3E743F08003A381019B61
:1063A0002060C4E90406002BE0D0B4F90E102846A2
:1063B00000F01CF80028D9D0A38923F0030343F090
:1063C0000103A381D2E7000038B5074C002305463E
:1063D000084611462360ECF728FA431C02D12368D3
:1063E00003B12B6038BD00BFB423012038B5064C83
:1063F0000023054608462360ECF71CFA431C02D133
:10640000236803B12B6038BDB423012051F8043C4C
:10641000181F002BBCBF0B58C0187047F8B500BF41
:10642000F8BC08BC9E467047F8B500BFF8BC08BC75
:046430009E467047CD
:10643400F2CC0408F6CC0408FACC0408FECC040818
:1064440002CD040806CD04080ACD04080ECD0408C4
:1064540012CD040816CD04081ACD04081ECD040874
:106464006275733A7478676C6F6D00006170737451
:1064740061000000636F756E747279006576656EF5
:10648400745F6D73677300000010180062737363A8
:1064940066673A6576656E745F6D736773000000B6
:1064A4006273736366673A6576656E745F6D73676E
:1064B400735F657874000000575744006573636127
:1064C4006E0000007363616E5F6173736F635F746A
:1064D400696D65007363616E5F756E6173736F637D
:1064E4005F74696D650000007363616E5F70617352
:1064F400736976655F74696D650000007363616E2E
:106504005F686F6D655F74696D6500007363616ECC
:106514005F6E70726F626573000000006A6F696E6F
:106524000000000025733A20494E56414C4944204E
:10653400494E544552464143450A00006D66700079
:106544006273736366673A7375705F777061000096
:106554006273736366673A7375705F777061325FF5
:10656400656170766572000025733A20426164208B
:10657400696E7465726661636520320A000000000A
:106584004661696C656420746F20676574206D6171
:1065940078206E756D626572206F66206173736F0B
:1065A40063696174656420636C69656E74730A0061
:1065B400556E61626C6520746F20616C6C6F6361F1
:1065C4007465206D656D6F727920666F72206173DA
:1065D400736F63696174656420636C69656E747359
:1065E400206C6973740A00004661696C65642074E8
:1065F4006F2067657420636C69656E74206C6973C1
:10660400740A0000446561757468656E7469636139
:1066140074696E6720535441204D41433A20252E1E
:1066240032583A252E32583A252E32583A252E32EF
:10663400583A252E32583A252E32580A00000000C6
:106644004661696C656420746F2064656175746863
:1066540020636C69656E740A00000000726D5F72DD
:106664006571000025733A556E61626C6520746F24
:1066740020616C6C6F632072657175657374206240
:1066840075666665720A000025733A2073656E6448
:106694005F696F766172207265715F62756620460C
:1066A40041494C2025640A00726D5F7265700000D8
:1066B40025733A204661696C656420746F206765B0
:1066C4007420494F5641522062756620666F7220CD
:1066D400726D5F7265702E0A0000000025733A2007
:1066E40043616E277420676574207265706F7274DD
:1066F4002062756666657220282564290A000000F8
:1067040025733A207265705F656C742E6C656E201B
:10671400756E6578706563746564206C656E202899
:10672400256C75290A00000025733A204368616EC0
:106734002025643A20466C61677320307825780AF6
:106744000000000025733A204368616E2025643AF6
:10675400204475726174696F6E20256C6420213D3C
:1067640020657870656374656420256C640A000094
:1067740025733A204368616E6E656C206D69736D94
:10678400617463683A2053656E7420256C752C20FF
:1067940052782765642025640A00000025733A2096
:1067A400526571756573746564206368616E6E65A6
:1067B4006C7320256C64206368616E73206F6E6C4B
:1067C4007920676F742025640A00000025733A203D
:1067D4006576656E745F6865616465723A204261CE
:1067E4006420696E746572666163650A0000000066
:1067F400435341206576656E74203D3E2063686195
:106804006E2025640A000000637361006375725F83
:10681400657468657261646472000000706D325F53
:10682400736C6565705F726574000000706D5F6CF9
:10683400696D697400000000496F76617220272534
:10684400732720696E746572666163652025640A26
:1068540000000000496F63746C20256C753B20694F
:106864006E746572666163652025640A0000000029
:1068740046572076616C75653A20307825780A0091
:1068840046572076616C75653A20756E6B6E6F772E
:106894006E2028657272202564290A00717478704C
:1068A4006F77657200000000547820506F7765722E
:1068B40020746F6F206C617267652C20736574207F
:1068C400746F206C657373207468616E2033326456
:1068D400626D200A0000000062636E5F6C695F6293
:1068E400636E000062636E5F6C695F6474696D005F
:1068F4006173736F635F6C697374656E000000008D
:10690400647574796379636C655F6F66646D0000A8
:10691400647574796379636C655F63636B0000000D
:106924006D636173745F6C6973740000726F616D81
:106934005F6F6666000000006273736366673A7790
:10694400696669616374696F6E000000776D655FE5
:1069540061635F7374610000616C6C6D756C746964
:10696400000000006273736366673A766E64725F58
:10697400696500006164640064656C0000010100E5
:1069840002020303636F756E746572730000000086
:1069940064756D7000000000616D7064755F636CF8
:1069A4006561725F64756D7000000000615F726103
:1069B4007465000062675F72617465006E72617471
:1069C400650000006E6D6F6465000000706B745F9D
:1069D40066696C7465725F6D6F646500706B745F7B
:1069E40066696C7465725F6164640000706B745FE7
:1069F40066696C7465725F64656C6574650000003B
:106A0400706B745F66696C7465725F656E61626CED
:106A140065000000706B745F66696C7465725F7307
:106A24007461747300000000706B745F66696C7449
:106A340065725F636C6561725F7374617473000087
:106A4400706B745F66696C7465725F6C69737400F3
:106A54006D6B6565705F616C697665006D61786109
:106A640073736F6300000000696E746F6C343000E0
:106A74006D696D6F5F62775F636170007361655FFD
:106A840070617373776F72640000000072726D003E
:106A940072726D5F62636E5F7265710072726D5FB8
:106AA40063686C6F61645F726571000072726D5F20
:106AB4006E6F6973655F72657100000072726D5F5D
:106AC4006672616D655F72657100000072726D5F60
:106AD400737461745F72657100000000636170001B
:106AE40072726D5F6E62725F6C6973740000000095
:106AF40072726D5F6E62725F64656C5F6E6272006B
:106B040072726D5F6E62725F6164645F6E62720066
:106B140072726D5F6C6D5F726571000072726D5F91
:106B24006E62725F726571006662746F766572641C
:106B3400730000006662745F63617000204F7065CB
:106B44006E000000205745500000000020575041BF
:106B540033000000205750413200000020575041BC
:106B640000000000204145530000000020544B4920
:106B740050000000205348415245440020456E74A3
:106B840065727072697365002057505300000000ED
:106B940020464254000000002049425353000000A4
:106BA40020556E6B6E6F776E000000002050534BC3
:106BB400000000004164686F63000000496E667263
:106BC40061000000416E7900556E6B6E6F776E0048
:106BD4004D657368000000003F00000025357320F8
:106BE40000000000253032583A253032583A25301A
:106BF40032583A253032583A253032583A25303214
:106C0400582000004F464620000000002564200064
:106C140020252E3166200000252E3166200000003C
:106C24002025336420200000252D323073200000FD
:106C340020252D3332732000256325632020202056
:106C44000000000020202020202000002042454198
:106C5400434F4E0020252D31357300002050524FF4
:106C6400424520000A0000007375705F7770615F11
:106C7400746D6F006273736366673A7375705F77E0
:106C840070615F746D6F00000050F201000000003D
:106C9400766572006D656D7573650000636C6D7665
:106CA400657200006D7063006F747072617700002C
:106CB40072657365745F636E7473000070687972D3
:106CC4006174655F6C6F6700706879726174655F89
:106CD4006C6F675F73697A65000000007068797291
:106CE4006174655F64756D70000000000000000051
:106CF400010000000000000000000000010000008E
:106D040001000000000000000100000001800000FC
:106D1400020000000000000001000000020040002A
:106D24000700000080000000020000000400400092
:106D340007000000800000000400000002002000A2
:106D44000400000004000000020000000400200011
:106D540004000000040000000400000002002002FF
:106D640003000000020000000200000004002002F2
:106D740003000000020000000400000002004002C2
:106D84000600000040000000020000000400400271
:106D9400060000004000000004000000060020007F
:106DA400040000000400000006000000060040008B
:106DB400070000008000000006000000060020021A
:106DC4000400000004000000060000000600400269
:106DD40007000000800000000600000070666E5F7F
:106DE4006164640070666E5F7365740070666E63E0
:106DF4006C6561720000000070666E006E616E006A
:106E04006368616E7370656300000000496E7661AB
:106E14006C6964206368616E6E656C2025750A0078
:106E2400556E61626C6520746F20736574206368AD
:106E3400616E6E656C202575202D206572723A2076
:106E440025750A006D6573685F617574685F70729B
:106E54006F746F00556E61626C6520746F2073658A
:106E640074206D6573685F617574685F70726F74A8
:106E74006F202D206572723A2025750A00000000EB
:106E84006273736366673A777365630062737363EF
:106E940066673A7770615F61757468006D657368E1
:106EA4005F6175746F5F706565720000556E616235
:106EB4006C6520746F20736574206D6573685F6101
:106EC40075746F5F70656572202D206572723A204B
:106ED40025750A006D6573685F6D636173745F7215
:106EE4006562726F00000000556E61626C6520740B
:106EF4006F20736574206D6573685F6D636173746F
:106F04005F726562726F202D206572723A2025755A
:106F14000A0000004572726F7220616C6C6F6361CD
:106F240074696E6720257520627974657320666FB5
:106F340072206173736F6320706172616D730A00F4
:106F4400556E61626C6520746F2073657420696D81
:106F54006F646520746F206D657368202D206572E1
:106F6400723A2025750A0000556E61626C652074C2
:106F74006F207365742061757468202D20657272AA
:106F84003A2025750A000000556E61626C65207414
:106F94006F207365742053534944202D2065727209
:106FA4003A2025750A0000006D6573685F66696C98
:106FB40074657200556E61626C6520746F20736530
:106FC40074206D6573682066696C7465722D206524
:106FD40072723A2025750A006D6573685F70656585
:106FE400725F7374617475730000000025733A2036
:106FF400416C6C6F63206661696C65640A00000013
:1070040025733A2073656E645F696F7661722066DA
:1070140061696C65640A0000636F756E747279004F
:107024006273730025733A2043616E6E6F7420623D
:1070340072696E6720757020696E7465726661632B
:107044006520256C640A00000000000071756575F8
:10705400650000006D616C6C6F635F6D75746578BD
:1070640000000000616D7064755F62615F77736931
:107074007A650000616D7064755F6D706475000001
:10708400616D7064755F72785F666163746F7200BE
:107094006368616E737065630000000000000000A7
:1070A400000000000000000000000020002000207C
:1070B400002000200000002000000050005000507C
:1070C400000000000000000000000050005000F824
:1070D400005000F80050005000000020007800A08C
:1070E4000070002800F00020000000C000C800105C
:1070F40000200040009800180000004000A000A0FC
:10710400004000A80090006800000030003000201B
:1071140000400000000000000000001000200040BB
:10712400004000400020001000000040002000103B
:1071340000100010002000400000002000A8007093
:1071440000F8007000A800200000000000200020CB
:1071540000F80020002000000000000000000000F3
:10716400000000300030002000000000000000009B
:1071740000F8000000000000000000000000000013
:107184000000000000300030000000000008001083
:10719400002000400080000000000070008800987B
:1071A40000A800C8008800700000002000600020D3
:1071B40000200020002000700000007000880008FB
:1071C40000700080008000F8000000F80008001043
:1071D40000300008008800700000001000300050EB
:1071E400009000F800100010000000F8008000F08B
:1071F400000800080088007000000038004000808B
:1072040000F0008800880070000000F80008000802
:1072140000100020004000800000007000880088FA
:1072240000700088008800700000007000880088EA
:1072340000780008001000E00000000000000020BA
:1072440000000020000000000000000000000020FA
:107254000000002000200040000000080010002072
:10726400004000200010000800000000000000F8AA
:10727400000000F8000000000000004000200010A2
:107284000008001000200040000000700088000882
:10729400003000200000002000000070008800A8DA
:1072A40000B800B000800078000000200050008882
:1072B400008800F800880088000000F0008800883A
:1072C40000F00088008800F0000000700088008052
:1072D4000080008000880070000000F000880088B2
:1072E40000880088008800F0000000F8008000801A
:1072F40000F00080008000F8000000F800800080AA
:1073040000F0008000800080000000780088008089
:1073140000800098008800780000008800880088B9
:1073240000F8008800880088000000700020002019
:107334000020002000200070000000380010001021
:10734400001000100090006000000088009000A071
:1073540000C000A000900088000000800080008031
:1073640000800080008000F80000008800D800A899
:1073740000A800A80088008800000088008800C8D1
:1073840000A8009800880088000000700088008829
:107394000088008800880070000000F000880088E1
:1073A40000F00080008000800000007000880088E9
:1073B400008800A800900068000000F000880088A1
:1073C40000F000A000900088000000700088008099
:1073D4000070000800880070000000F800A8002079
:1073E4000020002000200020000000880088008881
:1073F40000880088008800700000008800880088E9
:107404000088008800500020000000880088008860
:1074140000A800A800A800500000008800880050C0
:107424000020005000880088000000880088005078
:107434000020002000200020000000F800080010B8
:1074440000700040008000F8000000780040004018
:107454000040004000400078000000000080004030
:107464000020001000080000000000780008000858
:107474000008000800080078000000200050008880
:1074840000000000000000000000000000000000F8
:1074940000000000000000F8000000600060002010
:1074A4000010000000000000000000000000006068
:1074B400001000700090007800000080008000B090
:1074C40000C8008800C800B0000000000000007080
:1074D4000088008000880070000000080008006830
:1074E4000098008800980068000000000000007008
:1074F400008800F8008000700000001000280020C0
:107504000070002000200020000000000000007037
:10751400009800980068000800000080008000B017
:1075240000C8008800880088000000200000006077
:107534000020002000200070000000100000001057
:107544000010001000900060000000800080009097
:1075540000A000C000A000900000006000200020F7
:10756400002000200020007000000000000000D077
:1075740000A800A800A800A800000000000000B0B7
:1075840000C8008800880088000000000000007027
:10759400008800880088007000000000000000B02F
:1075A40000C800C800B000800000000000000068AF
:1075B400009800980068000800000000000000B077
:1075C40000C80080008000800000000000000078F7
:1075D40000800070000800F000000020002000F887
:1075E4000020002000280010000000000000008897
:1075F40000880088009800680000000000000088EF
:10760400008800880050002000000000000000886E
:10761400008800A800A800500000000000000088B6
:107624000050002000500088000000000000008886
:10763400008800780008008800000000000000F8BE
:1076440000100020004000F800000010002000207E
:107654000040002000200010000000200020002036
:107664000000002000200020000000400020002036
:1076740000100020002000400000004000A800107E
:1076840000000000000000000000000000000000F6
:10769400000001020304060708090000B6CC040830
:1076A400C5CC0408D4CC0408E3CC040800000000D2
:1076B40001020304000000000000000001010101B8
:1076C40001010101010101010101010100000000AA
:1076D400000000000505050505050505050505056A
:1076E400050505050707070707070707070707072E
:1076F4000707070700000000100000000300000057
:10770400060000000C0000002E00000050000000E5
:10771400FFFFFFFF7777645F776966695F70726563
:10772400706172655F6A6F696E0000007777645FED
:10773400776966695F6C6561766500007769636582
:10774400645F6A6F696E5F6576656E74735F6861A6
:107754006E646C65720000007777645F77696669B0
:107764005F636865636B5F6A6F696E5F737461748E
:10777400757300000200000000000000010000001A
:1077840002000000040000000800000010000000D7
:1077940020000000400000008000000000000240C3
:1077A4000800000000000240090000000000024040
:1077B4000800000000040240000000000004024031
:1077C4000100000000080240000000000008024020
:1077D4000C000000000C02400200000000080240FF
:1077E40008000000000802400900000000080240F0
:1077F4000A000000000402400500000000301018D8
:1078040000401018002000186D616E6669643D30F8
:10781400783264300070726F6469643D3078343952
:10782400320076656E6469643D30783134653400C5
:1078340064657669643D30783433343300626F6153
:107844007264747970653D30783035613000626FF0
:107854006172647265763D30783133303100626F25
:107864006172646E756D3D373737007874616C668C
:107874007265713D323630303000626F6172646619
:107884006C6167733D30786130300073726F6D7274
:1078940065763D3300776C3069643D30783433313C
:1078A40062006D6163616464723D30303A41303A24
:1078B40035303A65623A33303A613000616132679B
:1078C4003D33006167303D32006D6178703267612D
:1078D400303D3638006F66646D3267706F3D3078C6
:1078E4003434343434343434006D63733267706F39
:1078F400303D307833333333006D63733267706FE8
:10790400313D307836333333007061306D617870D7
:1079140077723D38300070613062303D30783133F9
:1079240033450070613062313D3078464442410055
:1079340070613062323D30784646353300706130D4
:107944006974737369743D3632007061316974739C
:107954007369743D36320074656D705F626173657E
:10796400645F6475747963795F656E3D3100747822
:107974005F647574795F6379636C655F6F66646D6A
:107984003D3130300074785F647574795F63796376
:107994006C655F63636B3D3130300074785F6F6694
:1079A400646D5F74656D705F303D3131350074789E
:1079B4005F63636B5F74656D705F303D31313500BB
:1079C40074785F6F66646D5F6475747963795F3032
:1079D4003D34300074785F63636B5F6475747963FE
:1079E400795F303D34300074785F6F66646D5F7426
:1079F400656D705F313D3235350074785F63636B5C
:107A04005F74656D705F313D3235350074785F6F3A
:107A140066646D5F6475747963795F313D343000F9
:107A240074785F63636B5F6475747963795F313D08
:107A340034300074785F746F6E655F706F77657251
:107A44005F696E6465783D34300074785F746F6E7E
:107A5400655F706F7765725F696E6465782E6661C5
:107A6400622E333D34380063636B5077724F666621
:107A74007365743D300063636F64653D30007273F9
:107A84007369736D6632673D307861007273736930
:107A9400736D6332673D3078330072737369736159
:107AA4007632673D30783700747269736F32673DA0
:107AB40030006E6F6973655F63616C5F656E6162F0
:107AC4006C655F32673D30006E6F6973655F63613B
:107AD4006C5F706F5F32673D30006E6F6973655F16
:107AE40063616C5F706F5F32672E6661622E333D37
:107AF4002D320073776374726C6D61705F32673D11
:107B0400307830353063303530632C307830333072
:107B140061303330612C3078303330613033306150
:107B24002C3078302C30783166660074656D705F67
:107B34006164643D32393736370074656D705F6D4A
:107B4400756C743D3432350074656D705F713D3110
:107B54003000696E69747869647832673D34350041
:107B64007473736974696D653D310072667265671B
:107B74003033333D307831390072667265673033A3
:107B8400335F63636B3D307831660063636B5077BA
:107B940072496478436F72723D2D38007370757248
:107BA40061766F69645F656E61626C6532673D31F1
:107BB4000065646F6E7468643D2D36350065646FCE
:107BC40066667468643D2D373100000000000000D3
:107BD4000000000065CA000029C9000029C900008E
:107BE40029C9000029C9000029C9000029C90000C9
:107BF40029C9000029C9000029C9000029C90000B9
:107C040029C9000029C9000029C9000029C90000A8
:107C140029C9000029C9000029C9000029C9000098
:107C240029C9000029C9000029C9000029C9000088
:107C340029C9000029C9000029C9000029C9000078
:107C440029C9000029C9000029C9000029C9000068
:107C54000048004765CA0000000000000000000062
:107C64000000000000000000000000000000000010
:107C74000000000000000000000000000000000000
:107C840000000000000000000000000000000000F0
:107C940000000000000000000000000000000000E0
:107CA40000000000000000000000000000000000D0
:107CB40000000000000000000000000000000000C0
:107CC40000000000000000000000000000000000B0
:107CD400D11E8000B5228000BD248000491F800091
:107CE400F9218000E1FE0000F1208000D120800015
:107CF400594880006948800015648000E162800072
:107D0400296280003D6580008D628000C56280002C
:107D1400596380005D6580007D6380009D63800001
:107D24000D668000A961800061618000756080003B
:107D340095608000DD6380009D6580002966800079
:107D4400FD618000B96580001D618000F1658000DF
:107D54009D6680006D658000916C8000CD6B800015
:107D6400316C80008D6B8000556C8000AD6A8000A2
:107D7400C16A8000D56A8000496B80001D6A80005A
:107D8400FD6A8000AD688000C1698000D168800010
:107D9400356B8000B169800039D10000D166800064
:107DA400E16780008D678000CD6780009D6880005A
:107DB400ED678000BD678000A1678000ED668000EC
:107DC40009678000616780004D4880001D4880007D
:107DD40085988000DD96800051948000B19B8000DE
:107DE4003994800005988000199880002D988000AF
:107DF400C59B8000D19A8000899D8000D19380002A
:107E0400D9918000ED9A8000452A000075FE00009B
:107E1400952A000051FE0000519B8000BD2A0000FD
:107E240049A9800099988000F52A000031A88000B3
:107E340005A7800021A28000BD938000DD9380000F
:107E4400199E80007D93800045988000E59B80000A
:107E54006DA68000C19C8000C59F8000A19D80000C
:107E6400F12B00009DFE0000B1FE000029AA800055
:107E7400B9A9800075AA8000E1A9800039AA800010
:107E84008DAA80005DAA80000DAA8000C5A980008B
:107E94009DA98000A90C8000850D8000C10680008A
:107EA40029088000694680004D468000D94480003E
:107EB4004146800021448000F54380001544800041
:107EC400E1438000E14280008546800075448000E3
:107ED4002D448000A9428000F9428000CD438000F7
:107EE400B9458000F54480003945800009008000D0
:107EF4003D00800049018000D10480000D04800011
:107F0400910380004D038000E50380003503800069
:107F14006503800029028000CD02800051028000A8
:107F240085028000F50280009506800039068000F5
:107F34008105800005068000FD048000690F800033
:107F44002516800015168000451380001513800047
:107F54002513800009138000351380000D1E800056
:107F6400F91D8000291D80001D1C8000391C800023
:107F74003116800059138000650E8000951380002F
:107F8400B91C8000732800006D190200751D800063
:107F9400990C01003D1D80000D1B8000E91080003C
:107FA400790F8000A9168000311480002D11800003
:107FB400A51E8000B11E8000BD1E8000692B8000BC
:107FC400AD28800011298000892B8000FD2B8000C2
:107FD400E128800065288000B52C8000912C800069
:107FE4001D2B8000752D8000252C80004D308000D5
:107FF400DD2D80005927800031318000FDFD000017
:108004008D268000C5268000E5248000FD268000A2
:1080140021258000B12A8000652580002528800064
:108024006129800041298000D92980009D29800090
:1080340081298000893080004D2E8000B12B800082
:10804400312C8000E12C8000613280002D328000D0
:10805400C93380004D368000693A8000B535800010
:10806400F9348000A93480003D3380009D338000C2
:10807400013480003536800031388000353A800084
:10808400213A8000AD3280000D338000DD32800063
:10809400953A8000D93780009936800019378000DE
:1080A400593880004938800019398000313D8000FA
:1080B400D53A8000C93C8000E13B8000513D8000FE
:1080C400D93D8000AD3E8000593F80009941800039
:1080D40041478000CD5B8000895380002D4D800096
:1080E400A94C8000E14D8000E94F8000B14F800031
:1080F400C94E80008D4E8000F15180005D52800099
:10810400D15180002D52800001528000C94F80005F
:10811400594C80006D4C8000455B800039568000CE
:10812400155A8000C9588000315A80008157800058
:10813400F95980001D568000AD558000915580008E
:108144004D5A80002D558000714B80007154800081
:1081540009548000F54D80001D4C8000F94B8000CF
:10816400094C8000114E800015588000E90A010076
:108174000D290000E5588000555680007D5A800086
:10818400054F8000354E8000D9558000515880003D
:108194009D57800059518000614D8000B148800096
:1081A4005D5B800081528000494C8000B505010070
:1081B400F15B8000E55C8000E15F8000A55E8000EB
:1081C4007D5E80008D5C8000015C8000A15F80008A
:1081D400895D800005608000395D8000D15E80008B
:1081E400495E8000ED6C8000656D8000DD6D80006F
:1081F4000D6D8000296D8000896D8000F96C800010
:10820400D96C80003D6E8000616F8000756E8000C7
:10821400056E8000A974800055758000D5748000B7
:1082240005748000D17C8000457D8000757C8000D1
:10823400117E8000897E8000E97E8000917D80002F
:108244003D7E8000517F8000A58180006584800090
:10825400418480008D8380006583800035858000A3
:10826400E58480009D8480002185800075848000E1
:10827400BD8380005D858000BD858000158F8000F2
:10828400918D8000D58980001986800019AB80000B
:108294005DAC8000A1AA8000B5AB80005DAB80001E
:1082A400FDB080007DB1800065B080006DAE8000BF
:1082B40085AE8000EDAD800041AF80001DAE800032
:1082C40031B180003DB18000B9AE8000F5B18000CD
:1082D40079B08000FDAD800009B180008DB08000D0
:1082E40049B1800069B180004DAE80003DAE800090
:1082F40095AE800029B38000C9AE8000CDAF800068
:10830400E5AF800025B080008DAF8000B5B280005D
:10831400FDB2800019B38000EDB080005DAE800036
:108324002DAE800029B28000A9B08000A1B18000E8
:1083340005B2800039B28000A9AE80007DAF800014
:10834400ADB38000A9BD80009DC1800025C7800019
:10835400DDC8800065CA8000E1CB8000DDCE8000EE
:1083640019CE800099CE800015CF8000052F000023
:108374000DD88000DDD7800091D78000090C010062
:10838400F52D000069D880007DCF800045D980009C
:10839400D10B010099D18000250B0100F9E0800088
:1083A40071F58000EF300000D1DE8000FFF700009F
:1083B40009EA8000A1E48000BDF80000E1EC80003F
:1083C40011E3800039EA800039E3800099E38000FA
:1083D40029DF8000B7F7000065F70000F3F600001E
:1083E40027F60000F1F50000BDEB8000FD2F000032
:1083F4007530000011F700005DF60000CBF70000B7
:10840400E1E18000A9E9800035F8000041F80000AE
:10841400EDF58000D90081009DF68000C5F780004D
:1084240085FF800045018100D50281004D03810054
:10843400E50081007DF6800081F78000D5F580009D
:1084440051F9800031FB8000F1F68000F9F58000DD
:1084540041FF8000D9F98000DDFC8000A9F780008D
:108464000D31000059FB80008DF78000A5F98000D4
:10847400790C010029F68000A1F880005DF78000E6
:1084840065F6800095FD80004D320000F502810004
:108494002D028100890181000501810065330000FE
:1084A40099FF800019F7800089F68000C1F68000EA
:1084B400550C010085F5800005F78000DDF680008D
:1084C400B1F68000AD6A8100BD6A8100DD2F8100B4
:1084D400E1578100F56D8200A98D82000925820093
:1084E400196E820001AA81005D608200A5378200B6
:1084F400ED69810079598200E55882001D59820096
:10850400FD6D8100493A810041BC8200E95A820034
:10851400CD608100D59681001D61810029618100B3
:1085240089BF81001DAB8100A9328200633900003C
:108534002569810005A6810021AD820029588100AA
:10854400BD3E8100A540810035958100599B810085
:108554003D3682001D4582000928810099A08100D2
:10856400D1288100E93B81008D288100416E820081
:10857400859B8100295D81006D398200FD3982006F
:10858400253A820095698100C97A8100915781005A
:108594005D57810075308200852F82003557810038
:1085A400D12F82002157810049578100F52881008D
:1085B40095A882002DA2820089D38100D56B810009
:1085C4005959810075598100F55A820005AD810021
:1085D400F1D2810039378100ED718100C5968100A7
:1085E4008957820091618200CD618200A95881007F
:1085F4001D2782004543820001448200156A8100E0
:10860400614A8100ED4E810071228200055A810089
:108614004D8A81007549810071248200B14981002D
:10862400B144810075AC8200292B8200595281002B
:10863400E12A8200B529820071A7810035A7810053
:1086440001D48100F5BE810055B48100D16A820055
:10865400D19C81009D9C8100959B8100B59D8100EA
:10866400459D8100C59D81006170820009358100AE
:10867400A1AB82008DAB820075AB8200F1938100C7
:108684009968810015D7810071C182007D2B81001A
:10869400E92F81000DB6810025BD82008D4F810038
:1086A4000D5081008543820031D78100B1BD820025
:1086B40095C182005DB382003B1001008DD1810021
:1086C400A9368100E9BC820029378100E93681009E
:1086D400A1D68100A53B81006DAB810041B0810032
:1086E400A5F900005BF9000041BD820095BE82003F
:1086F400CD2E82009D6B8100CD45820045398100DD
:10870400353B8100BD3A8100F1D58100419F810054
:10871400119F810071A48200ADD58100C130810018
:10872400A13982004D618100995B8100A5728100AD
:1087340089DA810061BF8100615782008121820052
:10874400A9218200D1AD820009BC8200B5A18100BB
:108754009DCA8100B92F8200D9BB820011308200EA
:108764007DAD8200CDA4810099A48100CDAB8200AF
:1087740015AB8200C1AA8200B998810081A581004D
:10878400D9D08100A9CF8100E93B8200EDCF8100DF
:1087940065D1810079D1810051D0810065D08100FB
:1087A400E521820011228200FF5600005D5700007F
:1087B400FD9C81009145820055AE820041B4810048
:1087C40095BD8100F18A8200098B820079D98100EC
:1087D4007D618200CDA4820041918100A13F82008D
:1087E4003594820049948200898982005DC18200A7
:1087F400F1C18200D13B8200D5958200E560810001
:108804000920820035FE0000BD3B820075A1820074
:1088140025A58200253B8200E93A8200753A820050
:10882400F1308200B130820071D781004599820015
:1088340091D7810089948200DDC18200A96A8200F7
:10884400256B8200C944810029458100596B810050
:1088540059498100EDAA810069618200AD2482003A
:1088640005368100D535810079D08100A5D08100FD
:10887400715C8100E1AD8100EDD0810049C98100C6
:108884004DD88100893D820049208200659682008E
:10889400F925820089CF8100856A820015938200C0
:1088A4002D5D8200E9CA81006D4082006130820042
:1088B40015488200313C810061D68100114E81004F
:1088C400D534000041A1810015A6810009998200D8
:1088D400E5C98100B1D7810035C08200294A8100F1
:1088E40041AD8100EDBE82002DBE820005BE820036
:1088F40079BE820055328100A5958100B15981006D
:10890400E547810091528100156381008D36000096
:108914008D668100592C8100392C8100212E810023
:1089240065358200D5578200352B8200996082001C
:10893400016182001D4082001D2082001DD881003B
:10894400A9AC8200F1AB8200F52B820041AE82001B
:10895400D50A0100356A810009AE8200696D820082
:10896400098C8100D58B8100116F81008190810079
:10897400296C8200DDA18100E92B8100552F820042
:10898400398C8100A55A8200355C820045BB820087
:1089940091BE81002D6E8100115C8200258A8100C8
:1089A4004D93810089388200D5378200555A810061
:1089B400013882008D038100E9208200E13E8200BB
:1089C400914581002D6D81000D5882002147820060
:1089D400FDCE810011CA810059368200E34F0000A8
:1089E40025CB8100912E81002D2F8100B93A820080
:1089F40059F90000DDA9810031D48100D1B382008E
:108A0400ADA98100D53882008DD88100555E8200E1
:108A1400719A81001541820035DA8100192582009E
:108A240069268200353581001D1001003D718100E9
:108A3400012D810009A282000D238200FD718100B5
:108A4400D960820051728100416182004528810011
:108A5400C12382008D6C81006D23820095478100C3
:108A6400B9D98100B534810075C98100F134810020
:108A74002DBF810059AF8200D93C8100494F81004C
:108A8400E5AB810011040100793181000595820074
:108A9400A5500000DD938200A56682000DC8810008
:108AA400095E8100695800001562810091598100B6
:108AB4009553000011498100C1488100B9BF81006C
:108AC400A5458200F5598200F1A9820041A68200E1
:108AD40039588200BD428200BDA782004D22820027
:108AE40071A78200A5A78200E15C8100ED418200AC
:108AF400D1A78200D1688100B5CC810015AF820076
:108B040095418100E1C8810089AA8100E99681002C
:108B14007D2F8100353C0000494282005944820087
:108B2400D90F010031318200614982004D49820030
:108B34000DA58100095E8200253E8200CDCD810015
:108B440029B382002151810045B18200A91D820010
:108B540079BC8200D1568100599D8100999D810084
:108B6400191C8200513F82001D308100C9BD810063
:108B740015388100794A8100DD9B8100199E8100AE
:108B840069618100896E8100B5708100D1328200F3
:108B9400F1578100553D00009D5A81003D3582000A
:108BA40089338200D96E810045708100FD618100A6
:108BB400594B81000D9C8100558B8200F18E8200FF
:108BC400E59A8100BD35820049368100291F820063
:108BD400655C8200F5050100516F8100299B8100CD
:108BE400A56D8100B5A28200E1AF8200A956820082
:108BF400894481003D578200E16F8200016F820049
:108C0400DD728200E53E810095518100FDD4810032
:108C1400F5BC810081B48100F19981001931810092
:108C2400358A8200DDDA81008D570000CB580000C0
:108C3400E9898200C1D48100FD8D820099B681004A
:108C4400BDA781003D9F82005D0381006D9282007B
:108C5400218B8200599A8100ED278100ED948200D6
:108C6400FD8A81009D8A8100416B8100E16F810052
:108C74005D468200A19482009D898200C99282008F
:108C840079998100B1908200219182001D34810084
:108C940099B28200DD6A82008DC981005927820061
:108CA400BF0A0100D9908100A56B82006D3C82004F
:108CB400E56D820005C28200C96A8100ED4582002B
:108CC400816B8100353F8200FD90820071BC810080
:108CD400F16B81003D4E8200514A82003DA2810029
:108CE400610E0100F55A0000B97E82006988820095
:108CF400695A8200DD2E81001513820011738100F0
:108D0400698082009D9181005D8B8100816C82006D
:108D14008D8F81004D8F810009888100BD6D820097
:108D2400018E81001D5E820091718100C127810046
:108D3400797582002DBE81002D5B8200E9A5820039
:108D4400B572820025670000217D82004D8082007B
:108D54008D7F820001A08100ED7F82002D41810082
:108D6400F98481006185820045728200F954810092
:108D7400692B820069518100C555810031568100FB
:108D8400A1A6810071508100392A820061538100BB
:108D9400C5738100F5700000F1978100A99B8100E3
:108DA400FD3B820025A08200DD398100715D8100D8
:108DB400230601004995810009CC810021A382008A
:108DC40045AA8100AD81820091678200098C000070
:108DD4007D708200E12F8200E903810081DB810044
:108DE400952482006989820089C38200C5C48200F7
:108DF400B9FD0000B1EB820009CB82000DCC8200EA
:108E040059EB820061E9820015F18200E9CD82000C
:108E140045DF820009F182008DF782008DCA82004D
:108E240089F38200D5CA8200A1098300C9F78200B0
:108E3400FDEF820099F8820025F9820039FA820058
:108E440089ED8200158F0000ADE5820065DA8200AD
:108E54007DC582002DE68200FD8F000031E4820092
:108E6400E5F182009DC8820055F382009D05010052
:108E740061C78200CDE182006DE18200A5E282003B
:108E840059DF820029F4820009C7820055EF82006D
:108E9400E9EC8200B50F0100BDDD8200E1C582006E
:108EA4004DE5820005E08200A5F982000DC582002F
:108EB4009D95000025910000F991000091E6820043
:108EC400BDCC8200FDE982008DD182002DF18200AB
:108ED4002DF7820095FB820069CE8200A1F082000A
:108EE400D5F08200F5CC8200AB92000081D98200DB
:108EF40045C58200FDCB820025CB8200BDEB8200FC
:108F04001DDB820015CD82003D930000CDE682007A
:108F14004DCF82009DCB8200450C8300E50D83007C
:108F2400590E8300410E8300010B83004D0A830018
:108F3400D10D8300310C8300590C8300710A830026
:108F4400650E8300F10D8300410B8300A11E830095
:108F5400B11E8300012B8300F54E8300112B830087
:108F6400B127830099238300014A8300ED498300DC
:108F7400FD478300CD4C8300BD4C8300714C8300BE
:108F8400D52783004D25830095258300E14C83007C
:108F9400414C8300E10A010065118300E144830030
:108FA40021288300BD288300792983006528830054
:108FB400652B830041458300D5298300491D830027
:108FC400A12A83005D30830051488300E548830073
:108FD40029488300F5238300114A830079348300F0
:108FE40091188300A5338300ED3483001D118300A1
:108FF4009D4E8300954D8300B51A8300614783001D
:109004001D4D8300ED1083000D458300C11E8300B8
:1090140001208300E9218300F1258300F91D8300E9
:10902400E9070100139C000049108300C10F83006D
:1090340021248300A5248300B94A8300B52F83002B
:10904400C1458300FD1C8300711D8300F518830056
:1090540059198300F1198300C70D0100492A8300BF
:10906400A5118300B957830029578300654F8300F6
:1090740001608300E559830039518300F54F830073
:10908400555483001D5E830021528300655983007B
:1090940079508300714F8300095983003D63830035
:1090A400C5578300815C8300B15B8300DD5383007B
:1090B400115383009D4F830029508300254F830063
:1090C400D5588300CD62830039608300F95C830046
:1090D4004D6183005D5F83002D548300DD50830068
:1090E40039578300A555830091638300A1628300EF
:1090F400C15D83002D5E8300455F8300A151830021
:10910400F30F0100195B83006D5A8300A956830095
:10911400A5508300095783000D748300DD63830029
:10912400297A830001668300B9B28300D5A783003E
:109134007D848300819383005DB38300A1938300C6
:10914400E9938300210E01006D9D000051A60000EB
:10915400717A83005D67830051668300CD7083005C
:1091640055718300DD7483008DAA830051A88300A8
:10917400A9B183009D918300D1848300779C000072
:1091840061848300AD77830081818300158283002D
:10919400B1808300E5B583006D7E8300B5798300DB
:1091A400AD9D0000916E8300758F83005587830009
:1091B4003509010041A2000025678300C1888300AE
:1091C400D98F8300F5AC8300E97783009D6D83001C
:1091D400A1A7830055100100C9A4830049A500007C
:1091E40013050100E58A8300CD6A8300F5868300B8
:1091F400596A8300B9AA83001566830051B28300BB
:109204009DB38300D9B6830059B183009182830052
:10921400D5B0830081868300C97A830005858300E5
:10922400797C83008965830055A58300C9AF8300D9
:10923400B10401007999830091898300C5B5830045
:109244000DB8830099D483002DC083009DC2830090
:10925400ADC38300A1C68300B1C68300C5C2830029
:10926400A9D0830055BF8300F9CF830029BF8300B1
:10927400C5E18300C1C0830095C083004DD883003D
:109284000DD7830015D88300F1D7830079BD8300FF
:10929400A1E1830035C28300C5E08300DDE08300E3
:1092A400C5DC830099DA830001DA83004DB88300BA
:1092B40075C0830019C28300F9C983003DD68300B9
:1092C40015BE8300C9D683005DBA830029D6830006
:1092D40031B9830035BC83009DD883005DDC8300F5
:1092E40029C18300A9C28300E5C0830025DB830074
:1092F40075C283001DD083005DBC830061C68300FA
:10930400D5C2830005BC830001C98300B5C88300AE
:10931400EDC8830055D6830015D98300A5D18300F9
:10932400F1D5830001D9830081B8830089E08300EB
:10933400E1BC8300A5DB8300EDE1830071C1830000
:10934400E9B783006DC783008DC183001DC8830006
:10935400B5D1830071DC8300E1C18300A9C183001E
:1093640019DC830039D883004DCB8300A5B7830073
:1093740069CB83008DC98300C9D483005DAF00002D
:1093840099D68300E5DC83004DD483001DC383009C
:1093940021DD830045D983007DD383003DD2830042
:1093A40041DA8300CDD88300D9BF830095BD830003
:1093B400EDBD830051C083002DB8830049BB8300F9
:1093C40031BB8300CDDA8300D5D0830049CA830042
:1093D4009DD5830081BF8300D5CF83003DC9830021
:1093E400DDD18300B9D7830025C7830031AB0000EA
:1093F4005DBE830021E18300F9E0830071B983003D
:109404008DE1830025D9830049D78300DDDB830008
:10941400A9B98300A1A700006D0F010059EB8300D7
:10942400C5E7830041E2830025E283006DF58300F4
:1094340065EB830085F2830089F78300B1F2830032
:10944400A9F58300AD008400E100840019FD8300C8
:1094540035EE8300FDF3830045B5000089FB8300EE
:10946400B9FA830021F98300F1FA8300D9F8830063
:10947400D9F9830031008400C5FE830049E78300E5
:10948400050084004DFF83006DF3830059FE8300C3
:1094940001FE830025EB83000DEB8300DBB40000A9
:1094A40035FD830081EB830059FD830011F88300AF
:1094B400FDF78300C5ED8300ADED8300A1018400B9
:1094C400E9E78300B1F38300DDF2830025F3830031
:1094D400F9E68300E5E283002D0A0100A5E9830093
:1094E4008DF5830051EE830079F8830071E28300E7
:1094F400F1E8830045E6830099F783006DEE83006D
:1095040041F48300B9EB830075E78300B1E883007D
:109514006DB3000061F1830019FE000089EE830041
:109524009DB40000FDE58300A9FD8300110A01003C
:10953400B5FB8300F1F183002D108400E115840054
:10954400B1198400C5158400D90F8400CD2184008D
:10955400491E84004D1F8400E1128400ED0884003C
:10956400F10184002D0F8400ED238400F51E840096
:10957400E520840049208400AD128400F11A84009F
:10958400711F8400C9198400AD188400450B840040
:10959400910B84000D2484008D2384000D18840015
:1095A400210684008D168400310384006909840037
:1095B400FD158400E902840001028400A9098400E5
:1095C4008D148400811E8400E10B8400751C8400CA
:1095D400AD0A8400491084007120840001218400B4
:1095E400850A8400291D840045078400390C840001
:1095F40029198400551E840089038400E51D840014
:109604002125840049138400291A8400410A010099
:10961400ED12840045068400010D84008943840012
:109624006D2A8400014D8400152884006928840073
:10963400C5F4000009408400112C8400F92784003B
:10964400912D8400794C840089348400193384007A
:109654006D2F8400C92D8400F12E84007D2E84009A
:1096640065258400DD348400FD25840019298400E7
:10967400B5408400D944840079298400B92B84003E
:109684003D45840095328400B9288400D138840093
:1096940031488400A93084006D2C840099438400EF
:1096A400D13284006D338400FD2F84005D45840035
:1096B40011348400B54A840075488400C548840088
:1096C400B1278400314A8400D94984005932840086
:1096D400014C840039388400314D840055448400A1
:1096E400D93D840055438400513C84009139840061
:1096F4009536840091378400F5368400E147840070
:1097040015478400CD4C8400F52B84002546840045
:10971400E53A8400C937840049428400292A840038
:10972400A53F840059268400952A8400452B840093
:10973400C95D8400A1140100A156840095568400DB
:1097440019578400E956840005578400355F840066
:109754001D628400B557840065638400ED62840053
:1097640021638400BD628400194E8400B9538400CF
:10977400B15D8400B5518400D55F8400F95584003F
:109784006560840059538400E5538400E94D8400E6
:10979400D1140100E15F8400A514010075140100D7
:1097A400B55B840031568400A5638400CD608400D9
:1097B40091638400ED5084002D5E84003151840057
:1097C400155C840061548400F55E8400F15D8400BE
:1097D400AD1501007152840059588400815C8400E5
:1097E400715784002557840071588400AD56840055
:1097F400415984006D4F840029508400E154840051
:10980400BD6184006D61840005598400A5668400EF
:10981400D9678400456684000D65840091678400DF
:10982400B96384005D67840079678400F966840005
:109834002165840021678400C56684008D668400E8
:109844006566840011688400516C8400AD6E8400E8
:10985400016E8400411201004D7F84007D6C840000
:109864002D748400456A84000D7B8400E50A0100A0
:10987400156E8400457A8400E56C8400456F84008D
:10988400D5C70000297E8400756D8400956B840023
:10989400B56D84007D7D84005D6B8400D56A840091
:1098A400816A840085100100B1808400857E840073
:1098B400CD7F84004981840069818400ED8984001E
:1098C4006D8A8400FD8984008D8984009D898400CB
:1098D400E9858400F982840025858400518A840006
:1098E400758584009584840081818400718384005B
:1098F400C18984005D898400D58984006D898400D0
:109904007D8984000D8A840009868400798C840012
:109914007D8A84000D8B8400499484008D92840098
:10992400E98D84009D8B8400FD8C840079908400F3
:109934000D8C8400458C8400E9A68400A5AD8400C8
:1099440029968400C598840015C1840009A984005F
:1099540099C2840045B7840031C18400D1B8840021
:109964008D998400B99A840025AC8400D9BF840001
:10997400C9BE8400A196840025B18400519B840053
:10998400919884004D9784001D9784007DA68400DF
:10999400D1B784002DAB84008595840019B0840070
:1099A400F5AD840029A98400C1A98400219F840005
:1099B40025A28400B1AE8400C1AF8400D5A3840085
:1099C40075B7840041A28400E1BC84006DA88400C2
:1099D400BD9D840095B884005D95840075BE8400A7
:1099E40051B98400A9958400C5C18400599A8400A2
:1099F400419684003DB884009DA88400E5A88400B5
:109A0400A59B8400F5A684003DAF8400159A8400CC
:109A1400F9988400EDA984006DB18400FDF0840000
:109A240025DF840025ED8400E5D08400CDF1840099
:109A340009F2840035F2840055F28400CDF28400EA
:109A4400B1D38400F5D384002DD48400C1D4840020
:109A5400A5048500F90585006D0585009904850038
:109A64008D04850079D4840045E88400B1C5840060
:109A740095DF840031DF840075E484001DE08400F8
:109A8400BDC9840005ED8400A500850091FB840018
:109A9400F9ED840091EF84009DFB840081EA840049
:109AA40079E2840059C6840061EB8400A1EB840050
:109AB400D1E484009D028500A1F3840015CC8400C8
:109AC4005DFB840081C5840015D5840099D684008B
:109AD40035E78400B9DF840045F48400B9C7840005
:109AE40001DF84002D018500E1C7840025D18400B5
:109AF40099F50000BDDD84004DF38400E1C98400C4
:109B040041E084002DCA84009DD4840005EB8400C8
:109B1400D900850079CB840021FC8400B9E8840055
:109B2400B5D8840031FD8400BDFB84001D0485008C
:109B34005D04850031ED8400450685005DEC8400FC
:109B440025C384001DF38400D9C684002DEC840051
:109B540039F5000059E9840019C88400B1EF840084
:109B6400B100850049D3840001C98400E1D2840096
:109B74008DCB8400DDEB840011F4840009FC8400A7
:109B8400D9F3840069C38400A1C884002DEE840045
:109B940071D6840079018500BDEE840025D8840047
:109BA400DDF9840009F0840035F7840093F50000A2
:109BB400D9FC840015D78400DDD584001DDE840023
:109BC400D9F5840019F1840099F1840049F18400E5
:109BD400F1F48400A1F48400F1D084003DCC84002D
:109BE40069D2840089E9840071CD8400C9D38400DA
:109BF4008506850089078500E90685004D078500EF
:109C040011078500250785007106850095068500E6
:109C1400BD06850075078500B10785009D07850091
:109C2400A9068500D1068500FD0685003907850053
:109C3400610785005D0685001509850079098500A1
:109C4400350A8500BD0985000D0A850063C800003A
:109C5400570A01004D0A8500A909850025098500D8
:109C6400DD0A85006D0A850081088500C507850029
:109C74000D0B8500590F8500ED118500C912850073
:109C840021108500F90D8500D5118500511085003E
:109C9400AD118500011185006D10850081C00100A2
:109CA400850F850085108500990D850011128500AA
:109CB4000D22850041178500D91785007520850080
:109CC4007D2C8500352F8500B92285002D25850042
:109CD4009D238500612F8500A5278500C92A85005D
:109CE4006D2985009D22850031228500A5248500EB
:109CF400E1238500B12F8500BD2C85005914850012
:109D0400C9138500A11C8500452C8500A917850071
:109D1400B1208500311A8500FD178500291D8500B5
:109D240021148500AD218500B530850045318500BD
:109D340035278500D1318500C5148500BD2D8500EA
:109D44002D23850059238500891485004D468500FF
:109D54006547850025368500514785003D468500C9
:109D64008D3C8500514A8500994A850075478500D8
:109D74001D478500553685005D468500D53B850029
:109D840049498500D53A8500E13985004139850086
:109D9400E53885000937850045358500C93C8500CF
:109DA400754B8500B9458500ED4885002146850041
:109DB400213A8500A940850001328500F5328500ED
:109DC400FD378500894E8500DD508500ED50850006
:109DD4005D57850009558500495085005D50850013
:109DE400D1528500F5528500E54E8500C9558500A0
:109DF40065568500C9508500094F850037C10100AB
:109E04009D5585000D538500A94C8500B9578500E3
:109E1400A55785000D518500FD5A8500D551850053
:109E2400A9518500B15285009D538500395585009F
:109E34009D4E8500C95785006D578500954C85005A
:109E4400095785008D4F85006FC10100FD598500BC
:109E5400014D8500ED598500D9598500194C8500BF
:109E6400756C8500816E8500516C8500295C8500C8
:109E7400416E8500795E8500770D0100AD6E850029
:109E8400B56C85006D6585001D5F8500196B8500C7
:109E94008579850071738500B58E8500E19585000F
:109EA40001828500519085002D828500D190850026
:109EB400FD908500BD9285006D8F8500CD92850053
:109EC40055968500C58E8500857285005D8D85005B
:109ED40001838500C1918500257085000D91850061
:109EE400C17685006971850041718500F97F85001F
:109EF40079708500F19385009D958500F574850042
:109F0400497485006D788500BD728500ED8A8500F1
:109F1400C98C850099918500597D8500BD718500A6
:109F2400758185000D818500A979850021778500DB
:109F34002193850089928500D194850095968500AA
:109F440065838500D973850065828500E1C10100C0
:109F54005975850021768500556F85006D958500BE
:109F6400E583850029848500AD8F8500F16E850029
:109F7400D72B0100011C0100632801006F28010098
:109F8400752601009D200100652101000D210100BD
:109F9400D5200100A9200100A32001004D2E0100BD
:109FA400C52A0100C51F01001D1C01000D2E010062
:109FB400152E0100791F01004F1C01000929010021
:109FC4004D1C01009330010005330100FF25010001
:109FD4008D1F01009F2A01009B2A0100852A010090
:109FE4006F260100471C0100411C0100F52D0100F2
:109FF40059360100BF2A0100ED2D010005200100A2
:10A00400252E0100C92B01009B220100B121010072
:10A01400852701009D220100652701006B270100AF
:10A024002B2E01000D260100932401003D22010086
:10A03400F9250100C72A010071C90000ADC900005B
:10A04400E9C9000015CD00002DD200000919020055
:10A0540095D200009DD20000A5D800003FD6000094
:10A064003DD70000B3D60000CD3300001532000008
:10A07400E531000007320000A13100008D310000FD
:10A08400290F01002D0F01002F3400007F34000040
:10A09400714F000039F900009D3E000037F90000BF
:10A0A400615C0000F5790000D9830000C1700000F4
:10A0B400F5F1000021F2000033F2000005F3000086
:10A0C4001B10010039A8000029F9000025F900003F
:10A0D40019F900001FF90000C3F4000031F9000071
:10A0E4002FF9000033F9000035F9000017F90000DA
:10A0F4001DF9000023F900002BF90000BFB6000091
:10A10400ABB60000B1B60000B5B60000C9B6000099
:10A11400490F01004F0F0100610F01005B0F0100A7
:10A124005F0F01004D0F0100650F0100670F010073
:10A13400630F0100550F0100530F0100570F010079
:10A1440011F500002F0F0100330F0100350F01003E
:10A15400390F01003B0F01003D0F01003F0F0100CB
:10A16400410F0100450F010053F900004FF90000B1
:10A1740047F9000055F9000045F900003DF90000D9
:10A184004BF900003BF900003FF9000051F90000D1
:10A1940017F5000001000000200000001F0000006F
:10A1A4005000000002000000010000000100000057
:10A1B40001000000000000006AC301000A07080053
:10A1C400A51F020051FB8000073200000D31000082
:10A1D40000000000D1F980000000000029FB80008D
:10A1E40000000000000000009C1800409600FFFFE3
:10A1F400FFFFFFFFFFFFFFFFFFFFFFFFFFFFFFFF6B
:10A20400FFFFAAAA0300409600000000000000001F
:10A21400000000000000000000000000000000003A
:10A22400000000000000000000000000000000002A
:10A23400000000000000000000000000000000001A
:10A24400000000000000000000000000000000000A
:10A2540000000000000000000000000000000000FA
:10A2640000000000000000000000000000000000EA
:10A2740000000000000000000000000000000000DA
:10A2840000000000000000000000000000000000CA
:10A2940000000000000000000000000000000000BA
:10A2A40000000000000000000000000000000000AA
:10A2B400000000000000000000000000000000009A
:10A2C400000000000000000000000000000000008A
:10A2D400000000000000000000000000000000007A
:10A2E400000000000000000000000000000000006A
:10A2F400000000000000000000000000000000005A
:10A304000000000000000000000000000000000049
:10A314000000000000000000000000000000000039
:10A324000000000000000000000000000000000029
:10A334000000000000000000000000000000000019
:10A344000000000000000000000000000000000009
:10A3540000000000000000000000000000000000F9
:10A3640000000000000000000000000000000000E9
:10A3740000000000000000000000000000000000D9
:10A3840000000000000000000000000000000000C9
:10A39400000000002DE9F74FB1F1000B044615460B
:10A3A4009A464ADB438A818A5A444B439A4244DAA6
:10A3B400806808F04BDB00210190A06808F018DDEC
:10A3C4004369064643F00043436100271DE01AF841
:10A3D400019B4FF0080801E0AF4218D019F0010FBB
:10A3E4000DD02046314607EB0B02FEF305F730B1E2
:10A3F40073694FF0FF3023F0004373611FE00137AE
:10A40400B8F101084FEA5909E6D1AF42DFDB7369BD
:10A41400A06823F000437361002108F059DCA068B0
:10A42400012108F055DC20463146FEF3FFF2A06816
:10A43400019908F0DDDC002001E06FF01C00BDE8AC
:10A44400FE8F2DE9F0410546884617461E461FF04B
:10A4540043F840B1436841469C6928463A4633462E
:10A46400A047BDE8F0814FF0FF30BDE8F081407CAB
:10A47400704713B500F094D878B1002409E00022A5
:10A4840001A9FFF34DF7019803782C2B08BF013085
:10A4940001340378002BF2D100E0044620461CBDB1
:10A4A40038B5B0F842300546B3B140F2E93402E0C1
:10A4B4000A2003F039DF2B6B1A6902F07042B2F103
:10A4C400005F05D0B2F1405F02D00AB1013CEFD188
:10A4D4001A6822F010021A6038BD00002DE9F0431A
:10A4E4000446A36894F8B160002085B003F0100816
:10A4F400039080450CBF4FF001084FF01008002E68
:10A5040040F08380012384F8B130B4F86C50B4F87F
:10A514006890B4F86A3009F1FF39EB1A09EA0309C3
:10A52400D4F89830C9EB0309B4F89030AC2B88BF49
:10A53400D4F8946000275AE0D4F8B40080B10378CA
:10A5440073B100F0F5D8022805D804F11C00304995
:10A55400FFF3CCF368B9D4F8B40000F08FD907E066
:10A56400B4F89010606A01394144891904F0F0D9B3
:10A5740060B937B9204602F0FDDD003018BF012074
:10A5840000E0002023690133236133E0A368D90686
:10A5940006D5036908F1FF32C3EB08031340F6182C
:10A5A4002EB103699B190361838A9B1B8382026911
:10A5B400216F0023136041F825000393B4F8683039
:10A5C4002046013B9D4204BF4FF08053039303ABED
:10A5D4000093B4F89030E16B01932B4602F0B8DCA1
:10A5E400B4F868300135013B1D40ADB201374F4529
:10A5F400A2D10020D4F88C20636BA4F86C5002EB39
:10A6040005155D60002384F8B13005B0BDE8F08322
:10A6140098C5010070B590F878310446FF2B1CD022
:10A624000E4D406AEB6E9847D5F89C50606AA84777
:10A6340001280BD894F8141241B90B462046084A55
:10A6440003F09EDD012384F8143270BD606A94F82F
:10A654000561A847301884F8060170BDE0A685009E
:10A664003D98800071B191F80832012B0AD091F81D
:10A6740075313BB14B691A6A034B134013B1084659
:10A684000DF0E0B9704700BF00FC0101D0F8801163
:10A6940010B5044699B10223C068D4F8842108F0A7
:10A6A40085DA074B1B6853B9D4F88011D4F8842198
:10A6B400E0684A400223BDE8104008F0779A10BDD4
:10A6C40090140200F8B590F817320446012B74D0A8
:10A6D400012380F81732002742E0A068314600F0D9
:10A6E40003DBD4F8F0301B68984205D928460021D2
:10A6F400324600F08FDA41E02046FFF78BFF3569E0
:10A704000023AB7194F8783131462B7294F80631FA
:10A7140084F807316B72D4F8FC31606A0133C4F8F1
:10A72400FC316A79254B82F08002D2095B6A984732
:10A73400B0B9D4F8F8206B797AB118070DD06978DC
:10A744002B78126943EA01230F331B09190A18BF36
:10A754000023937194F878311372C4F8F8600127D8
:10A76400D4F8F0301B68012B08D904F128052846D9
:10A77400002100F0D1D906460028AED1002384F888
:10A784001732C4F8F8302FB1636904225A642046A2
:10A7940007F0BEDEE38DD4F8C821934204D92069C2
:10A7A400BDE8F84001F0449DD4F8CC21934204D292
:10A7B4002069BDE8F84001F02D9DF8BDE0A68500B4
:10A7C40011F47C4F2DE9F04104460D46564E66D0F7
:10A7D40011F480680ED0F36D406A9847336B071C00
:10A7E400606A18BF0127984710F1000818BF4FF09E
:10A7F400010800E047462A050CD5F36D606A9847C6
:10A80400336B002818BF0127606A9847002818BFD7
:10A814004FF00108EB040CD5F36D606A9847336B75
:10A82400002818BF0127606A9847002818BF4FF016
:10A834000108A80404D5D4F838310133C4F83831F8
:10A84400690409D5D4F83C3101270133C4F83C31FB
:10A85400D4F83C31D4F838312A0410D5D4F8403136
:10A86400D4F8F4100133C4F8403131B1A0680122A6
:10A8740004F03ED80023C4F8F4304FF001081FB9A7
:10A88400B8F1000F03D10AE0B8F1000F04D020465C
:10A89400002107F01BDD17B1204607F065D8EB0156
:10A8A40002D520460DF0CEF815F4903F12D1B36FC7
:10A8B400606A984770B905462DE0204607F066D9CE
:10A8C400D4F8D83101359D4205D3236A43F480334B
:10A8D400236206E00025B36E606A984701460028AB
:10A8E400EBD1D4F80C0220B1037813B10021FFF3AB
:10A8F4007DF72046FFF78EFE94F8073194F8062181
:10A904009A4208D094F805219B1ADBB2022B02D894
:10A91400204607F065D8D4F8D801854234BF00201A
:10A924000120BDE8F08100BFE0A685002DE9F041DB
:10A9340004460D461646984640F2E93702E00A20DE
:10A9440003F0F2DC63691A6D002A04DA013FF6D1E0
:10A954003846BDE8F081069A46443602B2F1807F5B
:10A9640046F0004603D12A7842F08072B6181E657C
:10A9740040F2E93602E00A2003F0D6DC63691B6D7D
:10A98400002B03DB2B700120BDE8F081013EF2D1E6
:10A994003046BDE8F081D0F8943110B599420446B0
:10A9A40003D80DF04FF8E08D10BD002010BD00233A
:10A9B400C26B0AB1013AC2630133DBB21030102B0F
:10A9C400F6D1704703682DE9F74F012A14BF4FF001
:10A9D4002A084FF0320805460E465868414691460B
:10A9E40003F0B6DF074648B92B684FF0FF301B6809
:10A9F400D3F88C301A6D01321A6564E006F10E0B3F
:10AA040059460469042201A8FFF39EF0019A4AF60C
:10AA1400FE1312BAB3EB124F0CBF2C4906F1080116
:10AA24002046062205F1280AFFF38EF0A01D5146A8
:10AA34000622FFF389F0B9F1000F0ED0002323732F
:10AA440084F80D8004F10E0021490622FFF37CF006
:10AA5400082323750623637503E008232373062361
:10AA64006373A8F11C084444314606222046FFF3D0
:10AA74006BF00023A3710223E3715146062204F113
:10AA84000800FFF361F006F11801042204F10E003E
:10AA9400FFF35AF006F10801062204F11200FFF355
:10AAA40053F05946042204F11800FFF34DF0D5F891
:10AAB4005C3128680133C5F85C313946D5F8682122
:10AAC40025F058D90120BDE8FE8F00BF2C9E8500DB
:10AAD40014D2850010B50368D3F800481B6893F8B6
:10AAE400AB306BB1FFF763FF08E0A16829B1012027
:10AAF40000F080FA08B1FFF75AFF2468002CF4D163
:10AB0400002010BDF8B5066805460F4670684FF47E
:10AB1400BC7103F0C5DE044688B100214FF4BC7259
:10AB2400FFF376F0D5F860312660C4F8603195F80B
:10AB34006431C4F8687184F864316B6863602046DA
:10AB4400F8BD014628B103684FF4BC72586803F09D
:10AB5400B79E7047F8B5C36805460E465868382155
:10AB6400174603F09DDE044600282BD0002138222E
:10AB7400FFF34EF00123314623606360A360062295
:10AB840004F10C00FEF3E0F7738E06F10901A374DF
:10AB9400337A04F11400E374327AFEF3D5F7768D38
:10ABA4002846A686E7862146382221230BF0E0DCDE
:10ABB40050B1EB6821465868382203F081DE4FF02B
:10ABC400FF30F8BD6FF01A00F8BD000070B50D46F7
:10ABD4000380194690F8CF3090B01446174E4FF0CA
:10ABE400FF3200957BB902920392049205920C22E3
:10ABF400019306930793089309930A960B900C927A
:10AC04000D930E9312E05BB200250292039204921C
:10AC14000592079300F1D0020C2301950692089542
:10AC240009950A960B900C930D950E95044A2346AC
:10AC3400C06823F049DF10B070BD00BF41F80000C8
:10AC44002C9E85001FB5836D0446012B16D1B0F8E8
:10AC54005831DB0712D4C36893F8703273B902AA6F
:10AC640003A901AB0CF08FFB029A3AB12046039979
:10AC7400019BFFF7ABFF08B90223A3651FBD08B50D
:10AC8400B0F8582169B142F00102A0F85821826D50
:10AC9400022A12D1C3680C21D3F8680151F070DA8A
:10ACA4000BE0D10709D522F00102A0F85821826DEA
:10ACB4001AB101228265FFF7C5FF002008BD704765
:10ACC40010B50C4641B18B6823B9C06F0968FFF712
:10ACD40019FFA060A06810BDC06F10BDF8B58C69E5
:10ACE4000B4621698B4203D0DD6A15B12F6801E060
:10ACF40000252F4663681146D86803F017DEA36861
:10AD040006461B6893F895301BB1C38A43F0800351
:10AD1400C382636893F8AB308BB120462946FFF7B2
:10AD2400CFFF60B131460AF01BD8022807D163680F
:10AD34003146D868012203F0DBDD0120F8BDA068AC
:10AD440031463A4625F016D8003018BF0120F8BD28
:10AD540008B5806800F03EFD002008BD10B504462B
:10AD6400FFF7F6FFA068BDE8104003F02FBE000017
:10AD740038B505466B6880681B7EB3B902F0DAFB10
:10AD8400044620B9D5F880000AF021FD044609F0F4
:10AD94007BFF6B68D3F89C1041B10B7833B1044B43
:10ADA40000221868FFF328F500E00024204638BD8F
:10ADB4001015020010B5436804461B7E53B1D0F849
:10ADC40080000AF019FDA06805F087FD6368002281
:10ADD40083F8202010BD08B58069FFF7EBFF002041
:10ADE40008BD00001FB5084A03460092074A0846FA
:10ADF4000192074A0749D26902921A68064BFFF387
:10AE040073F105B000BD00BFFFC60100C4C6010058
:10AE1400EC140200D0C60100F3C601002DE9F8438A
:10AE24000446084615460DF0CDFC014610B9D4F889
:10AE3400109001E0D0F80490A268D9F82470126848
:10AE44002B6992F895201AB1EE8AC6F3C02609E060
:10AE54001E7B5B7B43EA062648F66C03F31A5E42CC
:10AE640046EB0306D6B9636893F8AB30CBB1204602
:10AE7400FFF726FFA8B1294609F064DE042801D0B3
:10AE8400012804D163682946D86800224CE0A0F167
:10AE9400050CDCF1000848EB0C0803E04FF0000857
:10AEA40000E0B046636893F895301BB116B9AB8ADD
:10AEB4002D33AB82002F33D006BBFB69D8070BD5EB
:10AEC400637D4BB1204629460CF050DB20B9636802
:10AED4002946D868324627E0B8F1000F0ED16368DE
:10AEE40093F8963053B1D4F8840029460DF09BFBB7
:10AEF40020B963682946D868424615E06368294644
:10AF0400D86803F04FDD3B690446DB6848463946A0
:10AF14002246984760B12046BDE8F84303F07E9C82
:10AF240063682946D8683A46BDE8F84303F0E09CD4
:10AF3400BDE8F8834A6A08B542F4801291F84330B8
:10AF44004A62D0F8882003F00703D31893F88020CE
:10AF5400013283F88020D0F88830012283F88620DB
:10AF6400D0F8883093F8811093F87B20914211D265
:10AF740093F8801093F87A2091420BD293F88210C0
:10AF840093F87C20914205D293F8832093F87D3086
:10AF94009A4201D30CF092DF002008BD73B5144629
:10AFA40005461146406FFFF78AFE6368112B08D0EF
:10AFB400122B01D0102B1CD1A37803F001032B75A5
:10AFC40017E002AA002342F8043DA86894F82F1061
:10AFD4003BF03CDF064660B1837923B96188C1F355
:10AFE400800126F0F5DEB3791BB1A86831460CF078
:10AFF40020F87CBD01280CBF8868002070476429B4
:10B0040011DC63291EDA4A291CD006DC07291CDB63
:10B01400082917DD3C2918D114E0502912D014DB7B
:10B024005C3903290DE0C32904DCC2290ADAA839F2
:10B03400022906E0B1F5847F04D006DBA1F589710D
:10B04400012902D86FF01600704700207047C888A5
:10B0540010F0080018BF6FF0160070474FF0FF3370
:10B0640010B5A0F83C32044600F50E7006300021FD
:10B074000C22FEF3CDF523685B6B23B94FF0FF334D
:10B08400A4F840320BE00F23A4F83E32F023A4F8D6
:10B0940040324FF47063A4F842324FF20003A4F834
:10B0A400443210BD2DE9F04F87B017460393D2F810
:10B0B4001080694B5268DDF840A0134083460D466A
:10B0C4000E69002B14BF4FF00C094FF00A09BAF1B6
:10B0D400000F04D09AF90E3099441FFA89F9AB8A0B
:10B0E400C9EB06044B44AB824A462C61204600213E
:10B0F400FEF38EF5129B09F10E09A3F8009098F85F
:10B104000630FBB131460622201DFEF31DF504F185
:10B114000A0008F1BC010622FEF316F5BAF1000F8D
:10B1240004D17A684C4B1340002B3FD0B11D06224A
:10B1340004A8FEF309F504F1100004A90622FEF3A5
:10B1440003F533E098F81230201DE3B1D8F8CC3081
:10B154001B0618D408F1BC010622FEF3F5F43146AF
:10B16400062204A8FEF3F0F4B11D062204F10A003D
:10B17400FEF3EAF404F1100004A90622FEF3E4F459
:10B184004FF4807614E031460622FEF3DDF4B11D5F
:10B19400062204F10A00FEF3D7F404F1100008F1CA
:10B1A400BC010622FEF3D0F4002601E04FF4007641
:10B1B4007A68294B134053B39DF84430696A03F00D
:10B1C40007034805ADF816300FD49BF8F821012A7F
:10B1D40005D141F48021696243F0200303E0520168
:10B1E40002F060021343ADF816306B6A590605D5B8
:10B1F400BDF8163043F08003ADF8163004F11800A2
:10B204000DF116010222FEF39FF446F08006BAF116
:10B21400000F0FD07A68104B134013B904F11803D0
:10B2240001E004F11A0301220092584641465246B5
:10B2340044F050DA039B46F0080613B146F48066E6
:10B24400B6B2BAF1000F01D046F4804626802046FB
:10B2540007B0BDE8F08F00BF400001802DE9F84F32
:10B2640091F801900D46B9F1010F144640F3C180E5
:10B27400CA788B7843EA0223012B40F0BA80B9F1F3
:10B28400110F40F3BA8004228E1884F87C2084F8CD
:10B294007E2084F87B3084F87D3084F8823084F812
:10B2A4008330304658490322FEF332F450B9EB7927
:10B2B400012B0FD9072B0FD85AB24FF0745191407C
:10B2C40008D409E0304651490322FEF321F418B9A9
:10B2D400EB790BB984F87C3095F809A02B7A002619
:10B2E40043EA0A2AA9F10809B0461BE005F1080758
:10B2F40007EB8807B81C44490322FEF309F468B934
:10B304007B79012B06D9072B08D85AB24FF0745118
:10B31400914003D5A21982F87E30013608F1010864
:10B32400A9F10409D04504D2032E02D8B9F1030FC0
:10B33400DCDCC8EB0A07BF00C7EB0907012F84F860
:10B344007D605ADD083505EB8A0505F1020AAB7804
:10B354009AF801B0002543EA0B2B023FD0462E4653
:10B3640028E00AEB860909F1020948462649032226
:10B37400FEF3CEF330B998F805305A1ED2B2012A42
:10B3840014D80FE0484622490322FEF3C1F368B102
:10B3940048461E490322FEF3BBF338B998F805303A
:10B3A400022B03D1621982F8833001350136043F40
:10B3B40008F104085E4503D2032D01D8032FD0DC25
:10B3C400C6EB0B06E388B600BF1B43F08003012FD6
:10B3D40084F88250E38013DD0AEB8B03987810F035
:10B3E40001000ED094F87B3043F0020384F87B30E4
:10B3F40003E06FF01600BDE8F88F0020BDE8F88F79
:10B404000020BDE8F88F00BFCDC20100C9C2010011
:10B41400D9C2010038B50446D4F8741580680BF01D
:10B4240005DFD4F8F816D0F10105A06838BF00256F
:10B434000BF0FCDE00B90135A068D4F8FC160BF063
:10B44400F5DE00B90135D4F8E036A068196A0BF0CE
:10B45400EDDE00B90135D4F8E0360022DA60A068E8
:10B46400D4F83C150BF0E2DE00B90135A068D4F83D
:10B4740094170BF0DBDE00B90135284638BDD0F84F
:10B48400403570B55C8E054604F44063B3F5406FF7
:10B4940021D1036893F846309A070BD004F4704125
:10B4A400A1F58053594241EB0301D0F85C0142F00D
:10B4B400E9DC80B92046FFF39DF440F4306086B2A5
:10B4C4002046FFF397F40E288CBF4FF480504FF4BE
:10B4D400005046EA000404F470422B6BA2F5805C31
:10B4E400DCF100025B6842EB0C029A4205D0D5F80D
:10B4F4005C01012141F0EADF0446D5F85C012146F4
:10B5040042F034DD98B904F47044A4F5805EDEF1B1
:10B51400000444EB0E040E3455F824302E6BD5F899
:10B524005C012B63012141F0D1DF2E6304462046E8
:10B5340070BD072A01DD4A680AB9026B1268032A42
:10B5440006D0511E01290DD8016B09688A4209D120
:10B554009DF8001011B190F8291031B143B11A606F
:10B56400002070476FF00C0070476FF00A007047BE
:10B57400184670472DE9F04F89B000230F461799FC
:10B5840005460592149C159E06930793DDF848B072
:10B59400DDF84CA03BF016DD0599049001F001089C
:10B5A4002868394622463346CDF800801FF074DC03
:10B5B4008146002840F0DC80B7F90630002B1BDA06
:10B5C400B9883A89B8F1000F09D0169B4900039352
:10B5D40000960194029628690131234608E0169BDF
:10B5E40028690393CDF800A00194029649005B46B4
:10B5F40039F09ED88146BBE0BAF1030F0DD904227D
:10B6040006A85946FEF3A0F2BAF1070F05D907A818
:10B614000BF104010422FEF397F20599069B8A1E9E
:10B624001F2A00F29D80DFE812F02000220024008F
:10B6340028002C002E00360038004A004C0051002F
:10B6440053005500570059005B005D009B009B00B0
:10B654009B0063006500760078007C007E00830018
:10B6640085008A009B0095008C00434B02E0424A0F
:10B6740063E0424B1B6823607AE0002B73DC3F4A93
:10B6840004E03F4BF6E7002B6DDB3D4A13603D4B76
:10B6940000221A606CE03C4BECE71BB13B4A126899
:10B6A400002A60D0384A1360394A00231360394AAB
:10B6B4001360394A13604FF0FF32384BE9E7334BDC
:10B6C400D8E7324A1168002937DC4CE0344BD1E723
:10B6D400334A32E0334BCDE7324A2EE02C4BC9E7F4
:10B6E4002B4A2AE0D5F86C32D3F8D8329B68C2E7EB
:10B6F4002D4BBFE72C4A1360002B39D02B4A002373
:10B704002B4913604FF0FF320A602A490A602A4A23
:10B7140013602A4A11E02A4BACE7002B23DD284AA8
:10B724000BE0284BA6E75A1E092A1CD8254A04E038
:10B73400254B9FE7002B16DD234A136018E0234BAB
:10B7440098E704998A798AB90033214A18BF0123FA
:10B7540013700DE0049A937943B91D4B1B788AE763
:10B764006FF0160904E06FF01C0901E06FF00609A0
:10B77400484609B0BDE8F08FD0140200C01402009E
:10B78400C41402009C140200A8140200E40A02007B
:10B79400BC140200B8140200B4140200981402008D
:10B7A400D00A0200E80A0200A0140200C814020031
:10B7B400CC0A0200D80A0200B0140200AC14020041
:10B7C400D40A0200E00A0200C80A0200A41402001B
:10B7D4009414020038B50025044680F8E85125F099
:10B7E40095DEE36A2946986A8022FEF311F2206905
:10B7F40006F070FED4F840012BF07CDDC4F88856C6
:10B8040038BD00002DE9F8439846536A0E46990561
:10B81400044615469DF92090176909D5136BA7F8BE
:10B8240042301B0CA7F844303B8843F400533B8060
:10B8340022686B6B92F844209AB1E26A02EB4602EA
:10B84400B2F91C206AB963B11A69D2F8D42292F809
:10B854009D20032A05D9D4F8640131462A463EF0D6
:10B8640079DB042E1DD12368B7F84C7093F8383077
:10B874003A46C3B1284612F0FDDE04EB8000D0F84E
:10B884004C32D3F85825A3F8C8700132C3F85825B0
:10B89400D3F86035D9698A4288BFDA611A6A0132FD
:10B8A4001A624FF6FF72B8F1000F07D0E36A06F18F
:10B8B4000C0103EB41039988494499804FF6FF73C7
:10B8C4009A4203D02069A82139F0ACDF23692946C4
:10B8D40003EB8603D8680D4B42465B6A9847002801
:10B8E40012DA0B480CF0E4F80A4B1A6801321A60B9
:10B8F400B8F1000F08D0E36A0C3603EB4606B388B0
:10B90400C9EB0309A6F80490BDE8F883E0A6850016
:10B91400BC568600CC14020019B14068302202F0F3
:10B92400CF9F70472DE9F04F8BB00027DDF854A06E
:10B93400DDF85CB00446884615461E460897D4F8E0
:10B94400B434DB19186A18B1414611F035DD28B951
:10B95400343740F2AC439F42F1D181E006900DB9F7
:10B96400149D5646069A13891BB1082B0CBF5346E7
:10B9740004230793069BB3F804909DF858304FEACC
:10B9840049090BB109F10109374841460722FEF381
:10B99400D7F1002841D1032E02DC6FF00D0361E0E2
:10B9A4002946042209A8FEF3CFF02046099908AAE3
:10B9B4003BF04CDA8346E8B9089B1E331AD119F0E0
:10B9C400010F17D0012300935A465B46204609997C
:10B9D4003AF0D6DE834618B96FF01A03089309E0EB
:10B9E400204659463BF0B6DB089018B1204659462C
:10B9F4003BF00ADB089B002B2ED11B48FEF398F189
:10BA04000435043E19F0010F804404D0149AAAF1BD
:10BA1400040A04321492DBF808B0D4F8B4348DE884
:10BA24006000DF19079A149B04920293CDF80CA0CE
:10BA3400CDF814B0FD6A786A06994A464346A84789
:10BA440019F0010F089007D0204626F007DDD4F83E
:10BA5400E4310133C4F8E43108980BB0BDE8F08F49
:10BA64006FF016030893F7E76F5986002DE9F04F3E
:10BA74000E4604461169D2F87C019FB0D6F810B086
:10BA8400139307900C919146BBF80020606802F074
:10BA94000C039B08022B0F930CBFC2F3C0130023AB
:10BAA400DBB231462C9FDDF8B4800E921493FFF381
:10BAB40099F104300A9087B13B7A0B2B08D194F8A2
:10BAC400F03753B194F8F1373BB1BB79072B04D865
:10BAD4000A9897F90F30C0180A90D4F88831002BCF
:10BAE40019DADFB13B7A022B1AD194F8A024D2B927
:10BAF4000C998B6D13F0080316D1BA79292A15D83D
:10BB0400032A13D90B2A11D8299A012A0ED10A9B88
:10BB140008330A9308E00020089008E0089706E03C
:10BB24000021089103E00022089200E0089335699F
:10BB34000021AB1F1593B38AA5F176007633B38247
:10BB4400702230611290FEF363F0736A5B0501D5D5
:10BB5400338D22E0D9F80420944B1340BBB10E99E5
:10BB640001F0FC03882B12D19BF80430D8070ED4C3
:10BB74002998F28A411E02F0070228985C3209EBE8
:10BB840042028842D38808D1591CD18005E00F991C
:10BB9400012908D14FF0000A10E00F9A4FF0000A73
:10BBA400012A03D10AE04FF0100A002328981B0150
:10BBB4009BB200F00F021343ABF816302A99042904
:10BBC40007D120460C99129A0EF002DCADF87200EF
:10BBD40019E02898B4F8463500F00F02299842EA93
:10BBE4000312411E289892B2884202D10133A4F86C
:10BBF40046352A99520147F6E073134001F00702D3
:10BC04001343ADF8723099F8DF3023B90E9A02F07D
:10BC1400FC03802B01D14AF0200A654B08EA030398
:10BC240023B1CDF86C80CDF868800EE00F9B012B1A
:10BC340005D9736A002B02DB13F0100307D099F8BF
:10BC4400483003F07F031B931A93002338E0206BE2
:10BC54005749826C114019B19BF80410C90708D4E4
:10BC64009BF8043013F00103E9D1426C50491140B0
:10BC740011B11B921A9223E01BAB00930DF17603D2
:10BC840001930DF1770302931DAB039349460DF124
:10BC940072021AABD4F860014EF0F4DD736A43F01B
:10BCA40000627262BDF87420D10704D543F00063CA
:10BCB40043F4005373622898D0F1010338BF002382
:10BCC4002268D4F8600692F8462090F80AC012F070
:10BCD40003021A9900F0328111F0006F01F07F0223
:10BCE40004D0072A08D9202A2BD105E0DFF8C4E0C4
:10BCF4001EF90220002A24DA4A0001D4002920DB9C
:10BD040021F4401222F4605209011A9216D5817866
:10BD1400012913D9216B91F94D10012909D0D9F8C2
:10BD240004E01EF0804F09D0013107D1017B49079F
:10BD340004D542F4801242F4805201E042EACC225B
:10BD44001A921B9911F0006F01F07F0204D0072AA8
:10BD540006D9202A33D103E016488256002A2EDA67
:10BD64001A9A500001D4002A29DB21F4401222F44B
:10BD7400605209011B921FD5D4F8601688780128F7
:10BD84001AD9206B90F94D00012809D0D9F804E0A4
:10BD94001EF0804F10D001300ED1097B48070BD51F
:10BDA40042F4801242F4805208E000BF4000018057
:10BDB4007F000008401B860042EACC221B92B4F8A4
:10BDC400282602F44062B2F5406F2DD1226B10692F
:10BDD40005930DF051FF1A9A00F44070B0F5007FFE
:10BDE40014BF0220032012F0006F059B02F07F02B3
:10BDF4000DD0202A29D094F9CA24511C01D00690D0
:10BE040010E0D9F804200690120321D424E09E49BE
:10BE140006908A56002AB4BF94F9C92494F9C82418
:10BE2400511C19D090B217E01A9A02F07F02202A0E
:10BE340004BF4FF000621A921B9A02F07F02202A7C
:10BE440008D14FF000621B9204E00690052003E045
:10BE5400042001E002200690DDF86CE01A9A00024A
:10BE640022F4E0621EF0006F40EA020208BF069866
:10BE74002EF4E06114BF014341EA002112F0006F87
:10BE84001B911A9294F8DC1104D0012902D142F4D6
:10BE9400000202E011B922F400021A921B9A94F8EB
:10BEA400DC1112F0006F04D0012902D142F4000227
:10BEB40002E011B922F400021B9249462046059380
:10BEC40011F016DD1A9A059B12F0006121D0D4F806
:10BED400581691F9051002290DD102F4E0684FEAD1
:10BEE4001828A8F10408B8F1010F8CBF4FF000081E
:10BEF4004FF0010801E04FF0000811020CD502F0E8
:10BF04007F02072A0AD9202A14BF02460422099272
:10BF140006E00991884603E0099001E004210991B3
:10BF24001B9A12F000611DD0110218D502F07F0295
:10BF3400072A16D9202A08BF042010E01B9821F4F0
:10BF4400E06120F4E06040F4007041F400711B9063
:10BF540002201A9106900D920992904603E00D90EA
:10BF640001E004210D918BB10C9A1A99D2F8103387
:10BF7400299802EBC302C2F81413C1B2C2F8181311
:10BF840001330C9903F03F03C1F81033079A002AD8
:10BF94003FD0D4F80CE0D2F804340799DEF88021BD
:10BFA40003F1400001EBC000DEF884C1426001EB04
:10BFB400C302C2F808C2F28A344902F007028A5C5A
:10BFC400022A14D1079A4168D2F800E0299802EBBA
:10BFD400CE02C2F804111A990EF1010E5160C1B2D9
:10BFE40091600799C2F808C10EF01F020A601A99FD
:10BFF400079803F1810240F8321000EBC30229983C
:10C004000133C1B2C2F80C14079903F03F03C1F81D
:10C0140004341A9B13F0006E1FD003F4E0604FEA5F
:10C02400102013F4000F1A4A03F07F01A0F104005A
:10C0340008D001284FF0140000FB012294BFD268FD
:10C0440092680CE001284FF0140003D800FB012291
:10C05400526804E04143525801E003F07F020F9814
:10C064001192022800D0A8B9B4F838260A9991424E
:10C0740003DC726A12F080620DD09BF8042002F097
:10C08400010282F0010206E0401B8600C4D2850052
:10C094008418860000221092226B527D62B1D4F87B
:10C0A4005816097841B1BEF1000F05D1944803F048
:10C0B4007F01415600290CDB216891F8461089075D
:10C0C4002ED0BEF1000F2BD0D4F8581691F90510DC
:10C0D40031B32998012812D9D4F858361B780BB1FA
:10C0E400162300E030231B93736A069923F0006340
:10C0F40073621B9B43EA01231B931A9310E07AB1EA
:10C10400D4F8582612785AB1BEF1000F08D17C4AEF
:10C1140003F07F03D35638EA230828BF4FF0010801
:10C124001A9911F0006315D101F07F02162A11D873
:10C13400744890400ED5139840B1022A09D094F95E
:10C144005C2612F1FF3218BF012200E0139A099213
:10C1540000E009931B9A12F0006E16D102F07F02E0
:10C16400162A12D8674890400FD5139840B1022A76
:10C1740009D094F95C2612F1FF3218BF012200E0C5
:10C18400139A0D9201E0CDF834E00F98D9F8042009
:10C19400022808BFC9F8601112F4803231D094F833
:10C1A400CE2172B394F8D1215AB3D4F8582692F917
:10C1B4000520032A27D04BB901F07F02022A27D099
:10C1C400042A25D00B2A23D0162A21D09BF8043028
:10C1D40013F0010319D10E9800F0FC02882A17D13C
:10C1E400736A4AF4A04A43F480537362BBF818306C
:10C1F400012223F060031B041B0C43F02003ABF863
:10C204001830079205E0002302E00020079000E0C8
:10C21400079320460A9A159B19F006D816AB2046B8
:10C224001B990A9A19F000D80622A5F1400016A914
:10C23400FDF38AF41B9B18010CD403F07F03162B27
:10C2440008D8304A9A4005D50A990B0A05F83C1CCF
:10C2540005F83B3C736A590510D51A9A12010DD59D
:10C2640017B13A7A042A09D143F400637362109A2D
:10C2740094F8C334002B18BF012210921A990B01B1
:10C284000AD41F4A01F07F03D356002B04DA15F8B1
:10C29400063C03F00F0301E015F8063C0E980B93DF
:10C2A400A4280DD09BF80430D80709D4079A4AB9BA
:10C2B400099A2B9B20460FF059DAABF8020013E0E1
:10C2C400079B4BB1099A204640F62A1318F042DD29
:10C2D40080B20230ABF802000E98A42804D1BBF857
:10C2E400023025F83A3C17E09BF80430D90701D412
:10C2F400079949B1002305F83A3C05F8393C0BE0AD
:10C30400401B8600000210281B990D9A2B9B204687
:10C314000FF02CDA25F83A0C736A9A0507D5326BBC
:10C324004AF4005A25F8342C120C25F8322C289A99
:10C334000AB94AF0080A9BF80420D0070FD4D9049C
:10C344000DD494F8D0210AB15A0608D4580504D45F
:10C35400149810B194F8F8210AB94AF0010A0F9917
:10C36400022911D194F8CE2172B1119A042A0BD961
:10C37400A44A2A98125C04EB4202B2F8FE210AB1E4
:10C38400590501D54AF4805A236B18690DF074FCE1
:10C39400089900F44060B0F5406F08BF4AF4807A11
:10C3A40009B14AF4004A25F876ACEFB194F8A03408
:10C3B40003BB0C98826D12F0080217D13B7A0B2B49
:10C3C40008D194F8F0378BB194F8F13773B1BB7995
:10C3D400072B0DD8BB79292B0CD897F80CA00AF0A1
:10C3E400070A4AEA031A07E0BA4605E09A4603E058
:10C3F400924601E04FF0000A736A0D999A0044BF17
:10C404004AF0080A1FFA8AFA4B1EDBB2012B9CBFC2
:10C414004AF4005A1FFA8AFAA5F172005946022218
:10C42400FDF392F3002305F8703C05F86F3C05F822
:10C434004A3C05F8493C002F43D094F8A034002B23
:10C444003FD10C9A936D1B073BD43B7A0B2B0AD13B
:10C4540094F8F027002A34D094F8F127002A30D039
:10C46400BA79072A2DD8BA79292A2AD80E9800F43D
:10C474004072B2F5407F149A14BF0BF118010BF10E
:10C484001E0102B10231022B10D1129B00203A1876
:10C49400B2F8BC2002309A75C2F30722DA7502336F
:10C4A4000A28F4D1A5F15600032208E00B2BA5F1CC
:10C4B400600002D10231102201E097F90E20FDF351
:10C4C40043F30BF104031946A5F1500006220F9320
:10C4D400FDF33AF3BDF8723025F82A3C002305F841
:10C4E400283C05F8273C05F8263C05F8253C05F8CA
:10C4F400243C05F8233C05F8223C05F8213C05F8CA
:10C50400203C05F81F3C109818B9B8F1000F01D170
:10C514000BE198460022069B1A99204622F074DA11
:10C524001B9908900022069B204622F06DDA089998
:10C53400069011F00061119107D1089A02F07F036F
:10C54400314AD256002A21DA2DE00898089B00F4DB
:10C55400E06113F4000F4FEA11212C4B00F07F022D
:10C56400A1F1040108D001294FF0140101FB0233A9
:10C5740094BFDB689B6809E001294FF0140103D8DC
:10C5840001FB02335B6801E04A439B58023B18BF3E
:10C59400012353B194F95C36012B08D04AF4804A44
:10C5A4001FFA8AFA01210C9103E00C9301E00022A6
:10C5B4000C92069B13F0006206D1134903F07F032B
:10C5C400C956002926DA39E00698104B00F4E061D8
:10C5D4004FEA112110F4000F00F07F02A1F10401D1
:10C5E40008D001294FF0140101FB023394BFDB682A
:10C5F4009B680FE001294FF0140109D801FB0233B5
:10C604005B6807E098E08500401B8600841886007C
:10C614004A439B58023B18BF012363B194F95C362B
:10C62400012B0AD06FEA4A4A6FEA5A4A01211FFADB
:10C634008AFA0E9103E00E9301E000220E9235F87F
:10C64400763CB8F1000F02D043F4006301E043F0FC
:10C65400060325F8763CB8F1000F0CBF14270E270B
:10C664003A4620460899A5F11E0318F0DDDD3A4646
:10C6740018AB2046069918F0D7DD18A90622A5F1B3
:10C684004800FDF361F20C9B09980A99002200937B
:10C6940001901A9B029103924146089A204618F091
:10C6A400E3DD25F8160C0E9B0D980A9900220093E1
:10C6B4000190029103921B9B069A2046414618F072
:10C6C400D3DDA5F1180725F8420CA5F11400B8F143
:10C6D400000F0AD06FF03B0305F8183C002305F85F
:10C6E400173C0BF10A01062207E06FF04B0305F833
:10C6F400183C05F8178C0F990C22FDF325F20B98C2
:10C70400119A81B25AB90898A04A00F07F03D3560F
:10C71400002B04DA15F81E3C03F00F0301E015F8B2
:10C724001E3C1B0219430B911EE041460622A5F153
:10C734001E00FDF36DF241461022A5F11800FDF331
:10C7440067F2A5F1480041460622FDF361F247462F
:10C7540005F8428C05F8418CCDF81880CDF820807E
:10C76400CDF83880CDF83080736A58050AD51A9A06
:10C77400110107D5D4F8400149460A9B2AF0E8DBA9
:10C7840005F8430C25F874AC0B9925F8641C1B9B25
:10C7940013F0006102D094F8C01407E003F07F03A3
:10C7A400162B02D87A4A9A4000D40121089A89B2F9
:10C7B40012F0006A04D094F8C0A44FEA8A0A0DE08B
:10C7C400089800F07F03162B02D8714A9A4001D4CE
:10C7D4004FF0010A4FEA8A0A1FFA8AFA069A4AEACD
:10C7E400010112F0006A04D094F8C0A44FEA0A1AB6
:10C7F4000DE0069800F07F03162B02D8644A9A4095
:10C8040001D44FF0010A4FEA0A1A1FFA8AFA236B7D
:10C8140041EA0A0A18690DF02FFAC0B24AEA002A5E
:10C8240025F862ACDDF868B01BF0006A02D094F819
:10C83400C0A40AE00BF07F03162B02D8544A9A4096
:10C8440001D44FF0010A1FFA8AFA09994B1EDBB290
:10C85400012B07D823684AF0100AD3F88C309A6960
:10C8640001329A615946204614F070DF40EA0A000A
:10C8740025F86E0C594620461FF09CDA25F86C0CFE
:10C884001B9920461FF096DA25F86A0C109A12B903
:10C89400B8F1000F0BD0089920461FF08BDA25F869
:10C8A400680C069920461FF085DA25F8660C1A995B
:10C8B4000B0108D5099B042B05D10A9A204618F0D0
:10C8C400FBDA25F8380C1B99080108D50D980428C3
:10C8D40005D10A9A204618F0EFDA25F8360CD9F873
:10C8E40004305A0640F1B9801499002900F0B5804B
:10C8F400284B2A9A9B5C0F9304EB4303B3F8FEB1D5
:10C90400BBF1000F00F0A980736A10935B057ED41D
:10C91400289800287BD11A992046099A0A9B0B91E2
:10C9240018F018DA824697B108990C9A20460EF04E
:10C93400DFDC069903460E9A204605930EF0D8DCF8
:10C94400B7F80280059B35F8427C98441CE0079AAE
:10C9540012BB0B99099A079B20460EF007DFDDF8FE
:10C964006CC00D9A61460A9B00EB0A082046CDF87C
:10C9740014C018F0EFD9DDF814C00746614620460C
:10C984000D9A079B0EF0F2DEC71906E0401B8600E5
:10C994000002102898E085008046CAEB08039B45F6
:10C9A40025F8708C25F84A7C24D3109B580602D5B0
:10C9B4002A9801281ED0DA4420460B99099AC8EB1C
:10C9C4000A030EF09DDCFF2805D9B4F82A369842F4
:10C9D40028BF184601E04FF480702A9980B201F50F
:10C9E400457304EB43039A88824203D0988020461F
:10C9F40025F034DD236893F84430002B2DD02A9A97
:10CA0400032A2AD8D4F864010F99424622E0236805
:10CA140093F844300BB32A9B032B1ED83FB10C9AD6
:10CA2400204608990EF064DC7A8882180FE0DDF85D
:10CA34006880099A41460A9B204618F08BD9099AC6
:10CA44000546414620463B460EF090DE4219D4F896
:10CA540064010F994B463DF09DD9736ABDF872008D
:10CA640043F0840373621FB0BDE8F08F38B5D1F88A
:10CA7400D83204461D8C05BB8B6D40F237151D4022
:10CA8400036B002D14BF112501251968022907D154
:10CA940090F85C160131C9B2012998BF45F0200510
:10CAA4005B7D53B1906B02F13C0121F0BBD820B106
:10CAB40094F947360BB145F48065284638BD4B7868
:10CAC40030B5012B35DDC8788A7842EA0022012A84
:10CAD4002FD1072B30DD0A7A4C7AA3F1080042EA01
:10CAE4000424002201E001320438A24201DA0428BD
:10CAF400F9DC121B00EB8202012A1DDD01F10800A2
:10CB040000EB8404A078E578023A40EA052400208A
:10CB140001E00130043AA04201DA032AF9DC001BE7
:10CB240002EB8002012A09DD901E08D0181A487011
:10CB340002E06FF0160030BD002030BD002030BD93
:10CB44002F2A70B530D9B0F88031046B0B60B0F87F
:10CB54008231A5894B60E3891B0743EA05330568E5
:10CB64008B602B69D0F88401DE6B3B2ACE60AE6803
:10CB74000E619E6A4E61DE6A8E61B5F87A60486223
:10CB8400D5F8B000CE61086258688862986BC862B4
:10CB94000DD9208908636089486300203F2A88638F
:10CBA40006D91B6CCB6370BD6FF00D0070BD002007
:10CBB40070BD2DE9F04F85B003910168914691F85D
:10CBC4002F100EAA1F46054692E80C08119EDDF8A8
:10CBD40048A0DDF84C8011B1B9F1140F47D0D5F855
:10CBE4007C020292019341F021DB029A0446019BEC
:10CBF40000283CD0C0F804908260C360C0F810B034
:10CC0400B8F1000F01D00AF1100AC4F814A0BAF167
:10CC1400000F1FD0F6B16868514601F041DEE063B1
:10CC240038B9D5F87C02214605B0BDE8F04F41F093
:10CC3400119BB8F1000F09D041461022FCF384F790
:10CC4400E06B626910303146103A01E062693146A6
:10CC5400FCF37AF72846039922463B461DF028D870
:10CC64002846214605B0BDE8F04F20F0B39B05B03F
:10CC7400BDE8F08F2DE9F04F87B08A46119905463B
:10CC84000B2993460393DDF84090129C40F2638194
:10CC9400BAF81630A1F10C0609F10C0703F4FF638E
:10CCA400DB083846314603220293FDF3EFF2B0B1BC
:10CCB40090F80280D5F85C0148F43061B8F10E0FA9
:10CCC4008CBF4FF480534FF40053194341F04ED9B5
:10CCD40038B9D5F868319B88990502D43BE1DDF871
:10CCE40008800021AC222046FCF392F75946062224
:10CCF4002046FCF329F799F80A3099F80BB0039908
:10CD040043EA0B2B0BF00303012B08BF84F83430E8
:10CD1400E388002914BF4FF4807200221343E38098
:10CD24005146A4F862B028461EF01EDC51466085C8
:10CD3400284612F0ADDC029BA085434503D1E3886D
:10CD440043F00203E38005EB080393F84C303146CB
:10CD540084F8613099F8092099F80830384643EA94
:10CD64000223E3850022FDF391F2014648B14278A3
:10CD7400202A06D8227204F109000231FCF3E4F6F9
:10CD840001E00023237200230093284639463246EB
:10CD940023461EF0A3DF002840F0DD8038463146EC
:10CDA4000122FDF373F230B14378082B03D9E388F1
:10CDB40043F00103E38048F43063B8F10E0F8CBFF5
:10CDC4004FF480584FF4005843EA08081BF0020F50
:10CDD400A4F832800DD0384631460622FDF356F2CF
:10CDE40038B14378012B04D9C278837843EA02230B
:10CDF4002386D5F8680183795BB1119922460191A4
:10CE040053460399CDF800904FF006DC002800F05B
:10CE1400A280314638463022FDF338F2014618B17B
:10CE240028462246FEF71AFA314638464422FDF3D4
:10CE34002DF2014618B12846224611F04FD831464A
:10CE4400384604970596FEF32DF0014618B128469E
:10CE5400224611F0FFD92B685B6BD3B1049705967A
:10CE640006E02846414604AA05AB1EF05FD940B946
:10CE740004980599DD22FDF309F280460028F0D1DB
:10CE840007E0E38843F00403E38098F8083084F86B
:10CE94006A30002338463146314A00931DF01AD8CF
:10CEA40018B1E38843F00803E380E388284623F4B9
:10CEB4006663E3803946324620F026DF8146002847
:10CEC4004BD0037890F8018043EA0828E38818F4EB
:10CED400804F43F020039BB2E3800DD043F40073F2
:10CEE400E3802B6893F82F3033B1D5F8FC341B78EA
:10CEF40013B128462FF07CDA18F0200F03D0E38812
:10CF040043F48063E38018F0400F03D0E38843F4D4
:10CF14000063E38009F10301102204F14D00FCF3E6
:10CF240013F632462846394620F0BADE0646A0B14A
:10CF34003178727828460FF00DDE608618F0020012
:10CF44000BD0707810F0040007D0E388002043F081
:10CF54004003E38001E04FF0FF3007B0BDE8F08FFD
:10CF6400C9C201002DE9F04FD0F86861B5B01D4683
:10CF7400DDF8F8B0B379079104463F9FBBF80AA0E7
:10CF840013B130464FF03ED9B5F8008008F0FC08E4
:10CF9400A8F18000D0F1000848EB0008B8F1000FB8
:10CFA40011D0B388590710D4079AD4F85C01D18AF8
:10CFB40001F4FF61C90840F0A1DDD0F1010938BFD7
:10CFC4004FF0000903E0C14601E04FF00009A7F16A
:10CFD4000C0100220BF10C00FDF358F1B36801467B
:10CFE400022B0AD013B91AF0010F04E0012B40F010
:10CFF40060811AF0020F00F05C8130464A464FF01F
:10D004002FDB002800F05581737BDA0709D406F181
:10D014000D0005F110010622FCF37AF5002840F01A
:10D02400488109AB05F1100A02932046079952463C
:10D034004346CDF800B00197FFF71CFE002840F0EE
:10D0440038819DF82C30BDF8562000932046514677
:10D054000DF12D030DF0C8DC054630B1B8F1000F19
:10D0640003D0C388DB0540F12481934ABDF84E30D8
:10D07400126819B2D14244BFD318ADF84E30E5B1AD
:10D08400EA88BDF82A3083EA0201880709D4B5F991
:10D094002A20BDF94E309A42A8BF1346ADF84E304F
:10D0A40014E0910712D59A0710D46A8D43F0020355
:10D0B400ADF84E20ADF82A3008E0D4F81C352BB179
:10D0C400BDF94E201BB29A42C0F2F38094F8F437B3
:10D0D400D8075DD50023ADF88C30B38899070BD5FC
:10D0E4006068394601F0DCDB2290A8B159463A4623
:10D0F400FCF32AF5ADF88C70BDF88C1060688C31A7
:10D1040001F0CEDBBDF88C30054658B923B1606818
:10D1140022991A4601F0D4DBD4F8680104214FF0B7
:10D124002FD8C6E00126204609A905F10C02803358
:10D1340000960DF073DE0746C8B96D23B4F8F627E0
:10D144006B602B692A810C332B606E81D4F86801E3
:10D154004FF058D808238DE88800029703952B6870
:10D1640001460493204645223B4617F0BFDABDF83A
:10D174008C2060688C32294601F0A2DBBDF88C203B
:10D18400002A00F096806068229901F099DB90E013
:10D19400D4F8180809F0D0DF28B1D4F8180809A980
:10D1A4000AF074F985E0E5B9D4F82835022B1AD1D0
:10D1B400079B2046B3F81690BDF8563009F4FF6972
:10D1C40023F0FF0343EAD9099DF82C301FFA89F9AB
:10D1D400009351464A460DF12D030DF011DB18B1B1
:10D1E40067E0814600E0A946B6F8048018F002081A
:10D1F40006D06068394601F053DB8046002858D0D9
:10D204009DB920460DF0D4DA054600284DD0D4F857
:10D214002835022B09D19DF82C3020460093514625
:10D224004A460DF12D030DF08DDA696E41B1606847
:10D23400B5F8682001F044DB00236B66A5F868307C
:10D24400AC22284609A9FCF37FF4B3889A0708D5D1
:10D25400C5F86480404659463A46FCF375F4A5F88F
:10D264006870D4F86801437BDB0722D40D30FDF3EA
:10D274005BF10546E8B9D4F868014EF0CBDF01282C
:10D2840017D1D4F8680129460CE0606841463A4653
:10D2940001F016DBD4F828353046022B08BFA4F879
:10D2A400389508214FF04ADA03E0B8F1000FECD1C9
:10D2B400F0E735B0BDE8F08FD014020010B5044695
:10D2C40023F070DE2046BDE8104014F0879F38B587
:10D2D400D0F86036DA7A9C7A92B19D894FF6FF7263
:10D2E40095420DD0997B41B99A78012A06D0197BD1
:10D2F40001F0010181F0010100E00021C9B20DE05B
:10D30400026B8A4210D19A7B2AB99D78012D04D0F0
:10D3140091F84C1002E0002100E011468C4203D049
:10D324009972006936F0A4DD002038BD38B50D4689
:10D33400D0F860160446CB7AAB420CD025B10C3140
:10D34400B0F8282614F046DAD4F860362046DD72A8
:10D35400216BFFF7BCFF002038BD0000F0B5D0F80A
:10D364006C620446D6F8D43287B0D0F85C01B4F8C5
:10D374006E15DF8D40F0F0DD0546C0B941F60F3182
:10D384000122D4F85C012B4640F034DBB4F82616B5
:10D39400A4F86E05814207D1D4F85C0101222B4622
:10D3A40040F028DBA4F86E05012384F86D35D4F829
:10D3B400E42694F86D35002A3AD15F431D4ABF0232
:10D3C400B7FBF2F7012F18D894F86C2502B9A7B966
:10D3D4002046B4F86E1518F065D904F5AC620C3229
:10D3E40003920122002304922046314650220093E6
:10D3F4000193029317F07AD91AE0B4F86E25A06865
:10D40400A4F8E82694F85825D4F8741542F00202DA
:10D4140084F85825D4F86C22C4F8E476D2F8D422DF
:10D42400D28D5A43002307B0BDE8F04009F0B69E00
:10D4340007B0F0BD40420F00062B2DE9F041044631
:10D444000E4615461F46D0F86C8224D1937880F896
:10D454006C35537980F86D35D178D0F85C0140F0A3
:10D46400A3DB2979024620460FF074DBA4F86E058D
:10D47400EB7884F8703598F8073063B106F1100042
:10D4840008F1BC013A46FCF343F320B92046BDE859
:10D49400F041FFF763BFBDE8F08130B5036887B0A2
:10D4A4001B7E0446D0F86C52002B41D0036993F8DC
:10D4B400EA2042B1DB6E40F20440D3F82031184038
:10D4C400B0F5806003E0186E07F0D4FF003018BF99
:10D4D400012028B1A06807B0BDE83040FDF76ABC60
:10D4E40094F86D3513B1D4F8E4368BB194F858350B
:10D4F4009B070DD50023C4F8E4362046B4F86E1516
:10D5040018F0D0D894F8583523F0020384F858352D
:10D51400AB796BB904F5AC620C320392012204922C
:10D5240020462946502200930193029317F0DED837
:10D5340007B030BD73B5036804465B7E002B40F032
:10D54400BD80036993F8EA204AB1DB6ED3F8202149
:10D5540040F204431340B3F5806F06D0AEE0186E7A
:10D5640007F088FF002840F0A980236893F8203052
:10D5740033B9206905F030F82368012283F82020AC
:10D5840023681B6FEBB9206905F04EF8093018D1F8
:10D5940023681A6F910714D442F002021A672546D1
:10D5A40004F12006D5F84C1241B18B7933B94B798B
:10D5B40023B18B7C13B1204639F04ADA0435B542E5
:10D5C400F0D123681D6F1DB1204611F085DA73E098
:10D5D400012384F82930204620F010D923682046FE
:10D5E400596B0323009321B14FF4807229461346EB
:10D5F40002E04FF480720B461EF0CED8A06809F00A
:10D604003BDE236801221A7694F89D3173B12046DB
:10D614000AF0F8F9D4F840352046598E22F0EEDFAE
:10D62400002384F89D3120461CF0D2DAB4F85C174C
:10D63400204621F05BD8206904F06BFE236893F840
:10D644002F301BB1D4F834072FF04CD9236893F84A
:10D6540031307BB1254604F12006D5F84C1231B1A6
:10D664008B7923B94B7913B1204635F009D80435A9
:10D67400B542F2D1204615F01DD8204616F07FFBA6
:10D684000125D4F8AC114FF47A720123A06809F093
:10D6940085DD204684F8F15124F0E0DE204614F0C4
:10D6A40081D8204625F03CDA50B1204625F016DA20
:10D6B4002046294625F01CDC002001E06FF008001C
:10D6C4007CBD00002DE9F04F90F8753297B0DB0671
:10D6D40004460E4601F1040900F1A580D0F804388F
:10D6E400994240F0A080514B1A789A46002A40F0A3
:10D6F4009A8001238AF80030B0F83C5281E010F09F
:10D70400C1DF0169D1F8CC3098030DD520463A46E3
:10D71400139B3AF01DD8002873D023680399D86866
:10D72400012201F0E5D86CE07B6A5A0507D5D4F8EC
:10D734004001314603AA139B2AF010D843E058074E
:10D7440007D501232046394615AA14931FF05AD948
:10D7540005E0204603A914AA15AB0BF069F90028CB
:10D7640031D1236893F8A130012B07D115990329EE
:10D7740004D8D4F84001032229F0B0DA02AF4FF004
:10D7840000081CE078680369B3F84C301FFA83FB87
:10D794001BB2002B09DA10F075DF002301465A464C
:10D7A400D4F8600100934DF0BFD9012300932046C3
:10D7B400159957F8042FFEF725F808F10108149B72
:10D7C4009845DFDB1DE010301BD148461399039ABE
:10D7D400FDF320F294F8753273B1236893F8B530F1
:10D7E400D90709D5B4F83C3201221D40139B12FA23
:10D7F40003F325EA030504E0B4F83C329D420BD060
:10D804001D464DB14846294613AAFDF337F1074694
:10D81400039000287FF473AF2046314613F030DEC6
:10D8240000238AF8003017B0BDE8F08F7C27000091
:10D834002DE9F04F9DB0279F12930E927F890446E5
:10D844001197279F10460C370B97289F0D460C3FC6
:10D854000C97B2F81690194609F4FF694FEAD909F2
:10D86400B9F10E0F94BF00270127109797880DF187
:10D874007008149716F0ECF9269F15900A3739466C
:10D88400109A204613974FF07BDD002348F8103D93
:10D894000646199319AF20462799289A43460097BC
:10D8A4001CF0A0D930B920462799289A43460097FE
:10D8B4001EF098D916B17368DB0726D40C990B981F
:10D8C4003222FCF3E3F4014620B14078023120F027
:10D8D400A9D970B90C990B980122FCF3D7F401462D
:10D8E40050B10231407820F09DD9003018BF01209A
:10D8F40002E001270D9700E00D9056B10D9F37B956
:10D90400736843F00103736003E0002700E001271C
:10D914000D970B980C990322FCF3B8F4236807467F
:10D9240008B14278AAB993F83F0070B1B4F826065A
:10D93400C3B24B4508D0FDF35DF2C9EB000EDEF136
:10D94400000040EB0E0000E00120C0B20F90002761
:10D9540010E093F83F0050B1B4F82606FDF34AF204
:10D9640097F80290C0EB0907784240EB0700C0B279
:10D974000F9007460F9929B115F1000818BF4FF011
:10D98400010801E0DDF83C8023685FFA88F893F829
:10D99400469019F0030923D094F872324BB9B8F1C8
:10D9A400000F06D0D5F8D432B3F8069019F0200948
:10D9B4001FD00B990C9A204620F0A6D90B998346C8
:10D9C4000C9A204620F06CD92368079093F94C30C8
:10D9D40053B120460B990C9A1CF090DE814604E06A
:10D9E400CB46CDF81C9000E09946B8F1000F6CD0FE
:10D9F40002E0CB46CDF81C90236893F846A01AF0B9
:10DA0400030A6CD0079A002A61D0BBF1000F61D0E1
:10DA14001178204652780FF09DD8B4F826C60346F4
:10DA24000CF47042B2F5005218BF01220E3254F8C1
:10DA340022800CF4406CD8F80410D4F85C010893EC
:10DA4400CDF824C03FF042DC10F0080F089BDDF84D
:10DA540024C007D198F8ECA01AF1000A18BF4FF0BF
:10DA6400010A01E04FF0000A9BF8002012F00202C4
:10DA740003D007994A78C2F38002BCF5406F05D100
:10DA8400B4F826269A420BD100F013BCBAF1000F69
:10DA940025D00AB303F44062B2F5406F40F0098424
:10DAA400226892F82FA0BAF1000F40F005841846BE
:10DAB4000893FDF39FF18046B4F82606FDF39AF12E
:10DAC4008045089B40F0FA8308E0C24609E0DDF88F
:10DAD4001CA004E0DA4602E0924600E09A464FF0C9
:10DAE4000108236B5B7D002B37D00F9A002A34D0BA
:10DAF40094F8723233B994F87432002B2DD0B8F103
:10DB0400000F2AD194F8493653B1199B002B07DD35
:10DB1400189B1B78580703D5D4F8583604221A6189
:10DB240094F849364BB10D9B4BB9119989060DD424
:10DB3400D4F858360422DA6008E00D9A32B1199B01
:10DB4400002B07DD189B1B78DA0703D5D4F8583669
:10DB540004221A62204625F027D8236893F8463019
:10DB64009B0747D00F9B002B44D094F8723233B9F3
:10DB740094F87432002B3DD0B8F1000F3AD1B4F8C8
:10DB84002636079903F44063A3F54060434243EB10
:10DB9400000311B90D9A32B916E007998A7802F098
:10DBA4000302032A05D1D4F8582604219161079A67
:10DBB40052B107998A7802F00302022A04D11BB1F8
:10DBC400D4F858260421D162BBF1000F0FD0079A74
:10DBD4006AB19BF800105278890708D402F0040255
:10DBE400D2B222B11BB1D4F858360422DA622046EC
:10DBF40025F08CD8236893F82F30DBB1D4F8FC34AB
:10DC04001B78BBB1B7B9204659462EF0DBDB88B18F
:10DC1400204639462EF0D8DC20462EF0CBDCB4F872
:10DC2400263603F44063B3F5406F03D12046012147
:10DC34002EF03CDC94F87032002B00F055831DB1BB
:10DC4400D5F8DC720A9700E00A95B8F1000F7CD091
:10DC5400236893F846309B072ED0AB7C33B936B992
:10DC640020461399109A4FF0A5DC064626B3BBF163
:10DC7400000F0ED0079B204631465A46CDF800903F
:10DC84001CF09CDDB5F8343523F02003A5F83435B9
:10DC94000CE0AB7C53B97368DF0307D520463146EB
:10DCA4005A465B46CDF800B01CF088DD20460B993F
:10DCB4000C9A33461FF072DB0E9920461DF054DC9B
:10DCC400014628461DF092DC28461DF0E7DB0E993C
:10DCD400204611F0DDDC0146284610F03FDCAB792C
:10DCE40083B9D5F8E022D5F8D432118A928A0A9FF2
:10DCF40059859A857B792BB9AB7C1BB128460121C8
:10DD040035F030D90A9F0023BB71FB7195F812904E
:10DD1400B9F1000F19D197F88530012B15D187F887
:10DD24008590D4F8400126F0F1D9204629460F22E7
:10DD34004B46CDF80090CDF80490CDF80890CDF87E
:10DD44000C90CDF8109016F0D1DC002D59D0AB79A1
:10DD5400002B56D1AB7C002B53D0279FBB787A780D
:10DD64001B0443EA02233A781343FA7843EA026233
:10DD7400BB7910927A791B0443EA02233A7913435C
:10DD8400FA790A9F43EA0269FB6913B93A6A12B93C
:10DD940032E0994506D399452ED10A9F3B6A109FDC
:10DDA4009F4229D2269F0023009301930293039359
:10DDB4000493204607F110032946162216F096DC38
:10DDC40028460E99129A279B24F090D90F9F9FB151
:10DDD400EB794BB1AB7C23B105F1BC00FCF3A4F3AC
:10DDE40010B905F1BC0101E005F1D601002220467D
:10DDF4001346009221F01CDF0A99109FC1F81C9071
:10DE04000F62B8F1000F00F00D82AA79AB7C002AF2
:10DE140040F08D81002B00F08A811AAB0093289A80
:10DE2400284627990DF16F0315F006DDBDF868202B
:10DE3400D5F8E482A5F8202594F8EB91B9F1000F08
:10DE440067D100284DD098F80030022B1AD128460B
:10DE54004946B8F826B00AF01AFCB4F8303884F809
:10DE640032980BB1A8F8263028461EF093D9D5F87D
:10DE7400E432A8F826B05B8B002B4AD0284610F079
:10DE84004FDC46E023685B6B3BB194F8FA3123B175
:10DE9400AEB196F8D2300F2B11D098F8022022B1EF
:10DEA4002046294622F0C4DA33E04FF0FF330093D2
:10DEB400204605F1BC01134621F0BADE29E094F8AE
:10DEC4000D3733B398F802303BB11EB1736823F0B9
:10DED40000637360284615F08DDD284622F0AADF22
:10DEE40017E098F808302BB1B8F80A1011B9284691
:10DEF40022F0CEDFD5F8E4325B8B53B198F80030D2
:10DF0400022B06D1D8F82030012B02D128461EF06E
:10DF14002DD998F803301BB12846002122F0ACDE3D
:10DF240098F809303BB928460DF072DB18B1284641
:10DF3400012123F099D898F809305BB1149F284641
:10DF4400C7F3C011159A279B24F076D828460021E0
:10DF540023F08AD8236B5B7D002B38D0119F204699
:10DF6400C7F3802123F08ADF189A002A2FD0199B47
:10DF7400002B2CDDD4F8583693F90110013109D166
:10DF840012781B78C2F34002934203D02046012149
:10DF94001FF0D6DA189B1B78C3F3800384F8463647
:10DFA4003BB9D4F858361B69D3F1010338BF0023B9
:10DFB40000E0002384F842364EB1736823F0040372
:10DFC400736094F9462612B943F00403736023681E
:10DFD40093F84630980733D0079F002F30D0D4F8F9
:10DFE400583693F90620511C25D1BA7893F9053097
:10DFF40002F00302934203D020460B211FF0A0DA63
:10E00400079FD4F85836BA78DB79C2F3800293427A
:10E0140003D020460D211FF093DA079FD4F8583619
:10E02400BA789B7AC2F30012934209D02046102199
:10E034001FF086DA04E0012A0CBF032200225A7181
:10E04400D4F85C01B4F826163FF058DD90B1D4F84A
:10E054005C01B4F826163FF091D9236B18690BF0D4
:10E064000BFEB4F82636834204D1002120460A462A
:10E074001DF07ADD002E42D073685B0640F12781E3
:10E084000B9F16970C9F179706E02046394616AA51
:10E0940017AB1DF04BD840B916981799DD22FCF345
:10E0A400F5F007460028F0D10AE1BB79012B40F0D6
:10E0B4000E8194F80C223B7A5340180700F0078134
:10E0C40004F5007909F106084046B91C1822FBF34F
:10E0D4003BF5236893F83030002B00F0F480D4F83B
:10E0E4003477434607F5637709F11E0918685968C0
:10E0F4003A4603C208334B451746F7D1E3E02046BE
:10E104000B990C9A0FF06ADE012802D12046FFF722
:10E1140025F9BAF1000F00F0E78094F86D35002B73
:10E1240040F0E2802046514617F0BCDADCE0002BD8
:10E1340078D10D9F1FB9119FC7F3401500E0012549
:10E14400EDB29EB1736815B143F0040301E023F00E
:10E15400040373600C990023654A0B9800931BF029
:10E16400B9DE3146024620461FF0F2D8236B5B7DB0
:10E17400FBB1199B002B0EDD189B1A78510703D5B0
:10E18400D4F85826042111611B789A0703D5D4F8D2
:10E19400583604225A620D9F1FB9D4F85836042207
:10E1A400DA611DB9D4F858360422DA60204624F026
:10E1B400FBDC236893F846309B0700F09580079FAB
:10E1C40047B1BB7803F00303032B03D1D4F85836CB
:10E1D40004229A62BBF1000F18D09BF801109BF83F
:10E1E4000030B4F8262643EA0123DF0603D4D4F82A
:10E1F400581604204863980708D402F44063B3F522
:10E20400406F03D1D4F8583604221A63079F2FB9FC
:10E214000D9F1FB1D4F8583604225A61204624F0C9
:10E2240075DD61E094F85735002B5DD00F9F002F0A
:10E234005AD0119FB90757D50B980C990022FCF3BB
:10E2440025F0034600284FD02046991C5A7838F010
:10E2540071DE0546002847D0837C002B44D10E99FB
:10E26400129A16F0B7D800283ED0279FD5F8D0626E
:10E274000097289F20460197269F0E9907F11002C8
:10E2840001230296FEF7F6FC024600282CD1216BEE
:10E29400D4F86036503106F138009B784AF056DCE9
:10E2A400289F28460E99129A279B009733F036DF51
:10E2B4001AE04FF0000A12E44FF0000AD04610E4CE
:10E2C400022384F80E32284601211BF051DB00237F
:10E2D4000C990B98064A00931BF0FCDD314602466C
:10E2E40020461FF035D80AE71DB0BDE8F08F00BF07
:10E2F400C9C201002DE9F04F1769C1B0D7F8D8821F
:10E3040004468B469246D8F82C00D8F830100022E8
:10E314000F93FBF3BBF720B1811C407810910D9053
:10E3240005E09BF808300BF1090210920D930021CF
:10E33400282222A8FBF36CF4002128222CA8FBF34A
:10E3440067F4D8F830100122D8F82C00FBF39EF7BC
:10E35400D8F8301005463222D8F82C00FBF396F793
:10E3640006463DB16A78102A04D823A8A91C229233
:10E37400FBF3EAF33EB17278102A04D82DA8B11C3D
:10E384002C92FBF3E1F3BBF80630D9070BD5216BD4
:10E394004B7D43B10A6D23A854312292FBF3D4F38D
:10E3A40000232C9308E02CAB0093204639460BF154
:10E3B400380222AB1FF032DBB7F86250D8F82C6079
:10E3C400B5F5806FD8F830905ED0B5F5006F5BD0AE
:10E3D40030464946FCF366F5099018B141780026A9
:10E3E40008910AE0304649463022FBF34FF70646CF
:10E3F40010B14278089200E00890802D0AD003D82A
:10E40400102D07D0402D04E0B5F5807F02D0B5F57E
:10E41400007F37D1BA6D40F237131340002B36D04A
:10E42400089B002E08BF1423402D08931CD0002104
:10E4340007913AE0162606FB057606F5B4765846AB
:10E44400311D0622CDF818C0FBF362F3DDF818C0C5
:10E4540040B9079B40A901EB83020A36013342F815
:10E46400B86C0793013505E00023C1460793A8461D
:10E47400B4461D46D7F8CC229542DBD345466646C2
:10E48400C84612E085B102E0002609960896BA6DE6
:10E4940040F237131340089A002B18BF002318BF0B
:10E4A40018220793089200E0079540F2EE53019377
:10E4B4003FAB02930F9B2046002B14BF2021002169
:10E4C4005A4607F1C203CDF800B01BF05DDD0A9097
:10E4D40030B920460A99B7F80C2332F0E7D86FE236
:10E4E4003F99204601F5BC620E32A1F118030B914D
:10E4F4000C9239465A461193FEF7B8FA0B990880E4
:10E50400B8F822304B800F9A0B1D3F938AB108F163
:10E5140024094846FCF308F010B93F98494602E044
:10E524003F9807F1D6010622FBF30EF33F9B063317
:10E534003F933F9B00210E9318460D9A109B25F0A4
:10E54400FBDB0121229A23AB3F9025F0F5DB0899F0
:10E5540081463F90002900F0848086B1079A1AB161
:10E5640020463146FEF7ABFADDF8FC9031464846CA
:10E5740016F0B4DE3F90737889F8013019E0802DED
:10E584000AD003D8102D07D0402D04E0B5F5807FC4
:10E5940002D0B5F5007F0DD19049484616F09EDEB5
:10E5A40039463F900BF17B02204609F1040312F037
:10E5B40003DD4E46802D0AD003D8102D07D0402D00
:10E5C40004E0B5F5807F02D0B5F5007F49D1079B03
:10E5D400002B2ED07378079AF3189A70991C130A9B
:10E5E4004B7073780DF1440C023373703F9B0D91A3
:10E5F40002333F934FF000093B462F46654612E035
:10E604000D99102201EB0910023055F8041F0693EE
:10E61400FBF39AF2727809F10109103272703F9A91
:10E62400069B10323F92079A9145E9D13D461F4619
:10E6340001E0DDF81C90D4F86C32D3F8D8325B6872
:10E64400022B0ED1B9F1000F0BD0002200920192DF
:10E6540002967378204602330393572113461DF024
:10E664000FD82C9A2AB13F9832212DAB25F064DBC8
:10E674003F904346D8F82C60B8461F461AE072789B
:10E68400711A0231891899421AD8099BB34217D0DA
:10E694003378012B0BD9302B09D002323F98314605
:10E6A400FBF352F273783F9A0233D3183F93737893
:10E6B4000233F61826B1F96A3B6BCA189642DED3C8
:10E6C4003B4647469846236893F846309A0717D046
:10E6D400DAF80430DB0313D5226B3846136865324D
:10E6E400A3F1020EDEF1000343EB0E0336A925F07D
:10E6F40085DA3F982D211A2236AB25F01DDB3F9099
:10E7040094F8653633B104F5CC613F98043116F0C2
:10E71400E5DD3F90236893F846309A071DD0DAF878
:10E724000430DB0319D5226B384613686532A3F134
:10E73400020EDEF1000343EB0E0336A925F05EDA88
:10E744000C9A3F9920468A4228BFC1EB020236AB9D
:10E7540038BF002225F010D93F9023685B6B2BB3A0
:10E76400BBF806305B0721D503223DA81C49FBF307
:10E77400EBF1012202238DF8F92094F8FA218DF8A7
:10E78400F73000238DF8F83032B19BF96A209A42B1
:10E7940003DA94F80A3700E013468DF8FA303F980C
:10E7A400DD2107223DAB25F0C7DA3F90B5F5806F38
:10E7B40002D0B5F5006F07D1D7F82C35002B2BD03C
:10E7C4003F98D7F8281504E0089B2BB3099949B161
:10E7D4003F9816F083DD3F901EE000BFCCD2850049
:10E7E400D5C20100402D17D0802D15D0102D13D087
:10E7F400B5F5807F10D0B5F5007F0DD03F9E7249EE
:10E80400304616F06BDD39463F900BF16B02204623
:10E8140006F1080312F0D0DB6B1E9BB2012B03D967
:10E82400042D01D0082D0AD1DBF86400002833D070
:10E83400BBF868100C300C39FCF334F316E0802D6F
:10E844000AD003D8102D07D0402D04E0B5F5807F01
:10E8540002D0B5F5007F1FD1DBF86400E0B1BBF84E
:10E8640068100C300C393022FBF310F5A0B1D4F849
:10E874006C32D3F8D8325B68022B0DD14378102B5D
:10E884000AD9023300220290039320465721012320
:10E89400009201921CF0F4DEBB6D580701D50423ED
:10E8A4000CE0990701D5022308E0DA0701D501231A
:10E8B40004E013F4807318BF4FF48073CAF8403037
:10E8C400236893F846309D072AD0DAF84030013B9C
:10E8D400012B09D8DAF80430580305D520465146EF
:10E8E400062223F0C5DF1BE0DAF80430590317D5FC
:10E8F40051460622204623F05FDF204616F08CD9CD
:10E90400012801460CD1D4F8F83720461A8842F27F
:10E914000E73013A92B29A4298BF002128F0BED9F0
:10E924000C9A3F9B38469A422CBFC3EB020200224A
:10E9340000922022019200214FF0FF3204F0B5FB37
:10E944000E993F90401A00230391049039465522B2
:10E95400204600930193029315F0C8DE3F9D119A5F
:10E964000A9BD8F83410AD1A9D8221B16068D8F89A
:10E974003820FFF3A5F7183D60682946FFF390F7A8
:10E98400C8F8340040B10F99C8F8385088F83C10E2
:10E994002A460B99FBF3D8F0BBF862302046C3F348
:10E9A40040130093002301930293D4F804280A9996
:10E9B40053461EF09FDE0A9A002808BF00220A92DE
:10E9C4000A9841B0BDE8F08FE2D285002DE9F0410C
:10E9D4000368044693F83F30C56813B1B0F826665F
:10E9E40002E0FCF74CFD064600222069314604F0A3
:10E9F4005DFA5621206936F0FBDBD4F888314000FB
:10EA0400002BC4F8040506DA2069B22136F0F0DBE5
:10EA14004000C4F80805A221206936F0E9DB400073
:10EA2400C4F8EC07204615F0ABD894F8CD3133B9CF
:10EA340020694C2136F0DCDBC00984F8CD01204686
:10EA44001FF004DE204640F0D5DA0027E319D3F89E
:10EA54004C82B8F1000F05D0404621F0B3DF4046A8
:10EA640021F0A6DD0437202FF0D1236893F83F303E
:10EA740093B10023E218D2F84C0250B1027942B1AA
:10EA8400D0F8D432DB8D1B04C5F8883122F0D2D9FA
:10EA940002E00433202BEDD1204631460CF020D97E
:10EAA40020467421B4F87A2525F07CD994F8D12134
:10EAB40042F21073002A0CBF1A464FF4BC6220467F
:10EAC400822125F06FD9236B94F8D11118690BF0CA
:10EAD40091FF01221346B4F8781720460DF0D8DAD6
:10EAE4000123B4F87A17002220460DF0D1DAD4F8C5
:10EAF400400128F04DDC2046FEF7E0FB23685B6B09
:10EB04005BB1B5F88836D4F86C029BB243F00403C9
:10EB1400A5F8883600211AF02BDF2046FCF79EFA70
:10EB2400D4F8841161B920461FF002D90504C4F851
:10EB34008451204602211FF0FBD82843C4F88401E5
:10EB4400236893F8A130012B03D1D4F8400129F0B4
:10EB54000BDD20461BF03CD820460BF02BDCB4F830
:10EB64005C1720461FF0C2DD204613F079DA00233B
:10EB740084F84430454AE368C3F8DC23012384F86D
:10EB8400A83184F8AA31236893F838301BB9254694
:10EB94002646002711E0FF2384F8953884F8963838
:10EBA40084F8973884F8983884F8993884F89A382F
:10EBB40084F89B3884F89C38E9E707F540712046CF
:10EBC4001FF0B6D8B6F82032190706D123F00F0388
:10EBD40000F00F021343A6F82032B6F8203213F0E7
:10EBE400F00F06D123F0F00300F0F0021343A6F86F
:10EBF4002032B6F8203213F4706F06D123F4706318
:10EC040000F470621343A6F82032B6F820321A0BCF
:10EC140008D11B0520F47E601B0D20F01F00184353
:10EC2400A6F8200202370236082FC6D123682046F0
:10EC340093F94C100EF0E0DA23681A7EFAB193F8D7
:10EC44002F30E3B104F12007D5F84C626EB1B379EB
:10EC54005BB1236893F838302BB12046D6F84C15B5
:10EC6400002238F05DDE0023F3710435BD42EBD1A0
:10EC7400002384F87232D4F834072DF033DED4F84C
:10EC840068010421BDE8F0414DF07A9A809698001D
:10EC94002DE9F341089C07460E4615469846009414
:10ECA40008F030FF10F1170F09D1384631462A46D3
:10ECB4004346089402B0BDE8F04109F0799902B0E6
:10ECC400BDE8F0812DE9F04F1E6995B011919A4687
:10ECD400F388C0F878289DB2069505F00C0895884D
:10ECE400934605F00302022A04464FEA98080D955C
:10ECF40007D11BB2002B04DAD8F1010338BF00237B
:10ED040000E00023BAF81490DBB20C93A9F10A09CD
:10ED14009B00B8F1000F03D117334B4580F2A48157
:10ED2400069D05F0FC07942F03D0A42F01D0842F57
:10ED340003D1B9F10F0F40F39781B37A13F00103B4
:10ED44000A9309D1204606F10A0138F0CFD8051CF0
:10ED5400099018BF012501E0002509950895B8F12F
:10ED6400000F0ED106F116052046294638F09AD830
:10ED7400079050B92946204638F0FED80B90054636
:10ED840006E000250B95079502E0079DCDF82C8041
:10ED940094F8C83123B9236893F82C2032B926E0BB
:10EDA40020465946524600230EF012DE942F03D01B
:10EDB400A42F01D0842F02D1089959BB03E0802FDE
:10EDC40028D0502F26D0B8F1000F40F0EC83089AD9
:10EDD40002BB06F10A00FBF397F3002800F0E3837B
:10EDE400C5B906F11600FBF38FF398B9DBE30A9972
:10EDF40081B9089A42B193F838205AB1B8F1000F9A
:10EE040008D13DB9099929B9D3F88C309A6F0132E8
:10EE14009A67C8E394F8C8316BB915B9D4F86C3261
:10EE240000E02B4693F8E5202AB120465946524685
:10EE34009B680EF0CDDDB8F1010F0ED1C42F0CD0BC
:10EE4400D42F0AD006F11000FBF36EF3002840F033
:10EE5400AA83337CD80700F1A683DAF81030B21DF8
:10EE64000633CAF8103023680592D3F88C301FFAA1
:10EE740089F1DA6CAAF814100132DA6420460091A0
:10EE84005A46059913AB11F01BD930B12368D3F856
:10EE94008C30DA6F0132DA6785E3139911B1236894
:10EEA4009B6A0B62B8F1010F38D1BAF81430DAF862
:10EEB4001000A3F11005AAF814500C9D00F11002E3
:10EEC400CAF8102035B100F11402143BCAF810201E
:10EED400AAF81430A42FBAF814300ED10B699B7918
:10EEE400002B00F0608391F8DF30002B00F05B838F
:10EEF4002046069A2EF084DE55E3206890F84200FE
:10EF0400002800F05083842F02D0942F40F04B83CC
:10EF1400D4F84001009728F06BD844E3BBF81630CE
:10EF24000A9A03F4FF63702B94BF002301230E930A
:10EF3400002A6BD1B38BADF828309BB20F9331B953
:10EF4400204606F110010E9A4EF01ADA1390069B31
:10EF540013F400631093139B05D023B1B3F8BC20C2
:10EF64000F998A422AD0C3B1BDF82820A3F8BC2047
:10EF74004CE009F1F30804EBC8084046FBF3D4F273
:10EF840080B906F1100041460622FAF3C1F558B1E2
:10EF940009F101095FFA89F900E0994694F8E83724
:10EFA4004B45E6D24FF00008109B83B1B8F1000F37
:10EFB40010D0B8F806300F998B4223D12368D3F8C8
:10EFC4008C30D3F8BC210132C3F8BC21EBE2B8F198
:10EFD400000F17D194F8E83706F1100103F1F30894
:10EFE40004EBC808013384F8E83706224046FAF3F4
:10EFF400ABF594F8E8270A23B2FBF3F103FB1123E2
:10F0040084F8E837BDF82830A8F80630089959B1D3
:10F01400079A4AB1AB793BB9D5F8E4321B7A1BB1F4
:10F02400284606990FF058DFBAF81410DAF81030B1
:10F03400A1F11802AAF814200C9A03F11809CAF8CD
:10F04400109032B103F11C091C39CAF81090AAF8C7
:10F0540014100D99069AC1F3C0135104BAF8148020
:10F064000DD5B8F1070F06DC2368D3F88C305A6E3F
:10F0740001325A6697E2B02F40F0958227E0502F74
:10F0840079D010D8202F00F05F8206D8002F00F02E
:10F094005B82102F40F0878241E0302F3FD0402F19
:10F0A40040F081824FE0B02F0DD005D8802F7BD067
:10F0B400A02F40F078823FE1C02F00F09381D02F41
:10F0C40040F071825FE2B8F1050F40F36682002DD3
:10F0D40000F06982AA799AB12A79002A00F0638241
:10F0E400CDF800800193BBF81030D4F8340703F056
:10F0F400080302932946059A4B4602F072FB52E23A
:10F10400D4F8402592F93420002A00F04C82009370
:10F11400284605994A46434631F042DD43E2B8F1B8
:10F12400050F40F33A82002D00F03D82AB79002BAD
:10F1340040F03982139B2846009305994A4643467A
:10F1440008F0CFFF2FE2236893F8953023B994F8A1
:10F154007232002B00F0278208F11802059D00236B
:10F16400039220462C2106F110020093019302958C
:10F174001CF086DA17E2B8F10B0F40F30E82D4F8D4
:10F1840068319B79002B00F00E82089D002D00F061
:10F194000A82204659463246059BCDF80090CDF8A8
:10F1A4000480FDF7DFFEFEE1B8F10B0F40F3F581BB
:10F1B400059933468DE80202204607995A46CDF850
:10F1C4000880FEF735FBD4F868319B794BB12046B3
:10F1D40059463246059BCDF80090CDF80480FDF7E2
:10F1E400C1FE94F872325BBBB9F80A30DA0727D54E
:10F1F40020464946424616F0F5D808BBBBF81670BF
:10F2040007F4FF67FF080E2F00F2D58109F10C0007
:10F21400A8F10C010322FBF339F088B143787BB1E8
:10F224008378BB420CD1226B106904930AF024FD4D
:10F23400049BC0B2834203D1D4F868014DF068D96D
:10F244000B9A3AB9204606F1160137F095DE0746C7
:10F2540008B94DE00B9FBA79002A49D1D7F8DC12DE
:10F26400D7F8D832059109F10C00A8F10C010493E8
:10F27400FBF30CF0049B06909B680B2B08D13846DB
:10F28400594632464B46CDF8008032F047DF0DE058
:10F29400226892F831204AB10F2B07D138465946DB
:10F2A40032464B46CDF8008033F008DBBB7CFBB123
:10F2B400059A92F85A30DBB1D4F868010699012214
:10F2C4004DF0CED938B1059991F859301BB90123C5
:10F2D40081F859300CE0D4F86801069901224DF008
:10F2E400BFD928B9059A92F859300BB182F8590060
:10F2F400079B002B00F05781D5F8D8329B680C2B64
:10F3040040F051814B4628465946324622F0EEDE03
:10F314002846002131F0B8D8236893F82F3023B160
:10F32400D4F834072DF0DEDA3DE1D5F8E43228468E
:10F33400997809F0ACF936E1B8F1010F40F32D8169
:10F34400002D00F03081AB79B9F800704BBB20463A
:10F3540013991FF029DC1398037E9B0713D5022110
:10F364004DF056DC139B1A7E12F008020BD1204696
:10F37400294606F1100300970192CDF80890CDF8C4
:10F384000C8009F035FB0799002900F00C81D5F8B1
:10F39400D8329B6813B1284630F0C0DF28460321D9
:10F3A400B4E013990B69AB4240F0FD8020461FF096
:10F3B400FBDB1398037E990710D512214DF028DC4E
:10F3C40000222046294606F1100300970192CDF849
:10F3D4000890CDF80C8009F00BFBB0E010214DF043
:10F3E40017DCE0E0B8F1010F40F3D7802DB9099A9A
:10F3F400002A00F0D880174600E02F464FF0000B9B
:10F40400CC46A9465D4604EB0B02D2F84C1261B11E
:10F4140006F11600BC310622CDF810C0FAF378F3D9
:10F42400DDF810C0002808BF01250BF1040BBBF167
:10F43400200FE8D12B464D46E146002B00F0B38067
:10F44400139BB9F800B033B9204606F110010E9AA7
:10F454004DF096DF1390139911B120461FF0A4DBF1
:10F46400BB791398002B54D100283BD012214DF0C6
:10F47400CFDB1398037EDA0702D443689B0031D5AF
:10F4840001214DF0C5DBABF10D039BB2092B07D86D
:10F494002368D3F88C30D3F8F8210132C3F8F8216B
:10F4A40097F91030022B03D1F8680E2151F042DE97
:10F4B400139B1A7E12F004020FD1CDF800B05B68E2
:10F4C4002046C3F340730193394606F11003CDF887
:10F4D4000890CDF80C8031F06BDD139B5A6822F054
:10F4E40000525A60079B002B5DD0AB7C002B5AD096
:10F4F400D5F8D8325A689B68022A01D1082B52D811
:10F5040013B1284630F00ADF2846022133F02ADD01
:10F5140049E0002847D00369BB4244D1037ED807A1
:10F5240041D500222046394606F11003CDF800B03B
:10F534000192CDF80890CDF80C8031F039DD2046E9
:10F5440013994DF025DF2EE0B8F1030F25DD55B3F7
:10F554002A7942B3AA7932B306F1160005F1BC0147
:10F5640006220493FAF3D4F2049BE0B9139A0293AB
:10F574000192D4F834072946059A4B46CDF8008009
:10F5840008F01AFF0FE020461399059A4B468DE8C0
:10F59400000902960FF0FADC05E02368D3F88C30FA
:10F5A4001A6F01321A67119851460022FFF3A0F135
:10F5B40015B0BDE8F08F236B18690AF05DFBC0B28B
:10F5C400874238E62DE9F04F064692F82A30106853
:10F5D4000D469BB01446918B0590D6F804A02F6974
:10F5E40013B192F8228000E0984694F82C309BB92D
:10F5F4000A0511D505EB4802B2F8AC00B4F87E2038
:10F60400904209D13368D3F88C30D3F8BC2101324D
:10F61400C3F8BC2100F079BCBA79C1F3802B12BBCA
:10F62400D7F8E49299F808206AB163B9BBF1000FE6
:10F6340009D195F8D220636A52FA03F3D80702D4A9
:10F6440038460FF049DC33685B6B63B199F81830C6
:10F654004BB194F82A3033B194F828301BB13846B2
:10F66400002120F07FDF238C5A0700F14E84A38B06
:10F6740003F48043636363B9BB6D40F2371903EA53
:10F684000909B9F1000F27D097F86090B9F1000F7C
:10F6940022D04FF00009C4F83890304651462A462B
:10F6A4002346CDF800804FF01BD870B9636B23B1AB
:10F6B400D5F86C310133C5F86C31336893F8953063
:10F6C400002B00F022844FF00109636B23B1D5F8BD
:10F6D40068310133C5F8683194F82C3043B908F126
:10F6E4005403B4F87E1005EB43039A88998000E034
:10F6F40000223368029393F895301BB1B9F1000FDF
:10F7040040F0038494F82C30002B40F02981B4F8A5
:10F714007EC008F11A091CF00F0340F08A8005EB43
:10F724008909D9F8041079B11A4650460393FFF3B6
:10F73400DFF0039B05EB8802C2F88C3008F14C0221
:10F74400C9F8043045F82230BBF1000F00F00881FD
:10F75400E36808F11A090493636905EB8909C9F898
:10F76400043018699A8A3168D3F80CC09B6800EB9E
:10F77400020EC969CEEB0C0EC01A89688644724425
:10F784008A4222DA5046FFF3E3F0C9F80400002865
:10F7940000F0BB836369006999681A699B8A521AED
:10F7A400D218FAF3D1F161690A698B68D21AD9F8CF
:10F7B4000430186980181861988A821A9A82888A93
:10F7C400002298825046FFF393F032680499D2697C
:10F7D40005EB88039268A448521AD6F82818063A0A
:10F7E400521AC3F88C2061680822FAF391F150B1DF
:10F7F4009E4861680622FAF38BF140B96368DB889E
:10F80400B3F5407F03D16B6843F0080302E06B68F3
:10F8140023F008036B60964861680822FAF378F1D4
:10F82400AB6810B943F0200301E023F02003AB6080
:10F8340096E005EB89004168049019B90299D1F862
:10F844008C301FE082EA0C0C3CF00F0C04D102F067
:10F854000F020132934219D000225046FFF348F0C0
:10F8640008F11A02002305EB8202536008F1220218
:10F8740005EB820208F14C08536045F828303368E0
:10F88400D3F88C301A6E01321A663EE308F122096D
:10F8940005EB8909A368D9F80420934211D962467B
:10F8A4005046CDF80CC0FFF323F0DDF80CC0049AE9
:10F8B40008F14C08C2F804C0C9F804C045F828C0CF
:10F8C400DDE78DE80804304609F104026368CDF8E9
:10F8D4000CC00BF06DD9DDF80CC05046616962466E
:10F8E400FFF306F0BBF1000F3AD1049B5A68626142
:10F8F400C3F804B008F14C0345F823B01369928AA5
:10F9040003F11801C9F804B06160A2F11801A16003
:10F9140094F829102360E26021B103F11E011E3A1C
:10F924006160A26094F82A203AB1626884F8228067
:10F9340002326260A268023AA2601A785B7842EAF4
:10F944000323A383636B5BB1A36B4BB193F90E20C9
:10F9540061688A18626093F90E30A268D31AA360B2
:10F96400A36B73B11B7A042B03D1304621464EF0AE
:10F9740065DFA36B1B7A0B2B03D1304621464FF076
:10F9840079D8BBF1000F40F00183336893F89530C8
:10F99400002B52D0BB689B79DB0700F1D5824CE089
:10F9A40000F4E06210F4000F4FEA1222314B00F031
:10F9B4007F00A2F1040208D0012A4FF0140202FBD6
:10F9C400003094BFC068806809E0012A4FF0140237
:10F9D40003D802FB0030406801E0504318584FF44C
:10F9E400FA7304E000F07F004FF4FA735843B0FB5D
:10F9F400F3F0CDF821004FF0010B0DF12700216841
:10FA040018228DF826B0FAF39FF094F82F30A3B1A2
:10FA1400BDF827300DF1310143F4007306220DF1D6
:10FA24003700ADF82730FAF38FF0D6F86C120DF1E9
:10FA34003100BC310622FAF387F0336893F895203D
:10FA44000AB9134601E02D2206AB6169496A4806EA
:10FA540012D5090640F159820092D6F83C01294694
:10FA6400224628F0DDDE91E2401E8600F2C201004B
:10FA7400481E86008418860021680622043112A8D4
:10FA8400FAF362F0216806220A3114A8FAF35CF052
:10FA9400216816A810310622FAF356F094F829309A
:10FAA4002BB1216818A818310622FAF34DF0A38B64
:10FAB40013F4807F03F4007304D112AA626723B1A4
:10FAC40016AB05E016AA62670BB914AB00E018ABDD
:10FAD4002367D4F80490BBF1000F00F00081236881
:10FAE400E36699F80030AA2B30D199F80130AA2B9B
:10FAF4002CD199F80230032B28D199F803302BBB71
:10FB040099F8043013BB99F8053053B9B9F80630A5
:10FB14003046190A41EA032189B20AF0BDDC60B11A
:10FB240014E0F82B12D1B9F806303046190A41EA2C
:10FB3400032189B20AF0B0DC40B1B9F806304FEACB
:10FB4400132949EA03291FFA89F901E0B4F8089056
:10FB5400336893F89530CBB1D7F8E0304BB9636B89
:10FB6400A3B9BA6D40F2371313407BB197F86030F4
:10FB740063B1304629463A462346CDF80090CDF885
:10FB840004800CF0E9DA002840F0BF81A36B6BB16C
:10FB94001B7A012B0AD0032B08D0304651462A4643
:10FBA400234608F0D0FE002800F0AF81636F1B7875
:10FBB400D80707D53368D3F88C30D3F8D021013275
:10FBC400C3F8D021A36B33B11B7A022B03D1304687
:10FBD40021464EF033DE636B1BB994F82A201AB920
:10FBE40021E0A36B93F90E3094F82A203AB12168EE
:10FBF40002330A8822F080021204120C0A8061681F
:10FC040005E0CA1A12F8012C01F8012C7146626948
:10FC140001F1FF3E10697045F3D9C118908A116152
:10FC2400C31A9382216094F82F3093B1206806227E
:10FC34000388804643F4007328F80A3B4146103099
:10FC4400F9F382F7D6F86C124046BC310622F9F378
:10FC54007BF797F910308BB148F68E0399450DD197
:10FC64002168626B1231003218BF0122F86807F173
:10FC7400180350F07FDF002840F0478197F83035B3
:10FC840083B148F68E0399450CD12168626B123119
:10FC9400003218BF012278692B4607F006F90028C4
:10FCA40040F0338163699A8A1869DB6880181B1AEB
:10FCB4002C2B40F22A81002306A92D228DF8263010
:10FCC400F9F342F7636994F82210DA8A01F0070124
:10FCD40022F007020A43DA8294F829200EE1D4F8CC
:10FCE40014B099F80030DBF81020AA2B0492C2EB70
:10FCF400090836D199F80130AA2B32D199F802308B
:10FD0400032B2ED199F803305BBB99F8043043BB25
:10FD140099F8053053B9B9F806303046190A41EA62
:10FD2400032189B20AF0B8DB60B11AE0F82B18D1CC
:10FD3400B9F806303046190A41EA032189B20AF0BB
:10FD4400ABDB70B1049AA8F1060802EB0803BBF818
:10FD54001420CBF81030C8EB0208ABF81480E3662B
:10FD640026E0BB6D990612D548468A490822F9F364
:10FD7400CFF660B9636908F104081A69998A4244A4
:10FD8400C8EB01081A61A3F81480E26610E0636905
:10FD9400A8F10E08998A1A694244C8EB01081A614D
:10FDA400A3F814802389E266190A41EA03239381A4
:10FDB400A36B6BB11B7A012B0AD0032B08D03046FE
:10FDC40051462A46234608F0BEFD002800F09D80D7
:10FDD400A36B33B11B7A022B03D1304621464EF07C
:10FDE4002DDD0622616FE06EF9F3AEF6E06E0622B9
:10FDF4000630216FF9F3A8F6636994F82210DA8AC1
:10FE040001F0070122F007020A43DA82626F1278D6
:10FE1400D20707D53268D2F88C20D2F8D01101313C
:10FE2400C2F8D01197F8612072B12A7ED0060BD4A3
:10FE3400E26E9289110A41EA0222574912B28A42B9
:10FE440002D05A6AD10660D597F865209AB12A7E05
:10FE5400D20610D4E26E9289110A41EA02224F4975
:10FE640012B28A4207D026398A4204D05B6A002B38
:10FE740001DBD80649D5BB7923B9D7F8E43201228E
:10FE840083F82A2096F83238013386F8323897F905
:10FE94001030DBB1E16E8B891A0A42EA03233E4A31
:10FEA4001BB2934212D10B8A1A0A42EA0323A268B4
:10FEB4009BB20C3A934228D8626BF868003218BFA0
:10FEC400012207F1180350F055DEF0B997F83035E8
:10FED4008BB1E16E8B891A0A42EA03232E4A1BB2C4
:10FEE400934208D1626B7869003218BF01222B4615
:10FEF40006F0DBFF48B994F8292063690093304683
:10FF04002946636F1EF028DA40E033685A6BAAB1C1
:10FF140061692348CA8AD3F8903002F00702825CF0
:10FF24002048855C50460C3503EBC5056B68AE680C
:10FF340001336B60FAF356F78019A8605046616983
:10FF44000022FEF3D5F421E0336BD4F880101B8932
:10FF540030460693A369DB8ADB088DF81C3005EB79
:10FF6400480393F8AC3003F00F0301338DF82530C8
:10FF74001BF0FADA059BCDF81D00991FD4F8800018
:10FF840013F066FE01013FF50BAD2BE51BB0BDE898
:10FF9400F08F00BFF7E385008E88FFFFB488FFFF72
:10FFA400C4D2850098E085002DE9F04FA7B09A46A9
:10FFB40009939B8A0026212B04468B4617462596D7
:10FFC40012968DF832600D968DF83B608DF838608E
:10FFD4008DF870608DF83F600A9224921B9601D8C8
:10FFE400036846E0DAF810501046294613F030FE54
:0CFFF400AB1D02900493EA8893B203F462
:020000040802F0
:100000004071ADF82C20A1F5407C104603F00C0E99
:1000100003F0F0024FEA9E0E1209DCF1000141EB01
:100020000C01BEF1020F08BFD608F6B2ADF82EE003
:10003000ADF830208DF839108DF83A60B7F804E04B
:100040000EF0030EBEF1020F04D100B2002801DA57
:10005000D20800E00022D0B28DF83B00002914BF86
:100060002822222206B1023200B104320998808A85
:10007000904206D22368D3F88C305A6E01325A6609
:1000800077E3AA7A02F001028DF83C2021B14FF00B
:1000900000088DF8408013E0D80502D505F10A016B
:1000A00005E099054CBF05F1100105F11601204648
:1000B00036F0FADE031C18BF012380468DF840306D
:1000C0009DF83C3043B904992046043136F010DFE6
:1000D000061C18BF012600E0002694F8C83123B999
:1000E000236893F82C3033B92DE020463946099A1D
:1000F00000230DF06FDC236893F83F200AB98DF8D8
:10010000402046BBBDF82C20D20505D49DF83C20EC
:1001100012B19DF8402042BB9DF8392012B19DF8E4
:100120003C200ABB93F82C30002B00F022839DF872
:100130004030002B00F01D8398F80630002B40F073
:100140001883012611E09DF83C301BB9002E00F009
:10015000108300E04EB19DF839602EB99DF8403013
:10016000002B00F0068300E00026236893F895300A
:100170005BB3B8F1000F28D09DF83C30D8F8DC9084
:100180005BB919F0010F00F0F482049808F1C20184
:1001900004300622F9F3BEF414E004980430FAF3B4
:1001A000B5F120B119F0080F00F0E3820DE019F06D
:1001B000040F0AD119F0020F00F0DB8220460499E7
:1001C0000DF074DB002840F0D48209990B690633E6
:1001D0000B618B8A063B8B82049B03F1180205920C
:1001E0009DF839200AB11E33059300238DF83D3068
:1001F0009DF83A3083B3059A1378507843EA00208B
:10020000DB098DF83D3083B1B8F1000F04D098F8C8
:100210001935002B40F0AD8294F8CF31002B00F05F
:10022000A8824B6A43F040034B62DFF8A8E500F078
:1002300007031EF803E0DFF8A0C500F010001CF86B
:100240000EE0001102328DF83230CDF834E08DF836
:10025000380005928DF870309DF83D301BB98B8ABF
:10026000043B8B8205E05846FAF336F2838A043B5E
:100270008382099A0599938A12690793C2EB010850
:10028000C8EB0303514658460693FAF3ADF50499BB
:10029000C8EB000008908B7DCA7D43EA0223ADF8CD
:1002A0008E303EBB079B204600933A4625AB0FF0AD
:1002B00009DF002840F05D827DE2FA8A049902F4A9
:1002C000FF620A31702A204694BF002201224DF0BD
:1002D00073D9259030B92368D3F88C30DA6E0132A7
:1002E000DA6646E20369D3F8CC30C3F3C0138DF865
:1002F0003F3018E0BDF82C3013F4407F13D09DF848
:10030000393083B9259B73B9FA8A0A3102F4FF6246
:10031000702A204694BF002201224DF04DD925902D
:10032000002800F02682259BD3F81080D8F8DC3214
:1003300003931EBB9DF8393003BB9DF83C301BB1C5
:10034000BDF82C30D80512D498F80620BDF82C3012
:1003500012B1D9050BD511E098F8122003F44073BF
:10036000002A14BF4FF400720022934206D0236883
:10037000D3F88C309A6D01329A65FAE194F82D37F2
:100380002BB99DF83F3013B998F8062042B92046A2
:1003900039461BF0EBD8814618B18AF82D0000E0F1
:1003A000994698F806300BBB9DF83F30F3B94946A3
:1003B00040461BF01DD940461BF072D839462046F6
:1003C0000FF068D9014640460EF0CAD89DF840307B
:1003D00063B198F812304BB198F8073033B10398F5
:1003E00043791BB94046012132F0BEDD94F82D3728
:1003F00033B99DF83F301BB9259BD3F8FC3083B14E
:10040000B9F1000F0DD0259BD3F8F810D3F8F420E4
:1004100042F82190D3F8F820013202F00702C3F825
:10042000F8209DF8393023B1B8F86220ADF8782073
:1004300036E098F806302599002B2ED08B8FADF83A
:1004400078304B685A061BD59DF83A20C2B1049A01
:10045000D28A100714D191F8DF208AB18A7ED207A0
:100460000ED4BDF82C20D0040AD59A0308D50D9AD5
:1004700091F8D1301341DB0702D520462DF010D87A
:10048000BDF82C3013F4805F259B5A6814BF42F4EA
:10049000003222F400325A6002E0898FADF8781001
:1004A00094F82D371BB9259BD3F8FC3083B1B9F1F3
:1004B000000F0DD0259BD3F8F810D3F8F42042F8A4
:1004C0002190D3F8F820013202F00702C3F8F82097
:1004D000259BD3F87C315BB1D3F80826029803EB57
:1004E0008201013202F03F02C1F80C06C3F808266F
:1004F00098F806304BB998F8123033B19DF83C307B
:100500001BB916B9039B9E71DE719DF83C300BB38D
:1005100098F80630002B40F02C8198F812304BB13F
:10052000216804984E3110300622F9F3F3F20028C6
:1005300000F01F8104980430F9F3E8F750B92368FC
:1005400093F83E3033B9204604990DF0AFD9002816
:1005500040F00F8102989DF83C30CAF838005BB932
:100560002B786A781A43AB78134305D0D4F860012E
:1005700002997A8A4AF002DBDAF8382012F0006732
:100580001FD002F4E0604FEA102012F4000F8F4BEE
:1005900002F07F01A0F1040008D001284FF0140000
:1005A00000FB013394BFDB689B680CE001284FF02F
:1005B000140003D800FB01335B6804E041435B583F
:1005C00001E002F07F0382490B6095F90330002BB4
:1005D00007DA2368D3F88C30D3F8D8120131C3F886
:1005E000D812EB7803F03003102B07D12368D3F82F
:1005F0008C30D3F8E0120131C3F8E0129DF83C30A2
:10060000002B40F08C802368D3F88C30FFB102F4CB
:10061000E06012F4000F4FEA10206C4902F07F02F4
:10062000A0F1040008D001284FF0140000FB0212D2
:1006300094BFD26892680CE001284FF0140003D8F0
:1006400000FB0212526804E042438A5801E002F0C3
:100650007F02162A3AD00CD80B2A25D004D8022AB9
:1006600016D0042A5BD119E00C2A23D0122A56D1C5
:1006700026E0302A3CD004D8182A2DD0242A4ED186
:1006800030E0602A40D06C2A44D0482A47D135E077
:10069000D3F870220132C3F8702240E0D3F87422FC
:1006A0000132C3F874223AE0D3F878220132C3F859
:1006B000782234E0D3F87C220132C3F87C222EE089
:1006C000D3F880220132C3F8802228E0D3F88422B4
:1006D0000132C3F8842222E0D3F888220132C3F821
:1006E00088221CE0D3F88C220132C3F88C2216E059
:1006F000D3F890220132C3F8902210E0D3F894226C
:100700000132C3F894220AE0D3F898220132C3F8E8
:10071000982204E0D3F89C220132C3F89C22259948
:100720004B68580309D59DF83C3033B92EB9D4F83D
:10073000400104AA00F01CFD03E0204604AAFEF7D5
:1007400043FF049B1A7CD10705D4259AD2F858118F
:100750000131C2F858111B7C13F0010F259B04D006
:10076000D3F85C210132C3F85C21029AC3F86421FA
:1007700028E023685A6BC2B19DF83C20AAB90999B8
:100780001448CA8AD3F8903002F00702825C1248FB
:10079000845C58460C3403EBC4046368A5680133D9
:1007A0006360FAF321F34019A060584609990022CA
:1007B000FEF3A0F006E0BDF82C3013F4407F7FF488
:1007C000B2AD7AE527B0BDE8F08F00BF841886008F
:1007D000A4140200C4D2850098E085002DE9F047FA
:1007E000D0F828380E690C46F218D0F804800A6157
:1007F000898A0546CB1A9BB2A382318A490707D55D
:10080000012B01D803680FE00232023B2261A38270
:10081000A38AD4F81090072B2B6805D993F82F30B2
:10082000B9F8067033B907E0D3F88C305A6E01324C
:100830005A664DE0402F4BD0738ADA0724D407F074
:100840000C07BF10022F00D0BFB909F11000F9F357
:100850006DF618B999F81030DB0706D52B68D3F878
:100860008C305A6F01325A6732E02B68D3F88C30E3
:10087000D3F8CC210132C3F8CC21D5F83C0128F0C3
:100880008DD8022F14D10BE095F8CF31002B1FD05B
:10089000D5F83C0131462246BDE8F04728F0C8981B
:1008A0002846414632462346BDE8F047FFF77EBB67
:1008B000012F07D82846414632462346BDE8F04777
:1008C000FEF702BA2B68D3F88C301A6F01321A6720
:1008D000404621460022BDE8F047FEF30BB02DE96B
:1008E000F04790F8A03186B00446002B40F0EB8032
:1008F0000368187E002800F0E780012384F8A03107
:10090000206901F019FE2369054693F8EA2052B1E7
:10091000DB6E40F20440D3F820311840B0F580601F
:1009200018BF012002E0186E04F0A6FD08B10026F1
:100930006DE0D4F8680104214BF024DC20461DF062
:1009400017DF00B90135264604F12007D6F84C829E
:10095000B8F1000F57D098F80690B9F1000F52D1B6
:1009600040462FF0DDDC98F805302D18002B4AD0DA
:100970002368204693F831304146002B3CD0D8F80C
:10098000CC30DB0738D507F031F823682D1893F801
:100990009530002B37D0D4F86C122046BC314CF087
:1009A000E7DC824678B3204651461EF0FFD89AF81D
:1009B00018309A071AD5022150464CF02BD908223C
:1009C000CDF80090019298F81220D4F86C32D2F150
:1009D000010238BF00220292204641460B22BC335E
:1009E000CDF80C90CDF8109013F082DED4F86C3274
:1009F000012283F8F02006E036F02CD82D184FF4B1
:100A00007A60FDF393F40436BE429FD18FE7D4F8A9
:100A1000B4249219136B13B1506A98472D183436C9
:100A200040F2AC439E42F2D194F8F1314BB1A06850
:100A3000D4F8AC1106F0FCDB00B90135002384F8D2
:100A4000F1312046FAF7E8FC236800211976236B80
:100A50004FF0FF324519186909F082F8204611F06D
:100A600001DBD4F8786207E00023311D60680122C1
:100A70000093F9F3D1F73668002EF5D1236893F887
:100A80002F3083B1264604F12007D6F84C1239B135
:100A90008B792BB10B791BB1204606F0A7FF2D18DF
:100AA0000436BE42F1D1D4F87C0210B106F0FFFA50
:100AB0002D18206901F0D9FD0023401984F8293050
:100AC00084F8A03100E0002006B0BDE8F087000007
:100AD000044B1A6822B1012280F89D2300221A607B
:100AE000704700BFD4140200F8B514461D46D2F872
:100AF000F030D278B4F8566003EB4203B3F8BE206E
:100B0000F64396193605360DB4F85A300F4671196A
:100B1000994215DD6178994254D8A178002951D1C4
:100B2000013A1205120D9E42A4F8562002D89D1BD0
:100B3000ADB22DB924480021324606F0BBFF002596
:100B4000B4F85A309E1BA378761BEB18A4F85A60B1
:100B5000A37035E0E17807F11000F9F3DFF7436A9D
:100B6000024643F480634362E078D4F8F0105C30CE
:100B700001EB4000C6884FF0010E33051B0D013616
:100B8000C68003F03F0604EBD60006F007060EFA17
:100B900006F6138590F844E0A4F8563046EA0E06AF
:100BA00080F84460E378D1F82C01DFF820E003F00E
:100BB0000703866C1EF80330C06CB047013DADB230
:100BC000002DC7D1F8BD00BF04C9010090E0850029
:100BD0002DE9F04192F8E53006461446D0F8405130
:100BE000ABB12A460023D2F85012A14204D194336B
:100BF000002245F8232003E0013304320A2BF2D10E
:100C000070682146F422BDE8F041FDF35BB682F83E
:100C1000E4308B073FD5B2F85430B2F85C802BE05B
:100C200003F03F0104EBD10292F84CC001F0070041
:100C30004CFA00F717F0010F1BD04FF0010E0EFA1F
:100C400000FE92F844706FEA0E0E57FA00F05FFA59
:100C50008EFE0EEA0C0CC00782F84CC009D50EEAD5
:100C6000070782F84470611800220A71A278013ADD
:100C7000A27001331B051B0D4345D1D1D4F8F020E0
:100C80006B682846D158224624F0D2DC94F8E8302C
:100C9000013B84F8E830D4F8F0206B683046D15836
:100CA000224625F0A9DAD6F8400121460022BDE807
:100CB000F04125F0A399000037B5044694F89D5300
:100CC0000068012D08D112F017DF022804DD00238F
:100CD00084F89D33054B1D60217D94F928200091F7
:100CE000E37C0349034806F0E5FE3EBDD414020050
:100CF0009FC9010040C901002DE9F04796880546CB
:100D000017460468B2F80AA006F007064FF000087C
:100D100037E00B696068B3F80090D5F878329A6EC6
:100D200001329A660122FDF3E5F5236893F8A130BC
:100D3000012B04D009F4C069B9F5C06F17E0182180
:100D4000714301F520716B18DA885888904202D1FE
:100D5000695AD98001E00132DA8008F101080122E4
:100D6000204631461FFA88F821F028DCD0450AD009
:100D70002369022103EB8603D868134B9B6B9847CA
:100D800001460029C5D1236893F8A130012B05D075
:100D90002046314695F92C2021F010DCFB889A077B
:100DA00009D4BDE8F087013D0120EDB2FDF3BEF2AC
:100DB00015B9BDE8F0870B25E368D3F87031DB0780
:100DC000F1D5BDE8F08700BFE0A685002DE9F34727
:100DD000D0F80080044601A9D8F800054BF064DF84
:100DE0004FF0000A39E06B685A0336D56368002675
:100DF00055F803904F46D7F8F8304BB39A781979E5
:100E0000002A18BF4FF0010A19B100221A71DA70D6
:100E10001EE0EAB1DA780132D2B2DA706B6813F40C
:100E2000807F14BF618EA18E4FF06403B1FBF3F39A
:100E30009A420BD3D4F878324046D3F8C4204946BE
:100E40000132C3F8C420324624F076DF4FF0010AA5
:100E50000136F6B20437082ECDD101A84BF02CDFB5
:100E600005460028BFD1BAF1000F06D1236884F8E7
:100E7000A3A39868A16B06F0DBD9BDE8FC874368A3
:100E8000F7B5CD5806462F4600243046294622465F
:100E900023F020DAD7F8D8304BB11B78012B06D1DC
:100EA0002522009230462946224625F035D9224691
:100EB0000134012330462946E4B223F077D90437C0
:100EC000082CE2D1326800230093506805F110012C
:100ED0000122F9F3A1F5FEBD10B5036804465B7E5F
:100EE0007BB90849084806F0E5FD2046FFF7F7FC06
:100EF0000449064806F0DEFD2046BDE81040FCF738
:100F00001BBB10BDC2C9010085C9010093C9010006
:100F10002DE9F04FD0F8008087B0054605A9D8F834
:100F200000054BF0C1DE00220392E5E0029A53680F
:100F30005B0340F1E180D8F840314FF0000A5B6874
:100F4000D658B146D9F8F8300AF18C015FFA8AF721
:100F500006EB41021BB10023537006F8113016F85E
:100F6000113083B1002306F8113051780131C9B234
:100F70000229517007D95370262200922846314623
:100F80003A4625F0C9D8D9F8D840002C00F0AC80FA
:100F90002378032B00F2A880DFE803F09502607D40
:100FA000284631462246012325F0E6D894F8E7B0DA
:100FB000BBF1000F1CD0BBF1010F11D1E17806F19C
:100FC0001000F9F3ABF5014650B1D8F800305A469D
:100FD000D868FDF38FF4D5F87832DA6B0132DA6332
:100FE000002284F8E7202846214625F007D87BE038
:100FF00094F8E830312B08D927230093284631464E
:101000003A46012325F088D86EE094F8E63023B103
:1010100084F8E6B084F8EBB066E0A37823B194F8E6
:10102000EB30013384F8EB3094F8EB30022B5BD1DA
:10103000D5F8783228465A6E314601325A6627234F
:1010400000933A46012325F067D80123284631460C
:101050003A4623F0ABD80123039345E094F8E930F6
:101060005A1C032B84F8E92004D93046214623F08A
:101070006BD839E0AA7CEB7C009295F82E2028688A
:10108000019202993A4625F07FDBD5F878321A6D45
:1010900001321A6528E094F8EA305A1C012B84F8D2
:1010A000EA2009D9D5F8783228465A6E31460132FD
:1010B0005A663A46012303E0284631463A46002361
:1010C00023F074D810E094F8EC305A1C3B2B84F8D1
:1010D000EC2009D9284631463A46002324F004DBA7
:1010E00010B1042380F8E9300AF1010ABAF1080FBF
:1010F00009F104097FF426AF05A84BF0DDDD02906D
:1011000000287FF413AF039A094B12B11A68013219
:1011100000E0039A1A601B68012B05DD4046FFF7CB
:10112000DBFE034B00221A60002007B0BDE8F08F01
:10113000D8140200F8B505461746C1B14B685B03E9
:1011400015D543680024CE583319D3F8D81059B1B7
:1011500037B191F8E430012B02D1002381F8E4305B
:101160002846002224F04ADF0434202CECD1F8BDBC
:101170002DE9F043138C85B0082B044689461546AB
:1011800092F82280066801D0304620E04368CF58AC
:1011900008F13E03116857F82320DAB9AB699B8840
:1011A00003F00303022B0FD111F8033C1B070BD5EF
:1011B000012308F18C0807F81830D0F87832D3F8FA
:1011C000B4200132C3F8B420304649462A46FEF71F
:1011D000FBF912E1D9F80430D80315D4AB699B8828
:1011E00003F00303022B0FD111F8033C1B070BD5AF
:1011F00008F18C03012007F81300D4F87832D3F8F3
:10120000B4000130C3F8B400AB699B8803F003035A
:10121000022BD4F8783238D111F8030C00071ED510
:10122000D3F89C000130C3F89C00D3F8A000013033
:10123000C3F8A00011F9030C002804DAD3F8AC00BD
:101240000130C3F8AC0011F8031C01F03001102983
:1012500020D1D3F8B0100131C3F8B0101AE011F862
:1012600005CC11F8060C11F8041C4CEA00000143EF
:1012700005D1D3F8A0100131C3F8A0100AE0D3F8CB
:10128000A4100131C3F8A41004E0D3F8A810013170
:10129000C3F8A810B5F87E10080740F09A80D388EC
:1012A0000909994223D10123C91809051371090DB0
:1012B000D180D9F8284009F11A01062202A8F8F3D2
:1012C00045F4304649462A46FEF77EF9304602A9E3
:1012D00022464CF057D8002800F08F80484540F057
:1012E0008C8030463946424624F0C2DD85E001F06C
:1012F0000F09C91A09055378090D994205D209F158
:10130000020352F8231019B944E0B1F5006F0CD96B
:10131000002270686969FDF3EDF2D4F87832D3F8F1
:10132000C0200132C3F8C02067E0C3F10103CB182D
:101330009BB230463946424624F02EDD08F13E038A
:1013400057F823306BB1696909F1020243F82210A2
:10135000D5F8802009F1120943F829209A78013242
:101360009A7042463046394624F082DDD4F878320D
:10137000D3F8C8200132C3F8C82094F8A333002B57
:101380003BD1012384F8A333B068A16B642205F03C
:1013900007DF32E0696909F1120942F82310D5F834
:1013A000803042F8293093780133937094F8A33356
:1013B0003BB9012384F8A333B068A16B642205F024
:1013C000EFDED4F87832D3F8BC200132C3F8BC2069
:1013D00013E0706869690022FDF38CF2D4F878326A
:1013E0002046D3F8DC2039460132C3F8DC20012343
:1013F00000934246002324F08FDE05B0BDE8F08361
:1014000003681B6819B1012283F8AA20704783F88A
:10141000AA10704770B5D0F8AC5302292B6808BFEA
:1014200000F57574D3F88C2018BF0024136C0646A1
:1014300050682269C3189A1A2361A3699A422378D3
:101440000ED24BB9E26863699A4205D30123237037
:1014500063680133636070BDE3680133E36070BDAE
:101460000022E26013B3012904D12846032120F0B1
:10147000BFDB19E0022917D1A868D6F8D01305F010
:10148000D7DED6F8CC337BB12B6893F87430012BC0
:1014900007D02869012133F0FDDD2B68012283F894
:1014A00074200023C6F8CC330023237070BDD0F81D
:1014B000AC0370472DE9F04FD0F8AC83D0F8B003FF
:1014C000CFB00790D8F868011D4683790F46924641
:1014D00013B104214AF056DEBB791BB13B79002BD6
:1014E00000F07E81BAF80040B5F8009014F4804412
:1014F000B5F802B040F06181BBF1010F40F03181DD
:1015000076E0D4F8D830002B00F06A8195F803908B
:101510009DF868314FEA991903B309F1A00358F80F
:101520002360DEB13369CBB1337ABBB129460322E4
:101530004AA8F8F30BF34AA806F114013269033004
:10154000F8F304F331694AA8033109AAFEF3ECF574
:10155000589B281D191F09AAFEF316F607EB8903ED
:101560005B6F002B33D01A6958982946143303F067
:10157000B7DA60B3B5F80490B5F806B0B9F1010F69
:101580001DD1BBF1030F1AD1AB7A102B17D1D4F8B0
:10159000D80005F10C01EA7A0230F8F3BBF20546F7
:1015A00068B92046494697F948204BF0ABDD84F8EE
:1015B000DE90204649462A464BF0A4DD0CE020464A
:1015C000012197F948204BF02FDB0F2504E00F2570
:1015D0004FF0030B4FF00109D4F8D810079B4A785D
:1015E000D8680232FDF36EF10023C4F8D830B9E0B8
:1015F0003E6DFB6C7D6DB6B10AE029460AF10A002A
:1016000006220693F8F386F20635069B10B10134E4
:101610009C42F2DB012E02D19C4228DB03E0022E29
:1016200001D19C4223DAB8F8823144F21D32934250
:101630002DD00AD844F21632934228D044F21A32FE
:10164000934224D044F213320DE044F22A32934202
:101650001DD002D844F2213205E044F22D329342EB
:1016600015D044F25232934211D0002210E00026ED
:1016700003238DE84800404617210AF10A02334649
:1016800002960396012519F0FDDF344680E0012221
:101690000AF10A04214640464BF074DE014610B1BF
:1016A00040464BF077DE214640464BF07BDF044658
:1016B000002800F08C8039464BF056DC6368DA0471
:1016C00008D5079991F83020002A40F0828023F451
:1016D00080536360404621461DF068DAB9F1000F7F
:1016E00003D0B9F1010F76D112E0B7F95C3097F968
:1016F00048202046012113B94BF004DD01E04BF0F6
:1017000093DA267E16F0010666D0002635462EE0D6
:10171000D4F8D81041B1079B4A78D8680232FDF35B
:10172000D1F00023C4F8D830B7F86250002D52D160
:101730000799C8688221FDF3B5F0064600284DD010
:101740001023037080234370D8F80C30B3F85A2666
:1017500073190135802D9A70F6D1C4F8D860002530
:1017600005E00E25BBF1030F3AD8002685B97CB100
:10177000237EDB070CD54046394604220AF10A03D2
:1017800000950195CDF808900395049512F0B0DF0F
:101790000BF101030193002303939DF86431384654
:1017A00005930AF10A0107F1BC022346CDF8009027
:1017B000029504961EF09AD812E040460AF10A01FA
:1017C0004BF0D6DD044600287FF49BAE08E00646C9
:1017D00004E0002602E000260D25D9E70125D7E721
:1017E0004FB0BDE8F08F30B59DF810509DF8144013
:1017F00004950594BDE83040FFF75CBED0F8C00307
:101800007047C0F8C0137047D0F8AC331B68DB6971
:1018100018690428A8BF0420704770B5036B002521
:1018200080F8D058D0F85C610446186908F026FAB0
:10183000014630463CF064D930B1204601212A46A9
:10184000BDE870401AF0929970BDF0B504688BB095
:1018500005460021E6681FF037DA284612F07CDEE4
:10186000D4F8E4366BB1A068D4F8741505F0E0DC68
:101870000023C4F8E43694F8583523F0020384F8C2
:101880005835D4F85C013CF01BD9236993F8EA2061
:1018900062B1DB6E40F20440D3F820311840A0F56D
:1018A000806CDCF1000040EB0C0006E0186E03F0E9
:1018B000E3FDD0F1010038BF002000283ED02046D3
:1018C00006F0A2F8236BD4F85C71186908F0D6F919
:1018D000014638463CF014D930B194F8D0281AB9F2
:1018E000204601211AF042D9284613F0CFDB4FF0F1
:1018F0000043C6F888310F21206933F071DD20697B
:1019000040F2FF3133F05ADD236B1B68022B04D108
:10191000206994F8431633F0BFDD204618F08EDBC3
:10192000204618F057D90AA9002341F8283D20463F
:1019300069461BF0E1DF20461FF036DB0BB0F0BD3F
:101940002DE9F0410768044686B038460E46154634
:1019500098461DF035D810B138461DF029D80C9B9B
:101960003846029300230393049321460B222B460F
:101970008DE8400112F0BCDE06B0BDE8F081000049
:101980002DE9F04F0468D0F8D8B2D0F8D01297B053
:101990000546D0F8E8A2204607911FF08DDBDBF862
:1019A0000010A06805F044DC284602212EF06EDD10
:1019B000DBE1D4F8D826013352F82360B6F8328040
:1019C00008F47043A3F580514B4243EB01030E33FF
:1019D00054F8237008F44063B3F5406F24D12368B2
:1019E00093F846309A0711D0D4F85C0179683BF03F
:1019F0006FDC03070AD497F8EC303BB13B68022B4D
:101A000012D1D4F8FC349B7898070DD54046F9F3F1
:101A1000F3F140F430639BB20E288CBF4FF4805832
:101A20004FF4005848EA0308D4F85C0141463CF002
:101A30009FDA002800F09481708EF9F3DDF140F414
:101A400030601FFA80F8708EF9F3D6F10E288CBF43
:101A50004FF480514FF4005148EA010128462DF01F
:101A6000C9DD002800F07C81D5F8E832002B74D065
:101A7000D3F8DC30002B70D00023A5F85C3096F84A
:101A8000AA004FF00C0808FB00A0F2881C3002F0FE
:101A90008002D2F1010238BF002214A9F9F312F337
:101AA000BDF85010A5F8621096F8AA0013A908FB1B
:101AB00000A02030F9F364F3139B2BBB96F8AA30F7
:101AC000042208FB03A815A808F12401F8F33EF04E
:101AD00015A892490422F8F31DF048B996F8A930E8
:101AE000A3F10802D2B2022A40F23A818DF85730AF
:101AF00015A813A9F9F344F330B90C23009001930E
:101B000096F83230029306E1139B2046590744BFF2
:101B100043F002031393139B81499A0744BF43F098
:101B20000103139313AB0093042301930123029346
:101B3000AB68002203931346F9F7F6FE07230093E0
:101B40000023019396F8AA2020460292039304935F
:101B500029461822334612F0CBDDB6F86230D8069B
:101B60000AD5AA6D40F2371313402BB96D4B1B7881
:101B700013B90093012234E03046F8F3C7F418B1EA
:101B80000023009302222CE02B6D002B2ED0236823
:101B900093F8303063B129E0696D3046494406223C
:101BA000F7F3B8F709F1060938B108F1010801E0C7
:101BB00099469846EB6C9845EED32B6D012B03D1DB
:101BC000EB6C984506D311E0022B0FD1EB6C9845D6
:101BD00004D20BE000230093032202E000230093D1
:101BE0000422019296F832200292B1E0236893F821
:101BF000953083B1D4F84C35012B09D1304604F52A
:101C0000AA610622F7F386F7002840F0A98002E0D7
:101C1000022B00F0A58096F93480B8F1000F11D1A5
:101C2000D4F85C01718E3CF037D858B10523CDF85B
:101C30000080019396F83230CDF80C800293CDF8F5
:101C4000108087E0B5F862305BB1AA6D40F23713BF
:101C5000134033B12046294632462DF0EDDE0028F0
:101C60007ED13B6806F13800022B07D17A7D2AB974
:101C7000FF230093019209A9012313E0236893F83D
:101C8000463013F0030307D0D5F8CC3003F480536B
:101C9000D3F1010338BF0023FF228DE80C0000229E
:101CA00009A9134647F012D8236B503793F8EC106C
:101CB00039B1718E01F44061B1F5406F14BF142148
:101CC0002821384646F0AADFD4F8603609A83946FC
:101CD00000229B7846F03CDF10B90090092318E001
:101CE0009DF8382094F838379A4239D196F9343033
:101CF000D3B9728E204602F4704206F13801B2F573
:101D0000805F14BF022201222DF03ADC60B90090FE
:101D10000A2301930290039004901BE038C3010052
:101D20001773860094140200236893F830300BB3C5
:101D3000204631464BF01CDBE0B1037E990719D5F4
:101D4000436813F4805315D10D220093019202933E
:101D500003930493204629461722334612F0C8DC29
:101D6000D4F8DC36013BC4F8DC36D4F8DC36002B82
:101D70007FF41FAED4F8DC66F6B100228BF81E208B
:101D8000D4F8DC36D4F8D816581E013351F8233075
:101D9000DBF80410C4F8DC06012909D00092019296
:101DA00002920392049220462946202212F0A0DCDF
:101DB000284630F06FD929E00799EA7991F9343053
:101DC0004AB10121D3F101032846324638BF00232E
:101DD0002EF044D809E00121D3F10103284638BF91
:101DE0000023009201922EF073D995F91030022B46
:101DF00003D1E86800214FF09FD994F87532284646
:101E000023F0040384F875322EF010D917B0BDE822
:101E1000F08F00BF2DE9F04F056889B09A4600F5B4
:101E2000347393E8080303932B68044693F83F3018
:101E30008B461646002B00F06881C379002B00F01A
:101E40006481837C05A813B104F1D60100E041460A
:101E50000622F7F37BF6002385F84A352B6893F8C2
:101E600044301BB1D5F8640137F0D4DE2B6993F808
:101E7000EA2042B1DB6E40F20447D3F820311F4024
:101E8000B7F5806703E0186E03F0F6FA071C18BF79
:101E90000127C7B10021204631F08AD92046FFF73B
:101EA000D4FCA37C2046D3F1010338BF0023009368
:101EB000002105AA0823FFF743FD002120460A461A
:101EC00034F044DC24E1A37C002B00F08C80D4F8B7
:101ED000DC32D3F8901041B193F894206868FCF399
:101EE000F1F4D4F8DC32C3F89070D9F8083023B19B
:101EF0000D2B02D020462EF013DAD5F8680104210C
:101F00004AF040D905A928464BF032DA0027394675
:101F1000814684F8947020461EF0E8DB394620465E
:101F20001BF0A6DB2046394611F098DDBBF1000F0F
:101F300041D004F1BC00F8F3F9F200283BD12B6B3F
:101F4000B8F83270186907F099FE874233D1D5F896
:101F50005C01B8F832103BF023DE30B9D5F85C01F3
:101F6000B8F832103BF098DE68B166B9D5F85C017C
:101F7000B8F832103BF0C4DD28B9012385F8D03819
:101F8000B246654F00E03746082305A9019328466D
:101F900004F1C2030A46CDF800901DF00DDE0346A1
:101FA00050B14FB139462846524619F0D1DF0028CA
:101FB00008BF002700E03746B9F1000F30D048468F
:101FC0000E214AF027DE2B6893F8443023B1D5F870
:101FD0006401494637F032DE494628461CF0E6DD0A
:101FE0004FF000091CE02B6893F8953083B1D5F8C9
:101FF000000507A94AF058DE05E043689F0044BF8A
:1020000023F00053436007A84AF056DE0028F4D1BD
:102010004FF0010984F81290204618F02FDE374661
:102020002046002131F0C4D805F50071284606315C
:1020300021F05EDC2B6893F83F3093B995F9472681
:1020400085F84236013208BF85F8433628461BF032
:102050002FDA2B6893F84630980702D028461BF0F9
:1020600043DA04F1BC0B5846F8F360F2014630B98C
:10207000204605AA0823CDF80090FFF761FC95F8EB
:102080007232204633B9D5F86C329C4202D1FFF748
:10209000DCFB04E012F0FADF204612F05DDAD8F83B
:1020A000641049B16868B8F86820FCF30BF40023A9
:1020B000C8F86430A8F86830022305AA00932846BF
:1020C0002346002119F0AED82046002119F07CDA11
:1020D000204619F0E5D9284606F076F81FB12846C3
:1020E00000215246B8479EB920463146324634F068
:1020F0002DDB314606220398F7F38CF5584631461E
:102100000622F7F387F5304603E04FF0FF3000E09A
:10211000002009B0BDE8F08F479C00002DE9F04F8A
:10212000062989B007460D4690469B469DF848A073
:10213000D0F80090D0F8D86249D000292CD1BAF15B
:10214000000F03D14846394635F01ADB99F8724240
:10215000002C3DD0D9F8000507A94AF0A5DD02E022
:10216000237E9A0733D407A84AF0A6DD0446002848
:10217000F6D150E0D9F83030186907F07FFDD7F874
:10218000D4325B8E834223D0484629F08FDFD9F8C2
:1021900034072AF0A9DB1BE0B368093B012B16D8F2
:1021A000484611464BF0E4D810B10C214AF032DD1C
:1021B000022D0AD0D9F80800316805F039D8052D6C
:1021C00005D84FF0C843AB4001D5012400E00024FE
:1021D0008DE82008139B48460293336C39460393DD
:1021E000736CBAF1000F0CBF072209220493434617
:1021F00012F07EDA9CB1052D01D0022D07D1B27FFD
:10220000337F9A4203D238462FF044DF07E0384646
:10221000FFF7B6FB03E07368032BABD1D8E709B037
:10222000BDE8F08F70B5114686B0054616464BF0F6
:102230009FD80446002824D090F8DF3023B12846E8
:102240002146012206F0BFFC20464AF017DEE36873
:102250001BB1284621463DF0FBDB002303220093FF
:102260000192029303930493284621690522334681
:1022700012F03EDA2846214606B0BDE870404BF029
:10228000899806B070BD00000048704724D6010050
:102290000048704744D7010010B506490446406E17
:1022A000F8F380F128B9606E0349BDE81040F8F3F7
:1022B00079B110BD0DAA86000AAA860070B50C4639
:1022C0000569164608460A220021F7F3A3F463883D
:1022D0001E43EB6C6680980603D5238843F4806325
:1022E0002380AB6F42F25002198C914205D15B8C76
:1022F000052B9CBF46F00406668070BDD0F8EC103C
:1023000010B5044631B100680C22FCF3DBF2002367
:10231000C4F8EC3010BD0121836F10B580F8901027
:102320000446586A07F082FA2046022131F0BEDAEC
:10233000A368986804F0C2DF002010BD00EB8103A1
:10234000DB6F0A468367836801F10E0153F82110A1
:10235000196390F8EB305BB190F8E83043B94FF473
:102360000051006E002A0CBF0A46002200F0449B78
:10237000704700002DE9F3470646884622B183687E
:102380001B68DB695F6B01E04FF0FF370025AA4651
:102390002C460AE0BAF1000F02D0CAF8040000E0AF
:1023A00004460135BD420AD28246DFF85C9006EB56
:1023B0008802D9F86830D06898470028EAD13046BA
:1023C0006A4601A932F020DF06EB8802D9F86C30AA
:1023D000D06898470FE00023D4F804802169636037
:1023E000019B8B61B36F586A08F020FF2146B068EB
:1023F000FEF7F4F94446002CEDD1BD4234BF002075
:102400000120BDE8FC8700BFE0A68500F8B50E46B8
:102410000131044603D1836F5E6A06B19E6994F868
:10242000E9501DB92046294631F040DA206E00F00F
:1024300043DC78B10027E319D86810B1254B9B68BD
:1024400098470437182FF6D1E3681BB120460021C6
:1024500031F078DA94F8E82042B1A36800222046EF
:102460000321DA61BDE8F84032F0AC9B46F004018C
:1024700084F8EA20206E00F0CFDAA36F012184F8FF
:10248000EA101BB1586A08B107F0CBF9204631F0C9
:1024900031DBE36E206ED3F8E021012122F020022F
:1024A000C3F8E021FBF362F30021204631F0FED9AE
:1024B000204632F079DC2046012132F04DD8A36865
:1024C0000022DA612DB920460221BDE8F84031F042
:1024D000ED99F8BDE0A68500836810B51A681B6900
:1024E000D2F88C200446D2F8B4100131C2F8B410EE
:1024F00093F8EA205AB1DB6E40F20440D3F8203161
:102500001840A0F58061484240EB010006E0186EDB
:1025100002F0B2FFD0F1010038BF002020B1204608
:102520004FF0FF31FFF772FFA06831F059DAA06871
:10253000BDE810401CF0B29838B5044690F8900001
:1025400000282BD0A3681B6993F8EA2052B1DB6EF8
:1025500040F20445D3F820311D40B5F5806518BF21
:10256000012503E0186E02F087FF0546A36815B148
:1025700000221A620CE0986804F096DE2046294694
:1025800031F094D994F8E83013B9204631F0ACDC3E
:10259000A36F586ABDE8384007F0B4B938BD10B52C
:1025A00004694FF440412046002232F00BDBD4F89E
:1025B000F83020461B6913B130F0DADE01E031F06B
:1025C00093DCE16C206E11F0020118BF4FF4007132
:1025D0000A460023BDE8104000F0BE9A38B5836873
:1025E00004461B6893F82050FDB9012133F060D9EF
:1025F000206E02F022FE2046294631F057D92046AF
:1026000031F072DCA068D0F848381B780BB131F09B
:102610009DDAA36F586A07F0F9F8002384F85E305A
:10262000A36801221B6883F8202038BD38B501213A
:10263000044633F03DD9206E02F0FFFD2046002114
:1026400031F034D9204632F08FDD054630B12046D6
:10265000002133F02DD96FF0080038BD20464FF02F
:10266000FF31FFF7D3FE284638BD38B5044690F851
:102670009000002844D0A36F002184F89010586A7D
:1026800007F0D4F8A3681B6993F8EA2052B1DB6E17
:1026900040F20445D3F820311D40B5F5806518BFE0
:1026A000012503E0186E02F0E7FE05466DB1002536
:1026B000A36F84F8EB5084F8EA50586A294607F073
:1026C000B0F8A06831F08CD919E0206E00F0F4DA8F
:1026D00078B1E36ED3F82031D80702D5204632F026
:1026E00017DFA3689868F8F735FB0546204633F0F6
:1026F000FDD894F8E81011B9204633F0D9D828460F
:1027000038BD000070B5082986B004460E4600F3B7
:10271000F48083687D491B685869F7F317F7082E22
:102720001CD1236E9A69920002D5DA69D60708D5C2
:10273000E26CD10708D5226D120605D4DB69DB07F0
:1027400002D5636D9E0003D4266D16F080060FD06F
:1027500046B2022ECCBF0526012600E046B1D4F8D1
:10276000F8305B68022B03DDA36D990040F1C8804F
:102770000A2203A80021F7F34DF2D4F8F830002222
:102780001A8194F8905065B1E26ED2F8205105F0AC
:10279000010546B91B68002B64D0204631F0A4DB4C
:1027A00060E0002E5DD0BDF80C20596842F01002A8
:1027B0000229ADF80C20626D03D122F0005262654F
:1027C00026E042F000526265720701D414221A8199
:1027D000226E9069800002D5D069C00708D5E06CF0
:1027E000C0070AD5206D000607D4D269D00704D5EA
:1027F0001A8942F040021A810AE0042905D1BDF885
:10280000102042F40052ADF8102000221A61DA6064
:102810005A68022A12D1E26C12F4804FBDF80E20E1
:1028200008D042F48072ADF80E203022DA60202207
:102830001A6103E022F48072ADF80E201A8916F0B6
:10284000020F14BF42F0010222F001021A811A891C
:1028500016F0040F14BF42F0080222F008021A8199
:102860000AE03546BDF80C3023F01003ADF80C300B
:10287000636D23F000536365D4F8F830616D1E601A
:10288000A36F586A07F0A5FC94F890301BB115B1FE
:10289000204632F03DDE0226BDF80C3020460021F5
:1028A0001022009632F0A0D9BDF80E30204601214A
:1028B0004FF48072009632F097D9BDF81030204660
:1028C00031464FF40052009632F08ED9204630F057
:1028D000ABDF94F89000B8B1A36F1B68B34206D188
:1028E000D4F8F8301B6813B1204630F041DD55B103
:1028F000204631F067DE002006E06FF0010003E0C3
:102900006FF0020000E0284606B070BDC65C86008D
:10291000F7B58568C66E2B680446DB6906271B6A17
:102920006946C5F8AC38304B3A46186800909B8829
:10293000606CADF804302D4B07FB00301838F7F30E
:1029400005F10423C5F8AC38032385F8A938A0683D
:1029500020F066D820B1D5F8AC78BF000137BFB2FF
:10296000D4F8B8300022995C380A791889B2013954
:10297000FDB245EA012500F0010001F48071084331
:102980006FEA42616FEA5141A6F84015A6F820555A
:10299000A6F82C05A6F84015995C01327F18062A86
:1029A000BFB2E0D1204698215A7832F03DDFD4F80A
:1029B000B83020469A219A7832F036DFD4F8B83011
:1029C0002046DA781B789C2143EA022232F02CDF81
:1029D000D4F8B83020465A791B799E2143EA022266
:1029E00032F022DFFEBD00BF64C30100EC0A02002A
:1029F000F0B50469064685B02046922132F0FADB34
:102A0000400080B2A6F8420050B300250F2168466E
:102A1000144A2B46F7F342F1606E6946F7F3C2F5AC
:102A200060B16946606EB6F84270F7F38FF507EB58
:102A3000450782B23946204632F0F6DE0135772D61
:102A4000E4D1606E0849F7F3ADF548B1606E064910
:102A5000D4F8F850F7F37AF52881204630F0E4DE18
:102A600005B0F0BDAEAC8600177C8600816F10B556
:102A70000831044631F0E4D9FFF706FC0146204650
:102A8000BDE8104031F0BC9910B5836F064A1C6A4E
:102A900040F2EE239421944214BF1A464FF416627A
:102AA000BDE8104032F0C09E5020080073B50469A4
:102AB000054620460E46FFF7D9FFA36F3146586AF8
:102AC00007F00CFD2B68012283F87420204631F0BA
:102AD000EFD8A36F2046998A32F082DCA36F20469C
:102AE000D98A32F06BDC204694F8861030F070DE24
:102AF000A36F204652219A8B32F096DEA36F5021AD
:102B0000DA8B204632F090DE204631F0F3D82046B2
:102B1000FFF7BAFF03230093204604210822002375
:102B200032F062D8204602B0BDE8704030F0209C00
:102B30002DE9F041174604460D46BDF818209DF8D2
:102B40001C6098463BB183680C31DB6A03EB4103A0
:102B50009988711899804FF6FF739A4203D02046E6
:102B6000A82132F061DE04EB8503D868094B3946B1
:102B700042465B6A984700280ADAB8F1000F07D08E
:102B8000A3680C35DB6A03EB4505AB889E1BAE8062
:102B9000BDE8F081E0A685002DE9F041046986B02A
:102BA0004FF0FF314A4A06462046E56E32F00AD819
:102BB000D4F8F83020461968FFF7A4FDA36D2BB1B7
:102BC0000323A5F8B436FF23A5F8B836E36CDB077A
:102BD00024D5404B1A680ABB01211960236D206E71
:102BE0001F0603D5032102F093FB17E002F090FBD0
:102BF000236D9A0012D42046922132F0FBDA47006E
:102C0000BFB25FB1CE373946204632F0F3DA40F03A
:102C100040023946204692B232F006DE4FF0FF31D4
:102C2000C5F8281120462C4A31F0CCDF2B4F02E0AA
:102C30000A20FBF37BF3D5F82831DB0701D4013FF1
:102C4000F6D13046D5F82831FFF7A9FCD4F8F43096
:102C50002BB9236E9A6A40F294539A4213D1206E94
:102C60001F4A836B9A18012A07D94AF6E602934253
:102C700003D04AF6E502934205D108230021282219
:102C80000093FFF3EDF600210A46206EFFF3CCF629
:102C9000FFF7FEFA0146204631F0B2D82046FFF792
:102CA00037FE4FF48033009320460623982103AA71
:102CB00031F0E6DB336893F8383023B330461FF049
:102CC000AFDE01281FD100270597B84616E000BFE8
:102CD00004040004DC14020002040204A1860100C2
:102CE0001D57FFFF4FF4C02300933946204605AA25
:102CF000042331F0EBDB08F1010824373368DB698A
:102D00001B6A9845EED320468021082232F08CDDE4
:102D100020465C210A2232F087DD4FF080735E4A44
:102D2000C5F8003120465D4931F04CDF4FF00043DB
:102D3000C5F888314FF00073C5F88C314FF48043EB
:102D4000C5F828314FF480336B620121204631F001
:102D500027DF206E02F072FA16213083B4F8442087
:102D6000A5F8A806204632F05FDD2046C021B4F861
:102D7000542032F059DD2046C221B4F8562032F0FA
:102D800053DD474B2046C5F86031D5F86031B4F8C3
:102D900088304421C5F86431424BB4F88C20C5F822
:102DA0006031D5F86031B4F88A300027C5F8643155
:102DB00032F03ADD20464621B4F88E2032F034DD80
:102DC000B5F888361B051B0DA5F888360123A5F834
:102DD0009C36B764E319D86810B1334B5B689847E9
:102DE0000437182FF6D1304FE0683B6D9847FB6EE3
:102DF000E06898473046FFF7FBFD236E9A6B4AF672
:102E000062139A421AD1E36CD80717D5236D1906BD
:102E100014D49A0012D42046922132F0EBD9460005
:102E2000B6B25EB1CE363146204632F0E3D940F03C
:102E300040023146204692B232F0F6DC236E9A6BA5
:102E40004AF662139A4223D1606E1849F7F37EF373
:102E500086B2EEB1314600220223206EFFF3C8F69F
:102E6000314632460223206EFFF376F6B5F89E34E3
:102E700092219BB23343A5F89E34204632F0BAD952
:102E8000410089B221B120467431324632F0CCDCA7
:102E900006B0BDE8F08100BF00000240000006401F
:102EA0000600020007000200E0A685004BCB0100EF
:102EB0002DE9F84390F8E96004460F46914685688D
:102EC00016B9314630F0F2DCA86804F0EDD907F409
:102ED0007041A1F58052514241EB020180462046EB
:102EE000FFF72CFAA36F3946586A06F0C4FEA36FA9
:102EF000586A06F0A0FC2846FFF74EFEB9F1000F15
:102F000004D0012120460A4631F0CADE284639465F
:102F1000FFF7CCFDA868414604F0DAD9D4F8D430E4
:102F200043F00403C4F8D4300123C4F8D0302EB9E0
:102F300020460221BDE8F84330F0B89CBDE8F88394
:102F4000D1F8CC3073B543F40053C1F8CC3005460A
:102F50000C4634F001D90646002840F08480B5F8CC
:102F6000823144F2213293421FD044F21332934211
:102F70001BD044F21A32934217D044F22A329342C1
:102F800013D044F2163293420FD044F21D329342D2
:102F90000BD044F22D32934207D044F25232934286
:102FA00003D0AB6B5B7D002B58D02B6B93F8EC30D0
:102FB00043B1B5F8263603F44063B3F5406F14BF50
:102FC000142328232A6892F8462012F0030207D01F
:102FD000D4F8CC2002F48052D2F1010238BF002292
:102FE000009228462146022233F048DA064600289D
:102FF00039D1D4F8F01229B1D5F84C0144F036D8C3
:10300000C4F8F062D5F84C01214644F001D8C4F868
:10301000F002002825D0A379BBB194F8F532312B0A
:103020000ED82B681B7E2BB1284694F8F4120F4A59
:103030001DF0E6DFD5F84C0194F8F41243F02CDFD4
:1030400094F8F53284F8F4320DE0D5F84C0104F52B
:103050003D7102B0BDE8704043F0E29E6FF00B0698
:1030600001E06FF01A06304602B070BD329E850056
:103070002DE9F041054634F06DD92E46804605F124
:103080002007D6F84C426CB1A3795BB1444509D016
:1030900063791BB12846214633F0DCDC2846214603
:1030A00033F0B4DF0436BE42EBD1BDE8F0812DE948
:1030B000F3470A9E80460F4691461D46DDF82CA038
:1030C000D0F8B84023E063681AEA030F1ED0DB058E
:1030D00007D504F10A01227A637A28460091314625
:1030E0000DE02FB14046494604F10802B84748B107
:1030F00004F10A02637A284600923146DD2220F06C
:103100002FDE00E028462D1A761905462468002C8B
:10311000D9D12846BDE8FC872DE9F04FD1F8D4324B
:1031200087B0B3F832B08B7905460E46D0F80C80E4
:10313000D0F84C91002B00F09F804FF0000A5446CD
:1031400005EB0A03D3F84C727FB1BB796BB9FB79FD
:103150005BB1D7F8D432588EF7F34EF60446584692
:10316000F7F34AF684423C4606D10AF1040ABAF162
:10317000200FE5D1002C7FD0D4F8D432588EF7F34D
:103180003BF607465846F7F337F6874205D0D4F8A2
:10319000D422D6F8D432D28DDA85284604A905AADD
:1031A0001AF0D2DD2146D5F84C0143F029DE18276C
:1031B0004743D5F84C0107F13A0144F00BDB38B92D
:1031C000059A049B484621468DE80C0003F0D1FF88
:1031D000D5F84C0107F1400144F0FCDAD4F8D432C0
:1031E0000499DD8D4001AD02CD42029003D3A84287
:1031F0000AD300E0104621F07F4323F46003984295
:1032000000EB0502F6D3029003AA02AB059805F085
:103210007AFC20461AF02ED802A90346002203A801
:103220001FF036DCD6F8D4326D08DC8D03A82B46AF
:10323000A40202A900221FF045DC0126234601E07A
:1032400001361B19AB42FBD303A802A900221FF0D1
:1032500039DC029B05A804A9039A1FF033DC049B08
:103260000136C8F88031059BC8F88431A301744346
:10327000C8F88831C8F88C4107B0BDE8F08F00204D
:103280001060704705F0A0BF08B505F083FFC0B21D
:1032900008BD0846114605F0E7BF00002DE9F84FCC
:1032A00005460F464668002110461446C922F6F32B
:1032B000B1F4284639463AF05BDE70B996F85037DB
:1032C000002B01F0578006F5AA6130460E313AF026
:1032D000A9D8804618B9BDE8F88FD5F81080FDB29E
:1032E00007F47047A7F5805EDEF1000798F800004C
:1032F00047EB0E0705F0A8FE0E3756F82770064676
:1033000098F8020005F0B8FE96F811C003461CF0CC
:10331000010C97F8041102D04FFA81FC04E049B285
:103320001829C8BFA1F1180C964A964206D0964AB1
:10333000964206D0954A964205D102E05220582284
:1033400003E0582000E07F2002463968022975D149
:10335000012D04D90A2D8CBF0221012100E000219A
:10336000DFF83C827118464591F9061002D10B2D09
:1033700012D151E0DFF82C82464503D10E2D08BF53
:10338000362150E0DFF82082464503D0DFF81C826A
:10339000464505D10B2D41D00E2D08BF402142E0FE
:1033A000DFF80C82464503D10E2D08BF2A213AE0F2
:1033B000DFF80082464505D1022D31D00A2D08BF25
:1033C000542130E0DFF8F081464503D10A2D08BFD3
:1033D000502128E0DFF8E481464505D1022D21D0B7
:1033E0000A2D08BF48211EE0DFF8D481464503D1ED
:1033F0000E2D08BF282116E0DFF8C881464503D10D
:103400000B2D08BF3E210EE0DFF8BC8146450AD1F6
:103410000C2D08BF442106E04C2104E0402102E0CD
:10342000582100E04821CCEB010121EAE1719142F1
:10343000A8BF114621706170A170E170544A964294
:1034400008D0544A964205D0534A964202D0534A75
:10345000964208D197F904C1BCF1180FCCBFACF16A
:10346000180C4FF0000C3968022940F05681012DEC
:1034700004D90A2D8CBF0522042200E00322DFF8C4
:103480002081B218464592F9062003D10B2D08BFC2
:10349000422263E1DFF83481464506D1022D00F077
:1034A00050810A2D08BF4A2258E1DFF8F8804645CE
:1034B00003D10B2D08BF462250E1DFF8EC804645D2
:1034C00003D0DFF8E880464503D10B2D08BF40222A
:1034D00044E1DFF8FC80464503D0DFF8F88046453C
:1034E00003D10D2D08BF2E2238E1DFF8EC804645D0
:1034F00006D10B2D00F0D2800D2D08BF40222DE10A
:10350000DFF89480464500F0A180DFF8A4804645AE
:1035100003D10B2D08BF3E2220E1DFF898804645FD
:103520001DD0DFF89480464506D1022D00F00B81B6
:103530000A2D08BF4C2211E1DFF8A080464506D1D4
:10354000022D00F002810A2D08BF482206E1DFF8B3
:103550009080464503D0DFF88C80464506D1022D89
:1035600000F0F5800A2D08BF5022F7E0DFF84C800C
:10357000464539D1022D00F0EC800A2D08BF4422C7
:10358000ECE000BFBC108600F0108600241186001D
:10359000340D86005C0D860080118600FC0D8600CF
:1035A0004009860074CB0100BC0C8600D00C86005C
:1035B000700D86007C0986009009860018D40100F1
:1035C000840D860030CC010024CE010010CE010015
:1035D000E40C86000C0D8600D4D30100CC098600D3
:1035E000A4098600B8098600DFF8008546450CD19D
:1035F000022D00F0B2800A2D00F0AF80032D00F004
:10360000AA80092D08BF4622A8E0DFF8E4844645D9
:1036100003D10A2D08BF4222A0E0DFF8D884464536
:1036200005D1A5F10C06012E98BF3C2296E0DFF8EB
:10363000C884464503D10B2D88BF40228EE0DFF8B9
:10364000BC84464506D10C2D00F087800D2D08BFA7
:10365000382283E0DFF8A884464505D1022D7CD0CE
:103660000A2D08BF3C2279E0DFF89884464503D153
:103670000B2D08BF382271E0DFF88C84464503D15A
:103680000B2D08BF322269E0DFF88084464507D160
:103690000B2D03D00C2D08BF4A225FE038225DE0DD
:1036A000DFF86C84464505D10C2D54D00D2D08BF94
:1036B0003A2253E0DFF85C84464505D1A5F10B06BC
:1036C000012E98BF4A2249E0DFF84C84464503D1D9
:1036D0000B2D08BF3C2241E0DFF84084464505D170
:1036E0000C2D30D00D2D08BF442237E0DFF8308498
:1036F00046450AD16E1E0D2E30D8DFF8288418F802
:103700000660002E18BF324628E0DFF81C844645CC
:1037100024D10E2D08BF002220E0332D08D93D2DE5
:1037200008D9632D08D9942D8CBF0422032204E00C
:10373000002202E0012200E00222B61896F90620DB
:103740000CE04A220AE04C2208E0482206E050221F
:1037500004E0442202E0462200E04022CCEB0202D8
:1037600022EAE2728242A8BF0246022903D12178EE
:103770008A42A8BF0A4622716271A271E271227266
:103780006272A272E272A446214600200026013035
:1037900081F834600A7381F83C6001310828F5D162
:1037A000187F97F8042110F0010001D050B204E016
:1037B00052B2182AC8BFA2F118003A68022A01D1F1
:1037C0006E1E0FE0332D08D93D2D08D9632D08D981
:1037D000942D8CBF0426032604E0002602E0012677
:1037E00000E002269A579E1996F90E10964EB342A3
:1037F00005D1A5F16406022E98BF3E2106E0934E46
:10380000B34203D1642D08BF382208E0904EB34282
:1038100005D1A5F16406022E98BF3E2102E08D4E2F
:10382000B3420ED08C4EB3420BD08C4EB34208D074
:103830008B4EB34205D08B4EB34202D08A4EB34278
:1038400017D1A5F16806242E13D8844A93420ED0CE
:10385000834A93420BD0844A934208D07E4A9342D3
:1038600011D0804A93420ED04A21442201E04A21DD
:1038700042227E4EB3420BD1A5F16806202E05D917
:103880008C2D20D10FE044210A4601E04021442242
:10389000774EB3420CD1642D08D0A5F168060C2EEA
:1038A00040F25E852EE036210A4601E034214022B6
:1038B000704EB34207D1A5F16406102E98BF422185
:1038C00098BF52221EE06C4EB3421BD1A5F1640694
:1038D000082E98BF3021A5F16E0698BF3422162E0F
:1038E00098BF4621A5F18606022E05D98C2D08BF6A
:1038F000482108BF362200E03E21A5F195060F2E93
:1039000098BF44225D4EB342B34612D1A5F16E0674
:10391000162EA5F1860698BF442198BF3A22022EA2
:1039200005D98C2D08BF482108BF362201E03E2171
:103930003A22534EB34202D0524EB34204D1A5F1C3
:103940008406082E98BF2C224F4EB34202D1262D5A
:1039500008BF2C21121A081A22EAE27220EAE0704B
:10396000214600270E7901370131CE740026082F39
:1039700081F84360F6D1214601360A7781F84C0080
:103980000131082EF8D1414FBB4200F0FA80404986
:103990008B4200F0F6803F498B4200F0F2803E49B6
:1039A0008B4200F0EE803D498B4200F0EA803C49BA
:1039B0008B4200F0BB803B498B4200F0E2803A49E9
:1039C0008B4200F0DE8039498B4200F0DA803849C2
:1039D0008B4200F0D68037498B4200F0D2803649C6
:1039E0008B4200F0CE8035498B4200F0CA803449CA
:1039F0008B4200F0C68033498B4200F0C2803249CE
:103A00008B4200F0BE8031498B4200F0BA803049D1
:103A10008B4200F0B6802F498B4200F0B2802E49D5
:103A20008B4200F0AE802D498B4200F0AA802C49D9
:103A30008B4200F0A6802B498B4200F0A2802A49DD
:103A40008B4240F0D7809CE0B50886001FD3010070
:103A5000D2088600DC0586002E0586004B05860010
:103A6000680586008505860033068600F905860010
:103A70006D0686008A068600A2058600BF058600C0
:103A80002C078600F4048600CCD101007E0A860053
:103A90009B0A8600B80A8600F20A8600BD0B8600E3
:103AA000980E860088CB010018D00100DFCB010002
:103AB000F1CD010091CE010074CE0100630F8600AC
:103AC00014108600B50E860095CC0100B2CC010022
:103AD00060CD01007DCD010026CD010043CD010068
:103AE0009ACD0100B7CD0100880C8600F40986004C
:103AF00018098600840D8600980D8600381186000E
:103B00006809860030CC01001CCC010064CC0100A7
:103B100024CE0100A8D0010038CE01004CCE010017
:103B2000E8D30100F81802008CD30100032D0DD05A
:103B30002A1F042A0CD9092D00F01684A5F10C02C5
:103B4000012A94BF2C22402200201DE03C2000E0EE
:103B50004020974A934240F00884032D0DD02A1F3D
:103B6000042A0CD9092D00F00284A5F10C02012AC7
:103B700094BF2C224022002011E03620F5E34020A3
:103B800002468C498B4202D08B498B4207D1EA1EF8
:103B9000082A02D90020402201E04020024687493D
:103BA0008B421ED1A5F124010C290FD9A5F13401B6
:103BB00008290ED9A5F1640102290DD9A5F16801E2
:103BC00020290CD98C2D08BF32220AE0302038225F
:103BD00007E04420024604E03E20342201E04A206F
:103BE00044222146002601360A7581F8440001313D
:103BF000082EF8D121464FF00008002608F10108F0
:103C000081F8246081F854600131B8F1080FF4D1D3
:103C10002146013681F82C2081F85C000131082E04
:103C2000F7D1BB4284F8640007D065498B4217D0B6
:103C300064498B4240F0AA8025E0012D50D0022D2E
:103C400049D0032D55D0291F04293CD9092D3ED038
:103C50000A2D40D000210B2D0E460F4673D142E0B5
:103C6000012D3DD0022D4ED0032D3ED0291F042919
:103C70003FD9092D42D00A2D45D000210B2D0E46EB
:103C80000F4660D144E0012D44D0022D55D0E91EED
:103C900005290ED8032D42D0042D44D0082D0CBF89
:103CA00038213A210CBF362638260CBF322734275C
:103CB0003CE0092D3CD00A2D3FD000210B2D0E46B3
:103CC0000F4640D13EE03E213C26382714E0362105
:103CD0003426302710E000210E460F46402232E005
:103CE00000210E460F4638222DE038213626322795
:103CF00002E03A21382634274C2224E036213426AB
:103D000030274A221FE000210E460F463E221AE0CD
:103D1000362218E000210E460F462C2213E02E21F9
:103D20002C26282702E038213626322744220AE0B2
:103D300030212E262A27422205E000210E460F467A
:103D40003C2200E02A22A1464FF00008B8F1040FFF
:103D50008CBFB246BA4608F10108B8F1080F89F8DD
:103D60001C2089F84CA009F10109EFD19246A04628
:103D70000027032F8CBF8946B1460137082F88F8EA
:103D80002CA088F85C9008F10108F2D10E498B4212
:103D900006D00E498B421DD00D498B427AD125E0C9
:103DA000032D32D0092D30D0291F042931D928E024
:103DB000EF0E8600630F860014108600DC05860077
:103DC0009B0A8600F20A8600D50A8600A00B8600B0
:103DD000DA0B8600032D1ED0042D24D0691F022982
:103DE0001DD9082D1FD0092D0BD120E0032D22D085
:103DF000042D23D0691F022924D9082D26D0092D8E
:103E000027D000210E460F4626E02E212C262827FB
:103E100022E036211BE04821462642271CE05221A1
:103E200050264C2718E04C214A26462714E044210E
:103E300042263E2710E0322130260CE03421322683
:103E4000302709E03A213626322705E0382134268A
:103E5000F6E7362132262E27A1464FF00008B8F1AA
:103E6000040F8CBFB246BA4608F10108B8F1080F3A
:103E700089F84CA009F10109F1D1A0460027032FD0
:103E80008CBF8946B1460137082F88F85C9008F14D
:103E90000108F4D191498B422ED1032D0DD0291F59
:103EA000042905D9092D08D000210E46884608E0CE
:103EB0003E213C264FF0380803E03A2138264FF0E7
:103EC0003408A1460027042F8CBFB246C2460137F2
:103ED000082F89F84CA009F10109F4D1A046002768
:103EE000032F8CBF8946B1460137082F88F85C90B4
:103EF00008F10108F4D12DE079498B4227D1A5F1D1
:103F000024020C2A0ED9A5F134020C2A0DD9A5F1F0
:103F10006402282A0CD9A5F19502102A0BD9002099
:103F200002460AE03420382207E034203A2204E036
:103F300040203C2201E0482046222146002601364E
:103F40000A7581F844000131082EF8D105E0654971
:103F50008B4252D064498B4275D064498B4272D0F7
:103F600063498B426FD063498B426CD062498B426C
:103F700069D062498B4266D061498B4263D0614906
:103F80008B4260D060498B425DD060498B425AD0F1
:103F90005F498B4257D05F498B4254D05E498B4278
:103FA00051D05E498B424ED05D498B424BD05D492A
:103FB0008B4248D05C498B4245D05C498B4242D011
:103FC0005B498B423FD05B498B423CD05A498B4284
:103FD00039D05A498B4236D059498B4233D059494E
:103FE0008B4230D058498B422DD058498B422AD031
:103FF00057498B4240F0B8801DE0A5F12402082A01
:1040000059D9A5F12E02022A63D9A5F13402082A52
:1040100054D9A5F13E02022A53D9A5F16402082A17
:1040200052D9A5F16E021E2A50D9A5F19502102A87
:104030004FD9002040E0A5F124010C2998BF34207D
:1040400098BF382287E03B498B4203D1642D08BFDB
:10405000382280E039498B4203D1242D08BF382211
:1040600079E037498B4203D18C2D08BF3A2272E0A8
:1040700035498B4205D1642D2ED08C2D08BF4822A6
:1040800069E022498B4205D1A5F19501102998BF1D
:104090003C2260E01F498B425DD1A5F124010C292F
:1040A00058D9A5F134010C2954D9A5F16401282966
:1040B00098BF3C224FE0382002464CE04020382296
:1040C00049E03820342246E0382003E04020322204
:1040D00041E0402044223EE048223CE04E0C860075
:1040E00011058600F905860000D201001DD20100ED
:1040F0006DD30100E5D20100FBCF010087CF0100A5
:1041000009CD010088D0010044CC01006ACF010034
:10411000A5CB010050D30100DECF01003AD201004F
:10412000C1CF010054CB010030CF01001FD30100EB
:10413000C2CB0100B4D30100CFCC0100ECCC010014
:1041400002D301004DCF0100AECE0100CBCE010065
:10415000160686003C222146002601360A7581F8A3
:1041600044000131082EF8D1834A93420BD0834A90
:10417000934208D0824A934205D0824A934202D0A9
:10418000814A934271D1A5F12402082A0AD87E4AB5
:10419000934203D034225B4501D150E03A224FF0E4
:1041A000380B58E0A5F12E02022A09D85B4514BF4E
:1041B0004222402214BF4FF0380B4FF0340B4AE03C
:1041C000A5F13402082A3CD9A5F13E02022A06D8FC
:1041D0005B4514BF34222C224FF03A0B3BE0A5F193
:1041E0006402082A07D83E225B4514BF4FF0440BF7
:1041F0004FF03A0B2FE0A5F16E021E2A1AD8A5F156
:104200008602022A08D8604A934200F0A5805B45E6
:104210000CBF3C224822A0E08C2D14D15A4A934274
:104220004FF0480211D05B450CBF4FF03C0B4FF0F4
:10423000440B10E0A5F19502102A09D900229346FB
:1042400009E0442205E0482287E04FF03C0B02E001
:104250004A224FF0460B21460020013081F814B06D
:1042600081F8442001310828F7D1484A934205D00B
:10427000474A934202D0224600231EE0A5F12403C0
:104280000C2B0DD9A5F134030C2B0BD9A5F164032C
:10429000282B07D9953D102D94BF4025002502E01D
:1042A000382500E040252346002201321D7583F8A1
:1042B00044500133082AF8D1DDE7E11891F83C00B9
:1042C00018B992F84C0081F83C003BB994F83D30A5
:1042D0001BB992F84C3084F83D3001230133013290
:1042E000072BEAD92346002293F8441019B993F812
:1042F0004C1083F8441001320133082AF4D12246CD
:104300000023E11891F8340018B992F8440081F8BC
:1043100034003BB994F835301BB992F8443084F836
:104320003530012301330132072BEAD900239CF8F1
:1043300024201AB99CF81C208CF824209CF85420C6
:104340001AB99CF84C208CF854200133082B0CF13E
:10435000010CECD1BDE8F88F44224FF0440B7AE712
:104360003C214022FFF7AFBA3820402209E4342034
:10437000402209E4BDE8F88F4B05860068058600F9
:104380008505860033068600A2058600A7068600FE
:104390005006860000230B614B810B720B7308469D
:1043A00006221946F5F336B4F8B59DF8187005469F
:1043B0000C46002F2BD1CE684EB3316939B3327A17
:1043C0000B2A36D1F2799A42D4F870210AD1002A08
:1043D0002FD0216992793AF09BDBC4F87071C4F850
:1043E000747126E002B3D17999421FD10368996AAA
:1043F000D4F87431994207D9216992793AF088DB6F
:10440000C4F87071C4F87471D4F8706111E0D5F813
:104410006C128A4202D0917901B95B08032B07D84C
:1044200002EB83035E6F04E0164602E03E4600E0C6
:1044300000263046F8BD2DE9F0414C691669236825
:10444000958A002B184601DAE81830D46268831880
:10445000AB422CD88B6802F10807E71930186BB90A
:1044600009E0E51895F808C0C55CFE5C0CEA050596
:10447000AE421CD101339342F3DB11E0012B16D184
:10448000AD1A76190FE0E51895F80880C55C17F8A5
:1044900003C008EA0505AC4504D101339342F2DBC1
:1044A000012005E00130B04201D80023F6E70020EA
:1044B0000B7B0BB180F00100BDE8F081036870B5A3
:1044C00004465868A36A0D46164623B99021FAF3AC
:1044D000E9F1A06280B1A06A01230360AB8A802267
:1044E0002969C26083604660934238BF1A46103023
:1044F000BDE87040F5F32AB370BD000068468369DB
:10450000416920300BB5203803695A4651460EB434
:104510004A46414606B4C36882684168FEB40368EF
:10452000C269EFF303810EB48269EFF3058106B42B
:10453000034801680029FED06846884714B000BDD2
:1045400010CA00000A49084202D062B6C9430840B6
:104550000849084202D061B6C943084006490840EC
:10456000002803D005490A6802430A60704700002A
:104570000000008000000040FFFF000000E100E0BC
:104580000A49084202D072B6C943084008490842A5
:1045900002D071B6C943084006490840002804D03B
:1045A00005490A68C04302400A6070470000008065
:1045B00000000040FFFF000080E100E002490968C0
:1045C00090228858704700001CCA00000249096800
:1045D0009C228850704700001CCA0000DDBAADBBA9
:1045E00000000000000000000000000000000000CB
:1045F00000000000000000000000000000000000BB
:10460000024A11681060081C7047000010CA0000C0
:10461000024A11681060081C7047000014CA0000AC
:1046200003490860034801680029FED08847FEE777
:1046300008CA000014CA00006348644900220A50F6
:104640000168634A0A40634F0F403F4232D1002362
:1046500098469A46604A0A401821CA405F49435822
:104660005F4C1C405F4DAC4204D180465E4D451905
:10467000A9460EE05D4DAC420BD182465A4D45191C
:10468000AB460F241D1C2340594C25402D0A2B43BB
:104690009C460023984501D09A4504D1554BC0183B
:1046A000013ADCD105E05046004202D040460042CB
:1046B00029D1FEE7FC2141580A680F2313400F2B34
:1046C000F1D0012B01D00431F6E708314A4B1340F9
:1046D0004A4CA34206D100F0BBF8804600F0C4F873
:1046E0008146E9E7464CA342E6D10B1F1B68454CC7
:1046F00023401824E3409C4600F0AAF8824600F0CC
:10470000B3F88346D8E74049212242502E4A3F4918
:104710008958FF23194219D051683D4B194215D0D1
:1047200011683C4B1940D36A10E0A3420ED0C0463A
:104730000CE039498958194208D03849895819403C
:104740009942FAD12B4B11691942FCD049463F429C
:1047500004D19823CB581024E34001E0304BCB58D0
:104760001C242340002B01D000F08CF840462D493A
:10477000086048462C49086050462C49086060464D
:104780002B4908602B490F602B4D2C490D60043DCF
:10479000AD46009DEC431023DD41AC4201D081B019
:1047A00009E0240CA400264D2C606B461B1B254DF4
:1047B0002B60043B9D4624482449002204C08142CA
:1047C000FCD80FF05DFBFEE70000001814060000A7
:1047D000F8FF0000000000F00000000FFC0F0000D8
:1047E000F08F0000A0820000000F0000E0800000B9
:1047F000007000000010000000FF0F00002A0800F9
:10480000000E0800000000FFE001000004060000A8
:1048100000003800FFFF0000180600000C06000032
:10482000080400001CCA000020CA000024CA0000BE
:1048300028CA000018CA000000C003009C0B020038
:10484000A40B0200A00B0200901402000619020043
:1048500008680F2204310240052AF9D1014A1040AC
:10486000F746000000F0FFFF08680F220431024005
:10487000052AF9D180221042F6D0014A1040F746AD
:1048800000F0FFFFFEE7000010B5002128220446DB
:10489000F5F3C0F10A4B23600A4B63600A4BA36037
:1048A0000A4BE3600A4B23610A4B63610A4BA36125
:1048B0000A4BE3610A4B23620A4B636210BD00BFDF
:1048C000000000006B0A02006C0A02009014020053
:1048D000901402000619020008190200B0BB020081
:1048E000B0BB0200E04203002DE9F04196B00AA8F7
:1048F000FFF7CAFF0A9B0B9F0D9CFF1A0C9B0F9A98
:10490000E41A5F4D0E9B3E19C3EB02082B685D480D
:10491000F61803F0CFF804F57E7307339B0A46447C
:104920008DE8080108F57E7808F1070807F57E7222
:104930004FEA98230732029305233946920A0393DC
:104940005148234603F0B6F8504C514B276819687C
:104950002868CB1B03F57E750735AD0A8DE8A000EE
:1049600007F57E750735039000F57E7001F57E72C0
:10497000AD0A0730800A07320295464D920A04902C
:10498000454803F097F8236829684448C91806F594
:10499000BE5301F57E723F339B0A0732920A0093A1
:1049A00006F5A05303F086F83D4B3E48196803F026
:1049B00081F83D4B264619683C4B0A682F469A42BF
:1049C00003D03B4803F076F824E014910B4604E052
:1049D00014683648131D844203D11A4615AB9A4217
:1049E000F6D3344814AB0068C1EB030CC51A841A23
:1049F000C1EB020E8DE801102F481492CDF808C0CB
:104A0000CDF80CE0CDF810E00595069507940894D4
:104A100003F050F8294C206870B3B0F80680F5F325
:104A200089F6236808F1FF385C89024608FB04F523
:104A3000443408FB04F405F57E7307339B128DE8BC
:104A4000180004F57E7307339B12029341462B46F0
:104A50001B4803F02FF833683A68591B9B181B1B3F
:104A600003F57E7001F57E720730800A07320090F0
:104A7000920A144803F01EF816B0BDE8F08100BF9A
:104A8000CC260000E11F8600F01F8600882600006B
:104A9000C8260000A42600002E2086007220860072
:104AA00090260000AC208600E41402004B415453D1
:104AB000C6208600E8140200E9208600BC2600001B
:104AC000662186009221860008B57146044802F0EE
:104AD000F1FF40F63900BDE80840FFF7A1BD00BF77
:104AE0008E1F86002DE9F04703688EB0022B044626
:104AF00018D1564A002112685161554A1068C10404
:104B000024D5544920F480500B60D169524B40F4B5
:104B1000005019609C6804249C6010604F4802F0AB
:104B2000C9FF90E00C2B11D1494D2A6891040DD595
:104B300022F4005242F4006268602A604848E16C46
:104B400002F0B8FF2B681A057DD57BE0103B0F2BD8
:104B500002D8F9F329F276E03D4E4248F16902F0BD
:104B6000A9FFA36C22460093636C3F480193A3689E
:104B700000270293E368B94603932168E36C02F0CF
:104B800099FF3A4B656C1B6804F11001C5EB030AF1
:104B9000E36937480093236A4FEA9A0A0193636AEC
:104BA000B8460293A36A03930EC902F083FFA36B76
:104BB00004F12C010093E36B2E480193236C0293C4
:104BC0000EC902F077FFEB682B48009395E80E00C2
:104BD00002F070FFEB6905F1100100930EC9274840
:104BE00002F068FF04A8FFF74FFE254802F062FFBD
:104BF0001CE07A59D30713D5FF2A11D9059B93429C
:104C000008D2204B1B0D1B059A4209D303F58013D4
:104C10009A4205D81C48394602F04CFF09F10109B7
:104C20000437B9F10F0F08F1010801D8D045E0D1E0
:104C3000336840F2033043F4806386E81800FFF7DE
:104C4000EFFC00E0FEE70EB0BDE8F0876015020063
:104C5000EC140200241000E0201000E0ECD401006D
:104C6000F0D40100FCD4010009D501009C0B020026
:104C70003DD5010070D501009FD50100BDD50100D3
:104C8000FC1C86009D668000DAD5010070B51A4CC8
:104C90008AB06846FFF7F8FD2178C9B90698079DE4
:104CA0002D1A06D02A46F4F3B5F706982946F9F3EB
:104CB000A1F0124B00221A7001232370104B1968C7
:104CC000C1B10B78B3B10F4B1868F5F397F511E04C
:104CD0000D4E317871B90898099D2D1A06D02A46D3
:104CE000F4F398F708982946F9F384F00023237029
:104CF000012333700AB070BD281502002A15020086
:104D0000BC26000010150200291502000C4B1B6880
:104D1000D3F81406D3F8142690420A4A18BFD3F8E1
:104D20001406094B11681B68401A984205D3B0FB62
:104D3000F3F003FB0013136070470020704700BFBF
:104D40009C260000E4260000C825000070B504463B
:104D5000FDF3BAF72046FDF3F7F605462046FDF3CE
:104D600077F60022064640F62A012046FEF330F090
:104D70000122AA4083691A4201D1013500E00025D1
:104D800020463146FEF336F0284670BD2DE9F0414D
:104D900004460E46FDF398F72046FDF359F600222F
:104DA000054640F62A012046FEF312F082690746C6
:104DB000436946B14FF4004042F0004843F00046DA
:104DC000FFF7C0FB07E04FF4004022F0004823F05B
:104DD0000046FFF7D5FB20462946C7F818807E61BC
:104DE000BDE8F041FEF306B0FFF7B0BF10B50446D2
:104DF000FDF36AF701462046BDE8104000F048B9CF
:104E00002DE9F0410E465021044615469846F9F327
:104E100049F5074610B300215022F4F3FBF640F2A7
:104E20003C737B634FF47A73FB631C233B640C235A
:104E30007B6404230020C7F80C803E607D60BC606A
:104E4000BB640849F5F382F3C0B287F84C0001381F
:104E5000C0B2012802D9022387F84C303846BDE899
:104E6000F08100BF3E29860000487047DCE7010062
:104E70000048704760E801000048704700A60E0037
:104E800038B5D2F80056044605F07C05AD08FFF7AA
:104E9000EBFF03E08378AB4207D00C3010B10388FE
:104EA000002BF7D12046FFF7E3FF03884FF47A7019
:104EB000584338BD10B51446FFF7DEFF0123C4F890
:104EC0006036D4F86436DBB2B0FBF3F34FF47A709B
:104ED000584310BD2DE9FF47144600220292039269
:104EE000026AC4F820360C2A06468946D4F82826D9
:104EF00006DD4FEA12484FEA88584FEA985803E017
:104F00004FEA12285FFA88F8012515FA03F3002703
:104F10003046494622460097F8F3CAF40546012276
:104F200012FA07F32B4207D0009230464946224638
:104F3000F8F3BEF425EA000501371F2FEFD1304604
:104F400002A903AAF8F3DEF4029B002725EA030A6C
:104F50003D460123AB4013EA0A0F08D030464946CC
:104F60002246EBB2FFF7B6FF874238BF074601354E
:104F70001F2DEED108F10200C01904B0BDE8F08782
:104F800073B5054614461E4600914FF4CB620021CE
:104F90004FF0FF33FDF364F52846002140F25C62D8
:104FA00023460096FDF35CF57CBD002238B50C4627
:104FB000134604210546FFF7E3FF012C20F0F073B0
:104FC00008BF43F0F073284604214FF0FF32FFF78B
:104FD000D7FF012C05D149F64040BDE83840F9F330
:104FE000A5B138BD2DE9F04104468846FDF330F502
:104FF000002106462046FDF3FDF60746204600F058
:1050000012F9414605463A4618232046FFF762FF4B
:105010000B2302305843074B3146EB18B3FBF5F531
:1050200045432046FDF3E6F60A23B5FBF3F5A8B2A7
:10503000BDE8F0813F420F0070B504460E46FDF317
:1050400007F5002105462046FDF3D4F63146024619
:105050002046FFF715FF294606462046FDF3CAF60F
:10506000304670BD70B504460E46FDF3F1F40021E4
:1050700005462046FDF3BEF6314602462046FFF7C0
:1050800019FF294606462046FDF3B4F6304670BDAA
:10509000FFF7E8BF2DE9F041164C054627682FBB06
:1050A000FDF3D6F4394606462846FDF3A3F6D0F8BC
:1050B0001486D0F814360746984518BFD0F81486E1
:1050C00042F21070F9F332F1D7F81436D7F81426FB
:1050D0002846934218BFD7F814363146C8EB030868
:1050E000642303FB08F32360FDF384F62068BDE826
:1050F000F08100BF70150200F8B51F460446154642
:10510000FDF3A6F4002106462046FDF373F60223C4
:10511000C0F8583657B1D0F85C3605F03F0223F49A
:10512000FC4343EA4223C0F85C3604E0D0F85C5606
:105130006D0A05F03F0520463146FDF35BF6284633
:10514000F8BD0121FFF731BF0021FFF72EBF08B1E5
:10515000F8F3ACB670470000F8B5084C0546276870
:1051600008E028463E68FDF3AFF539467A68F9F362
:10517000A9F33746002FF4D12760F8BD6C27000053
:10518000002343667047F7B5002201211346054608
:10519000F8F340F4002407462146282223462846F7
:1051A0000094FDF35DF4012106463B4628464FF08E
:1051B000FF32F8F32FF42846214628224FF0FF3320
:1051C0000096FDF34DF4FEBD70B5456E044665B125
:1051D000D0F8C830343350F82320C36D9A4203D13D
:1051E000006EA847054600E000252046616DFFF7E8
:1051F00039FFA36E064653B1D4F8C820343254F8B0
:105200002210E26D914202D1206E29469847304625
:1052100070BD10B50446FDF357F501462046BDE8C4
:105220001040FFF709BF10B50446FDF34DF50146E8
:105230002046BDE81040FFF72DBF704770B5456EA2
:10524000044665B1D0F8C830343350F82320C36D1C
:105250009A4203D1006EA847054600E0002520468B
:10526000616DFFF7BFFEA36E064653B1D4F8C820A8
:10527000343254F82210E26D914202D1206E294658
:105280009847304670BD70B50446FDF399F5002887
:105290003DD0A368B3F5026F09D040F604029342F3
:1052A00007D1E5680C2D94BF0025012502E00125FA
:1052B00000E00025EDB24DB920464FF400612A46CA
:1052C000D4F8C860FDF384F538B970BDD4F8840013
:1052D000E8B110F540501AD00026D0F8303123F054
:1052E0000403C0F8303143F00103C0F830311B092A
:1052F00003F00703032B03D020460021FDF3FAF54A
:105300002DB920463146BDE87040FDF373B570BD40
:1053100043692DE9F743222B05460E4640F3A8804A
:10532000FDF34EF5002800F0A180072E00F2A080CA
:10533000AB68B3F5026F0BD040F6040293420AD17A
:10534000EB680C2B94BF4FF000084FF0010804E00D
:105350004FF0010801E04FF000085FFA88F8B8F15B
:10536000000F0AD128464FF400614246D5F8C89094
:10537000FDF32EF5044648B97BE0D5F88440002CB7
:1053800077D014F5405474D04FF00009032E03D0A9
:1053900028460121FDF3AEF5D4F8303123F00403A3
:1053A000C4F8303101239E42C4F8303104D9042EB0
:1053B0000CBF0D23092300E00D23C4F83031D4F8CD
:1053C0003031012E23F00103C4F8303101D9042E0D
:1053D00036D1FF2700214FF4E2723B462846009762
:1053E000FDF33EF32223009300214FF4EE723B467F
:1053F0002846FDF335F32823009300214FF4E6728D
:105400003B462846FDF32CF38123009300214FF403
:10541000E8723B462846FDF323F301230093002165
:105420004FF4A4724FF0FF332846FDF319F32846DA
:1054300000214FF4A6724FF6FF730097FDF310F3AF
:10544000D4F8303123F0700343EA0616C4F8306113
:10545000D4F8303123F00803C4F83031B8F1000F2C
:1054600007D128464946FDF3C5F402E0044600E0B2
:1054700000242046BDE8FE8300207047FFF764BE8D
:10548000FFF75FBE2DE9F04104460D461646FDF3D9
:10549000E3F3074618B920460121FDF31BF420462B
:1054A00014F01CF8804690B1CEB100232B8000266A
:1054B00006F182014046F4F327F2C3B2B3402A88D2
:1054C00001361343052E2B80F2D1002501E06FF049
:1054D0001D0537B920463946FDF3FCF301E06FF0B6
:1054E00019052846BDE8F08107B5002302A921F877
:1054F000023D0122FFF7C6FFBDF806000EBDD0F841
:105500006C32994205D18879D0F1010038BF002072
:1055100070470020704703682DE9F0411F6804467A
:10552000BE680D4690463046216901F081DEB8F133
:10553000000F0AD03B681B7E3BB1216930462A46EA
:105540000123BDE8F04101F02B9EBDE8F0812DE97B
:10555000F3411F460368044601910092089DD3F869
:10556000008009B10D293EDD616820460022FFF769
:10557000D2FFE1680026666031B1236822891B688A
:105580005868F9F39FF1E660009B13B1B3F5967F7D
:1055900026DB40462946FFF7B2FF20B3019951B1FF
:1055A00023681B685868F9F37DF1E060F0B1394673
:1055B000019AF4F3CBF201A90422656104F1080019
:1055C000F4F3C4F2201D69460422F4F3BFF20098FC
:1055D00070B1204661680122FFF79DFF002007E0BF
:1055E0006FF01C0004E06FF0010001E06FF01A00A2
:1055F000BDE8FC812DE9F04786B00368109CDDF81A
:1056000044A0164602F001020092054622461868A0
:105610005346139F15F042DC8046002840F09D80E1
:10562000022E4CD0032E1AD0012E40F08B80214642
:10563000042204A8F4F38AF20222211D05A8F4F33F
:1056400085F255F8100B3946BDF81480049E31F0F0
:10565000BBDC4146009032462846A31D2BE00222C7
:1056600021460DF11600F4F371F2211D042204A865
:10567000F4F36CF2022205A804F10801F4F366F2D7
:10568000BDF81630012B60D1A37A6A6893425FDAC5
:1056900039464FF01809286809FB0359BDF81480F2
:1056A000049E31F091DC09F1100900904146484612
:1056B000324604F10B03FFF74AFF80464DE00E9B94
:1056C0006A681B689342039342DA002B40DB012394
:1056D00006A9ADF816300B2321F8043DA01C324674
:1056E000F4F334F20DF118090DF11601324620469B
:1056F000F4F32CF259F80C1D1827013107FB015166
:10570000324604F10800F4F321F20122494604F183
:105710000A00F4F31BF20399042207FB0151201D38
:105720001431F4F313F2039B01335F43EA5BEB198B
:1057300002F10B018A450ED304F10B005968F4F312
:1057400005F20AE06FF0160807E06FF0240804E0A5
:105750006FF0010801E06FF00D08404606B0BDE8AB
:10576000F087F7B5036807461D6895F87022002A90
:105770002DD0028946693AB9284606F1BC01134684
:1057800000921AF057DA22E0998968685118F9F303
:10579000E1F03B68044618B99A6801329A6016E055
:1057A0009B89A28A0069F968C018D31AA3823A8932
:1057B0002061F4F3CBF1E38DB26843F04003284657
:1057C0002146E38503B0BDE8F0401AF0D59A03B056
:1057D000F0BD38B5054600240BE0182000FB04504E
:1057E0001030416821B1036913B10122FFF793FE24
:1057F00001346B689C42F0DB002038BDF8B5002412
:1058000007460646254608E03B68316A986801F07D
:105810000FDD00B90135013418367B689C42F3DB9B
:105820002846F8BD10B58A6B002309E0C81890F827
:105830003C00064C00F07F002056002804DB0133BA
:105840009342F3D1002010BD012010BD401B860003
:1058500002292DE9F84F05460C4616469B4614BF13
:105860004FF0FF394FF0000914BF002701274FF018
:10587000000828E0022C14BF4FF0FF3300239945A5
:1058800011D0022CC9EB070208D1042E08D0062E35
:1058900006D0082E14BF0423002302E0042300E0F6
:1058A00000239A420EDD47F42C5A1FFA8AFAD5F8E3
:1058B0005C01514638F05CDB20B12BF818A0B946EA
:1058C00008F101080137022C0CBF0E2300239F4270
:1058D00002DCB8F11F0FCDD90A9BC3F80080BDE8E8
:1058E000F88F2DE9F74F1D460C9B0192D0F80080F0
:1058F000467B0C4600930027EFE00722002120465C
:10590000F4F388F1009B022E33F8022B5FFA82F940
:10591000009384F8009008D1042D08D0062D06D0FD
:10592000082D14BF0223002302E0022300E000231D
:10593000A6F1020ADAF10002C3EB090342EB0A0204
:10594000934210DB022E08D1042D08D0062D06D07C
:10595000082D14BF0223002302E0022300E00023ED
:10596000C3EB090911E0A6F1020CDCF1000949EBD7
:105970000C0907E0D8F85C01494638F0B7DA20B9DD
:1059800009F1010923789945F4D9022E94F800A071
:1059900008D1042D08D0062D06D0082D14BF0223EF
:1059A000002302E0022300E000235344022E0CBF38
:1059B0000E22002293420FDC022E08D1042D08D0C3
:1059C000062D06D0082D14BF0223002302E0022377
:1059D00000E000239A4411E0022E0CBF4FF00E0AA3
:1059E0004FF0000A07E0D8F85C01514638F07EDA43
:1059F00020B90AF1FF3A23789A45F4D24FF0000B10
:105A000064E00BF1020253F82210B1F806C0488E90
:105A10001CF0200CC3B20DD000F44072B2F5807FB0
:105A200002D19A1C023B06E0B2F5007F02D19A1E19
:105A3000023300E01A464B4501D3534503D94A458A
:105A400042D3524540D8BCF1000F16D04B4514D379
:105A5000534512D800F44070B0F5807F05D120790D
:105A6000FF280AD00130207107E0B0F5007F04D193
:105A70006079FF2801D001306071C88880060BD59D
:105A80004A4509D3524507D89A4205D0A379FF2B3E
:105A90001AD00133A37117E023780E2B0FD840469C
:105AA000FFF7C0FE28B1E378FF2B0DD00133E37080
:105AB0000AE0A378FF2B07D00133A37004E06378DA
:105AC000FF2B01D0013363700BF1010BD8F81835AF
:105AD0001A68934595D3013707340D9B9F4204DA2A
:105AE000019A13689F42FFF608AF019B1F60BDE853
:105AF000FE8F00002DE9F043D0F80080CDB0D8F83B
:105B000030100646457B09894A93002400E00421B1
:105B100000274A9B384608E0073702EB070C1CF8C1
:105B200007CCBCF1050F03D801309842F4DB00E04C
:105B30000446082900F2858001A050F821F000BF3A
:105B40009BDF00006FE0000091DF00006FE00000CD
:105B500035E000006FE000006FE000006FE0000043
:105B60003BDF000000254FF6FF70294614E04FF69A
:105B7000FF7000210D4633E00E1996FBF3F703FB8F
:105B8000176602EBC607BE1BB77827B9F7788742BE
:105B90003CBF3578384601319942EDDB002DE8D025
:105BA00045F430600E2D8CBF4FF480554FF40055F6
:105BB000284347E02E1996FBF3F703FB1767FE0017
:105BC000F71BD61996F8019096F8028096F803C054
:105BD00009EB080666448642BCBFB0B2D15D013510
:105BE0009D42E7DB31B994FBF3F103FB1144E30081
:105BF0001C1B115D0E298CBF4FF480504FF40050D8
:105C0000014341F430601DE0022D1AD13AAF4BAB95
:105C10004FF020090093404629462A463B46CDF8DE
:105C20002C91FFF715FE4B9B02A901934AAA30461F
:105C30002B46CDF828910097FFF753FE02AA29467C
:105C400066E700204DB0BDE8F08300BF2DE9F047C6
:105C500003F4407804461D46D8B2A8F50073D3F18A
:105C6000000848EB0308A0F1020C861CB8F1000FF5
:105C700001D0334601E06346B446002737E00E7892
:105C8000A0F105094E4530DB00F105094E452CDC3D
:105C900091F80290B9F1000F13D191F803A0BAF175
:105CA000000F0ED191F804A0BAF1000F09D191F8BC
:105CB00005A0BAF1000F04D191F806A0BAF1000FC7
:105CC00013D09E4206D18E793EBBB8F1000F0AD0A8
:105CD0000E7909E0664520D1B9F1000F1DD1CE78CB
:105CE000DEB90E79CEB94E79BEB901370731974288
:105CF000C5DBD4F8FC341B7863B107E020460021F3
:105D000026F064DC204626F057DC03E02046012123
:105D100026F05CDC2846BDE8F08743F43065ADB280
:105D20000E2BCCBF4FF480534FF400531D43D4F8D7
:105D3000FC341B78002BEDD0E0E770B50546BCB015
:105D400004680E4609B108292CD12023D4F818275D
:105D50003B93236B28461B890092D4F8202703A984
:105D600001923BAAFFF7BDFD6B7B022B12D1D4F849
:105D7000FC341B7873B1D4F83437B3F8A43303F48C
:105D80004062B2F5406F05D1204603A93B9AFFF768
:105D90005DFF05E02846002103AA3B9BFFF7AAFE12
:105DA000A4F816076B6813B1A86831469847D4F871
:105DB0001817D4F81C276068F8F384F50023C4F89A
:105DC0001837606829461022F8F37CF53CB070BDA6
:105DD0002DE9F0470D464FF0000840219AB00446E7
:105DE000C0F82087C0F81C1740681F46229EF8F3B1
:105DF00059F50346C4F8180700287DD02A6862B90F
:105E00002022C4F82027226B04F5E4611289204681
:105E100000913146FFF71CFD25E0202A6FD8A946E6
:105E20001EE059F8043FD4F85C011FFA83FA51468A
:105E300038F09ED8002862D0B8F1000F05D019F8CC
:105E4000043C5FFA8AF29A4259D9D4F82037D4F840
:105E5000182708F1010822F813A00133C4F82037ED
:105E60002B689845DDD3D4F82037002B47D06068E5
:105E70001021F8F317F50546002843D0259B4FF075
:105E8000000883609DF88C30467311AE8373242222
:105E9000C0F80480046080F80C8041463046F3F37B
:105EA000B9F64FF0FF330293039304930593D4F8AC
:105EB0001837C8EB07020693D4F8203757420793E8
:105EC000194B47EB02070A9303230C932046022148
:105ED000164A012300960197CDF82080CDF8248042
:105EE0000B95CDF83480CDF8388018F0EFDD0646FC
:105EF000A8B9249B6B6012E06FF0150604E06FF008
:105F0000010601E06FF01A06D4F8181739B160687D
:105F1000D4F81C27F8F3D6F40023C4F81837304619
:105F20001AB0BDE8F08700BF67E100002C9E850035
:105F300010B590F8143788B00446002B3ED0D0F846
:105F400068319B79002B64D180F8143703681B7E7D
:105F5000002B5ED0B0F81637002B5AD0036B1869AF
:105F600003F08CFEB4F81617884252D020461AF07F
:105F700001DD204601F048FD2046B4F816171AF05E
:105F80003FDB236893F82F306BB1D4F86C32204696
:105F9000D3F8D412383115F0EBD90146C4F8AC0669
:105FA00020460EF083DA20461CF09ADD20460021C0
:105FB0001CF0A0DF204613F00DDE2AE003681B7EF4
:105FC0003BB3D0F868319B791BBBD0F8000507A91B
:105FD00046F06ADE02E01B7E99071AD407A846F055
:105FE0006BDE03460028F6D103E0012384F8143762
:105FF0000FE0226B08A9126841F80C0D00920322F1
:1060000001920290039001222046FFF7E1FE002852
:10601000EBD008B010BD0020704700207047002072
:106020007047012380F87A30704770B590E8180007
:106030000D4658680C21F8F335F4064630B10021BE
:106040000C22F3F3E7F52E51002070BD6FF01A001B
:1060500070BD0000F8B5836806465C6803680F5998
:106060000D4658684FF48471F8F31CF478600028EA
:106070002DD02B59002158684FF48472F3F3CAF5E0
:106080003368C42158682F59F8F30CF4B860F0B1A4
:106090002B5900219868C422F3F3BCF52B592849E9
:1060A0009F68336832463B609868002301F0EED861
:1060B000B86660B12B5923499F68336832469868A7
:1060C000002301F0E3D8C7F8C000002833D12B59D2
:1060D0009B680BB3996E39B13368986801F0BAD8F0
:1060E0002B5900229B689A662B599B68D3F8C010E5
:1060F00041B13368986801F0ADD82B5900229B68F4
:10610000C3F8C02032682B5950689968C422F8F34C
:10611000D9F32B5900229A602B59596869B1336819
:106120004FF484725868F8F3CDF32B5900225A606B
:106130006FF01A00F8BD0020F8BD6FF01A00F8BD2E
:10614000E9F3000095ED0000014638B551F8DE5B3B
:1061500004461022284614F0C7D8284604F1EE0160
:106160001022BDE8384014F0BF980000F0B51F4B76
:10617000A5B00468054620AA03F108071868596805
:10618000164603C60833BB423246F7D118681B795E
:1061900030603371204618A9102214F0A5D81CA92C
:1061A0001022204614F0A0D820A8F3F3C3F56A68A3
:1061B0002024C232009206220346019204AE2146F8
:1061C00020AA05F17E0718A802960394F9F3A6F415
:1061D000314622463846F3F3B9F405F19E003946BC
:1061E0002246F3F3B3F425B0F0BD00BFE4E80100AC
:1061F00038B500F17E05044620212846F5F31AF251
:10620000284604F19E012022F3F384F420B92046AD
:10621000BDE83840FFF798BF38BD0000F0B52E4B01
:10622000DFB004460E4659AA03F1100718685968F2
:10623000154603C50833BB422A46F7D118682860C3
:10624000B36DD90746D49A0706D403F00403022B92
:1062500002D0002B3ED001E0202300E0102305AD4A
:10626000A4F87C3006F1C2012846062204F1BE06DD
:10627000F3F36CF404F17E0120223046F3F366F46C
:106280002046FFF7B5FF31462022A81DF3F35EF448
:1062900059A8F3F34FF526220192B4F87C20034667
:1062A0000095039245AD202159AA04F1DE00029524
:1062B000F9F334F42946B4F87C2004F15A00F3F3DE
:1062C00045F404F1FE0000210822F3F3A3F4204674
:1062D000FFF7A7FE5FB0F0BDF1E801007FB54368AE
:1062E00004AC9B6844F8082D00930D460068B72164
:1062F00022460823F8F7CEFC064630B92846214648
:106300000822F3F323F4304601E04FF0FF3004B0ED
:1063100070BD00002DE9F04700F1FE050E469246E3
:10632000B2F80080294690F87B200446FFF7D6FF9C
:1063300020B1284600210822F3F36CF406F112077D
:1063400008F158003818DD23C37194F87C3000F14F
:1063500007090633037203220930154908F10608BC
:10636000F3F3F4F31FFA88F8012389F8053008F1F4
:106370005803FF1894F87A3004F15A0103F003032C
:10638000FB71B4F87C2007F10900F3F3DFF3B4F8F4
:106390007C3006F14F000233984429460822F3F37B
:1063A000D5F3AAF80080B4F87C000830BDE8F08787
:1063B000C3C301002DE9F74F99460368B0F87C404C
:1063C00005468B46586820219246F8F36BF2074643
:1063D000002874D02B684FF480715868F8F362F28B
:1063E0008046002861D02B684FF481715868F8F31B
:1063F00059F20646002870D0BAF1010F03D0BAF165
:10640000020F66D123E005F18E0110223846F3F326
:106410009DF30BF19C01102207F11000F3F396F3AA
:1064200005F15A0122464846F3F390F338462021FD
:106430003246F9F379F6404632464FF48071F9F36B
:10644000A3F6484621463246F9F39EF629E0B5F810
:106450007C300F2B08D82819C4F110025A300021C3
:10646000F3F3D8F310240FE014F007020CD028192E
:106470005A300021C2F10802F3F3CCF34FF6F8735F
:10648000234003F10804A4B210200BF19C01224622
:1064900005F15A03CDF80090F1F33CF4C8B9083483
:1064A000A4B20C9B1C80012418E0044606462B680D
:1064B000394658682022F8F305F216B90AE0044676
:1064C00008E02B68314658684FF48172F8F3FAF10E
:1064D00000E000242046BDE8FE8F04462B684146BC
:1064E00058684FF48072F8F3EDF1E0E72DE9F04FD2
:1064F0009FB005460E460692D0F800A01F46002B1E
:1065000000F0C5818368022A5B68FB58D3F80480D9
:106510009B68079338D0042A00F00081002A40F0DD
:10652000B38107F11A0250466968712348F0ACDC68
:106530000746002800F0AB8104694FF4BE4304F124
:10654000120B238206995F225846F3F363F346F059
:1065500088031A0AE2742375B8F8183008F11C0988
:106560001A0AA375494662755046202213F0BCDE14
:10657000494604F11F002022F3F3E8F20B23C8F888
:106580000030DDF8189087E1B8F80231B3F5007FEC
:1065900002D141F472760AE0802B04D141F49E5678
:1065A00046F0080603E0042B08BF41F4E4766A686D
:1065B000B8F804B0926DADF876B002F00209B9F106
:1065C000000F0CBF4FF004094FF002090BF1710BE3
:1065D000802B1FFA8BFB30D116F480532ED02C8ADF
:1065E00014F001041BD12846FFF7AEFD2846696868
:1065F000FFF714FE95F87A20B5F87C308DE8040298
:10660000012203925046696805F15A0202944AF049
:10661000D5DC2B8A85F87B0043F001032B82BDF883
:106620007630B5F87C2013F0070302D102F1100395
:1066300001E01832D31A9BB200E000239B4407F11B
:106640001A02504669681FFA8BF348F01DDC0746B2
:10665000002800F01C8104695F2304F1120B002163
:106660005F2223825846F3F3D5F2330AE37426758A
:10667000B8F8183008F11C011A0AA375627504F104
:106680001F002022F3F362F2B8F8042004F1710035
:10669000D8F80810F3F35AF2BDF876301A0A42EA35
:1066A0000323A4F86F30B8F80231802B27D1F3040C
:1066B00025D50DF1760228462146FFF72BFEBDF8C1
:1066C000763004F13F001A0A42EA0323A4F86F303F
:1066D000A37B022B04D100211022F3F39BF204E0F0
:1066E00005F18E011022F3F331F25846314608F1DC
:1066F0009C020023F4F3F6F6002800F0CC8094F816
:106700006F2094F8703043EA0223228A9B189BB2D0
:106710001A0A42EA032323820C2376E090F87A30A7
:10672000B0F87C901B0103F0300341EA030646F405
:106730006076B6B20023B00754BF09F1710909F1C0
:1067400079091FFA89F9ADF8763007F11A02504637
:1067500069684B4648F098DB0746002800F09780B0
:1067600004695F2304F1120B0021A9F112022382B4
:106770005846F3F34FF2330AE3742675B5F87C30CC
:1067800005F1BE011A0AA375627504F11F002022EB
:10679000F3F3DCF104F13F0905F18E0C61461022A0
:1067A0004846CDF814C0F3F3D1F1082205F1FE01FB
:1067B00004F14F00F3F3CAF10DF17603009328467C
:1067C00004F17103414606F00302FFF7F3FDA37BDA
:1067D0004846022BDDF814C004D100211022F3F347
:1067E00019F203E061461022F3F3B0F1BDF8763000
:1067F0001A0A42EA0322A4F86F20228A9B189BB24D
:106800001A0A42EA032323820F23C8F800304FF00C
:10681000010941E0204606F0030108F18C0209ABB2
:10682000F4F31EF7002831D00BF14D0009A9102216
:10683000F3F38CF1B8F80231B3F5007F03D17B6A32
:1068400043F080737B62DAF8003093F895304BB1F7
:10685000069B0BB1022B05D17B6A23F4403343F432
:1068600080337B626B6839469A68504619F084DA47
:10687000079BDAF80800D3F8C0104FF47A720023AF
:1068800000F08EDC012702E0002700E007463846D2
:106890001FB0BDE8F08F81460323E373B8F80231DF
:1068A0005846802B14BFFE23022300F8053B08F155
:1068B0005C010822F3F34AF1B9F1000FBAD0A9E75D
:1068C000D0F8483170B55C680646E1420D4640D0CC
:1068D0000B59002B3DD0596859B14AF0A1DC2B5916
:1068E0004FF4847259687068F7F3ECF72B59002263
:1068F0005A602B599B68002B2BD0996E61B1B06800
:1069000000F096DC2B59B0689B68996E00F0A2DC11
:106910002B5900229B689A662B599B68D3F8C010AC
:1069200071B1B06800F084DC2B59B0689B68D3F873
:10693000C01000F08FDC2B5900229B68C3F8C020E8
:106940002B59C42299687068F7F3BCF72B590022C1
:106950009A6070BDC16810B5044621B10068FFF7A8
:10696000AFFF0023E36010BD70B5C5680446002D7D
:1069700052D083685B68EB585B68002B4CD01E8A52
:106980001A68042E14BF012602260C2A1CD00F2AD6
:106990002AD00B2A40D193F80421511C022A83F8F3
:1069A000041108D9C16821B140681A310F224AF098
:1069B000DBDB20461FE003F15C000821F4F33AF62C
:1069C00020463146002222E093F80421511C022A7D
:1069D00083F804110FD803F15C000821F4F32AF6C0
:1069E00020463146022212E093F80421511C022A6B
:1069F00083F8041103D9BDE87040FFF7ABBF03F182
:106A00005C000821F4F316F62046314604222B469A
:106A1000BDE87040FFF76ABD70BD70B506460068FE
:106A20000C46FFF74DFF31680023CA18D2F84C22FC
:106A300032B1526922B1D068A04201D10020D060A9
:106A40000433202BF1D17568631943B1615931B119
:106A500033680C225868F7F335F70023635170BD93
:106A600037B50C461546014670B16BB18268526865
:106A70009B580A8B986852B1C38853B91A31234680
:106A800000954AF033DA05E04FF0FF3002E010469F
:106A900000E000203EBD2DE9F04F026889B00546B8
:106AA000884606929946002B00F0328183685B6825
:106AB00059F803305C68D3F808A0002C00F02A8154
:106AC000BAF1000F00F02881238A042B14BF0123A0
:106AD00002230793B4F80231802B05D0B3F5007F71
:106AE00002D0042B40F01A8104F15C0B0120082332
:106AF00008F117015A4698F8137098F81460F4F3E7
:106B00008BF3834500F00C81236846EA07260C2BA3
:106B100063D00F2B00F0E3800B2B40F0018106F4D3
:106B2000DC73B3F5847F40F0FB8004F13C07202246
:106B300008F11F013846F3F309F009F11A0306932F
:106B40000AF148030093BAF8063004F18C0CCDF832
:106B500008C00193A38A69680393C231069804F1BF
:106B60001C023B46CDF814C0F4F3BCF316F4807F4E
:106B7000DDF814C008D0404606F003016246F4F385
:106B800011F4002800F0CC8098F86F2098F870304D
:106B900053EA022308D0E2889A4205D108F1710035
:106BA000E168F2F3B7F728B16868069911224AF054
:106BB000DBDAB5E084F804012B68DAF8C0109868D5
:106BC00000F036DB58460821F4F334F528460799DF
:106BD00002224B46FFF78AFCA2E006F4D873B3F515
:106BE000807F40F09D80F10509D5404606F0030105
:106BF00004F18C02F4F3D6F3002800F09180002316
:106C000084F804312B68DAF8C010986800F010DBC3
:106C1000228A09F11A06238B06988DE844006968D8
:106C200004F1AC024AF03ADAB4F80231802B02D116
:106C30001023236034E0042B32D12F8A0D2317F068
:106C40000107236022D12846FFF77EFA28466968AB
:106C5000FFF7E4FA95F87A20B5F87C30012A14BFE2
:106C60000122022285F87A200092228A0698019257
:106C700001220392696805F15A0202974AF09ED9EF
:106C80002B8A85F87B0043F001032B8258460821AC
:106C9000F4F3D0F42846079904224B46FFF726FC6C
:106CA000B4F80231B3F5007F05D1069A3146D2F827
:106CB000440101F041FFB4F80231802B01D0042BD4
:106CC00008D16B6806989B687921009332460623A9
:106CD000F7F7E0FFB4F80231802B21D114E0F20580
:106CE00007D5404606F0030104F18C02F4F35AF391
:106CF000B0B1002384F804312B68DAF8C01098682A
:106D000000F096DA102323602846FFF723FE07E001
:106D1000184606E0204604E0504602E0002000E06D
:106D2000012009B0BDE8F08F2DE9F3470B9E054621
:106D300090469A468946002941D0002E41D083686A
:106D400000685B68F3585C689F6821464AF068DA1F
:106D50000923236099F800302868302B6B6821469E
:106D6000B3F862304A460CBF03F0800303F004031B
:106D7000A4F802310A9BCDF800A0019343464AF0E3
:106D80006FDAF8B16B69012B01D1F888D0B14FF0FF
:106D9000000884F804812B68D7F8C010986800F0C8
:106DA00047DA218A0A2323602846042914BF0121D7
:106DB000022142463346FFF799FB012002E00846D4
:106DC00000E03046BDE8FC8770B505460E464068D9
:106DD0004FF48471F7F366F5044648B100214FF48F
:106DE0008472F2F317F7D5F8483184E86000A360A5
:106DF000204670BD014628B103684FF4847258687C
:106E0000F7F360B5704770B50D46B4B0044600287E
:106E100036D0002934D0038A4A8823F002031B04A9
:106E20001B0C12F0010F03820A881AD0A2F108038A
:106E30009BB2382B24D8402A18D1002303A8043150
:106E400000934AF053D8064680B904F11A0015A9F8
:106E50002022F2F37BF6238A304643F0020323829A
:106E600010E0202A0CD143F002030382291D2A8856
:106E700004F11A00F2F36AF62D880020258301E060
:106E80006FF0010034B070BDF0B5069F1446079E48
:106E90001A46059B50B1012907D14161214605974A
:106EA0000696BDE8F040FFF73FBF0020F0BD10B5EB
:106EB00088B1CC7B032C0BD14469012C08D18C7C8C
:106EC000022C01D0FE2C05D1FFF7E5FD012010BDFD
:106ED000002010BD002010BD2DE9F0414668174686
:106EE000D6F8D432D0F800805A8EADF5067D02F483
:106EF0007042A2F580556A4242EB050204464046C4
:106F000046F040DA4FF4007385930546002851D0CF
:106F100047B1E368002B4DD120462946FFF79AF888
:106F2000002847D1A36820465B68EB589F68FFF7AD
:106F30001DF9B6F86230AB8703B1E560238A980784
:106F400008D5202207F1480004F11A01F2F3FEF5FA
:106F50002022FA80FB88202B1BD185AB0093404672
:106F600050212A6905AB01F03DF808AB0093859BE1
:106F700020460C3B0193E36801210293D5F8E820F9
:106F8000D5F8EC30FFF780FFA0B92046FFF7E2FC10
:106F900010E063687069B3F86230B3F5007F03D125
:106FA00006F1BC01062202E0727E06F11A012B46B0
:106FB000FFF756FD0DF5067DBDE8F0812DE9F047A0
:106FC000C66805460768002E33D083685B68F358AF
:106FD0009C68002C2DD004F16C0948464FF4807158
:106FE000F8F3BCF4804600281BD104F148012022AC
:106FF0004846F8F3F3F42023E3806B6806F11A01A6
:10700000B3F86230B3F5007F05D1D7F84401BDE88D
:10701000F04701F090BD28464246BDE8F047FFF733
:107020005BBF0022B868A16E1346BDE8F04700F0D0
:10703000B798BDE8F0877FB591F8943005460C46C7
:1070400043B3D0F8000503A945F02EDE10E0337EEF
:107050009B070DD53369A3420AD101234FF0020EDD
:107060008DE80840284621463246002345F034DFAB
:1070700003A845F021DE06460028E8D13C23C4F8E9
:107080008C30F7F3A9F00123C4F8900084F89460E1
:1070900084F884307FBD704710B5C3F8A010082075
:1070A00019461C4633F0C6D984F8A40010BD38B583
:1070B000057D0446A5B1437D8BB9C068A16900F088
:1070C000B7D8D0F1010538BF002501236375E36906
:1070D0000BB1A068984700236375237500E0002575
:1070E000284638BD0068F9F7FABB10B50468B4B09B
:1070F00051B10171C922002101A8F2F38BF5236B74
:1071000001A9186902F0E0FF34B010BD70B5036842
:1071100004461B680D461B7E002B23D02AB18E79B6
:10712000002E0CBF2026102600E0164629462046D9
:107130003FF066DE18214143324620463E3141F0A1
:1071400067D8BC21204640F045DB95F94830012244
:107150009A4020EA0202BC21204692B2BDE870406B
:1071600041F0569870BD4FF0FF3070474FF0FF3040
:1071700070472DE9F7430A9F0B9E0C460546904643
:107180009946009701963FF061DA4B462846214622
:107190004246009701963FF047DB214601222846F0
:1071A0003FF02ADBB4F83435D90606D52846214607
:1071B00003B0BDE8F0433DF0599903B0BDE8F0835A
:1071C000406B7047F8B504460E46174690F8565186
:1071D000FEF3A2F260B10FE0736ADB0606D494F806
:1071E000573143F0020384F8573103E0383F383613
:1071F000372FF1D884F85651F8BDF8B504460E463D
:10720000174690F85651FEF3EBF260B10FE0F388A9
:10721000DA0606D494F8573143F0010384F8573165
:1072200003E0083F0836072FF1D884F85651F8BD1F
:107230002DE9F041A2B00446884690F8556190F8D7
:10724000567190F8545188226846F2F37FF4204634
:107250004146FEF3C9F4002832D1009B84F85671F0
:107260009D4284F8545129D01BB994F8572172B12A
:1072700011E0022B04D194F8572112F0010F05E020
:10728000012B06D194F8572112F0020F01D1FE22F2
:1072900012E085B90BE0012D02D112F0010F03E0DD
:1072A000022D03D112F0020F05D107E035B994F891
:1072B0005521B24202D2002284F8562184F854317A
:1072C00022B0BDE8F08110B50446FEF323F500239B
:1072D00084F85731A4F85831C4F85C3184F8563139
:1072E00010BD000038B504460D46FEF381F500BB25
:1072F000A36DDDB1EBB9D4F854210E4B13407BB133
:1073000094F85431022B04D194F8573113F0010F43
:1073100005E0012B06D194F8573113F0020F01D18B
:10732000FE2300E0002384F8563138BD0BB184F809
:10733000560138BDFF0000FFF0B591B0ADF1040675
:1073400004460546B646002309E00769013397F86D
:1073500007C04EF804CFD7F834C087F807C0B4F997
:1073600010700430BB42F0DB2046FEF343F60023EE
:1073700004E02A6956F8041F0133D171B4F91020D2
:1073800004359342F5DB11B0F0BD38B5154604461F
:10739000FEF3C6F62B680BB10223A36538BD0E2998
:1073A00073B505460BD00F2910D1114601A8042250
:1073B000F2F3CCF328460199F3F763FC08E0B0F848
:1073C0005831002003F00103136001E0FEF3ECF6F6
:1073D0007CBDF8B504460F46866EFFF38DF3054677
:1073E00080B9042207F1140104F5AE70F2F3AEF394
:1073F000D4F85C314FF47A725343711CC4F85C3199
:1074000008BFA6662846F8BD836E013301D0FEF39F
:1074100045B27047F8B50C2904460D46174690F85A
:1074200053610DD100210122FEF3E4F52046002135
:107430000122FEF39BF5002384F8CE3084F8CD3092
:10744000A36E2946581C08BF84F8563120463A4698
:10745000FEF3F0F6B4F86C3003F0C003C02B16D185
:10746000D4F85C319BB194F85331B3420FD9E3683F
:10747000A1689868FFF3DCF6E368A1689868D4F81F
:107480005C210123FFF38CF64FF0FF33A366F8BDB8
:107490002DE9F84304468946FFF3B8F3F6F39CF66A
:1074A00094F854318046012B1DD82646002516E05D
:1074B0007769BB79022B10D1B4F86C30DB050CD5A1
:1074C000204649464246F3F747FB30B90423BB71D7
:1074D00094F8CD30013B84F8CD3001350436B4F951
:1074E00010309D42E4DBBDE8F88370470020704710
:1074F0007047002070477047002070477047002099
:1075000070477047704770477047704770477047C3
:1075100070474FF0FF3070477047002070470020E1
:1075200070477047704770470020704770472DE9DB
:10753000FF410B9E0C46B6F862500A9F15F00F0FE4
:10754000DDF8308014D040F237153D4085B100970A
:107550000196CDF808800BF02BDC98F9343033B16C
:107560006378022B03D9023B6370841E00E004465B
:10757000204604B0BDE8F081F0B5069D0F46B5F891
:107580006240059E14F4747F07D040F237143440F3
:107590001CB1BDE8F0400BF03F9A3846F0BD00004A
:1075A0002DE9F04F8FB00B4693461D9900220546FA
:1075B0001A9EDDF86CA009920A920593DDF860909E
:1075C000199F2FF001DD059B0BF00102D0F8D88246
:1075D00004460092194628683246534613F05EDC92
:1075E000002840F0CD81032F0CD9042209A8494678
:1075F000F2F3ACF2072F05D90AA809F1040104221D
:10760000F2F3A4F2BBF1140F00F29D81DFE81BF04E
:10761000150019009B019B01460023008700920082
:10762000A300A900B7009B019B01BA007D01800166
:107630009B019B01F8000D01850128460AF068D9DD
:107640008DE0284609990AF08DD900280CBF6FF00B
:107650001C07002793E1A479002C40F07781D8F82B
:107660002C1041B16868D8F83020F7F32BF1C8F836
:107670002C40C8F83040002F00F0818168683946FE
:10768000F7F310F1C8F82C00002800F06281C8F868
:10769000307049463A46F2F359F23CE1A379002BA7
:1076A00000F05A81484604F1BC010622F2F332F29E
:1076B0000746C0B9A26DB4F862308DE81400D4F862
:1076C000D4223146029228465246FFF730FF321A42
:1076D0000146A06DB4F8623052448DE8110028468E
:1076E000FFF74AFF4BE12846494645F041DE0028B6
:1076F00000F03581D0F8E840002C00F03081D0F85F
:10770000EC309A45C0F2368162783046214602322A
:10771000F2F31CF263780027F618F7702FE1B4F942
:107720005E302BB9B4F95C30003318BF012374E02C
:10773000022372E0099B022B04D10023A4F85C30E1
:10774000012305E0003318BF0123A4F85C300023B7
:10775000A4F85E30DFE0D5F83407FAF74FF8306070
:10776000D9E0D5F83407099CFAF74EF8844200F3C3
:10777000F980D5F834070999FAF743F8CBE0B5F862
:10778000BE384AE02B6893F8A030002B38D07E49F1
:10779000062207A8F2F3DAF1314604220CA8F2F32C
:1077A000D5F1311D04220DA8F2F3D0F107A806F19E
:1077B00008010622F2F3CAF10D9B53B9D5F86821EE
:1077C000917981B95269012A0DD02A6892F83F2037
:1077D0004AB907AA00921036284621460C9A01960B
:1077E00017F062DB72E02B681B7E002B00F0BD807F
:1077F0002846214607AA06F1100317F041DB65E091
:10780000032F40F2B7800999002904DB28460BAA10
:107810002FF01EDB044614B1237933607BE00B9B11
:107820001E3340F0A5803460A2E0BAF1070F40F3A8
:10783000A1800A9E032E05D0A6F102014E4246EB1E
:10784000010600E000260999002921DB28460BAA41
:107850002FF0FEDA0446D8B90B9B1E331AD10A9BCF
:10786000002B17DD2246234686F00106284609999B
:1078700000962EF087DF044670B1284621462FF08F
:107880006BDC074650B1284621462FF0BFDB05E0F0
:10789000002703E0074601E06FF01A070A9B032B5D
:1078A0006DD0002C6BD0002B27DD022B02D022796B
:1078B000002A64D12A68126F92075ED1A27992B130
:1078C000022B05D0284621462FF078DA074656E0ED
:1078D00063791BB1284621462FF0BCD828462146A3
:1078E0002FF094DB4BE0637E284600920192214604
:1078F00004F11A0229F026DE41E06379002B3ED024
:10790000284621462FF0A6D839E095F8C33484E7FD
:10791000099B85F8C334002731E02B68D3F88C40ED
:1079200095F8293013B1284619F0F2DD20460021E0
:107930004FF43972F2F36EF10623238000270423FB
:10794000638037601BE06FF0160718E06FF00607E2
:1079500015E06FF01A0712E06FF005070FE06FF007
:107960001D070CE06FF01C0709E06FF0030706E04D
:10797000274604E06FF00D0701E06FF00807384676
:107980000FB0BDE8F08F00BF2C9E850070B5054696
:107990000E461CF06BDA0446C0B13146284640F270
:1079A0006C521CF075DB064620B9284621461CF0B7
:1079B000D1DA0AE0214640F26552F2F3C7F02846D8
:1079C000214640F26552F6F37DF73446204670BDFD
:1079D00030B5054C8568A54203D0BDE83040F2F3D0
:1079E0001BB4002030BD00BF080000208B7910B50B
:1079F000044C0BB1012323702FF0ACD8002323706B
:107A000010BD00BFE4180200054B0269197829B1C6
:107A1000D2F8D02012B100221A7070471AF02A9AB8
:107A2000E418020038B50546F2F7B7FF0128014611
:107A300007DD044C012328462370FAF3A5F2002346
:107A4000237038BDDC18020010B5074C2378012BD9
:107A500009D0064B1B78012B05D001232370FAF3C4
:107A600005F40023237010BDF0180200DC1802009A
:107A700010B50446F9F32CF4002384F8173284F887
:107A8000183210BD10B590F8163204465BB1084BA1
:107A90001B6843B1D0F88011D0F884210223C0685C
:107AA0004A40FBF385F02046BDE81040F9F3C0B230
:107AB000901402000FB430B5114AADF5037D964520
:107AC00015D0104A964512D087AB684640F2012186
:107AD000869A8193F2F3D4F10025044604E01DF860
:107AE0000500F6F317F60135A542F8DB00E00024A7
:107AF00020460DF5037DBDE8304004B0704700BF5F
:107B0000DB628200FB5482002DE9F0478CB0149FA9
:107B10000E469846394600230446154608932FF032
:107B200053DA8146D0F8DCA265B1B8F1030F09D968
:107B30002946042208A8F2F309F008A829460422DD
:107B4000F2F304F05F2E20DC5E2E80F2BF81352E32
:107B500072D00EDC162E00F0768103DC152E40F07C
:107B6000148264E11C2E00F084812F2E40F00D82DF
:107B70002CE1372E00F0C680C0F2A580382E00F030
:107B8000E880392E40F0018202E1C52E39D008DCB0
:107B9000A52E00F04081C42E15D09F2E40F0F58117
:107BA0006DE1D82E00F0B58103DCD72E40F0ED81D9
:107BB000A7E140F23F139E4200F0BD81B6F5A07FE1
:107BC00040F0E381C2E1A448FFF774FF0123B8F15C
:107BD000070FC8BF69682046D8BF00218DF82F3035
:107BE000099113F047D90746002840F0E881089929
:107BF000CA0700F1CD81204689B216F09BD82860D3
:107C0000DDE10123B8F1070FC8BF69682046D8BF7E
:107C100000218DF82F30099113F02CD90746002848
:107C200040F0CD81089AD30700F1B28191B220468D
:107C3000120C1CF0B9D8C2E123681B7E002B00F0A7
:107C4000B681B8F1050F40F2B581B8F10D0F0BD92F
:107C5000204605F10801A8F1080202F0C5DF074639
:107C6000002840F0AC8109E0294604A80622F1F37F
:107C70006DF70023069304AD4FF00E0899F80660E7
:107C8000B6B9DAF8901031B160689AF89420F6F33A
:107C900019F6CAF890608AF8948060684146F6F355
:107CA00001F6CAF8900018B129464246F1F34EF7A2
:107CB000484629462AF0F4DFDAF89070002F0CBF0E
:107CC000074600277BE100230093204629464246D1
:107CD00009ABF3F730FC0746002840F07081099AA1
:107CE000032A00F05B81236B19688A4207D05B6826
:107CF000D3F1010338BF00230E3354F82330D3F8F7
:107D0000F03061E10023009320462946424609AB4A
:107D1000F3F711FC0746002840F05181089A02F160
:107D20006403672B00F23781099B032B04D0216B7E
:107D300009688B4240F04381002A04DB2046216B16
:107D40002BF0F2D80246236BC3F8FC20C3F8F020D6
:107D500035E10023009320462946424609ABF3F75C
:107D6000EAFB0746002840F02A81099A032A00F01E
:107D70001581236B19688A4207D05B68D3F1010330
:107D800038BF00230E3354F82330D3F8F4301BE10E
:107D90000023009320462946424609ABF3F7CBFB6C
:107DA0000746002840F00B81089B642B00F2F68008
:107DB000099A032A04D0216B09688A4240F0FF80A7
:107DC000226BC2F80031C2F8F430F8E02368089D55
:107DD00093F83F30002B40F0E480D4F868018379B9
:107DE00013B1042144F0CED9003594F8723218BF93
:107DF000012584F8505784F85955002B40F0A48091
:107E000004F5AA61D4F85C010DB10E3100E00A312D
:107E100035F092DF8DE001230022029320460F49C6
:107E200013468DE820010397F3F77EFD81E0B9F951
:107E30005E302BB9B9F95C30003318BF012300E084
:107E400002232B6080E0089B022B09D10023A9F8B4
:107E50005C3001230AE000BFBCE901001C7386000E
:107E6000003318BF0123A9F85C300023A9F85E3065
:107E70006AE0236801211869FBF302F064E0A8F1CD
:107E800004080623B8FBF3F32B60D4F800050023A5
:107E90000AA9089344F008DF11E03B7E98070ED54D
:107EA00008982A68431C9A420893C0F083800622EF
:107EB00002FB005007F11A010430F1F347F60AA85B
:107EC00044F0FADE07460028E7D17CE0B8F1070F5E
:107ED000C8BF69682046D8BF002112F0CBDF074633
:107EE00000286CD139493A48FFF7E4FD236B0DF1C6
:107EF0002F0200921869314642462B4602F0B3FE2B
:107F000017E0D4F868319F79002F4DD194F81637D7
:107F10005AE0D4F868319B79002B45D1226B20467A
:107F20001268294600920122019202930393FDF701
:107F30004FFF074643E023681B7E002B37D02046C7
:107F40002946424612F0D0D9002738E0B8F1430F55
:107F500030D9002D31D01F4C294603222046F1F3A1
:107F6000F5F5EB78291DE37014221B48F1F3EEF5CB
:107F700005F118011D221948F1F3E8F505F1350165
:107F80000E221748F1F3E2F5DEE76FF0160716E070
:107F90006FF0140713E06FF01C0710E06FF002079A
:107FA0000DE06FF01B070AE06FF00F0707E06FF0BE
:107FB000030704E06FF00D0701E06FF0010738469A
:107FC0000CB0BDE8F087089B2B60F8E79CE9010046
:107FD000C8E901002C0D0200E8D30100E8CE010041
:107FE000F81802002DE9FF470C9C0546D2F8D46230
:107FF00017469846D4F800A000940BF0E3DD2A68F9
:1080000092F84630980739D0D7F8CC30D90435D417
:1080100096F93410002931D1526B7AB313F002096A
:108020002CD102A8164903222768F1F38FF5022309
:108030008DF80B3001238DF80D3095F8FA31474457
:108040008DF80C9033B196F96A30002B03DA95F86D
:108050000A9700E09946D044B84502AB28BFC7EB69
:108060000801009338BF002138460723DD228DF830
:108070000E901BF075DE236809332360BDE8FF878F
:10808000C7C301002DE9F0419046D0F8D82206463A
:1080900052680D46012A0368D0F8DC4206D0A1F1EF
:1080A000040EDEF1000747EB0E0700E000271A6818
:1080B000616AD269126D914238BF62624DB9D4F8DB
:1080C000901031B1586894F89420F6F3FBF3C4F89B
:1080D000905030462946424626F064D90FB100231D
:1080E0006362BDE8F0812DE9FF470C9C99460023AF
:1080F00003936368076823F0400363603B680646A8
:108100005B6B8A469046002B29D0D0F8CC309B0779
:1081100025D4931D0393A9F10603029306E0384684
:10812000294603AA02AB13F003D838B90398029981
:10813000DD22F2F3ADF005460028F0D12046002103
:1081400015F0BEDA5DB16B78182B08D0072B06D07E
:10815000636823F4001323F04003636006E03046B5
:10816000514642464B46009428F0DEDABDE8FF87D0
:1081700070B506460D461FF037D9294604463046ED
:10818000F9F73EF9204670BD10B588B00A9C0094FE
:108190000B9C01940C9C02940D9C03940E9C0494E3
:1081A0000F9C0594109C0694119C0794F4F382F1A3
:1081B000044B04210446D3F88C300A4698472046E5
:1081C00008B010BDE0A6850038B590F8A13104468E
:1081D00063B903681B6F4BB1D0F81C58F5F3FCF77B
:1081E000D4F82038EB1A1B18C4F81C382046BDE818
:1081F000384015F0439B2DE9F04104461AF02CDF7E
:10820000236B1B68022B47D120692BF0B5DE0028B9
:108210003AD0236893F84220002A3DD0D4F8682150
:108220009179002938D193F83F30002B34D0D4F81D
:108230006C32B4F82806D3F8D422528E90422BD157
:10824000D4F8F82742F20E701588013DADB2854290
:108250001AD8D27820462AB1D3F8E0321B695B42A3
:10826000934200DC01211EF01BDDD4F8F8371B79A6
:1082700093B1D4F86C22D2F8E022126952429A42A9
:108280000ADD2046002105E0204601211EF008DD20
:10829000204601211EF0EADC0026A319D3F84C5237
:1082A000ADB1D5F88C7097B9AB7983B1AB6D9A0746
:1082B0000DD595F8843053B1F5F38EF7D5F89010BD
:1082C00028F044DE18B1C5F8887085F8847004364B
:1082D000202EE2D1236B1B68022B6DD120692BF07D
:1082E0004BDE002868D0D4F868319B79002B63D12D
:1082F000236893F83F30002B5ED0D4F86C32B4F88A
:108300002826D3F8D4325B8E9A4255D1204692214A
:1083100015F010DD400085B2002D4DD005F1180795
:108320003946204615F006DD05F11A0106462046BD
:1083300015F000DD39468046204615F0FBDC86420C
:10834000ECD1D4F8F83746EA08469A689E6096421F
:108350008CBFC2EB060200223AB15A7901325A713F
:10836000D4F8F83700229A7105E0997901319971B2
:10837000D4F8F8375A71D4F8F8576B79052B0ED921
:10838000EB68CBB9236B186902F0A0FF236BE860A0
:1083900018694FF4E151BDE8F04102F09ABFAB79A2
:1083A000012B09D9E96839B1236B186902F091FFF3
:1083B000D4F8F8370022DA60BDE8F0812DE9F04FFB
:1083C00087B091469A4606468846DDF840B0119C33
:1083D000F9F76DF8D6F8B0730546F5F395F600F5A4
:1083E0007E730733B3F5A05F024602D24348444987
:1083F00017E028460BF080DBD6F8C033984213D341
:10840000032300930023019302930393284617212B
:1084100009F10A02012313F035D93A483849D6F850
:10842000C023FFF747FB66E097F84630990716D060
:10843000D8F8582040F23713134083B195F86937C4
:10844000DA070CD56368DB0309D5236C012B06D151
:108450000022284621461346009212F0B1D9B9F8FD
:10846000003003F0FC03202B636818BF0AF10401FD
:1084700023F4001323F0400363602B6818BFABF1B3
:1084800004025B6B04BF0AF10A01ABF10A0233B3C9
:10849000D8F8CC30980722D40491059206E02846FB
:1084A000394604AA05AB12F043DE38B904980599A1
:1084B000DD22F1F3EDF607460028F0D12046002139
:1084C00015F0FED85FB17B78182B08D0072B06D0AB
:1084D000636823F4001323F0400363600BE09DF80E
:1084E00048303046029341464A465346CDF800B0E4
:1084F000019422F0AFDE07B0BDE8F08FEEE9010095
:1085000081E901000CEA01000C2A70B504460D4611
:10851000164654D8324B934051D5D0F8B4364BB1AF
:10852000D3F8D83233B15B68012B48D0032B46D047
:10853000022B44D0204616F043DA00283FD1D4F86D
:1085400068315B69012B3AD045B1AB7933B1AB6D82
:108550009A0703D5D5F88830002B37D1D4F81808FE
:10856000FEF3ECF528B1D4F86801092143F00ADEE6
:1085700017E0D4F86801082E837901D00C2E01D1C0
:108580007BB128E0002B24D0D4F82835022B03D06F
:1085900094F8F437DB071ED5092143F0F3DD002002
:1085A00070BD082E1AD1204629460222002325F04C
:1085B00035DE002814BF4FF0FF30002070BD20468C
:1085C00029463246BDE870402AF0DC996FF0190068
:1085D00070BD184670BD6FF0180070BD002070BDF2
:1085E0000000A81238B501220C46D1F84C150546FA
:1085F0002FF098D928462146BDE838402DF0669DD9
:1086000010B50C462DF026DE18B994F8F53284F832
:10861000F43210BD03681A68536B23B192F84430EA
:108620000BB131F0FD9B18467047036A30B5002B43
:108630002BD003680C691B688D8A93F895303BB189
:10864000CB8A03F08003002B0CBF1E230C2300E019
:108650000C2303F10B02954217D3E218E35C547824
:108660001B021B199BB2B3F5006F0ED193781B0947
:10867000042B0AD1D37A012B07D1436A0133436219
:10868000C3680133C360002030BDBDE8304040F016
:10869000499938B103682BB121B993F80B270AB176
:1086A00083F80B1718F0449BB0F854380BB119F04D
:1086B000DD9C7047F8F7AEBEFBF76CBE38B50546DB
:1086C000D0F8B40058B103784BB1F1F7D2FE0446AC
:1086D00030B9D5F8B4000121F2F38AF000E00124AA
:1086E0002846F4F34BF334B9D5F8B4002146BDE87D
:1086F0003840F2F37DB038BD2DE9F04F87B00393D9
:10870000119B159F0493149B8A461646DDF840B0D2
:10871000129DDDF84C80059327B1B96811B1012095
:10872000F2F76AFC0446002835D0036806F001021F
:108730000092186851462A46434612F0AFDB814644
:1087400000282AD1112E02D0132E11D109E028467B
:10875000F1F3ECF6002820D104F5B8702946062282
:1087600003E004F5B67029460422F1F3EFF114E0BA
:10877000049B20461193059B51461493039B32465C
:10878000CDF840B01295CDF84C80159707B0BDE8F4
:10879000F04FFCF3BFB36FF01609484607B0BDE8D1
:1087A000F08F000038B5D0F868410CB1A56800E042
:1087B0002546044C2560FCF389F4411C01D10023BB
:1087C000236038BDD4180200034A136813B1002196
:1087D00011601846704700BFD41802002DE9F0411F
:1087E000164602680C4612681F4692F89520054608
:1087F0000969A38A12B1E28A100607D5152B05DD97
:1088000008480E310622F1F385F138B12846214699
:1088100032463B46BDE8F041FCF3FAB64FF0FF307C
:10882000BDE8F081CBC3010070B504461D46FEF3E0
:10883000BBF5064640B1636893F8AB3023B1E06FF7
:108840002946F2F761F9B060304670BD38B543682B
:10885000044693F8AB300D4613B18868F2F773F90C
:1088600020462946BDE83840FEF37AB62DE9F347A5
:1088700007460E4692461D46002B59D0012957D176
:108880004FF4C0730193FAF31FF24FF44071804626
:10889000F6F308F00446002852D000214FF440724D
:1088A000F1F3B8F138463146224601ABF1F348F016
:1088B0001E3037D1202222710422019B6271D02206
:1088C000A27102224FEA4309E2714A236222237015
:1088D00022720B23A92263706272FF2304EB090248
:1088E000A370E37002F8023C02F8013C05F10C03AE
:1088F00099450EDD2A46514604F10A00F1F326F1AE
:108900003846314622464FEA690310F019FE054603
:1089100001E06FF00E05404621464FF44072F5F33A
:10892000D1F70FE0404621464FF44072F5F3CAF705
:108930002B46384631465246F0F32EF1054601E00B
:108940004FF0FF352846BDE8FC872DE9FF41804602
:108950001E469F6B156945F09DDC0446C8B93B7AFD
:10896000022B16D1AB79A3B1B6F868308BB1AA6DE2
:1089700040F23713134063B195F884304BB995F941
:108980004820316F8DE8810002901123404645F068
:1089900059D8204604B0BDE8F081F8B5D0F8B0430E
:1089A000D0F8AC7320F0B0DE94F82F300646FBB15F
:1089B00000257B19D3F84C42BCB1A379ABB1237924
:1089C0009BB1A36D9B0710D594F884306BB1F5F380
:1089D00003F4D4F8901028F0B9DA30B10023C4F8C9
:1089E0008830C4F88C3084F884300435202DE0D1F0
:1089F0003046F8BDF0B585B00A9F0E4600970B9F34
:108A00001D4601970C9F044602970D9F039728F07F
:108A10008FDBB3795BB12946204644F0C3DD0146C4
:108A200028B1204605B0BDE8F04044F0B39C05B045
:108A3000F0BD00002DE9F3411F46036804461B7E8C
:108A40000D461646002B4AD090F87532002B46D1C1
:108A5000D1F800804046FEF7B3FB036902469979DE
:108A6000B1B1817EC80713D5D3F8CC1049050FD416
:108A7000B4F8261601F47041A1F58050414241EB53
:108A80000001103153F8213013B193F8DF3033BBBC
:108A90005168002923DB164B0B401BB1B8F8163088
:108AA00003F0070349061AD512492046CB5C02A9F8
:108AB00041F8043D3B6009F0CDDD01300FD0019B52
:108AC0003A689A420BD00C4A3B60D25CB8F8163038
:108AD00002F0070223F007031343A8F816302046DC
:108AE000294632463B4614F049D8BDE8FC8100BF18
:108AF00040000180C4D28500DC0A020000207047DB
:108B000070470020704770470020704770477047DB
:108B10007047704700207047002070470020704762
:108B20007047002070477047704700207047002052
:108B300070477047704770477047002070470000CB
:108B4000C26938B5120504460D46036914D502689A
:108B5000D2F88C108A6B01328A634FF47A71B2FBBF
:108B6000F1F001FB102119B90648D96BFEF7A2FFFD
:108B7000E36923F40063E36120462946BDE83840F9
:108B80002CF00A9F34CB0100F8B504460F46164678
:108B90001D46F8F791F82046394632462B461CF020
:108BA0000DDE2046BDE8F840F7F792BF08B511F09A
:108BB00007DC38B1436A190304D4026812B143F4E4
:108BC0000023436208BD70B50368044693F8423041
:108BD0000E46154623B1D0F840010122F8F7AAFA53
:108BE000204631462A46BDE8704024F0199F704760
:108BF00073B502F5457400EB440440F62A16A588C7
:108C0000A680069E009603F06DDBA5807CBD70B546
:108C10000C4616464D6C17F0CBDF20B9B30202D5D7
:108C2000636C6564A36470BD70B5056804462B6809
:108C30000E4693F830304BB12B6B186901F01EF8DB
:108C4000738E98421CBFD5F8402553862046314686
:108C5000BDE8704028F0BC9C2DE9F04F87B09846E5
:108C6000109B05460193119B0E460293129B93465F
:108C70000393149BDDF84CA00493159B0593531F9D
:108C80001B2B00F2B680624A9A4040F1B280B8F1E4
:108C9000030F00F2B1805046F1F348F4002836D0BB
:108CA000D5F86C329E420CD108F11C0306EB83030D
:108CB0005A6822B908F5927255F822205A60444643
:108CC0000DE0B37913B94FEA580900E0C14609F144
:108CD0001C0906EB8909D9F804701FB1BC794FF063
:108CE00000095EE0B27C0421002A0CBF1022802221
:108CF0000123284635F0D8DC041EC0F2848004F13C
:108D0000A00355F82330C9F80430B94649E0F37997
:108D1000B3B1D6F8D43228465C8E514604F4704480
:108D2000A4F58052544244EB0204224644F02ADB6C
:108D3000074660B928465146224644F03DDC03E030
:108D40002846514644F02EDC0746002857D0FB68E1
:108D50001BB9D6F8083353B1FB609C7928463946D5
:108D6000029A434635F010DE814678B101E04FF0BB
:108D7000010928463146019A534635F06BDC041E42
:108D800041DB04F1A00355F82330FB60D5F86C32C9
:108D90009E4206D0B37923B928463146224635F0A3
:108DA000E3DCA03455F82410B9F1000F0CD1CB79D5
:108DB000984509D10B699B4506D1039814315A4651
:108DC000F0F3A8F600281DD0019B28461093029BC3
:108DD00031461193039B5A461293049BCDF84CA045
:108DE0001493059B1593434607B0BDE8F04F36F04A
:108DF00033996FF0170406E06FF0070403E06FF09B
:108E00001D0400E04C46204607B0BDE8F08F00BFCF
:108E1000100090802DE9F34790F8A04405460E46D7
:108E20001746B4B9936D13F0080813D101F1A003EC
:108E300050F8234074B12369002B40F0F4801C46A5
:108E4000984608E02046F1F371F320B994F80C80BD
:108E500001E00024A046331F312B04D828463146B8
:108E6000784A35F0B7DD48EA06181FFA88F81FFA85
:108E700088F944B3D5F86C329F4200F0D980BB79B1
:108E8000002B40F0D580BB7C002B00F0D180204629
:108E9000F1F34CF3002840F0CB803B185B6F53B1EB
:108EA0001A6942B11B7B022B00F0C28048EA83287A
:108EB0001FFA88F9BCE004301028EED1B8E0E3795D
:108EC0000BB149F00809352E07D806F53A71023181
:108ED000284649004A461AF067DF002C00F09480CB
:108EE000237B002B00F0A980D5F804154FEA061A61
:108EF00010232846514404F114020CF02FDAD5F85F
:108F00008831002B3DDA237A022B3AD195F8A03430
:108F1000002B36D1BB6D190733D4A379292B30D858
:108F2000032B2ED90B2B2CD8032E09DD2046F1F371
:108F3000FDF228B92846214644F01ADA804601E0BD
:108F40004FF00008D5F808353946424628680AEB44
:108F5000030945F07BDD22184946284614320823D0
:108F60000CF0FCD9D5F80835394608334246286854
:108F70009A4445F053DC22185146284614320823FF
:108F800014E0237A0B2B58D195F8F037002B54D0EE
:108F900095F8F137002B50D0A379072B4DD8D5F891
:108FA000EC172846514404F1240210230CF0D6D9C2
:108FB00043E0352E28D8237A022B20D14FF00E081B
:108FC00008FB06F800277B08703308F53871C919CB
:108FD000284634F8132002371AF0E6DE0A2FF2D1C1
:108FE00008F53A7128460231B4F804211AF0DCDEA3
:108FF000284608F53B71B4F806211AF0D5DE28465C
:109000003146224635F0E6DC032E19DC284635F0E1
:1090100033DD032203460092284600214FF48042AC
:1090200012F0BCDB0CE0237A022B7FF40FAF09E7D0
:10903000237A0B2B7FF447AF41E7032EB9D8E5E73E
:10904000BDE8FC87329E8500074B1B783BB1074B80
:109050001B68984203D2064B53F820300BB934F00A
:10906000779B1846704700BF7C0E0200540D02002B
:10907000580D020000207047074B1B783BB1074B8F
:109080001B68984203D2064B53F820300BB933F0DB
:10909000679F1846704700BF7C0E0200780E0200E2
:1090A0001C0C02002C4B2DE9F04105460C46D3F870
:1090B000008000260BE0294F284607EBC6073946FB
:1090C000F0F316F610B9FB789C4243D001364645C2
:1090D000F1D1234B0026D3F800800FE0214F284622
:1090E00007EBC6073946F0F303F630B9FB789C422C
:1090F00003D11D4B01221A7010E001364645EDD117
:109100000CBB1A4B2646D3F800800BE0184F2846BC
:1091100007EBC6073946F0F3EBF510B9381DBDE88B
:10912000F08101364645F1D1124B134FD3F8008040
:10913000002606E039462846F0F3DAF5043740B158
:1091400001364645F6D128462146BDE8F04133F0C8
:109150002F9E0A48BDE8F081D818020053EA0100AA
:10916000740E02002C0D02007C0E0200E8180200B2
:1091700053EA0100EC18020053EA0100CA0286001B
:1091800010B5034C216034F03DDA0023236010BD9C
:10919000F418020038B50D46002408E008492846B6
:1091A00001EBC4010422F0F3B5F430B10134054BF6
:1091B0001B689C42F2D3002038BD012038BD00BF9F
:1091C00053EA0100E81802002DE9F047234B8EB066
:1091D0001D68234B07468846D3F80090002D39D0F0
:1091E000036BA96818696A46002400F079FD2646D9
:1091F0002CE01C4B03EBC40AAB68012B04D19AF89A
:109200000500FFF737FF03E09AF80400FFF71CFFA3
:1092100007A934F0D3DB002307AA995C1DF80320CB
:1092200011420FD03846514633F0AADD40B1B8F1B3
:10923000000F05D008EB860051460422F0F3A2F59A
:10924000013602E001331C2BE6D101344C45D0D16C
:10925000304600E028460EB0BDE8F087F418020062
:10926000E818020053EA0100F8B507460E4600244C
:109270000EE00A4B0C2505FB043538462946F0F371
:1092800037F520B92B799E4201D1A868F8BD013489
:10929000034B1B689C42ECD30020F8BD9CE9010005
:1092A000E01802000129034610D0D0F8BC20082A9B
:1092B000D0F8B02008BF41F40071A2F8D813B2F87A
:1092C000DA03002280B2A3F8202670474FF6FF7021
:1092D0007047D0F8B030A3F8D813A3F8DA2370475A
:1092E000D0F8B030002130B5A3F8D8130124B3F87A
:1092F000DA230225A3F8D843B3F8DA43A3F8D85306
:10930000B3F8DA33A4B2A0F820169BB2C2F303116B
:1093100041EA027244EA032042EA003030BDD0F84C
:10932000B0300022A3F8FC13A0F82026B3F8FE0307
:1093300080B27047D0F8B03041EA0242C3F8FC2353
:109340007047002380F8E33000F58052FF2300F5DA
:109350008A5082F83A3080F830307047FFF7C0BF4B
:1093600000207047B0F8DA3003F47043B3F5805F43
:1093700009D1032A17DDA2F16503032B13D9A2F14A
:10938000C9030F2B0FD9132A0DDCA2F13403642B70
:1093900009D9A2F1A9031F2B07D9D13A072A94BFF3
:1093A0000020012070470020704700207047B0F86F
:1093B000DA3003F47042B2F5005F06D1DBB2C018B8
:1093C00000F59A502F30007900E0002040B270473D
:1093D0000B7810B580F82C364B7880F82D368B78CA
:1093E00080F82E36CB7880F82F360023CA181479EF
:1093F000C2180133082B82F83046F7D110BD22B1D4
:1094000000F5805300229A609A8100F58250016035
:10941000012070476FF016007047F8B500F59056C0
:1094200096F83E3004468B420D46174603D0D0F8DE
:10943000883003B1984704F59254278086F83E504F
:10944000F8BD0020704710B590F8E93094B043F0B3
:10945000010380F8E93004460021302201A8F0F32E
:10946000D9F3002110220DA8F0F3D4F30021042237
:1094700013A8F0F3CFF311A800210822F0F3CAF3E8
:1094800094F8E930002023F0010384F8E93014B0A7
:1094900010BD002109F085BBC36970B5DC681B6D88
:1094A0000546DB070E4607D52046F9F3EBF218B167
:1094B000EB699B6998000FD4EB691A6DD10739D518
:1094C0005A6D120636D4D868F9F37AF4002831D0F0
:1094D000EB699B699B002DD5D5F8F830980729D406
:1094E0006369E6B106F47042B2F5005F17D1222B32
:1094F0001149CCBF0C230023F2B2D8BF0F21204664
:109500009A400123F9F3C6F263690C49222B2046E5
:10951000D8BF7021CCBF4FF40072102205E006497D
:109520002046222BD8BF0F2100220123BDE8704026
:10953000F9F3B0B270BD00BF00F05555000E55559F
:1095400013B50C46012109F02CFB02A941F8040DCA
:1095500004222046F0F3FAF200201CBD08B51429BD
:10956000D0F8A82002D015290ED109E092F91A20CE
:1095700002A941F8042F18460422F0F3E7F201E0B3
:10958000039B9376002008BD6FF0160008BD10B550
:1095900090F81A360C462BB10231224609F058FFDA
:1095A000A378637010BD012109F058BB10B50023EA
:1095B0000446E21801337F21652B82F89116F8D119
:1095C0002046FFF7F0FF2046BDE81040FFF761BFDF
:1095D000044B1B78012B02D100200070704716F05D
:1095E00031B800BF28150200044B1B78012B02D1B3
:1095F00000200070704716F04DB800BF281502001B
:1096000010B51446FFF7F0FF28B100210A46BDE867
:109610001040F0F387B6204610BD0022FFF7F0BFE0
:109620002DE9F04105460C4617461E46FFF7DCFFC4
:1096300038B1284621463A463346BDE8F04116F097
:1096400069B83046BDE8F0810023FFF7E9BFC36980
:1096500018693EF04D9EC36918693EF03F9E70B593
:1096600005460C461646FFF71DFE214600EA060297
:109670002846BDE87040FFF72CBE70B505460C4685
:109680001646FFF70FFE40EA06022146284692B230
:10969000BDE87040FFF71DBEF8B505460C461646FE
:1096A0001F46FFF7FFFD20EA06023E4032432846F0
:1096B000214692B2BDE8F840FFF70BBEF8B51F4651
:1096C000069B15461980079E0C46FFF7EBFD089B8D
:1096D00030801C8033882F4023EA050343EA0705C6
:1096E000099B1D80F8BDD0F8B030A3F8FC13B3F887
:1096F000FE130A40A3F8FE230023A0F8203670478B
:10970000D0F8B030A3F8FC13B3F8FE1389B20A43C3
:10971000A3F8FE230023A0F82036704710B5D0F838
:10972000B0401340A4F8FC13B4F8FE1389B221EA48
:1097300002021A430023A4F8FE23A0F8203610BD2D
:1097400070B50B4605462DE01C46561E34F8022B1C
:10975000910402F44042890CB2F5804F12D001DC32
:109760003AB11DE0B2F5004F11D0B2F5404F17D11C
:1097700012E01C465A88284634F8043FFFF7CEFF13
:10978000013E0DE028465A88FFF7D4FD08E0284640
:109790005A88FFF7A8FF03E028465A88FFF7B0FF72
:1097A000A31C721E002ACFDC70BDF8B51F46069BB5
:1097B00015461980079E0C46FFF7B1FD089B3080C7
:1097C0001C8033882F4023EA050343EA0705099BE1
:1097D0001D80F8BD29B140F23B414FF6F872FFF70A
:1097E00082BF02490422FFF7ABBF00BF1CEB0100A0
:1097F00058B1B0F8DE00B0F5006F05D0B0F5406F9D
:109800000CBF80200020704740207047012380F863
:10981000E130704780F82416704790F924067047AD
:10982000704710B1C36903B15977704710B1C3696C
:1098300003B11977704790F8E33010B50446002B58
:109840005FD16422A0F89C28A0F89E284FF44872AB
:10985000A0F8A4286422A0F8A628A0F8A828A0F8B8
:10986000AA28A0F8AC28A0F8AE28A0F8B028A0F844
:10987000B228A0F8B4280A22A0F83628A0F8542864
:10988000A0F83A28A0F85C28A0F83828A0F85628B4
:10989000A0F83C28A0F85E28A0F82A28A0F82828DC
:1098A000A0F82C28A0F82E281422A0F83228A0F81E
:1098B00034280A22A0F89027A0F892275022A0F876
:1098C00094270A22C0F8A038A0F83038A0F8AC37A6
:1098D000A0F8AE37A0F84A28A0F84828C0F85838B1
:1098E000C0F86038436AA0F84C28A0F84E2814222B
:1098F000A0F85028A0F8522803B19847012384F813
:10990000E33010BD08B500F59653996A41B1C369BB
:1099100018693EF00BDDD0F1010038BF002008BD12
:10992000084608BD2DE9F84F0C46D1F810A0D1F833
:1099300000809B468968E368002743EA812311463B
:109940009AB20546BDF828903E46FFF7F3FC1BE0AF
:10995000BAF1200F0BD158F8072028465946120CAF
:10996000FFF7E8FC2846494638F8072008E0BAF136
:10997000100F0CBF38F8162018F806202846494664
:10998000FFF7D8FC0136043763689E42E0D3BDE898
:10999000F88F2DE9F74F0C460193D1F810800E682F
:1099A000E36889684FF0000A43EA812311469AB2BE
:1099B0000546BDF83070D146FFF7BCFC22E0B8F197
:1099C000200F284639460DD1FFF7A9FC019983469F
:1099D00046F80A002846FFF7A2FC4BEA004046F88A
:1099E0000A000BE0B8F1100F04D1FFF798FC26F83D
:1099F000190003E0FFF793FC06F8090009F10109DB
:109A00000AF1040A63689945D9D3BDE8FE8F7FB592
:109A10000293089B03910593099B0192049301A96A
:109A20000A9B984707B000BD7FB50293089B03913E
:109A30000593099B0192049301A90A9B984707B0DB
:109A400000BD0000F0B53F4B8BB0D0F8B0400746EA
:109A50000D466A4603F1100E18685968164603C68B
:109A6000083373453246F7D11868374B306005AA82
:109A700003F1100E18685968164603C6083373457B
:109A80003246F7D1186830600DB16B4600E005AB87
:109A9000FA690021106914223EF03EDC0023A4F88C
:109AA0006835002D4FF48073A4F8C0370CBF4023F5
:109AB0004123A4F80C3541F60223A4F814354FF0E5
:109AC0000003A4F80835A4F80A35A4F84C354FF083
:109AD0001403A4F86A3540F62603A4F868354FF05D
:109AE0000003A4F800354FF0D003A4F802350CBFF2
:109AF000FA261E26B4F80235002502E00A20F4F307
:109B000015F4B54209DAB4F80E3501351B06F5D463
:109B100003E00A20F4F30AF400E00B25013D08D02D
:109B2000B4F80E355805F4D503E00A20F4F3FEF33B
:109B300000E00B25013D03D0B4F89036D905F4D4EC
:109B40000BB0F0BDD2C30100E6C30100D0F8F8307D
:109B50000AB10B4301E023EA0103C0F8F830704773
:109B600010B5D0F8F83021B143F01003C0F8F83048
:109B700010BD23F01003D207C0F8F8300BD500F564
:109B80008E535C6BC3691A6A9B6E9A4288BFC3EBA3
:109B90000201C4F8901010BDC36910B558210446E5
:109BA00047F67F7218693EF0ADDBE3695A21186908
:109BB00047F67F723EF0A6DBE3697021186947F62D
:109BC0007F723EF09FDBE3697221186947F67F726E
:109BD000BDE810403EF0969B38B5D0F8B030044652
:109BE000D3F82031C3690D461A6DD00707D5D86860
:109BF000F8F348F718B1E3699B6999000ED4E3695B
:109C00001A6DD20715D55A6D100612D4D868F9F31B
:109C1000D7F070B1E3699B6999000AD520461DB958
:109C20002946FFF739FC14E0B4F8DA10FFF734FCEA
:109C300000E075B1062220460A49FFF781FDD4F8FD
:109C4000A83093F82C30012B0AD120460649042273
:109C500002E0064920460E22BDE83840FFF770BDFD
:109C600038BD00BF42F101004EF1010056F1010084
:109C7000A0F8DE107047A0F8DA107047B0F8DA00EC
:109C8000704740F6C31398420AD941F2C84398423C
:109C900008D941F2446398428CBF032002207047E8
:109CA00000207047012070477047000010B5002366
:109CB000064A990032F82340844202D15218508853
:109CC00010BD01330E2BF3D1002010BDE4EA0100DA
:109CD00008B5C8B2FFF7EAFFBDE80840FFF7D1BFFB
:109CE00070B506460D461046144600211C22EFF3BF
:109CF00091F7002206F592510E4B097AD35A19B109
:109D0000942B01D9A52B11D9022D02D10E2B04D9E8
:109D10000CE0012D0AD10E2B08D9D908012003F03F
:109D2000070310FA03F3605C034363540432382AD8
:109D3000E0D170BDE4EA010030B500F59250047A3C
:109D400000220F4BD35A43F430600E2B8CBF4FF4DC
:109D500080554FF4005528431CB1942B01D9A52BF5
:109D600008D9022902D10E2B04D830BD012901D116
:109D70000E2B03D80432382AE3D1FF2030BD00BFB8
:109D8000E4EA010010B590F8B2320B6090F82B367F
:109D90004BB190F82A3690F8F8465BB214B15B42AA
:109DA00043F080430B6012B190F8F7361370002037
:109DB00010BD30B500F5805595F83B50039CAD00C3
:109DC0000E29157006D8002CA8BF001990F81E2186
:109DD0001A7030BD7F221A70A1F1220234EA2404E5
:109DE00028BF04241E2A03D8021992F883211A706E
:109DF000A1F16402282A03D8021992F8E8211A7006
:109E00009539102903D8001990F84D221A7030BDE9
:109E10002DE9FF4700240746884691469A46FF25CC
:109E2000264641460DF10F020DF10E03384600940F
:109E3000FFF7BFFF07F598539B799DF80E2059B2A5
:109E40008A42C6BFC3EB0203DBB200230134B34234
:109E500028BF1E46AB4238BF1D46142C8DF80E306D
:109E6000DFD189F800608AF80050BDE8FF877047AD
:109E700090F8290670472DE9F04FB0F8DA30C26942
:109E800003F47043B3F5805F14BF02250125A5B02C
:109E9000526C059540F23951D0F8A8508A420446D8
:109EA000079503D040F28B518A4205D1A3F580512A
:109EB0004B4243EB010300E00023DBB200216522AB
:109EC0000AA80893EFF3A6F6B4F8DA5005F4407345
:109ED000B3F5407F0495EEB20BD0B3F5007F03D10C
:109EE000DD2E05D8023604E0022E01D9023E00E044
:109EF000002620460599FFF759FB2046FFF757FA41
:109F00000025B0460990A34603954FF0FF0AA946E5
:109F10002646E8B20690049920462A46FFF722FA20
:109F200000285FD096F8B27294F8AC300DF1280C8E
:109F300005F80C7063B120464146059A069BCDF8A2
:109F400008C0FFF77EFADDF808C0381805F80C00E5
:109F500041460DF18F020DF18E0320460095FFF76B
:109F600028FF9DF88E3096F82C269A4228BF1A4674
:109F700004F598539B7959B28A42C8BFC3EB0202D9
:109F80000AABE95CCCBFD2B200228DF88E208A42A7
:109F900028BF0A4694F8E010EA54642904D84A43DA
:109FA000642092FBF0F2EA540AABE85C9DF88F1053
:109FB00096F89126884228BF014609988A4294BFA4
:109FC000C0EB0200C0EB0100C1B2039AE954069B4A
:109FD000514538BF8A46494588BF1A4603924945CC
:109FE00028BF894601350136142D92D1652204F52A
:109FF000A2600021EFF30EF6039D002294F81A06EA
:10A0000084F8189684F829A684F82AA684F8F826F5
:10A0100084F8195623460AA9515C83F8751508B1CE
:10A02000089D15B1C1EB090101E0CAEB0101013244
:10A0300083F810150133142AEDD100235A46079DE9
:10A0400092F91015B5F9E60301334118DBB282F835
:10A0500010150132042BF2D1E36A0BB12046984768
:10A0600025B0BDE8F08F7F2938B5044626D80023F7
:10A07000E2180133652B82F8B212F9D10023E269AC
:10A0800084F8F736107FF0B1D4F8F810890717D4A8
:10A09000D4F8B030D3F8203103F0010383F0010588
:10A0A00013B110693EF060D92046FFF7E4FE4DB9C8
:10A0B000E36918693EF044D9284638BD052038BD0B
:10A0C000184638BD002038BD70B500F52C760D4619
:10A0D00004460422B01CEFF339F5291D0822B01DF7
:10A0E000EFF334F504F52E7005F10C01082206306B
:10A0F000EFF32CF504F5387005F134010822063031
:10A10000EFF324F504F53A7005F13C01082206301E
:10A11000EFF31CF504F5307005F114010822063048
:10A12000EFF314F504F5327005F11C010822063036
:10A13000EFF30CF504F5347005F124010822063024
:10A14000EFF304F504F5367005F12C010822063012
:10A15000EFF3FCF404F53C7005F1440108220630ED
:10A16000EFF3F4F404F53E7005F14C0108220630DB
:10A17000EFF3ECF404F5407005F1540108220630C9
:10A18000EFF3E4F404F54270063005F15C010822B7
:10A19000EFF3DCF495F8643084F81633D4F8B0307B
:10A1A000D3F8205115F0010509D12046FFF763FED1
:10A1B0005DB1E3691869BDE870403EF0C198E3699C
:10A1C000012518693EF0D0D8EFE770BD80F8E010A7
:10A1D0007047C3699961704780F8D5104176704720
:10A1E00070B504460D46FFF7F3F8224621460023DA
:10A1F000E818067D16B181F8386602E0007981F82A
:10A20000380601330131082BF2D10023E91891F807
:10A21000440010B182F8480602E0097982F8481635
:10A2200001330132082BF1D1E36918693EF09CD863
:10A230002046FFF720FEE3691869BDE870403EF054
:10A240007F9880F8D910704770470000F0B5C16959
:10A2500085B04B7F0446002B6AD090F81A36002B4D
:10A260004AD008693F2228213EF04CD8E3692421D6
:10A27000186910223EF046D8E36994F82926186937
:10A28000262112013EF03ED8E36932211869B4F864
:10A29000FC263EF037D826460025264A02AB106839
:10A2A000516803C3E369186902AB595D3EF002D8F7
:10A2B000E36996F914250746B91D186992B23EF074
:10A2C00021D896F91425E36902EBD272521052425A
:10A2D000186907F10E0192B201353EF013D801362C
:10A2E000082DDAD1E3690322009280221869012146
:10A2F00013463DF0D3DF1BE00346042293F9140517
:10A30000C51D48BF00F10E0525F00705013283F891
:10A31000145501330C2AF1D194F914250869073238
:10A32000D2104E2192B205B0BDE8F0403DF0EA9F58
:10A3300005B0F0BDFAC3010090F81A06704700F5A9
:10A3400082531B793BB180F81A1680F81B1600F572
:10A35000905080F83C10704701232DE9F0430B73B7
:10A360000B68914643F008020A60B0F9FA2685B0FE
:10A37000013204BF43F009030B6090F81A3605461A
:10A380000C461BB10B6843F002030B602F462646B8
:10A390004FF0000897F8B2322846B37749460DF1DE
:10A3A0000F030DF10E02CDF80080FFF702FD9DF8BE
:10A3B0000F3008F1010886F8B03197F8753501378C
:10A3C00086F879320136B8F1140FE3D195F81A36D0
:10A3D00033B3EB691B7F1BB32846FFF738F995F8B9
:10A3E00018362846A37595F81836E37595F819368A
:10A3F000A37695F81936E37609F020F8236810B1B2
:10A4000043F0030301E023F003032846236004F133
:10A410000D0104F1150209F01BF82846FFF71BF99E
:10A4200005B0BDE8F08390F8D83013B1002380F870
:10A43000D83000207047C369012093F881300B7039
:10A44000704773B5C3694FF0030283F88110C36985
:10A45000012900920D464FF001024FF00001044621
:10A4600018698CBF13460B463DF018DFE3695A7F2D
:10A47000002A31D0D4F8B020D2F8202102F0010215
:10A4800082F0010612B118693DF06EDF0222012D43
:10A4900020464FF482610DD91346FFF73FF9A5F12D
:10A4A000020E0122DEF1000320464FF4826143EBED
:10A4B0000E0307E00023FFF731F920464FF48261D5
:10A4C00001222B46FFF72AF936B9E369186902B071
:10A4D000BDE870403DF0349F02B070BD38B590F8D3
:10A4E000E2300446002B69D1012280F8E220D0F846
:10A4F000B020A0F8DA10D2F8202100F582521360C3
:10A50000D0F8F8309A0706D490F8A02E1AB943F084
:10A510002003C0F8F830256A002D4FD001212046D5
:10A52000FFF758F9B4F8DA10B4F8DE3001F44061FE
:10A53000994203D0E36918693DF092DE012104F5E8
:10A54000965383F82D102046FFF746FB2046A84778
:10A55000002384F8E1302046FFF778FEE3692046C7
:10A5600093F88110FFF76DFFE36993F88020012ACB
:10A57000B4F8DA2002F4704209D1B2F5005F01D1DB
:10A580009A6F09E0DA6F012A88BF002204E0B2F571
:10A59000005F0CBF1A6F5A6FDA66D96E2046002230
:10A5A000FEF72DFF002384F8E230E3699221186959
:10A5B0003DF08ADE04F592544000608038BD10B54D
:10A5C00090F8E930002B2AD0DB0719D5D0F8F0300D
:10A5D0008B420FD1C369D3F88C401B1983F88220BA
:10A5E000C369D3F88C40072C01D0013400E000246B
:10A5F000C3F88C4090F8E93023F0010380F8E9308B
:10A6000090F8E93013F0020F09D023F0020380F82C
:10A61000E930C3691869BDE810403DF09B9E10BD4C
:10A620000B4690F8E910B1B9012B02D0022B04D1EE
:10A6300001E0C0F8F02080F8E930C3691B6AC0F877
:10A64000EC3000F5805393F8253023B111466FF0BC
:10A650005E02FFF7B4BF704710B50446FFF70EFB6C
:10A660000221C2B22046BDE81040FFF7D9BF08F072
:10A6700074BF0023C1691A46C81890F982000133DB
:10A68000082B0244F8D1002AB8BF0732D20850B2D2
:10A690007047012106F0A4BB704713B5044608F0CB
:10A6A00004FFE269136A0133136294F8E810002989
:10A6B00072D004F59C50418819B1A4F88618A4F80A
:10A6C0008818C18819B1A4F88018A4F87C1804F57A
:10A6D0009C51898819B1A4F87A18A4F87E18126ED2
:10A6E000B3FBF2F102FB113323B92046B4F8DA10C0
:10A6F000FEF7D2FED4F8F83013F00E0F05D1204645
:10A70000012194F8DA20FFF78BFF94F8E9304BB180
:10A71000E3691A6AD4F8EC30D31A052B02D9002366
:10A7200084F8E93004F582539A682AB1E369196A1A
:10A730001B6E8A1A9A420CD3D4F8F830980708D4C2
:10A740002046FEF70DFE20B1E26904F58253126A3D
:10A750009A60D4F8F83019071ED1D4F88C300BB1B8
:10A7600020469847E36918693DF068DD68B1E36900
:10A7700001A918690DF107023DF06ADD20469DF838
:10A780000710BDF80420FEF748FED4F8F8301A0789
:10A7900002D1204608F0E1FE00201CBD00F59853D0
:10A7A0001B7D0BB105F012B870470023C169C918B1
:10A7B0000133082B81F88220F8D10023C269A4213B
:10A7C000D2180133082B82F88210F7D1C369002216
:10A7D000C3F88C20DA6E032A07D100F58052916904
:10A7E000C90702D51B6A0833136100F58A53303359
:10A7F00000224FF6A471013223F8021F102A198497
:10A80000F7D100F58E50002380F8323070470000F9
:10A8100049F675334B6000230B604FF434029842C5
:10A82000ACBF01234FF0FF3302FB03022DE9F041DF
:10A830004FF0B47492FBF4F004FB1022214800FBAB
:10A840000323002B05DBDA130132B52A0DDD1B18BB
:10A8500008E05A42D2130132521052425A3204DAFC
:10A8600003F534034FF0FF3400E0012400200246DA
:10A8700005464E68AB420F68DFF84CC046FA02F856
:10A8800009DDB8441741F61B4E605CF80060C1F862
:10A890000080AD1909E0C8EB07081741F6194E60B2
:10A8A0005CF80060C1F80080AD1B01320430122A50
:10A8B000DFD14B6863434B600B685C430C60BDE8C1
:10A8C000F08100BF00004CFF24EB010038B500F51B
:10A8D0008E530546996B08E00B684FF43D72A363F5
:10A8E000EB699868F3F3EEF7A16B05F58E54002938
:10A8F000F2D105F5925510354FF6CE73A16365631D
:10A90000A5F89430C5F8901038BD00F58E5310B5F9
:10A910005C6B00F59653996A19B1C36918693DF0EB
:10A9200005DD00236370A37010BD08B533B900F5D1
:10A93000905090F827101846116008BD29B10129E0
:10A9400003D0022901D0032907D100F5905383F8E1
:10A950002710FFF7DAFF002008BD6FF01C0008BDCC
:10A9600080EAE073A3EBE073002001E00130C0B2A5
:10A9700053FA00F2002AF9DC704710B500230246B2
:10A9800018464FF0804119410C1894424FEA50008C
:10A990009CBFC4EB020208430233202BF1D190424A
:10A9A00038BF013010BDC36983F89010C36983F8C4
:10A9B0009120C36983F89210C36983F8932070478C
:10A9C000C36983F89210704700F5985393F93600E5
:10A9D00093F935309842B4BF01200220704700003F
:10A9E0000048704739F1010010B50C46002108F00D
:10A9F000D8F82070012010BD70470846704700202D
:10AA0000704700F58E50806B03E0C3888B4202D004
:10AA100000680028F9D17047B0F8DA10FFF7F1BFED
:10AA200070B504460D46FFF7ECFF05F47043B3F52F
:10AA3000805FE369EAB208BF42F480720646A02153
:10AA400018693DF05FDCA36A04F58E5116B106F576
:10AA5000177202E004F5925210324A6313B1204695
:10AA60002946984736B304F58E535A6B537873B121
:10AA7000E36904F59656B16A18693DF057DCE3695D
:10AA800000221869B16A13463DF0CEDB12E004F5EE
:10AA9000905393F827306BB1032B0BD0E369D2F8B6
:10AAA0009020196A9B6E8A1A9A4203D3204602218B
:10AAB000FFF7B2FF20462946BDE87040FEF7ECBC28
:10AAC000E02910B5044613DC41F430639BB20E2933
:10AAD000CCBF4FF480514FF400511943FFF7A0FF52
:10AAE0000123204684F8D83008F047FF002010BD2D
:10AAF0006FF0120010BD70B50D460446D0F8B0607E
:10AB0000FFF791FC1DBB04F596560A212046F28EF4
:10AB1000FEF710FC204640F24B412A46FEF70AFCA5
:10AB20002046294606F082F8E369F5861B6D13F08E
:10AB3000020351D0328FD4F8B0304FF47A70A3F8BA
:10AB40009C24B28FA3F89E24F3F3F0F345E0E3696D
:10AB50001B6D9B071ED5D4F8B02004F59653B2F8B0
:10AB60009C14B2F89E2489B292B29963DA63B6F863
:10AB70009C344FF47A7023F400731B041B0CA6F86A
:10AB80009C34B6F89E349BB243F40073A6F89E340E
:10AB9000F3F3CCF3294620460122FFF791FF054647
:10ABA000D8B904F59656F38E5BB90A212046FEF714
:10ABB000B6FB40F24B41F0864FF6FF722046FEF79F
:10ABC000B9FB2046012106F031F820460A214FF456
:10ABD0009472FEF795FD00E01D46284670BD38B51D
:10ABE00005460C46FFF71FFC28463CB906F008FE58
:10ABF00028464FF4404104F0D3FE0FE021460022E6
:10AC0000FFF75EFF044648B92846214670222346D6
:10AC100006F052FD28465E2105F080FA204638BD38
:10AC2000F8B505460C46FFF7FEFB2846214634B929
:10AC300005F5965506F09CF82646AC8611E00122F3
:10AC4000FFF73EFF064660B905F59657BB8E23B960
:10AC500028460A21FEF763FBB8862846214606F0FF
:10AC600087F83046F8BDF7B5089E04460D461F46E6
:10AC70003BB1032A05D9684619460422EEF366F76C
:10AC800001E000230093A82D00F0058117DC5C2D66
:10AC900000F0B98009DC3C2D00F0AA804A2D00F0BC
:10ACA0009C801B2D40F0F48027E05E2D2ED0C0F25A
:10ACB000B3805F2D3BD0872D40F0EA8018E0C32D94
:10ACC00076D006DCAA2D46D07EDBC22D40F0E08097
:10ACD000E1E0D42D00F0B78003DCD32D40F0D88024
:10ACE000A4E0A5F59A75033D012D00F2D180E3E0C3
:10ACF0002046FFF7BEFC3860DEE0E3691D7F002DD3
:10AD000040F0D4802046FEF71CFBD6E001233370D0
:10AD1000E3695B7F002B00F0C1802046FEF797FCC3
:10AD20002046BDF80010FEF7FAFA38600FE0012364
:10AD30003370E3695B7F002B00F0B0802046FEF7A4
:10AD400086FC009A204691B2120CFEF7F3FA2046D8
:10AD5000FEF781FCB0E0E3695A7F002A00F09E8094
:10AD600018693DF001DB2046FEF771FC00233B60D3
:10AD7000D4F8BC20082A13D10DF1070220460DF1AA
:10AD800006018DF806308DF8073008F061FB9DF95B
:10AD900006209DF9073092B29BB243EA02233B6042
:10ADA0002046FEF758FCE36918693DF0C9DA83E0F4
:10ADB000E3691B7F002B74D03B88032B34BF6FF0FB
:10ADC0000C056FF0010578E0E3691B7F002B14BFD1
:10ADD0006FF00C056FF003056FE0E3691B7F002B3C
:10ADE00064D1236B002B5FD02046009998471BE06D
:10ADF000E3691B7F002B59D1204600997A68BB6814
:10AE0000FFF779FE10E0E3691B7F002B4ED120464F
:10AE10000099FFF7E4FE07E0E3691B7F002B45D1B3
:10AE200020460099FFF7FCFE054646E0E36904F57D
:10AE30008054DA6E3A60A56915F001053DD042F004
:10AE400080023A6038E0009B042B32D8E269D16E70
:10AE5000994231D0157FD366002D2ED010693DF078
:10AE600083DA009B23B1204600210122FEF7C7FAB6
:10AE7000E3690122D96E2046FEF7C1FAE369002892
:10AE800018690CBF6FF0020500253DF059DA14E097
:10AE90006FF0160511E06FF00C050EE06FF00A057B
:10AEA0000BE06FF0030508E01D4606E06FF00405B7
:10AEB00003E06FF01C0500E000252846FEBDC369D5
:10AEC0009B699B0007D5D0F8B0300322A3F8B426C5
:10AED000FF22A3F8B82670472DE9F041984688B0C4
:10AEE000002307930E9B0446032B0D460F9E119FD4
:10AEF00004D907A841460422EEF328F6079940F248
:10AF000086200B1C18BF012385421A4600F02981B8
:10AF100035D840F26A20854277D015D8532D09D80C
:10AF2000522D80F04A81502D00F04781512D40F084
:10AF3000468187E040F25A20854271D040F25B2082
:10AF4000854240F03C816EE040F27E239D4200F05D
:10AF5000EA8009D840F27A239D427CD040F27B23DC
:10AF60009D4240F02C81ADE0B5F5217F00F0F080EE
:10AF700000F2E980B5F5207F40F02181D8E040F271
:10AF8000D6239D4200F019811CD840F295239D42A2
:10AF900054D009D840F291239D4247D040F29323E8
:10AFA0009D4240F00C8145E040F29D239D4200F01F
:10AFB000E28040F2B6239D4222D0B5F5277F40F0D3
:10AFC000FE80D4E040F2DD239D4200F0F28009D8FB
:10AFD00040F2DA239D4200F0D480B5F5377F40F08F
:10AFE000EE80DBE0B5F53D7F07D0C0F0E880A5F549
:10AFF0003E73063B012B00F2E2806FF01605F2E093
:10B0000020463146FEF79CFAD7E02046FEF71FFBAC
:10B0100020463146FEF7BBFA2046FEF71CFBCCE08B
:10B0200094F8E830A1E084F8E830C6E004F59C54D8
:10B030006180C2E004F59C54A180BEE004F59C54FC
:10B04000E180BAE001230E932046334608B0BDE804
:10B05000F041FEF7DFB9E3691A7F002A00F0BE80F5
:10B06000D4F8B020D2F8202102F0010282F00107CA
:10B0700012B118693DF078D92046FFF720FF20462D
:10B08000FEF7E5FA04F59050457A8179C279037AA2
:10B090000095857A0195C57A029590F821000025E2
:10B0A000039020460495FEF7CEF930602046FEF767
:10B0B000D2FA002F40F09780E3693D4618693DF0D1
:10B0C0003FD990E00A1602F00F02012A00F28980AF
:10B0D0000D1505F00305012D00F28380881500F0A1
:10B0E000030003287DD00E1406F00F06012E78D839
:10B0F0000F12FFB2A7F10A03DBB2052B71D8CBB256
:10B10000012B01D9032B6CD104F590540E2F28BFCD
:10B110000E27090FA771E37126726572A072E272A1
:10B1200084F8211049E008A9012341F8043D07E013
:10B13000B4F8DA102046FEF7CBFD08A941F8040D5B
:10B1400030463A4632E004F5805484F83B1034E04F
:10B1500004F5805494F83B3008A941F8043D30468A
:10B1600023E0D4F8F830C3F30013336025E0204621
:10B170003246002302E0204632460123FFF7D5FB8A
:10B180001BE02046012108F0A4F9002508A941F898
:10B19000045D30460422EEF3D9F424E02046002179
:10B1A00007AA08F0B4FA304607A90422EEF3CEF459
:10B1B00003E02046002208F0AAFA002513E00191DE
:10B1C000029229462046424633460097FEF7C6F9CA
:10B1D00010F1170F0CBF0546002504E06FF00305C2
:10B1E00001E06FF01C05284608B0BDE8F081D0F8FA
:10B1F000F83013F0060F0CBF002001207047F8B59F
:10B200000D46B0F8DA10044616461F46FEF760FDFC
:10B2100040B9B4F9FC303360B4F9FE303B60B4F9A6
:10B2200000312B60F8BDD0F8A80070472DE9F0413F
:10B23000C36905465B690C460A2BCF888E8806D900
:10B24000488A10F4807002D10123CB7731E0284680
:10B25000FFF7E9FFB4F808801B4BFFB24FEA9828CC
:10B260007F2F13F90830C8BFA7F58077FF1816F4B1
:10B27000006F05F59A5314BF93F91B3093F91A30F8
:10B2800090F95F10FF18E28A79187F2902F4FF62B3
:10B29000C8BFA1F58071D21042F430630E2ACCBF32
:10B2A0004FF480524FF40052284649B21A43FFF738
:10B2B000A4FB0146B20B207749B2284602F00102F6
:10B2C000BDE8F04107F0EEBCFE0E0200C369986EC7
:10B2D0007047C3699966704710B50C890399029B42
:10B2E00002910499039105990491069905910069C9
:10B2F00011462246BDE8104029F0429DB0FBF1F313
:10B3000010B501F0010401FB130004EB510108E04A
:10B310005B00884204D3401A013304EB400000E094
:10B320004000013AD2B2FF2AF2D1884228BF01334D
:10B33000184610BDD0F8A83001225A867047B0F8E0
:10B34000DA10D0F8A820CBB201F47041B1F5005F5B
:10B3500003D1D31893F8E73487E0702B5DD01CD865
:10B36000382B48D00CD82C2B3CD004D8242B33D0ED
:10B37000282B79D133E0302B37D0342B74D137E000
:10B38000642B41D004D83C2B38D0402B6CD138E012
:10B39000682B3CD06C2B67D13CE0882B4FD00CD86D
:10B3A0007C2B43D004D8742B3AD0782B5CD13AE074
:10B3B000802B3ED0842B57D13EE0992B48D004D827
:10B3C0008C2B3FD0952B4FD13FE0A12B46D0A52B06
:10B3D00047D09D2B48D13EE092F8F63445E092F8F4
:10B3E000F73442E092F8F8343FE092F8F9343CE068
:10B3F00092F8FA3439E092F8FB3436E092F8FC34F3
:10B4000033E092F8FD3430E092F8FE342DE092F80B
:10B41000FF342AE092F8003527E092F8013524E065
:10B4200092F8023521E092F803351EE092F80435D7
:10B430001BE092F8053518E092F8063515E092F811
:10B44000073512E092F808350FE092F809350CE064
:10B4500092F80A3509E092F80B3506E092F80C35BF
:10B4600003E092F80D3500E00023D2F8E41490F8E0
:10B470002A268A1AD31858B270470846704749B22C
:10B48000481C401049100831C0F1080041EA001082
:10B4900080B27047B0F8DA20D0F8A83002F47042D9
:10B4A000B2F5005F06D193F83C0543B2013303D0F7
:10B4B000C0B27047002070470020704738B504467E
:10B4C000D0F8A850FFF7E6FF10B995F8460540B14F
:10B4D000B4F8DA0000F47040A0F50053584240EB95
:10B4E000030038BD30B5D0F8A8008FB00023002588
:10B4F00001AC1D550133322BF9D1531C90F8E933BF
:10B5000006D111B1B0F93E2503E0B0F9402511E0B4
:10B5100081B1A02B4FF000038DF804301DBF8DF8D2
:10B5200005308DF806308DF807308DF806308DF82F
:10B53000083031E0A02B4FF0000315D001218DF829
:10B5400018108DF81910FE218DF81C108DF81D10A3
:10B55000FF218DF81A308DF81B308DF81E308DF8D4
:10B560001F108DF8223017E002218DF81810FC21F1
:10B570008DF819308DF81A308DF81B308DF81C10AD
:10B580008DF82230FE2104238DF81D108DF81E1039
:10B590008DF81F108DF830300EAB9A1812F9340C5C
:10B5A0000FB030BD10B5C16900F581520B6A126849
:10B5B000D0F8A840934201D39B1A01E0D243D3189C
:10B5C00094F8BC4290F8DA20944205D1886E834208
:10B5D00034BF0020012010BD012010BD7047D0F8FD
:10B5E000A83093F80604002808BF10207047000018
:10B5F0001023164A30B51946042449B24910C9B27D
:10B6000002424DB203D0CB18DBB2AA4002E0EA40BE
:10B610005B1ADBB2013CF0D1024201D1013BDBB24B
:10B6200003EB43015BB2C9B2032B0A460CDD033BBB
:10B63000D8400D2801D9CA1C06E00A2801D98A1C65
:10B6400002E0082888BF4A1C50B230BD0000FFFF4E
:10B65000D0F8A830002283F8902383F8912383F850
:10B66000922383F8932383F894237047704708B597
:10B6700040F2A441FDF753FE00F4404008BD70B510
:10B680000C4640F239410646FDF749FE00F4607071
:10B69000C011E08040F2B5413046FDF740FE40F277
:10B6A000FB4105463046FDF73AFEEBB2C0B22D0A2B
:10B6B00023806580A08070BD08B540F2FB41FDF796
:10B6C0002EFE00F4FE40000A08BD2DE9F8430D46A9
:10B6D00040F2B76104469146FDF721FE40F2B661A3
:10B6E00080462046FDF71BFE40F2B5610746204626
:10B6F000FDF715FE40F2B461064620460024FDF732
:10B700000EFE2146234650FA04F212F0010202D145
:10B710000131C9B200E001220133DBB2102B12D09B
:10B720000134002AEFD001220DE0A3F1100456FAF3
:10B7300004F4E40702D40131C9B200E0012201336C
:10B74000DBB21F2B0FD8002AEFD001220BE0A3F1B0
:10B75000200457FA04F4E40702D40131C9B200E02E
:10B7600001220133DBB22F2B0FD8002AEFD00122A8
:10B770000BE0A3F1300448FA04F4E40702D40131E9
:10B78000C9B200E001220133DBB23F2B04D94FF0F4
:10B790000F0C00233F2402E0002AEAD0F7E748FA22
:10B7A0000CF212F0010202D1013CE4B200E00122ED
:10B7B0000133DBB2102B14D00CF1FF3C002AEED089
:10B7C00001220EE0C3F11F0C47FA0CFC1CF0010F24
:10B7D00002D1013CE4B200E001220133DBB21F2BB5
:10B7E00010D8002AEED001220CE0C3F12F0756FA40
:10B7F00007F717F0010F02D1013CE4B200E001228B
:10B800000133DBB22F2B10D8002AEED001220CE03E
:10B81000C3F13F0650FA06F616F0010F02D1013CC3
:10B82000E4B200E001220133DBB23F2B01D8002A51
:10B83000EED02C7089F80010BDE8F88338B540F2DE
:10B840002341D0F8A8400546FDF769FDC0B2A4F831
:10B8500064034FF4AA612846FDF761FD8005800D61
:10B86000A4F8680340F234412846FDF758FDC0B201
:10B870007F28A4F86603C4BFA0F58070A4F866030F
:10B8800040F232412846FDF74AFDC0B27F28C4BFCE
:10B89000A0F5807080B284F8BC0338BD2DE9F84370
:10B8A000B0F8DA20044602F47042B2F5805FD0F8B6
:10B8B000A83007D1B3F8920503B2013355D080B256
:10B8C000BDE8F883B3F890351AB2013202D098B2CD
:10B8D000BDE8F88340F2A541FDF721FD40F2A54106
:10B8E00081462046FDF71BFD40F20D418046204673
:10B8F000FDF715FD40F20D4107462046FDF70FFD0F
:10B9000040F2A24106462046FDF709FD40F2A24161
:10B9100005462046FDF703FD08F4E04801234FEA01
:10B92000283803FA08F806F4E06600F4E0603612FE
:10B93000001213FA06F613FA00F05FFA89F91FFAFB
:10B9400088F8C144FFB24F44B6B2EDB280B2BF191D
:10B95000281807EB40002830984080B2B0F5C86F37
:10B9600038BF4FF4C860BDE8F8834FF4C870BDE835
:10B97000F88370B50D4640F239410446FDF7CFFC1F
:10B9800040F67F43034043EAC513204640F2394165
:10B9900040F6FF729BB2BDE87040FDF7BFBE70B5C8
:10B9A0000C1C18BF012405468022E3014FF4966168
:10B9B000FDF7B4FE2846A3034FF496614FF480428E
:10B9C000FDF7ACFE284640F23B414022A301BDE812
:10B9D0007040FDF7A3BE70B50C460546FFF76CFE40
:10B9E00062882388064643EA0223284640F2B5418E
:10B9F0004FF6FF729BB2FDF791FE3602A388B6B2F6
:10BA00002846334340F2FB4147F6FF72FDF786FEBE
:10BA100062882388284643EA022340F2FC414FF61D
:10BA2000FF729BB2FDF77AFEA388284647F6FF72A5
:10BA3000334340F2FD41FDF771FE2846E188FFF7F0
:10BA400098FF28460121BDE87040FFF7A8BF70B5F8
:10BA50000C1C18BF0124054623024FF496614FF4D5
:10BA60008072FDF75BFE0122284640F24C412346DE
:10BA7000FDF754FE230328464FF496614FF480529D
:10BA8000FDF74CFE630328464FF496614FF40052D5
:10BA9000FDF744FE2022630128464FF49661FDF72E
:10BAA0003DFE6302284640F2AE414FF40072FDF7BE
:10BAB00035FEB5F8DA3003F47043B3F5005F10D10A
:10BAC0002846A3024FF496614FF48062FDF726FEEC
:10BAD000284640F2E5410822E300BDE87040FDF74A
:10BAE0001DBE70BD090270B58CB2234640F2FB4109
:10BAF0004FF4FE420546FDF711FE284640F2FD4197
:10BB00004FF4FE422346BDE87040FDF707BE70B516
:10BB10000E4604461546334640F2456140F2FF3278
:10BB2000FDF7FCFD20462B4640F2466140F2FF3215
:10BB3000FDF7F4FD2046334640F2476140F2FF3204
:10BB4000FDF7ECFD20462B464FF4C96140F2FF3271
:10BB5000FDF7E4FD2046334640F2496140F2FF32F2
:10BB6000FDF7DCFD204640F24A6140F2FF322B46F1
:10BB7000BDE87040FDF7D2BD01490C22FDF7E0BDE4
:10BB800088F301002DE9F0471F46BDF82C50BDF8A1
:10BB90002430BDF820E089469046BDF8281005F015
:10BBA000030203F00F0342EA032343EA0E334FEA92
:10BBB000811E5FFA8EFE43EA0E0301F0030143EAA1
:10BBC000011343EA820340F2B6414FF6FF729BB283
:10BBD0000446BDF83060FDF7A1FD0F2207EA02031D
:10BBE000EF02204640F2B741BFB2FDF797FD3603A2
:10BBF0003B46204640F2B1414FF46052FDF78EFDC6
:10BC0000B6B2062220462149FDF79AFD204640F2B1
:10BC1000AE414FF470423346FDF780FD4FEA4823B2
:10BC2000204640F2B1414FF4007203F47E43FDF729
:10BC300075FD0122D9F1010338BF0023204640F2EF
:10BC40004D41FDF76BFDB4F8DA3003F47043B3F502
:10BC5000005F11D1204640F2B1414FF4C0523B4643
:10BC6000FDF75CFDED004FF6F873204640F2E6412B
:10BC700018222B40FDF752FD204640F2AE414FF412
:10BC800070423346BDE8F047FDF748BD62F401005D
:10BC900010B5044686B031B90F490E2206B0BDE892
:10BCA0001040FDF74DBD09220C49FDF749FD00216B
:10BCB00003220623009302920423039220460A469D
:10BCC00004910193FFF75EFF2046012106B0BDE815
:10BCD0001040FFF7BCBE00BF06FA010022FA0100C7
:10BCE000D0F8A830D3F8741529B1C3694FF4207285
:10BCF0009868F2F3E7B57047F8B5D0F8A830064673
:10BD0000D3F87C55D3F8787500240DE014236343F1
:10BD1000E9180A694968F0694A438068E958D20815
:10BD2000F2F3D0F50134E4B2BC42EFD3F8BD38B53C
:10BD3000D0F8A8400546D4F87C3573B10121FFF74F
:10BD4000DBFFEA69D4F87835906814225A43D4F8B6
:10BD50007C15BDE83840F2F3B5B538BD00F5985311
:10BD6000196910B5044629B1C36942F608529868AA
:10BD7000F2F3A8F52046FFF7B3FF2046FFF7D7FF01
:10BD8000E369D4F8A810986840F2CC52BDE810409E
:10BD9000F2F398B510B54FF480520446002340F2F8
:10BDA000C961FDF7BBFCD4F8A830B3F8C224D2B106
:10BDB00093F8E9332046A02B40F2896101D1232278
:10BDC00000E03022FDF7B6FAD4F8A830B3F8C23458
:10BDD000022B0ED14FF48052204640F2C961134627
:10BDE000FDF79CFC05E0204640F289612322FDF727
:10BDF000A1FA204604222749FDF7A2FC2046002292
:10BE000040F27961FDF796FA204608222249FDF7B3
:10BE100097FCD4F8A8302046B3F8C2244FF4D96177
:10BE2000FDF788FA204606221C49FDF789FCD4F864
:10BE3000A8304FF48072B3F8C23420461A41013A58
:10BE40004FF4D06192B2FDF775FAD4F8A8304FF4F0
:10BE5000A072B3F8C23420461A41013A92B240F2BD
:10BE60008161FDF767FAD4F8A8302046B3F8C234F0
:10BE700040F27F61013B9BB2012B9ABF084AD25C22
:10BE80003422FDF757FA074920460E22BDE810403C
:10BE9000FDF756BC28F3010030F301000EF4010059
:10BEA000FCF80100EEF6010070B540F23C4104469A
:10BEB000FDF735FA40F23B4106462046FDF72FFAE2
:10BEC00046F00102054640F23C41204692B2FDF7A1
:10BED00031FA45F00102204640F23B4192B2FDF7B3
:10BEE00029FA4FF6FE722046324040F23C41FDF7FF
:10BEF00021FA4FF6FE7220462A4040F23B41FDF700
:10BF000019FA2046324640F23C41FDF713FA20462A
:10BF100040F23B412A46BDE87040FDF70BBA802253
:10BF200038B50D46134640F2D1610446FDF7F6FBE5
:10BF30000DB1012D05D120464FF4DA610F22FDF736
:10BF4000F9F92046BDE83840FFF7AEBF2DE9F041D2
:10BF50000D46B0F8DA10044601F47041B1F5005F07
:10BF600014BFA52189211F461646FDF79BF9B4F899
:10BF7000DA1000F00F0801F47041B1F5005F14BF52
:10BF8000A52189212046FDF78DF900F0F000A8EBEE
:10BF9000101885F80080B4F8DA10204601F47041DA
:10BFA000B1F5005F14BFA6218A21FDF77BF9B4F833
:10BFB000DA1000F00F0501F47041B1F5005F14BF15
:10BFC000A6218A212046FDF76DF900F0F000A5EBCF
:10BFD00010153570B4F8DA10204601F47041B1F54F
:10BFE000005F14BFA7218B21FDF75CF9B4F8DA10CC
:10BFF00000F00F0501F47041B1F5005F14BFA721F7
:10C000008B212046FDF74EF900F0F000A5EB10154E
:10C010003D70B4F8DA10204601F47041B1F5005FCC
:10C0200014BFA8218C21FDF73DF9B4F8DA1000F017
:10C030000F0501F470412046B1F5005F14BFA8213F
:10C040008C21FDF72FF9069B00F0F000A5EB1015F1
:10C050001D70BDE8F081000010B5D0F8A83004468E
:10C0600093F8E933A02B03D111490422FDF768FBB3
:10C0700020464FF48E710022FDF72BF920460D4922
:10C080001822FDF75DFB04F59853DB890BB19BB2D9
:10C0900000E00C232046FF2240F23461FDF73EFB16
:10C0A000054920460922BDE81040FDF749BB00BF05
:10C0B00070F5010078F50100A8F50100B0F8DA107C
:10C0C00010B501F470410446B1F5005F14BFA5211D
:10C0D00089218822FDF7FDF8B4F8DA10204601F432
:10C0E0007041B1F5005F14BFA6218A218822FDF7B7
:10C0F000F0F8B4F8DA10204601F47041B1F5005FB1
:10C1000014BFA7218B218822FDF7E3F8B4F8DA10D9
:10C11000204601F47041B1F5005F14BFA8218C21C5
:10C120008822BDE81040FDF7D4B8000070B5054680
:10C130000E460024074B325B195B28460234FDF79C
:10C14000C8F8182CF6D1044928462246BDE87040AC
:10C15000FDF7F6BA24F90100BEF6010070B504221D
:10C160000D4607490646FDF7EBFA0024054B2A5B0E
:10C17000195B30460234FDF7ACF8302CF6D170BDB7
:10C1800044F5010040F301002DE9F04104461F464B
:10C190001546B0F8DA80FFF772F908F47048B8F580
:10C1A000005F14BF4FF0A5084FF0890802464146D2
:10C1B00020469DF81860FDF78CF829462046FFF7C9
:10C1C0005EF9B4F8DA80024608F47048B8F5005F0A
:10C1D00014BF4FF0A6084FF08A0820464146FDF7ED
:10C1E00078F839462046FFF74AF9B4F8DA500246A3
:10C1F00005F47045B5F5005F14BFA7258B252046D3
:10C200002946FDF766F831462046FFF738F9B4F8BD
:10C21000DA50024605F47045B5F5005F14BFA82555
:10C220008C2520462946BDE8F041FDF752B80000B4
:10C23000012970B504460D4616D106222949FDF79D
:10C240007FFA20463A212A462B46FDF725FA082296
:10C25000204613464FF48D71FDF71EFA20467F21CC
:10C260000022FDF736F832E079B91F490622FDF7C2
:10C2700067FA20463A2101222B46FDF70DFA0822E3
:10C2800020464FF48D7113461FE002291FD1B0F8EC
:10C29000DA307D2103F47043B3F5005F01D103224E
:10C2A00000E02A46FDF715F8204628210F22012339
:10C2B000FDF7F2F98022134620464FF48971FDF70D
:10C2C000EBF92046052107220223FDF7E5F9204678
:10C2D00040F237614FF440420023BDE87040FDF763
:10C2E0001DBA00BF3EFB01004AFB01002DE9F14FE2
:10C2F000D0F8A830044693F80A9093F80CA0DD7AA1
:10C30000DE7C49F400791A7D49EA051993F816B0E4
:10C310000FFA8AF593F8178049EA053546F4007656
:10C32000ADB246EA0216234909224BF4007B5F7D39
:10C330004BEA081B93F81880FDF702FA20462B46BB
:10C3400040F2DB4147F2FF32FDF7E8F920462B4689
:10C3500040F2DC4147F2FF32FDF7E0F946EA0736EA
:10C3600020462B4640F20A4147F2FF32FDF7D6F94C
:10C370004BEA08382046B3B240F20B4147F2FF3295
:10C38000FDF7CCF920461FFA88F340F20C4147F242
:10C39000FF32FDF7C3F92022204682211346FDF724
:10C3A0007BF9012220467C21134601B0BDE8F04F05
:10C3B000FDF772B96EF4010070B506220D464549CD
:10C3C0000446FDF7BDF90026434B2046995BFCF778
:10C3D00069FFA8530236182EF6D107210122204604
:10C3E000FCF777FF1022FF2113462046FDF754F992
:10C3F00004221346204640F21F11FDF74DF90C228E
:10C4000020463649FDF79CF901223A211346204681
:10C41000FDF742F904223A2113462046FDF73CF984
:10C420000822134620464FF48D71FDF735F9082296
:10C43000052113462046FDF72FF901221346204619
:10C440004FF48D71FDF728F9122220462449FDF79B
:10C4500077F92022822113462046FDF71DF9B4F812
:10C46000DA3003F47043B3F5005F09D1D4F8A83093
:10C470009E7ADA7A46F4007646EA02161D7B01E0DF
:10C4800000252E460122204613464FF49B61FDF7FE
:10C4900045F92046B3004FF49B6140F6FC72FDF76E
:10C4A0003DF90222204613464FF49B61FDF736F911
:10C4B0002B0320464FF49B614FF4E04203F470439A
:10C4C000FDF72CF9074920460622BDE87040FDF72C
:10C4D00037B900BFF4F4010024F9010000F50100B0
:10C4E00018F50100AAF6010038B5D0F8A8500446A6
:10C4F000FF22B5F8663340F23441FDF70FF9B5F885
:10C5000064332046FF2240F22341FDF707F920461D
:10C51000B5F868234FF4AA61FCF70CFF20460449E4
:10C520000422FDF70DF91420BDE83840F1F3FEB602
:10C530003CF501002DE9F047C369D0F8A8401B6D18
:10C540000F4640F2234103F48058054694F844A373
:10C55000FCF7E5FE40F2344106462846FCF7DFFED4
:10C560003846FFF745F894F84423B8F1000F0CBFA4
:10C570004FF009084FF0060894F84833B4F8647394
:10C58000002A00F08C80FF1AF6B23F18BF1B4FFA4A
:10C5900087F9B9F1000F1EDAEB6928461B6D03F429
:10C5A0008053002B14BF03220822C9F100030CBFE3
:10C5B0000B2104219A42A8BF1A46B4F8683301FB44
:10C5C00002324FF4AA6192B2FCF7B4FE19F1030FE4
:10C5D00006DAF21C05E0B9F1030F01DDF21E00E0FE
:10C5E0003246B4F8643312B219B2C81C824202DD7A
:10C5F00003339BB203E08A42B8BF0A4693B2BAF152
:10C60000000F12D01AB2B2420FD0284640F2234196
:10C61000FF22FDF783F8284623490422FDF790F80E
:10C620001420F1F383F6002600E00126B4F8662317
:10C630007FB211B2C8EB01007F428742BBB2BCBFE0
:10C64000C8EB02039BB218B209318842C8BF02F19D
:10C650000903B5F8DA20C8BF9BB202F47042B2F504
:10C66000005F0CBF94F94B8394F94C8343449BB215
:10C67000BAF1000F05D0284640F23441FF22FDF701
:10C680004DF8284640F22341FCF749FE94F8BC33AC
:10C6900084F8BD0384F8BE0384F8BF3300E00126AC
:10C6A0003046BDE8F08700BF58F701002DE9F041A2
:10C6B00004460F469046354906221E46069DFDF764
:10C6C0003FF8204640F282414FF6FF723B46FDF7AD
:10C6D00025F8204640F28141FF224346FDF71EF82F
:10C6E0003EB9204640F281414FF480723346FDF757
:10C6F00015F8204626490322FDF722F8BDF81C3024
:10C700000A275F43002605E0BE4236DC6420F1F3D1
:10C710000DF60136204640F28141FCF700FE83050C
:10C72000F2D440F283412046FCF7F9FD40F2844107
:10C7300006462046FCF7F3FD40EA0640286040F23A
:10C7400085412046FCF7EBFD40F286410646204637
:10C75000FCF7E5FD40EA0640686040F2874120466C
:10C76000FCF7DDFD4FF4916106462046FCF7D7FD4E
:10C7700040EA0640A860012500E000252046054962
:10C780000622FCF7DDFF2846BDE8F081C6F4010073
:10C79000D2F40100D8F4010070B540F24A410546D8
:10C7A000FCF7BDFD40F0440086B24FF6BF7428464A
:10C7B0003246344040F24A41FCF7BCFD224628464E
:10C7C00040F24A41FCF7B6FD0420F1F3AFF54FF615
:10C7D000BB72284640F24A412240BDE87040FCF757
:10C7E000A9BD38B5054641F2893404E06420F1F36F
:10C7F0009DF5013C07D0284640F25141FCF78FFDE2
:10C8000010F4404FF2D1284640F25141FCF787FD29
:10C8100010F4404F14BF0020012038BD40F24C41BD
:10C820004FF6FC72FCF75FBF38B5C36904460D468E
:10C8300018698E213BF048DDE36941191869490008
:10C84000BDE838403BF0409D2DE9F0410C462721E2
:10C8500005461746FFF7E8FF10F001061DBF4FF62B
:10C86000F07606404FF6F0784FF001082821284670
:10C87000FFF7DAFF00EA0800B0420AD0013C631C6F
:10C88000002B02DD1420F1F351F5002CEEDC00202A
:10C8900000E0012007B13C60BDE8F081C36970B5DC
:10C8A00004460D4618698E2116463BF00DDDE369FE
:10C8B0004119186949003246BDE870403BF0229D9D
:10C8C00070B50446D0F8A8500E4689B340F2DA613C
:10C8D00042F20802FCF714FF204640F2A65105225E
:10C8E000FCF728FD204640F2A251C322FCF722FDAE
:10C8F000204640F2A5510722FCF71CFD204640F2DD
:10C9000083514FF44872FCF715FD204640F28451E4
:10C910000022FCF70FFD204640F285514FF40072D3
:10C92000FCF708FD204640F286510022FCF702FD8C
:10C9300020462721FFF778FF1EB140F00106B6B26E
:10C9400002E04FF6FE76064095F894330522ED1886
:10C9500095F8953320465A432621042A98BF05228C
:10C96000FFF79CFF1036B6B2204627213246BDE8BD
:10C970007040FFF793BF70B5D0F8A8300D46002186
:10C9800083F846130446FFF79BFF15B12046FFF7D7
:10C99000ABFD03222046134640F67A01FCF7BEFEAB
:10C9A000204640F2DA6142F208020023BDE87040FE
:10C9B000FCF7B4BE10B500210446FFF7DCFF2046AB
:10C9C000BDE81040FEF744BE70B50122044640F6B3
:10C9D0000501D0F8A850FCF793FE20460722052356
:10C9E00040F22F41FCF79AFE20463021F8234FF405
:10C9F000FF62FCF793FE0623204630210722FCF756
:10CA00008DFE204640F2144141F61062FCF792FC84
:10CA1000204640F215414FF4C862FCF78BFC4FF4FE
:10CA20007743204640F2DF414FF47F42FCF776FE29
:10CA30002046FFF7B1FE204627220C49FCF780FE76
:10CA40002046FF22B5F8C63540F23241FCF766FEBB
:10CA5000B5F8C8354FF47F421B02204640F2324100
:10CA60001340BDE87040FCF759BE00BF82F80100DA
:10CA7000002914BF0223002310B5002A18BF43F079
:10CA8000010340F24D4103220446FCF747FE2046D5
:10CA900040F24C410322BDE81040FCF731BE0000DB
:10CAA0002DE9F04F0446C5B0002601911546439686
:10CAB0004296FCF7CCFDE3694FF0805118690A46B5
:10CAC0003BF0E2DB0520F1F331F4334620464FF42E
:10CAD00089614FF48042FCF721FE4FF4A8422046C2
:10CAE00040F25541FCF726FC40F256412046FCF747
:10CAF00016FC00F00F0005280CBF4FF4A84245F2C9
:10CB00000142204640F25541FCF714FC00264FF04C
:10CB1000A008B146B246374640F256412046FCF7DF
:10CB2000FEFB00094FEA005B40F257412046FCF74C
:10CB3000F6FB4FEA1B5BB8F1900F4BEA003B1FDCA2
:10CB40007F2E1DDC4FEA8B439B0CB3F5005FC8BF03
:10CB5000A3F5804303F50062B2F5805F23D802A9F4
:10CB600021F81A3044A901EB890252F8081CCA4482
:10CB7000CB1842F8083C8AF0400A89F001090136D6
:10CB80004FEA1B3B0BF00C0B4BEA071B18F0010F95
:10CB90004FF6CC770BEA070702D0FBB2402B02D14D
:10CBA000B8F10108B8D1E369002218694FF080514B
:10CBB0003BF06ADB2046FCF74EFD429B9B11429303
:10CBC000439B9B11802E439324D1002341A91846F7
:10CBD0000EE042EA070C02AC34F91CC00132C6EB8D
:10CBE0000C04402A04FB0400F3D10133022B04D0CF
:10CBF0009F0151F8046F0022EBE7019C2860800937
:10CC00002060064BA0F53A60183898428CBF00208F
:10CC1000012000E0002045B0BDE8F08F48F4FF0F90
:10CC2000F8B5D0F8B0300446D3F8203103F0010352
:10CC300083F001071BB1C36918693BF095DB2046FF
:10CC4000FCF705FD32260025204640F2B151FCF7E5
:10CC500066FB00F0100080B200B10135013EF6B273
:10CC6000002EF1D164235D4340F6C4139D4220465B
:10CC700094BF00250125FCF7EEFC1FB9E369186994
:10CC80003BF05EDB2846F8BD38B504460846FEF7A3
:10CC9000AFFCE369A0F19D05A02118693BF014DB0E
:10CCA0002AB26FF061039A42B8BF1A46C1B252B2BB
:10CCB0002046BDE83840FDF782BC2DE9F04F00F575
:10CCC00082531B79D7B004460D46D0F8A870002BCC
:10CCD00000F07682C3696A2118693BF0F5DA4000FA
:10CCE00086B2002E00F06C822046FEF7C0FCE3699D
:10CCF000024610B91869314660E2186931463BF0C6
:10CD0000E3DA012800F05C8206F16E039BB2049323
:10CD100006F1AA0306F1060B06F13A0A9BB21FFAC6
:10CD20008BFB1FFA8AFA0593002D00F0388220460B
:10CD300040F2F941FCF7F3FA020700F1418206AD37
:10CD4000AB1C01931AAB02930DF16A0303932046C7
:10CD5000002340F2764140F2FF120095FCF725FDDA
:10CD60002B1D0093AB1D01931BAB02930DF16E03C2
:10CD700003932046002340F2774140F2FF12FCF774
:10CD800014FD05F10803009305F10A0301931CABA0
:10CD900002930DF172030393204640F2AA4148F238
:10CDA000FF1248F27F03FCF700FD05F10C0300932E
:10CDB00005F10E0301931DAB162202930DF17603CC
:10CDC00003932046134640F23B41FCF7EEFC05F18D
:10CDD0001003009305F1120301931EAB02930DF1B2
:10CDE0007A03462203932046002340F23C41FCF79D
:10CDF000DCFCB4F8DA3005F1140203F47043B3F547
:10CE0000005F05F116038DE80C001FAB029341F2A1
:10CE10002B020DF17E030393204640F24C41134652
:10CE200037D1FCF7C2FC05F11803009305F11A0392
:10CE3000019320AB02930DF182030393204640F24D
:10CE40004D4144F22B0244F20A03FCF7AEFC05F11B
:10CE50001C03009305F11E03019321AB07220293EB
:10CE60000DF1860303932046134640F2F941FCF787
:10CE70009CFC05F12003009322AB2235029307228C
:10CE80000DF18A0303930195204640F2FA411346BF
:10CE900036E0FCF78AFC05F11803009305F11A034C
:10CEA000019320AB02930DF182030393204640F2DD
:10CEB0004D4144F22B0244F22203FCF776FC05F1CB
:10CEC0001C03009305F11E03019321AB072202937B
:10CED0000DF1860303932046134640F2F941FCF717
:10CEE00064FC05F12003009322AB223502930DF17F
:10CEF0008A0303930195204640F2FA41072200235A
:10CF0000FCF753FC2EAB00930DF1BA03019342AB37
:10CF1000012202930DF585730393204613460721E2
:10CF2000FCF7CCFB2FAB00930DF1BE03019343AB99
:10CF3000102202930DF58773039320461346FF21B9
:10CF4000FCF7BCFB30AB00930DF1C203019344AB83
:10CF5000042202930DF5897303932046134640F291
:10CF60001F11FCF7ABFB0FAB00930DF13E030193D8
:10CF700023AB40F6440202930DF18E030393204647
:10CF8000134640F63811FCF710FC10AB00930DF17E
:10CF90004203019324AB02930DF1920303932046C5
:10CFA00040F6391140F6440240F60403FCF7FDFB5D
:10CFB00031AB00930DF1C603019345AB01220293FF
:10CFC0000DF58B730393204613463A21FCF776FB4D
:10CFD00032AB00930DF1CA03019346AB08220293D2
:10CFE0000DF58D730393204613464FF48D71FCF7B6
:10CFF00065FB33AB00930DF1CE03019347AB0822E1
:10D0000002930DF58F730393204613460521FCF719
:10D0100055FB34AB00930DF1D203019348AB0422CE
:10D0200002930DF591730393204613463A21FCF7C2
:10D0300045FB35AB00930DF1D603019349AB0122BB
:10D0400002930DF593730393204613464FF48D71AD
:10D05000FCF734FB11AB00930DF14603019325ABB4
:10D0600002930DF196030393204640F2D74147F215
:10D07000CB0242F24B03FCF798FB36AB00930DF169
:10D08000DA0301934AAB202202930DF595730393C3
:10D09000204613468221FCF711FB3A7BBB7AF97AD2
:10D0A000120343F4007342F0030243EA011342EA1D
:10D0B000830312AA00920DF14A02019226AA02925B
:10D0C0000DF19A02039220464FF49B6147F6FF72DE
:10D0D0009BB2FCF76AFB0025E3690DF1180918699A
:10D0E00005EB0B0139F805203BF00CD9E3690DF194
:10D0F0006808186905EB0A0138F805203BF002D9E9
:10D10000E26909EB05030BF10201106949195A881C
:10D110003BF0F8D8E26908EB05030AF10201106957
:10D1200049195A8804353BF0EDD8342DD4D1002567
:10D13000E369049A0DF1B809A918186939F80520AE
:10D140003BF0E0D8E3690DF584781869059B38F861
:10D150000520E9183BF0D6D8049BE269991C09EB3D
:10D160000503106949195A883BF0CCD8059BE26940
:10D17000991C08EB0503106949195A8804353BF0DE
:10D18000C1D8242DD4D1E369B11C18690D223BF01C
:10D19000B9D8E369311D186909223BF0B3D8E369B6
:10D1A00006F1E6011A6A1869C7F83824B7F83C2472
:10D1B0003BF0A8D8E3693146186901223BF0A2D8B8
:10D1C00057B0BDE8F08F000038B55B210446FD2262
:10D1D000FCF745FA204604214022FCF74EFA20468F
:10D1E0004FF490711022FCF748FA204678218022F3
:10D1F000FCF743FA204640F229110222FCF73DFADF
:10D20000204657210122FCF738FA20465B210222F2
:10D21000FCF733FA41F28830F1F388F0144D02E064
:10D220000A20F1F383F05C212046FCF73BF88006EE
:10D2300001D4013DF4D15C212046FCF733F881068E
:10D2400003D520465C21FCF72DF820465B21FD220A
:10D25000FCF705FA20465721FE22FCF700FA20468B
:10D2600040F22911FD22BDE83840FCF7F8B900BFB3
:10D2700041420F002DE9F84300F580539D6A884B29
:10D280004FF48476B5FBF3F575431A235721B5FBAC
:10D29000F3F50446FCF706F817215FFA80F82046FC
:10D2A000FCF700F818212046FBF7FCFF40F20511BF
:10D2B000FB2207462046FCF7D2F9204604214022F3
:10D2C000FCF7DBF920464FF490711022FCF7D5F9FA
:10D2D000204657210222FCF7D0F9204640F20511E2
:10D2E0000422FCF7CAF920464FF483712A22FBF787
:10D2F000F0FFADB2204640F207116E22FBF7E9FFC6
:10D30000EAB220463146FBF7E4FF2A0A204640F203
:10D31000091102F01F02FBF7DCFF204640F2051165
:10D32000FD22FCF79CF920464FF483710122FCF7A3
:10D33000A4F93220F0F3FAF75A4D02E00A20F0F394
:10D34000F5F720464FF48571FBF7ACFFC20701D417
:10D35000013DF3D120464FF48571FBF7A3FF10F098
:10D36000010F204606D1FAB218210B25FCF785F9EA
:10D370002F460AE040F20F11FBF794FF00F01F0563
:10D380001D2D01D8AF1C00E00B2719212046FBF70B
:10D3900089FF4FF48371FE2206462046FCF75FF9B1
:10D3A000204640F20511FB22FCF759F9204640F2D5
:10D3B00005110422FCF761F9204640F20511022212
:10D3C000FCF75BF920464FF483710122FCF755F915
:10D3D0003220F0F3ABF7DFF8CC9002E00A20F0F354
:10D3E000A5F720464FF48571FBF75CFFC30702D415
:10D3F000B9F10109F2D120464FF48571FBF752FFD4
:10D4000010F0010F204605D1F2B21921FBF761FFA0
:10D41000092605E04FF48871FBF744FF00F01F0672
:10D420002046FE224FF48371FCF719F92046FB22B7
:10D4300040F20511FCF713F942464FEA461848EA54
:10D44000862848EA060820465721FBF742FF204677
:10D45000424640F63311FBF76DFF42464FEA8528FE
:10D46000204648EA451840F63411FBF763FF204692
:10D4700046EA080240F63511FBF75CFF204648EA11
:10D48000050240F63611FBF755FF47EA4717FA0544
:10D49000204640F63711D20DBDE8F843FBF74ABFEE
:10D4A00040420F0041420F0070B504460E46002571
:10D4B0006B4B2046595BFBF7F5FE70530235302D60
:10D4C000F6D1182220466749FCF73AF93A21FB22A7
:10D4D0002046FCF7C4F8012220464FF48D71FCF77A
:10D4E000CCF8362101222046FCF7C7F810224FF471
:10D4F0008D712046FCF7C1F81420F0F317F73A219C
:10D5000001222046FCF7B9F81420F0F30FF7B4F825
:10D51000DA303A2103F470430122B3F5005F20466C
:10D5200005D00023FCF7B8F82046CA210422134690
:10D53000FCF7B2F8082220464FF48D71FCF79DF8F5
:10D5400025210E222046FBF7C4FE2521012220467C
:10D55000FCF793F8B4F8DA30282103F470431E2264
:10D56000B3F5805F204601D1082300E00C23FCF7CF
:10D5700093F81420F0F3DAF6052108222046FBF791
:10D58000A8FE80224FF489712046FCF776F814201B
:10D59000F0F3CCF6FF2110222046FCF76EF844226F
:10D5A00040F21F112046FCF768F81420F0F3BEF695
:10D5B0000B2107222046FCF760F8102240F21311DD
:10D5C0002046FCF75AF81420F0F3B0F607210122A8
:10D5D0002046FBF77EFE1420F0F3A8F60223032278
:10D5E0002046FC21FCF758F8FD212046A622FBF737
:10D5F00070FE442240F21F112046FCF73EF8142032
:10D60000F0F394F6FF2110222046FCF736F81420A0
:10D61000F0F38CF6B4F8DA30204603F47043B3F537
:10D62000805F02D11049082201E010490622FCF770
:10D6300087F820465921CC22FBF74BFE20465C217F
:10D640002E22FBF746FE20467821D722FBF741FE2B
:10D65000204692211522BDE87040FBF73ABE00BF7C
:10D6600040F3010086F70100E4F40100B6F7010081
:10D670002DE9F04F002789B0894640F24561064602
:10D68000059706970797D0F8A880FBF748FE40F269
:10D69000466185053046FBF742FE3C49840506227B
:10D6A0003046FCF74DF8304639463A46FEF72FFA39
:10D6B00005AB00934FF4FA7301934946304620229C
:10D6C0003B46FEF7F3FFAD0DA40D8146002847D081
:10D6D00005AB93E8080C0BEB0A02012A3FD9184668
:10D6E0000393FDF73DF904465846FDF739F9A4F1D7
:10D6F000140212B2BA42039B06DB3AFA02F13ED0A0
:10D70000551C2AFA05F506E051421AFA01F136D005
:10D71000D5430AFA05F524B2C4F11E04A340A0F1D2
:10D720000B073FB2002FC3EB050502DB3AFA07FAFD
:10D7300002E07F421AFA07FA23D000B2C0F11F00BC
:10D740000BFA00FB95FBF1F59BFBFAFA05FB15A024
:10D75000FDF713F9AD058405AD0DA40D00E0B94644
:10D76000304629462246FEF7D2F9304608490622BD
:10D77000FBF7E6FFA8F8B852A8F8BA4202E08946DB
:10D7800000E0D146484609B0BDE8F08FFCF7010043
:10D7900010F8010038B504460D46A9B1042211491C
:10D7A000FBF7CEFFD4F8A830204693F8E93340F6D3
:10D7B0004A11A02B0CBF40F24F12A722FBF7BAFD73
:10D7C000204609490E2201E008490A22FBF7B8FF6A
:10D7D000E369291C186918BF0121BDE838403AF0F7
:10D7E000CD9D00BF08F80100B0F90100D0F801009C
:10D7F00070B50D4606222849EDB20446D0F8A8605F
:10D80000FBF79EFF0C2D07D904F58A5393F930508E
:10D81000003518BF012500E0002596F81A35002BC9
:10D8200032D0204640F64211FBF779FD00B20DB12F
:10D830000F3800E00030D4F8F83018BF012013F0A2
:10D84000060F21D196F82C30AB4200D1E0B1E3694C
:10D85000D868996855B10122F0F3BAF12046012148
:10D86000FFF798FF012386F82C3008E02A46F0F3F2
:10D87000AFF120462946FFF78DFF86F82C50204651
:10D8800006490C22FBF75CFF054920460422BDE84F
:10D890007040FBF755BF00BF3CF80100E4F8010001
:10D8A0003CF9010070B50C46B0F8DA101546D0F816
:10D8B000A860FCF70DFA28B996F84C34237096F856
:10D8C0004D3401E0002323702B7070BD07B540F28A
:10D8D0005643009340F2554240F25743FCF759F843
:10D8E0000EBDF0B5144601328BB006460D46D0F899
:10D8F000A87002D1FDF773FE44B297F96675EBB2DA
:10D90000013793FBF7F707230393202305930123A4
:10D91000FFB2029306AB0193304607F5A07301A94D
:10D920000493FFF7D3FF069BC0371B0DDBB20693B2
:10D93000304607AB01A901930497FFF7C7FF002109
:10D94000069808AA09ABF2F31FF3002140200DF15D
:10D9500026030DF12202F2F317F3BDF92410BDF9ED
:10D960002630994209DABDF92200591AF2F3BEF3C2
:10D97000BDF82460ADF8220008E0BDF92000C91A06
:10D98000F2F3B4F3BDF82660ADF82000BDF9200035
:10D99000BDF92210F2F3B4F333B2032B01DD043EE0
:10D9A00001E0C6F1040636B2F31C9D400122731C4F
:10D9B00012FA03F300EB800005EBC000C01802363A
:10D9C00050FA06F67443E00880B20BB0F0BD30B5F3
:10D9D000182387B003930023D0F8A8408022049333
:10D9E0002023059340F27661134605460292FBF729
:10D9F00095FE04F19C0306A941F8143D2846FFF763
:10DA000065FF40F271612846FBF789FC40F27361C3
:10DA1000A4F89C022846FBF782FC40F27461A4F84B
:10DA20009E022846FBF77BFC40F27561A4F8A20237
:10DA30002846FBF774FC40F27961A4F8A00228465E
:10DA4000FBF76DFC40F27661A4F8A4022846FBF7D0
:10DA500066FC40F2DA61A4F8A6022846FBF75FFCF8
:10DA600040F22551A4F8A8022846FBF758FC94F888
:10DA70006735A4F8AA0284F8AC324FF48F612846C7
:10DA8000FBF74DFC4FF49A61A4F8AE022846FBF771
:10DA900046FC40F22451A4F8B0022846FBF73FFCB4
:10DAA000B4F86835C00BA4F8B43294F80734A4F87D
:10DAB000B20284F8B63294F8083484F8B73207B06A
:10DAC00030BD30B540F2DF4189B0D0F8A8400546FE
:10DAD000FBF725FC80B2C3B27F2BA4F84C30C4BF47
:10DAE000A3F58073A4F84C30000A7F28A4F84E00F8
:10DAF00006ABC4BFA0F58070A4F84E0001930223CA
:10DB00000293112303933B2304932846202301A966
:10DB10000593FFF7DBFE069B3F2B01D9803B069365
:10DB2000069B2365079B3F2B01D9803B0793079BEF
:10DB300040F2344163652846FBF7F1FBC0B27F2811
:10DB4000C4BFA0F5807080B284F8580040F2244130
:10DB50002846FBF7E4FB000AA4F85A0040F22541EE
:10DB60002846FBF7DCFB06AB0193022302930D234F
:10DB7000C0B203931C23A4F85C000493284620231E
:10DB800001A90593FFF7A2FE069B2364079B63642C
:10DB900009B030BD7FB500230293102304930DF12B
:10DBA0001603009301230193694655230393FFF75E
:10DBB0008DFEBDF8160007B000BD2DE9F047D0F886
:10DBC000A890044699F846354BB9FFF7E3FF40F3B8
:10DBD000072645B2ADB2B6B22F46B04607E0B9F857
:10DBE0004A85B9F84C75B9F84E65B9F85055B4F88E
:10DBF000DA30204603F47043B3F5005F0CBFB9F888
:10DC00006690B9F868904FF0FF320121FDF76AFC89
:10DC100001210FFA89F282462046FDF763FC0021BC
:10DC20001FFA80F94FF0FF322046FDF75BFCC9EB8D
:10DC30000A0A1FFA8AFACAEB08081FFA88F8CAEB20
:10DC40000707FF224346BFB2C9EB000940F6521155
:10DC50002046FBF763FD2046FF223B4640F653116A
:10DC6000FBF75CFD2046FF22434640F65611FBF7CA
:10DC700055FD1FFA89F92046FF223B4640F6571111
:10DC8000FBF74CFDC9EB06032046FF2240F6481186
:10DC90009BB2FBF743FDC9EB0505204640F6491151
:10DCA000FF22ABB2BDE8F047FBF738BD2DE9F047E6
:10DCB00092463E4A92B0D0F8A85004460B466E46B3
:10DCC00002F1200E10685168374603C708327245CA
:10DCD0003E46F7D1128809AE3A80354A02F1200E4D
:10DCE00010685168374603C7083272453E46F7D17F
:10DCF000128820463A809BB1002240F60F11FBF7B4
:10DD000019FB95F8E93309AFA02B14BF4FF01008A9
:10DD10004FF0110814BF05210321264B264A12E0BB
:10DD200001224FF41161FBF705FB95F8E933234A13
:10DD3000A02B234B6F4614BF4FF010084FF0110873
:10DD400014BF0E210A2108BF1A46002305E016461B
:10DD5000308801332432824506D08B421FFA83F982
:10DD6000F5DB4FF6FF790BE0002507E0204637F89A
:10DD7000021B36F8022FFBF7DDFA01354545F5DBCE
:10DD80002046FDF787FB10B12046FFF716FF20461F
:10DD90000FFA89F9FDF7F0FEB9F1FF3F0CBF4FF024
:10DDA000FF30002012B0BDE8F08700BF04C40100BE
:10DDB00026C40100240F0200DC130200D811020067
:10DDC000701002002DE9F043254B8BB091460446BC
:10DDD0000D4601AA03F1200718685968164603C6C4
:10DDE0000833BB423246F7D11B883380D4F8A830C1
:10DDF00093F8E983B8F1A00F0CBF4FF011084FF072
:10DE0000100865B92E462F4617E001AB995B2046F6
:10DE1000FBF785FA013729F80600023601E00026F3
:10DE200037464745F1DB0AE001AB995B39F806203C
:10DE30002046FBF77FFA013702364745F4DB2046E0
:10DE4000FDF728FB10B12046FFF7B7FE2DB920469D
:10DE50000BB0BDE8F043FDF78FBE0BB0BDE8F0831B
:10DE600026C4010030B587B005AB009302230193AF
:10DE70000023029350230C46039369461023154652
:10DE80000493FFF723FDBDF814302380BDF816304E
:10DE90002B8007B030BD07B540F25643009340F2E7
:10DEA000554240F25743FBF73DFD0EBD2DE9F04FC3
:10DEB000B0F8DA3089B003F47043B3F5005F04467C
:10DEC0008B46D0F8A85002D1B5F8C43304E0B3F5BE
:10DED000805F06D1B5F8C6331AB2013208BF70238D
:10DEE00000E07023072204922022069201220027DC
:10DEF00003921B0607AA02920193B8463E460BEB1B
:10DF0000070AF1079AF8039003D595F96635002BB7
:10DF100050D1B4F8DA3003F47043B3F5005F00F089
:10DF200086801BF8078008E01FFA88F8B5F83E34B1
:10DF30001AB2B2F1FF3F18BF99469AF801309AF829
:10DF400002201B0243EA0243019A2046134343EA9C
:10DF50000803079395F9663502A90133B6FBF3F37D
:10DF6000C0330593FFF797FF07AB029395F966352A
:10DF700020460133B6FBF3F303F5A07302A9059322
:10DF8000FFF7A4FC9AF80420079B120523F07F43B7
:10DF900042EA097223F470031343079395F9663537
:10DFA00020460133B6FBF3F303F5A07302A90593F2
:10DFB000FFF771FF01360537802EA0D195F9663540
:10DFC000002B3ED04FEA09795E464FF48075019AE6
:10DFD000204648EA020396F8422102A943EA024396
:10DFE00096F8412105F1800743EA0223079305953E
:10DFF000FFF751FF07AB204602A902930597FFF7F1
:10E0000065FC079B96F8442123F07F4349EA0252BE
:10E0100023F470031343204602A9013507930597A3
:10E020000536FFF738FFB5F5A07FD0D109E0B5F888
:10E0300040840FFA88F301337FF476AF4FF00F0876
:10E0400074E709B0BDE8F08FB0F8DA30D0F8A82056
:10E0500003F47043B3F5005F03D1D2F87415FFF7F2
:10E0600025BF70472DE9F041002486B00546059490
:10E07000D0F8A860FDF7B3FA072302932023049396
:10E0800001238046019396F966351BB1E00713D44E
:10E09000670800E02746214628464FFA88F2FFF736
:10E0A00020FC06AB43F8040D07F5107728466946B7
:10E0B00000930397FFF7EFFE0134E4B2802CE2D126
:10E0C00096F966357BB101230193402405AB00939B
:10E0D00004F51073013428466946E4B20393FFF750
:10E0E000DAFE802CF2D106B0BDE8F081F0B504462E
:10E0F00087B0D0F8A87000293CD0072302932023D2
:10E1000004930123019305AB97F8C26200930025A5
:10E110002BE006F1C003204669460393FFF7D6FBC8
:10E1200005F1C003204669460393FFF7B4FE06F5E8
:10E13000A073204669460393FFF7C8FB05F5A0735B
:10E14000204669460393FFF7A6FE06F510732046A6
:10E1500069460393FFF7BAFB05F51073204669463D
:10E160000393FFF798FE0135EDB297F8C232AB4248
:10E17000CFD20CE0B0F8DA3003F47043B3F5005FAF
:10E1800002D10449FFF792FE2046FFF76BFF07B06C
:10E19000F0BD00BFF8AC02007FB5090206AB23F862
:10E1A000021D00930123019300230293572303933D
:10E1B000694610230493FFF76EFE07B000BD2DE9FA
:10E1C000F041D0F8A8308AB083F8341083F8C11237
:10E1D00093F9663505460C4653B111F0010318BF9B
:10E1E00008234FF48F614FF00C02FBF797FA640895
:10E1F00007234FF02008039304F5A0730AAE04939D
:10E200000DEB080346F8243D012728463146CDF89A
:10E2100014800297C034FFF759FB09AB28463146FA
:10E2200001930494CDF81480FFF750FB099B284616
:10E23000DAB2ADF818201A0A1B0CDBB2ADF81C30AC
:10E24000089BD2B21B0F03F0070306A9ADF81A20F2
:10E25000ADF81E30FDF7BFFB08992846090DC9B27D
:10E26000FFF79AFF28463946FDF799FB0AB0BDE84B
:10E27000F0810000F0B5514F8FB06E4604460FCFCD
:10E280000FC697E80F0086E80F0020464C4904228D
:10E29000BDF85850FBF754FA9DF8683020465B00F3
:10E2A00040F2A3610222FBF739FA9DF85C30BBB162
:10E2B0000EAB4FF4002243F8042D08930123099379
:10E2C00018230A9320230C9300230B934026204607
:10E2D00008A9FFF7E0FD0B9B0133013E0B93F6D13C
:10E2E000204605EB4505FDF755FD0135204640F27A
:10E2F000A161BDF86C20FBF71DF8ADB2204640F2DD
:10E30000A261BDF87020FBF715F82A46204640F2BE
:10E310007E61FBF70FF820462A490422FBF710FA2A
:10E32000013514226A43013A20464FF4C86192B283
:10E33000FBF700F80022204640F27761FAF7FAFF77
:10E3400008230993152300250A9320230EA90C9373
:10E350000DEB050341F8183D20460B95FFF79BFD9B
:10E36000204640F27B61BDF86020FAF7E3FF2046CB
:10E3700040F27C61BDF86420FAF7DCFF2A462046B3
:10E3800040F27D61FAF7D6FF29462046FFF704FFE9
:10E3900020460D490422FBF7D3F90C4D02E00A2078
:10E3A000EFF3C4F7204640F27661FAF7B8FFC307EF
:10E3B00001D5013DF3D10FB0F0BD00BF48C401004D
:10E3C00060F701003EF7010080F40100A186010022
:10E3D0002DE9F043D0F8A8908BB007468846032675
:10E3E00005240F2CA8BF0F240025A3B201933846A3
:10E3F00001212A462B460095029503950495FDF7C9
:10E40000C1FBDB2302934FF4AF6304934FF48243C9
:10E410000593802301220793384629462B46009511
:10E420000195039206950895FFF724FFB8F1000FB8
:10E430001ED140F2BA613846FAF771FF4FF6C07547
:10E440008001054040F2BB613846FAF768FF83015E
:10E450001BB29B115B432DB2AD1105FB0535B5F524
:10E46000005F01DAA41B03E0B5F5804F04DBA419BB
:10E47000013EF6B2FF2EB4D1092CD4BF24EAE474D5
:10E480000924C9F8384020460BB0BDE8F083F8B540
:10E49000D0F8A8600746D6F87C55002405E0294648
:10E4A0003846FFF7F8FC01341435D6F878359C422D
:10E4B000F5D3F8BDF0B5C369D0F8A84087B00646DB
:10E4C00080219868F0F3EEF10546002800F08D8079
:10E4D000B4F81C34002203F4807E03F400731FFAA6
:10E4E00083FC1FFA8EFE034602F010070020FFB2E5
:10E4F00002F0010123F8020BCFB1BCF1000F03D0F1
:10E50000D4F81C14C1F3802112F0080FD4F81804B9
:10E5100003D000F47F00000C07E012F0200F03D0BE
:10E5200000F47F40000A00E0C0B223F8020CBEF104
:10E53000000F01D0002F42D112F0040F02F00207A9
:10E5400017D0D4F80C0447B133F8027C09B1000E9F
:10E550000BE000F47F00000C07E033F8027C19B1F7
:10E5600000F47F40000A00E0C0B2384323F8020CF8
:10E5700025E0900610D527B133F8027CD4F81004BA
:10E5800003E033F8027CD4F8140409B1010E13E05F
:10E5900000F47F01090C0FE027B133F8027CD4F8B6
:10E5A000100403E033F8027CD4F8140419B100F429
:10E5B0007F41090A00E0C1B2394323F8021C01324D
:10E5C000402A91D10F2306A903930023049341F815
:10E5D000145D1023304602920593FFF75CFCF3694B
:10E5E000294698688022F0F36DF107B0F0BD30B590
:10E5F00087B005AB009301230193182302932023D6
:10E600000493002303934FF40023054605938124CC
:10E6100006E028466946FFF73EFC039B013303935F
:10E62000013CF6D107B030BD70B5D0F8A83086B047
:10E6300093F89A55044645B12EE0314B142101FB65
:10E6400005312046FFF727FC01352E4B1B689D4204
:10E65000F3D32D4B06AD5A681B680192102202922B
:10E660000026082245F8183D204669460396049284
:10E67000FFF711FCE3691B6B082B0DD1234B2046E0
:10E680005A681B6801921222029269462022039660
:10E6900004920093FFF7FFFB102304930DF1160380
:10E6A0000093722308250126ADF81630204600237A
:10E6B0006946039302950196FFF7EDFB82232046FE
:10E6C0006946ADF816300396FFF7E5FB0623694669
:10E6D0002046ADF816300395FFF7DDFB2046FFF727
:10E6E000B3FC2046FFF7D3FE2046FFF7E3FE2046AB
:10E6F000FFF7B8FC2046FFF77AFF06B070BD00BFF9
:10E70000C8000200A8FC0100ACFD0100380A0200AC
:10E71000F0B5B0F8DA30D0F8A84003F47043B3F5A0
:10E72000005F0CBF94F8403394F8413387B084F80D
:10E73000423394F84233054684F84333B0F8DA3074
:10E7400003F47043B3F5005F10D194F849335AB223
:10E75000002A06DCC3691B6DDA0401D5342300E00E
:10E76000302384F8483394F85C630FE094F84A331C
:10E770005AB2002A06DCC3691B6DDB0001D53423C5
:10E7800000E0302394F85D6384F8483376B2002EBD
:10E7900048DD40F2DF412846FAF7C1FDC3B2000A66
:10E7A00080B281B2022EA8BF02267F2BC8BFA3F57C
:10E7B00080730AB206EB4606C8BF9BB2F6B27F2A48
:10E7C000C8BFA0F5807177B2C8BF89B2BFB2CA1BFB
:10E7D000DF1B92B2FFB247EA022292B2284640F211
:10E7E000DF41FAF7A7FD05AB009302230193112344
:10E7F00002930F2303932846082369460493FFF7E7
:10E8000065F89DF8143028469B1B8DF814309DF850
:10E81000153069469E1B8DF81560FFF73CFB2846B6
:10E82000FDF7BAFF94F84D130023FF2284F89A23D2
:10E8300084F8473384F89C33B1B184F8423384F8C8
:10E840004333284640F22341B4F85033FAF766FFC9
:10E8500028464FF4AA61B4F86023FAF76BFD284606
:10E8600004490422FAF76CFF2846FCF7E7FF07B0DB
:10E87000F0BD00BF5AF4010038B5B0F8DA20044604
:10E8800002F47042B2F5005FD0F8A8300AD193F9D3
:10E89000F12301322DD1B3F9F823013229D1B3F993
:10E8A0002C2524E0B2F5805F2CD193F95B25013251
:10E8B0001FD193F9F32301321BD193F95C25013267
:10E8C00017D1B3F90024013213D1B3F93025013245
:10E8D0000FD1B3F9022401320BD1B3F9342501323F
:10E8E00007D1B3F90424013203D1B3F93825013239
:10E8F00008D00125102283F8665520464FF49A610E
:10E90000134607E0002583F8665520464FF49A61C8
:10E9100010222B46FAF702FF4FF48F6103222B4699
:10E920002046FAF7FBFE2046FFF77EFE2046FDF765
:10E9300093FB2046FEF748F82046BDE83840FFF735
:10E94000E7BE2DE9F0478AB01E460DF127030546C4
:10E95000D0F8A8408846009309A90DF12603174670
:10E960000DF12502FDF7F2FA284608A90DF1220261
:10E97000FFF778FA2846FFF70DF9072304932023C1
:10E98000069307AB0293012303934FF45073814620
:10E9900005934FF0000A35E013B118F0010F2FD1A5
:10E9A0005BB20133B8FBF3F303F5A073284602A969
:10E9B0000593FEF78BFF079BBDF822A01B0D4FEAC6
:10E9C0008A5A1B054FEA9A5A4AEA030ABDF82030D0
:10E9D00028469B059B0D4AEA832A02A9CDF81CA074
:10E9E000FFF759FA94F9663528460133B8FBF3F37B
:10E9F00003F5E07302A9CDF81C900593FFF74BFADD
:10EA000008F10108B84594F86635C5D9BBB17F2F28
:10EA100015D14FF4C077284602A90597CDF81CA060
:10EA2000FFF739FA07F18003284602A90137CDF82C
:10EA30001C900593FFF72FFAB7F5E07FEBD1BDF8F7
:10EA4000202006F1340304EB43039A80BDF8222012
:10EA500004EB46065A81A6F878909DF8243084F895
:10EA60007E309DF8253084F87F309DF8263084F87C
:10EA700080309DF8273084F881300AB0BDE8F087F7
:10EA80002DE9F041D0F8A84086B094F907144FF072
:10EA9000FF3289B20646FEF724FF94F96735054632
:10EAA000022B08D194F90814304689B24FF0FF3296
:10EAB000FEF717FF00E000200723029320230493B2
:10EAC00001232F1A0193304605ABB4F868154FF0B7
:10EAD000FF320093FEF705FF0023C019A4F86A3542
:10EAE00048BFA4F86A05002594F866350BB1E9071C
:10EAF0001CD45BB2013395FBF3F3DBB203F5107367
:10EB00000393B4F86835B4F96A85AB4229463046B8
:10EB10004FF0FF3238BFC7EB0808FEF7E2FEC8EB44
:10EB20000000059069463046FFF7B5F90135EDB2B2
:10EB3000802DD9D194F966357BB10123019305ABC2
:10EB40000093402404F51073013430466946E4B262
:10EB50000393FFF7A0F9802CF4D106B0BDE8F08153
:10EB600070B5002386B002931023049305AB009385
:10EB700002230446ADF8141001930E465023694653
:10EB80001546ADF816200393FFF785F92046FCF7EC
:10EB900095FC78B3204640F6461140F2FF323346EA
:10EBA000FAF7BCFD204640F6471140F2FF322B46F3
:10EBB000FAF7B4FD20464FF4156140F2FF323346B8
:10EBC000FAF7ACFD204640F6511140F2FF322B46D9
:10EBD000FAF7A4FD204640F6541140F2FF323346C6
:10EBE000FAF79CFD204640F6551140F2FF322B46C5
:10EBF000FAF794FD06B070BDF0B5294B8BB0044612
:10EC000005AD0E460FCB85E80F0004F582531B7946
:10EC1000D4F8A8501BB195F8E034002B3ED0204624
:10EC200020490822FAF78CFD07230293202304933E
:10EC300004230193012705AB009385F86A704FF414
:10EC40005073204669460393FFF725F90023099383
:10EC500009AB019700934FF451752046694603951F
:10EC6000FFF719F9013540F25E339D42F5D1204698
:10EC70000D491222FAF764FD76004FF6FE73204626
:10EC800040F2A94140F2FF123340FAF747FD204617
:10EC900040F2A36110220023FAF740FD0BB0F0BD53
:10ECA00068C401000AF701001AF7010030B5182303
:10ECB00087B003932023D0F8A840059380230293C4
:10ECC000002306A9049304F19C03054641F8143D72
:10ECD000FFF7E1F82846B4F89C2240F27161FAF798
:10ECE00029FB2846B4F89E2240F27361FAF722FB12
:10ECF0002846B4F8A22240F27461FAF71BFB2846BA
:10ED0000B4F8A02240F27561FAF714FB2846B4F873
:10ED1000A42240F27961FAF70DFB2846B4F8A62246
:10ED200040F27661FAF706FB2846B4F8A82240F2D2
:10ED3000DA61FAF7FFFA2846B4F8AA2240F2255120
:10ED4000FAF7F8FA2846B4F8AE224FF48F61FAF7D2
:10ED5000F1FA2846B4F8B0224FF49A61FAF7EAFAC9
:10ED6000B4F8B2324FF40042DB032846134040F2BD
:10ED70002451FAF7D3FC94F8AC32284684F867356E
:10ED8000B4F8B432A4F8683594F8B63284F807348D
:10ED900094F8B73284F80834FFF772FE07B030BD3C
:10EDA0002DE9F04FC3690E464FF08051BBB00446C9
:10EDB000D0F8A850174618690A4639F065DA0520D8
:10EDC000EFF3B4F220464FF489614FF48042002300
:10EDD000FAF7A4FC0122204640F20A511346FAF742
:10EDE0009DFC0DF1E60334930123359311233693F3
:10EDF0000F2337932046082334A93893FEF766FD86
:10EE0000002E40F04A81B4F8DA3003F47043B3F5D1
:10EE1000005F0CD1E36995F8BF641B6D03F4805368
:10EE2000002B0CBF08230623FF2E08BF1E469DF8AB
:10EE3000E6306FF0020202FB06323AAB03F8012D16
:10EE400034932046102334A937937700FFF723F833
:10EE50004FF6FE73FE22204640F20A513B40FAF77D
:10EE60005DFC95F8C054FF2D00F0EC80002D00F003
:10EE7000CB80102D28BF1025C5F12407FFB2F6B2B4
:10EE800072B27BB29A4203DC002E14BF37460127D0
:10EE90007AB2AA4205F10106CCBF5FFA86FBBB46F7
:10EEA000CBEB06060D23F6B2369320234FFA86F8F5
:10EEB000389309AB03EBC80300934FFA8BF35B0065
:10EEC00001937300013303F0FF0302936B000133DE
:10EED000039305F1010A4FEA48034FEA4A00591C1F
:10EEE000CDF818B00796059004914FF000099346AD
:10EEF0001E46019BAB453593CABF7BB2CDF8DCA063
:10EF00003793379B009A4B445B00204634A93793D4
:10EF10003492FEF7DBFC029B0AE03AA800EB830286
:10EF200052F8C41C023341F0800142F8C41CDBB229
:10EF3000039A9342F1DD002313E03AA800EB860226
:10EF400052F8C41C00EB830242F8C41C049900EB85
:10EF5000810252F8C41C00EB8302023342F8C01C49
:10EF6000DBB2B342E9DB059A09AB349320464FEAA2
:10EF7000490334A909F1250935923793FEF78BFF30
:10EF8000B9F14A0FB5D10E235A462BA8DDF818B0B7
:10EF9000369310233893AA4200EB48033493C8BF3A
:10EFA0007FB24FFA8BF3204634A9079E3593D4BF26
:10EFB000CDF8DCA03797FEF789FC0AE03AA901EB0F
:10EFC000460333F83C2C013642F4006223F83C2C13
:10EFD000F6B2AE42F2D900230AE03AAA02EB4801A7
:10EFE00031F83C1C02EB4302013322F83C1CDBB23B
:10EFF0004345F2DB2BAB34932046002334A9CDF8F4
:10F00000D4A03793FEF747FF01221346204640F273
:10F010000E51FAF783FB4FF47E426B0213402046F9
:10F0200040F20E51FAF77AFB204640F20F517F2250
:10F030002B46FAF773FB204640F20F514FF47E52F5
:10F04000EB011BE0204640F20E5101220023FAF7AB
:10F0500065FB204640F20E514FF47E420023FAF742
:10F060005DFB204640F20F517F220023FAF756FB4A
:10F07000204640F20F514FF47E520023FAF74EFB28
:10F08000E3694FF080511869002239F0FDD820461D
:10F09000FDF782FB3BB0BDE8F08F3E46C7E638B5D2
:10F0A00040F2A4410546D0F8A840FAF738F9800BA1
:10F0B00080B2032812D105F582531B7973B128461B
:10F0C00040F27341FAF72BF994F96635C005C00D8B
:10F0D0000133584300EBD070401001E094F8C102B6
:10F0E00040B238BD70B5C6B001ADD0F8A8600446D6
:10F0F000002128464FF48072EAF38CF507234393EE
:10F100002023459396F86A30419543B91E234293D4
:10F1100020464FF4507341A94493FEF7BCFE4023B0
:10F1200042932046802341A94493FEF7B4FE46B0A3
:10F1300070BD000030B5072389B0039320230593E9
:10F1400006AB01930123029300230446D0F8A85094
:10F15000049308E0204601A9FEF79DFE049B0133BD
:10F160000493069B01330693069B7F2BF2D94FF441
:10F1700030730493002307E001A9FEF78CFE049B83
:10F1800001330493069B01330693069B20467F2B95
:10F19000F2D909225A49FAF7D3FA01212046FDF79C
:10F1A00047F8242220465749FAF7CAFA2046FCF7C6
:10F1B00075FB400880B2E62806DC2046FCF76EFBB3
:10F1C000430819339BB200E0FF23FF22204640F2A0
:10F1D000A541FAF7A3FA2046FFF784FFB5F8E62326
:10F1E000B5F8E433204603EB4205AD014FF6C0739A
:10F1F0002B404FF49A6147F6C072FAF78FFA204617
:10F2000009224149FAF79CFAB4F8DA30204603F4AF
:10F21000704328211E22B3F5005F14BF18231C235E
:10F22000FAF73AFA012220463A211346FAF734FA5D
:10F230000822134620464FF48D71FAF72DFA204626
:10F2400025210C22FAF745F8B4F8DA30022203F44B
:10F2500070433A21B3F5005F08BF1346204618BF3C
:10F260000023FAF719FA0822134620460521FAF777
:10F2700013FA204606222549FAF762FA47F20802F5
:10F28000204640F2D7414FF40053FAF747FA2046A0
:10F29000FCF704FB102305930DF11E0301930123DA
:10F2A0000825ADF81E0002932046062301A9049309
:10F2B0000395FEF7F0FD20460F221549FAF740FAB4
:10F2C00020463521FF220023FAF7E6F920463621B1
:10F2D00003220023FAF7E0F920462A462B464FF492
:10F2E0008D71FAF7D9F94FF48062204640F2A441BB
:10F2F0001346FAF713FA2046FCF7F8FF09B030BDC1
:10F3000044F90100FEF5010046F6010058F601003F
:10F3100064F601002DE9F0410446D0F8A850FCF74E
:10F32000A6F9B0F5404F48D1E369E021186938F0FB
:10F33000CBDFB5F82E800746C8EB000840F2A541A8
:10F340002046F9F7ECFF00F4E060060A0123B34021
:10F350001FFA88F8984530DD95F8C134EF85B3423F
:10F3600008D90136204640F2A5414FF4E06233024D
:10F37000FAF7D4F92046FFF792FEB4F8DA3080B2FB
:10F3800003F47043B3F5005F0CBF85F8540485F8AF
:10F39000550428866E86D4F8A830400093F9663567
:10F3A00040F2A441013390FBF3F340F2FF122046F8
:10F3B0009BB2BDE8F041FAF7B1B9BDE8F0810000B9
:10F3C0002DE9F04F044685B00F46D0F8A850FFF75E
:10F3D000A1FFD4F8B030D3F8203103F0010383F05B
:10F3E000010201921BB1E369186938F0BDDF072102
:10F3F0002046F9F757FFFF21C6B22046F9F752FF22
:10F4000040F21F115FFA80F82046F9F74BFF40F2F7
:10F410003B415FFA80F92046F9F781FF40F23C4119
:10F4200082462046F9F77BFF40F2D74183462046CB
:10F43000F9F775FF4FF49B6102902046F9F76FFFD3
:10F440000F2203903F492046FAF77AF9012207215B
:10F4500013462046FAF720F91022FF2113462046D2
:10F46000FAF71AF90422134640F21F112046FAF760
:10F4700013F90A20EEF35AF7202220464FF49A613E
:10F480001346FAF74BF90A20EEF350F7012F204606
:10F490001CD140F27641F9F742FF40F27741C705AF
:10F4A0002046F9F73CFFC005C00DFF0DFF28A5F869
:10F4B0006E0588BFA0F50070FF2FA5F86C7588BF9A
:10F4C000A7F5007780B2BFB2C51B09E040F27541D5
:10F4D000F9F725FFC505ED0DFF2D88BFA5F50075D2
:10F4E000204607213246F9F7F4FE2046FF21424626
:10F4F000F9F7EFFE204640F21F114A46F9F7E9FE00
:10F50000204640F23B415246F9F714FF204640F2B4
:10F510003C415A46F9F70EFF204640F2D741029A85
:10F52000F9F708FF20464FF49B61039AF9F702FFB1
:10F53000019B1BB9E369186938F002DF28B205B0F6
:10F54000BDE8F08F34FA0100414392029B0100FBB9
:10F55000032001F5004101EB4000490090FBF1F070
:10F56000704730B500238BB00793089309930723A6
:10F5700003934FF020030029059306AB18BF4FF407
:10F58000307101934FF0010305460491029305D1B8
:10F5900007A908AA09ABFBF732FE08E0B0F902316F
:10F5A0000893B0F904310993B0F9063107930024A8
:10F5B00007A90EC92046FFF7C7FF01A906902846F4
:10F5C000FEF769FC049B01340133802C0493EFD1D6
:10F5D0000BB030BD2DE9F04104468AB00D4649B16B
:10F5E00040F2D741F9F79BFE01A906462046FCF7F9
:10F5F000E3FE00E00E46202213464FF49A612046B7
:10F60000FAF78CF86420EEF391F640F2764120464A
:10F61000F9F785FE40F2A64107462046F9F77FFE3E
:10F620008046FF054FEAC858FF0D4FEAD8582046DC
:10F6300007A908AA09AB87F4807788F48078FBF7DC
:10F64000DEFDC8EB070000F5FE70033007A980104F
:10F650000EC9FFF779FF47004DB1204601A9FCF71D
:10F6600065FD204640F2D7413246F9F763FE384641
:10F670000AB0BDE8F0812DE9F84F9DF828508B467F
:10F68000924699469DF82C70BDB100266FF0004857
:10F6900035462846594652464B46FFF755FF4045EA
:10F6A00004DA0136F6B2BE421BD080460135802D09
:10F6B000EFD16FF00040BDE8F88F4FF0FF367F24A8
:10F6C0002046594652464B46FFF73EFFB04204DD06
:10F6D0000135EDB2BD4204D0064614F1FF34EFD23D
:10F6E0002046BDE8F88F2DE9F04F8BB00446002589
:10F6F00008AB07AA884606A9D0F8A8A006950795E2
:10F700000895FBF77CFD20460DF126010DF127023F
:10F71000FEF7C8F89DF8263006AF0393012397E85B
:10F72000800A0093039B4A46019339465B46204674
:10F73000FFF7A1FF9DF827304A4604930193064640
:10F740005B46009520463946FFF795FF9AF8E83367
:10F75000814623B3B4F90431B4F902C105930123FE
:10F76000B4F906B10093039B624601935946059B89
:10F770002046CDF808C0FFF77EFF049BDDF808C0E7
:10F78000074601930095204659466246059BFFF7C0
:10F7900072FFBE42B8BF3E468145A8BF8146B8F160
:10F7A000010F02D0B8F1030F02D17610CAF84464F9
:10F7B000A8F102085FFA88F8B8F1010F9CBF4FEA80
:10F7C0006903CAF848340BB0BDE8F08FF0B5D0F843
:10F7D000A840002385B001930293039394F8583412
:10F7E0000546002B79D0FFF75AFC064608B17F2862
:10F7F00073D102AA03AB284601A9FBF700FD40F232
:10F800003E612846F9F78BFD40F2A641C705284620
:10F81000F9F785FDC005C00DFF0DFF2886BFA0F5D7
:10F82000807080B200F58070FF2F88BFA7F58077C9
:10F83000C0F5FE708CBFBFB207F580770330381873
:10F84000801080B2BEB994F856340133DBB2042B79
:10F8500084F8563441D901A90EC984F85664FFF7DB
:10F8600073FED4F848244310043B9342B8BF1346B8
:10F87000C4F8443419E07F2E2FD194F85734013363
:10F88000DBB2042B84F8573427D9002301A984F86C
:10F8900057340EC9FFF758FED4F8442443100433FC
:10F8A0009342A8BF1346C4F84834D5F8A8209BB2A9
:10F8B000D2F84814D2F844249342B4BF18461046F4
:10F8C000814201DD8BB202E09A42B8BF93B2284672
:10F8D00040F2A741FF22F9F721FF05B0F0BD30B596
:10F8E000D0F8A8509BB004460246002392F91005B8
:10F8F00001A94042585004330132502BF6D195F8FB
:10F900006A306BB907231793202319931423169396
:10F9100015914FF45073204615A91893FEF7BBFAC2
:10F92000D4F8A82094F82936D2F84814D2F8442400
:10F930009342B4BF18461046814201DD8BB202E00B
:10F940009A42B8BF93B2204640F2A741FF22F9F78E
:10F95000E5FE95F8E833F3B194F82926B5F8E633D7
:10F960002046D31A1B024FF47F42134040F2D1418C
:10F97000F9F7D4FE94F8292695F8253595F8E6137D
:10F980009B1AD31A5B1A5BB2204640F2D141FF2288
:10F990009BB2F9F7C3FE2046FBF7CCFC1BB030BD91
:10F9A0002DE9F04104460D46FBF761FE2946074666
:10F9B0002046FBF762FD394605462046FBF75DFD14
:10F9C0004022B5F5404F0CBF13460023074640F2D6
:10F9D000DA612046D4F8A860F9F7A0FE1022B5F548
:10F9E000404F14BF13460023204640F2A361F9F7AD
:10F9F00095FEA5F5404E0122DEF1000343EB0E0318
:10FA0000204640F26E41F9F789FEAF4200F0938044
:10FA1000B7F5404F02D12046FFF764FBB5F5404FE4
:10FA200020463AD1FFF75BFFD4F8A830328E93F925
:10FA300066355200013392FBF3F3204640F2A441B5
:10FA400040F2FF129BB2F9F769FE738E20461B024B
:10FA500040F2A5414FF4E06203F47F43F9F75EFE04
:10FA600004222046002340F21F11F9F715FEE36936
:10FA7000E021186938F028DC0021F0852046FBF7EA
:10FA80008EFFFF2386F83430204640F2A9414FF420
:10FA900000420023F9F742FE02E00121FBF77FFF5D
:10FAA000204640F2A4414FF460422B46F9F736FE5F
:10FAB000B5F5404F0FD12046FBF700FD40F2A441C1
:10FAC00000280CBF4FF4005300234FF4005220468F
:10FAD000F9F724FE13E04EF201039D420FD12046B8
:10FAE000FBF72DFC01462046FFF786F8204640F242
:10FAF000A941F9F714FCC0B2401086F8C10296F98A
:10FB000067352046012B0DDD40F2A441F9F707FCD3
:10FB100000F480439B13204640F225514FF40042ED
:10FB2000DB0304E040F225514FF400420023BDE81E
:10FB3000F041F9F7F3BDBDE8F08138B50022D0F807
:10FB4000A83080F82B2693F8E024044692B190F96F
:10FB50002A26D3F848148A4203DBD3F810359A4298
:10FB600008DA20464EF20101FFF71AFF012384F85C
:10FB70002B3638BD04F582531B7983B12046FBF741
:10FB800076FD002105462046FFF70AFF2046FFF7D5
:10FB9000A6FE20462946BDE83840FFF701BF38BD24
:10FBA0007FB50DF116030093012301930023029307
:10FBB00057230393694610230493FDF787FEBDF88E
:10FBC0001600000A07B000BD10B5002388B00593E9
:10FBD000102307930DF10603039301230446ADF8A8
:10FBE0000610049303A955230693FEF754F9204603
:10FBF000FBF750FC10B12046FDF7DFFF08B010BD49
:10FC00002DE9F0410446D0F8A850002616E0B4F8DB
:10FC1000DA2002F47042B2F5805F06D11A7922B17F
:10FC200089042046890C9A7805E05A792AB189041A
:10FC3000DA782046890CF9F74CFB0136062272432C
:10FC4000C1498B18895A4FF6FF729142DFD1204685
:10FC500073210022F9F73DFB204632216A22F9F791
:10FC600038FB192220463321F9F733FB95F8EC23B2
:10FC70001AB120463321F9F72CFBC2216F2220460E
:10FC8000F9F727FB902110222046F9F722FB1021DB
:10FC900000222046F9F71DFB9B2107222046F9F799
:10FCA00018FB1D2102222046F9F713FB1E21062214
:10FCB0002046F9F70EFB204640F2EA4144F2886202
:10FCC000F9F738FBB4F8DA3003F47043B3F5005FAA
:10FCD00040F04C81B4F8FE3F95F8E9831AB2B8F1D0
:10FCE000A00F0CBF4FF004084FF00208013218BFFC
:10FCF000984609E004F58053B3F800800FFA88F3C2
:10FD0000013308BF4FF002084FFA88F81FFA88F84D
:10FD100007224346204640F2EB41F9F7FFFCB4F8D6
:10FD2000DA3003F47043B3F5005F08D0B3F5805FB9
:10FD300007D195F83B65003618BF012602E0002682
:10FD400000E00126370133460F22204640F2F241FF
:10FD5000BFB2F9F7E3FCF022204640F2F2413B4605
:10FD6000F9F7DCFC33460F22204640F2F141F9F767
:10FD7000D5FCF022204640F2F1413B46F9F7CEFC9B
:10FD80004FEA0823204640F2F2414FF4E06203F4C8
:10FD90007F43F9F7C3FCB4F8DA30204603F470432C
:10FDA000B3F5805F04F598530CBF9E895E8940F2DD
:10FDB000EB41730203F47E434FF40072F9F7AEFC9B
:10FDC000B4F8DA3003F47043B3F5805F07D004F57C
:10FDD0009A539B8A1AB2013201D09B0200E0B3020F
:10FDE0004FF4806203F47C43204640F2EB41F9F784
:10FDF00095FC40F2EB412046D4F8A860F9F78FFA61
:10FE000000F48060801286F8470540F2EB412046FE
:10FE1000D4F8A860F9F783FA00F40070401286F86D
:10FE20004805D4F8A830204693F8471593F848259C
:10FE30008A1A18BF012283F84625FBF73FFB83028D
:10FE400003F47C43204640F646114FF48062F9F7F4
:10FE500065FC20463D490622F9F772FC04F59053F3
:10FE600093F83D302BB10F22204677211346F9F746
:10FE700013FC20460021FFF7A7FE95F89A352BB911
:10FE80002046FDF7A1F92046FDF7F4F9E3697A2150
:10FE9000186938F019DA95F8EC23400086B22AB1D7
:10FEA00026B1E369B11C186938F02CDA95F8ED2316
:10FEB0002AB126B1E3693146186938F023DA95F89A
:10FEC000BB34DBB104221346204640F21D11F9F782
:10FED000E3FB20469F213F2295F8BC34F9F7DCFB79
:10FEE00020469E213F2295F8BD34F9F7D5FB2046E8
:10FEF00077210F2295F8BE34F9F7CEFBB4F8DA304B
:10FF000003F47043B3F5805F37D195F95835002B72
:10FF100033D0B42124222046F9F7DBF9B72124227B
:10FF20002046F9F7D6F90322B8212046F9F7D1F98E
:10FF300095F95825022A0BD12046B821F9F7C9F9BD
:10FF40002046B52101220DE0D0130200BAF40100D1
:10FF5000032A12D12046B8210222F9F7BAF9204625
:10FF6000B5210022BDE8F041F9F7B3B9B3F5805FE0
:10FF70003FF4C0AE4FF00208C6E6BDE8F08100BF16
:10FF8000FFF73EBE2DE9F043D0F8A8608DB096F99A
:10FF9000663504460D460F46ABB15F4B0B40002B58
:10FFA00003DA013B63F0010301330C22012B2046ED
:10FFB0004FF48F6101D1082300E00023F9F7AEFB75
:10FFC00005EBD5756D1007234FF02009039305F558
:10FFD000A07386F8347086F8C17204930CAF0DEBF1
:10FFE000090347F82C3D4FF0010839462046CDF86B
:10FFF0001490CDF80880FDF769FC05F1C00339467F
:020000040803EF
:100000000493204609AB0193CDF81490FDF75EFCF4
:10001000099B2046DAB2ADF818201A0A1B0CDBB295
:10002000ADF81C30089BD2B21B0F03F0070306A9E2
:10003000ADF81E30ADF81A20FBF7CDFC9DF8271067
:10004000204601F07F01FBF74DFD08992046090D80
:10005000C9B2FEF7A1F820464146FBF7A0FC089A7A
:100060002046910A89059205920D890DFEF778FDCB
:1000700005F5E0733946049320460AAB0193FDF77A
:1000800025FC2046BDF82810FFF79EFD05F51073EE
:100090003946049320460BAB0193FDF717FC0B9FE9
:1000A0004FF6F873FF003B40204640F2A66141F650
:1000B000FF72F9F733FB96F96735434529DD40F2C6
:1000C00025512046F9F72BF9C0B28542D4BF00254F
:1000D0000125204640F225514FF480722B02F9F79A
:1000E0001DFB204640F225514FF400726B02F9F7D8
:1000F00015FB204640F225514FF48062AB02F9F720
:100100000DFB204640F225514FF40062EB02F9F757
:1001100005FB0DB0BDE8F0830100008038B50C464A
:1001200000210546FFF73CFC28462146BDE8384043
:10013000FFF728BF2DE9F04F8BB0059204460491DC
:10014000FBF795FA40F23B4102902046F9F7E7F8B9
:10015000C0F3801006A903902046FBF790FA4FF4F5
:100160007A70EEF3E3F04FF47A70EEF3DFF004F51B
:1001700098531A6900239846D11891F8201019B1A4
:1001800008F101081FFA88F80133042BF4D1142771
:100190000026D0E0D4F8B030D3F8203103F00103CA
:1001A00083F001091BB1E369186938F0DDD82046F6
:1001B000FAF785FE04F598531B69204603EB4503C7
:1001C000998CFFF7ABFF20460199FDF7E5FFB9F1E8
:1001D000000F03D1E369186938F0B2D84FF4004238
:1001E00040F2A44113462046F9F798FA41F28830CC
:1001F000EEF39CF041F28830EEF398F041F2883053
:10020000EEF394F0204640F2A641F9F788F84FEA61
:10021000C0594FEAD959B9F1FF0F86BFA9F58079C6
:100220001FFA89F909F580794FF0100B4FF0000A99
:10023000204640F23E61F9F772F80BF1FF3BC00532
:10024000C00D1FFA8BFB8244BBF1000FF0D14FEAC7
:100250001A1A1FFA8AFABAF1FF0F8CBFAAF5807A30
:100260000AF5807A3846002108AA09ABEFF38CF62C
:1002700004F598531B6900215B1993F820000DF1D8
:1002800022020DF12603EFF37FF6BDF92410BDF92C
:1002900026301FFA8AFA994209DABDF92200591A62
:1002A000EFF324F7BDF824B0ADF8220008E0BDF963
:1002B0002000C91AEFF31AF7BDF826B0ADF82000F8
:1002C000BDF92000BDF92210EFF31AF70FFA8BF3F6
:1002D000032BCCBFABF1040BCBF1040B0FFA8BFB60
:1002E000012303FA0BF300EB800003EB40000BF15A
:1002F000010B40FA0BF000F10C03182B13D804F596
:1003000098531B692A1D53F822304FEA9909C018E7
:10031000049BC9F17F099855059B09EB9A0A03F8DC
:1003200006A00136B6B20135ABB24345FFF432AF99
:100330000137652F03D0FBB201930025F4E7204677
:100340000399FBF72CFB204606A9FBF744FB20464C
:100350000299FFF725FB30460BB0BDE8F08F000097
:100360002DE9F04F87B00446D0F8A870FBF77FF96D
:1003700082462046FEF793FE4FF489715FFA80F9BA
:100380002046F8F78FFF072183462046F8F78AFFBB
:1003900000F001000090FF212046F8F783FF00F0F5
:1003A000100080B2019040F21F112046F8F77AFF4A
:1003B00000F0040080B2029040F2AB412046F8F712
:1003C000AEFFD4F8B030D3F8203103F0010383F04E
:1003D000010203921BB1E369186937F0C5DF002100
:1003E0002046FFF7DDFA2046FAF769FD40F23B416F
:1003F0002046F8F794FF04A9C0F380182046FBF7C5
:100400003EF920460121FBF7CAFA20467F21FFF77B
:1004100085FE0122134620460721F9F73DF91022F7
:1004200013462046FF21F9F737F90422134640F21C
:100430001F112046F9F730F92046FEF77BFE062211
:1004400047492046F9F77CF92046FFF7A9FB002130
:1004500006462046FDF7A0FE002220460121F9F7BE
:10046000F1FA40F2AB412046F8F759FF40F23E6105
:100470002046F8F754FFC505ED0D2B46204640F207
:10048000A64140F2FF12F9F749F997F8E8330BB3A8
:10049000204634490922F9F753F900222046012168
:1004A000F9F7D0FA40F2AB412046F8F738FF40F2B6
:1004B0003E612046F8F733FFC30540F29A412046DB
:1004C00040F2FF12DB0DF9F729F9204626490922EF
:1004D000F9F736F9204640F2A64140F2FF122B46CA
:1004E000F9F71CF900234FF48052204640F24C41AA
:1004F000F9F714F920463146FDF74EFE20464146F5
:10050000FBF74DFA204604A9FBF765FA2046494659
:10051000FFF704FE20465146FFF742FA20464FF40B
:1005200089715A46F8F7D5FE204607210122009B23
:10053000F9F7B2F82046FF211022019BF9F7ACF839
:10054000029B204640F21F110422F9F7A5F8039BF5
:100550001BB9E369186937F0F3DE07B0BDE8F08F27
:10056000E0F50100ECF5010046F701002DE9F04F40
:10057000044695B0D0F8A85040F2E7300E46EDF3AF
:10058000D5F607212046F8F78DFEFF215FFA80F8A7
:100590002046F8F787FE40F21F115FFA80F92046E7
:1005A000F8F780FE05215FFA80FA2046F8F77AFE18
:1005B000C0B2009025212046F8F774FEC0B2019029
:1005C0004FF489712046F8F76DFEC0B202904FF0EB
:1005D000000B884F204637F80B10F8F7A0FE07AB4A
:1005E00023F80B000BF1020BBBF11C0FF1D1D4F877
:1005F000B030D3F8203103F0010383F001020392FD
:100600001BB1E369186937F0AFDE40F2A441204620
:10061000F8F748FE002104902046FFF7C1F995F84D
:10062000C1527F2120460595FFF778FD0122072161
:1006300013462046F9F730F81022FF2113462046D2
:10064000F9F72AF804221346204640F21F11F9F761
:1006500023F8362220466849F9F772F82046FBF75E
:100660001DF9400880B2E62806DC2046FBF716F9A3
:10067000430819339BB200E0FF23FF22204640F2DB
:10068000A541F9F74BF825210C222046F8F721FE69
:100690000822134605212046F8F7FEFF0922574994
:1006A0002046F9F74DF82046FBF7F8F8102312938F
:1006B0000123ADF84E0008250F9320460DF14E039F
:1006C0004FF0060B0EA910950E93CDF844B0FDF730
:1006D000E2FB012E20460BD149495A46F9F730F882
:1006E0002022204682211346F8F7D6FF042605E093
:1006F00044495A46F9F724F80A260725012246F408
:100700000076134620464FF49B6146EA0515F9F73B
:1007100005F8AB0020464FF49B6140F6FC72F8F7F9
:10072000FDFF0222134620464FF49B61F8F7F6FFC7
:1007300020464FF49B614FF4E0424FF40053F8F72A
:10074000EDFF2022134620464FF49A61F8F7E6FFAA
:10075000012100222046F9F775F9204640F2764142
:10076000F8F7DDFD030402D40A20EDF3DFF520469F
:1007700007214246F8F7ADFD2046FF214A46F8F72B
:10078000A8FD204640F21F115246F8F7A2FD204670
:100790000521009AF8F79DFD20462521019AF8F7DA
:1007A00098FD20464FF48971029AF8F792FD0025D2
:1007B00007AB795B5A5B20460235F8F7BBFD1C2D71
:1007C000F6D1059B204659B2FFF7A8FC049A2046B3
:1007D00040F2A441F8F77DFD039A1AB9E36918695C
:1007E00037F0AEDD40F2E730EDF3A0F515B0BDE82F
:1007F000F08F00BFC2F701009CFA010008FB010066
:100800001AFB010026FB010073B5D0F8B030044696
:10081000D3F82031D0F8A85003F0010383F001068B
:100820001BB1C369186937F09FDD04F582531B794A
:1008300023BBB4F8DA2002F47042B2F5005F06D1AF
:100840000422ADF800200C22ADF8022005E0FF22C2
:10085000ADF80020ADF80220F02220466946ADF840
:100860000420ADF80630FBF7B6F820469621FDF7D8
:1008700093FC20460121FFF779FE5BE02046FFF75D
:100880006FFD2046FEF72EFC20460021FEF769FE94
:10089000204638490F22F8F753FF95F8E833DBB1CB
:1008A00020460121FEF75DFE95F92435204640F2F1
:1008B000D141FF229BB2F8F731FF95F8253520464C
:1008C00040F2D1414FF47F421B02F8F727FF204648
:1008D00029490C22F8F734FF052228492046F8F769
:1008E0002FFFD4F8A830D3F84824D3F844343C2B55
:1008F000B4BF19463C218A4201DD93B203E03B2B91
:10090000D4BF9BB23C23204640F2A741FF22F8F718
:1009100005FFB4F8DA30204603F47043B3F5005F06
:100920000CBF95F8543495F855344FF440412B865C
:10093000FFF736F840F276412046F8F7F0FCC005A4
:10094000C00DA5F86C0540F277412046F8F7E7FCAA
:10095000D5F83434C005C00DA5F86E051BB120468E
:100960000121FCF7AAF91EB9E369186937F0E8DC40
:100970007CBD00BF06F9010056F901006EF90100C7
:10098000F8B5D0F8A840012384F86130002384F83A
:10099000C033B0F8DA30054603F47043B3F5005FB6
:1009A00002D194F8C13304E0B3F5805F06D194F826
:1009B000C233022B02D1012384F8C033B5F8DA30F8
:1009C000284603F47043B3F5805F0CBF94F8EB3313
:1009D00094F8EA33002684F8E933638B0127A4F8FE
:1009E000BE3204222249267084F8C26284F8C362AF
:1009F00084F8C46284F86775F8F7A2FE2846394681
:100A0000FBF78DFA04221B492846F8F799FE284681
:100A1000FDF732FF2846FFF7B3FA2846FFF7F4FE4A
:100A200084F82C60B5F8DA102846F9F7F9FF284663
:100A3000FDF747F84FF4804213464FF4896128468A
:100A4000F8F76CFE6420EDF371F4334628464FF45A
:100A500089614FF48042F8F761FE28464FF4404127
:100A6000FEF79EFF41F28833E38684F89A75F8BD5D
:100A7000E2FB0100EAFB01002DE9F04FD0F8A8608D
:100A8000154603F1340206EB4202B2F8048006EB8D
:100A90004303B2F80A90B3F8787089B004464A4626
:100AA0008A464146FEF75CF820463946FFF78CF847
:100AB00007230493202306934FEA885801230393C6
:100AC0004FEA985807AB02934FEA88284FF0000B83
:100AD0002FE013B11AF0010F29D15BB20133BAFB39
:100AE000F3F303F5A073204602A90593FCF7EEFE8D
:100AF000079A4FEA89534FEA125B9B0D4FEA0B5B53
:100B000043EA0B0B204602A94BEA080BCDF81CB0B8
:100B1000FDF7C1F996F9663520460133BAFBF3F3C8
:100B200003F5E07302A905930797FDF7B4F90AF1FD
:100B3000010AAA4596F86635CBD9B3B17F2D14D1F9
:100B40004FF4C075204602A90595CDF81CB0FDF7FD
:100B5000A2F905F18003204602A901350797059304
:100B6000FDF799F9B5F5E07FECD196F8810096F89C
:100B70007E1096F87F2096F8803000902046FBF794
:100B800003FB09B0BDE8F08F70B500210446D0F832
:100B9000A8500B467F22FFF76FFF2046FEF786F82E
:100BA0002046B5F8B812B5F8BA22FAF7B0FF2046D9
:100BB00040F2D16104220023BDE87040F8F7AEBDD9
:100BC00070B50446D0F8A8300D46A9B193F8BC32F0
:100BD000002B29D0FFF7D8FF20460422002340F243
:100BE000D161F8F79BFD8022204640F276611346E2
:100BF000BDE87040F8F792BD0422134640F2D1617F
:100C0000F8F78CFD802220462B4640F27661F8F7FB
:100C100085FD20462946FEF7D7FF204629462A466D
:100C2000BDE87040FDF79CBF70BD000010B50446E4
:100C300011B91049132218E012220F49F8F780FD6C
:100C4000012100222046FBF713FF0C490622204613
:100C5000F8F776FDB4F8DA30204603F47043B3F5C4
:100C6000005F0CBF064907491E22BDE81040F8F797
:100C700067BD00BF52FA010078FA01005EFB010077
:100C80006AFB0100A6FB01002DE9F04104460F4676
:100C9000154640F2DA6148F280021E469DF818803F
:100CA000F8F72EFD2046FAF709FCB8B140F65211CC
:100CB0002046F8F734FBFF22C3B240F64811204625
:100CC000F8F72CFD40F653112046F8F728FB40F6C4
:100CD0004911C3B2FF222046F8F720FDD4F8A8300E
:100CE00093F846357BB140F2EB412046F8F717FB0D
:100CF00000F400735B12204640F2EB414FF4806237
:100D00009B02F8F70BFD7B1EFF229BB2204640F2B0
:100D10004261F8F703FD4FF6FF739D4201D0013D9C
:100D2000ADB220464FF4C8614FF6FF722B46F8F77C
:100D3000F5FC204640F241614FF6FF723346F8F76A
:100D4000EDFC2046B8F1000F05D008490422BDE8AB
:100D5000F041F8F7F5BC40F23F610122F8F7EAFAFA
:100D600020460121BDE8F041FFF760BF88F4010093
:100D7000F8B50F4640F23B410446F8F7D0FA40F28E
:100D80003C4106462046F8F7CAFA0546204677B1A8
:100D90000E221049F8F7D4FC20460121FFF746FF48
:100DA0000D4920460722BDE8F840F8F7C9BC0422E7
:100DB0000A49F8F7C5FC2046324640F23B41F8F7B5
:100DC000B9FA204640F23C412A46BDE8F840F8F71F
:100DD000B1BA00BF8EF601001CF80100B6F60100A2
:100DE00070B504460D46F8F732FC20226B01204610
:100DF0004FF49661F8F792FC0023204640F2B1418F
:100E00004FF40072F8F78AFCB4F8DA3003F4704358
:100E1000B3F5005F04D1D5F1010338BF002300E032
:100E20000023002D0CBF202600262046602246EA23
:100E300083134FF48261F8F771FC20464FF482610E
:100E40008022EB01F8F76AFC2046BDE87040F8F715
:100E500002BC00002DE9F04FC3B019939DF8343166
:100E60009DF830910C939DF83831BDF844710D9385
:100E70009DF83C31D0F8A8B00E939DF8403115464E
:100E80000F934E4B0446884624AA03F1200E18689F
:100E90005968164603C6083373453246F7D11868B9
:100EA0001823306034933EAB012632932046202332
:100EB00036938DF806618DF8076133963596FEF707
:100EC0006FFE40F2D74110902046F8F728FAC0F3A1
:100ED000C000119040F2D7412046F8F720FA00F404
:100EE000E040000B1290364920460622F8F728FC15
:100EF000204634490F22F8F723FC204631461BAA2E
:100F0000FCF760FF204631460022FCF7CFFEB9F126
:100F1000000F17D120463146FFF762FFD4F8B030FA
:100F2000D3F82031DA0710D5E369B821186942F205
:100F3000107237F0E7D9E369186937F015DACDF8A0
:100F4000289003E000230A9300E00A96204601213E
:100F5000FAF77DFD20460121FFF768FE20460121BA
:100F6000FAF796FE40F2EA412046F8F7D8F940F247
:100F7000EB4113902046F8F7D2F940F2EB41149080
:100F80002046F8F7CCF900F0070340F2EB41204689
:100F9000DB003822F8F7C2FB9BF8C13220463CA99F
:100FA0000B93FAF76CFB95B12B7A204663B1697A03
:100FB000FFF7B4F86B7A0B9309E000BF88C4010017
:100FC00090F401009CF401002946FAF704FD40F278
:100FD0009C412046F8F7A3F940F231611590204674
:100FE000F8F79DF940F2D66116902046F8F797F988
:100FF00040F2DA6117902046F8F791F90021189035
:101000002046FAF78CFF2046A4490722F8F798FB00
:1010100040AB2D9301232E9307232F9375B19BF99A
:1010200066356A7A013392FBF3F303F5107330935C
:10103000204620232DA93193FCF748FC409B4FF616
:10104000F872DB001A40204640F271614093F8F7D5
:1010500071F9204692490C22F8F772FB0DF18E0AC5
:1010600056460025204636F8021FF8F71BF937AB25
:1010700058550135122DF5D1072220464FF48B71BA
:10108000F8F727F9B4F8DA3003F47043B3F5005FEA
:1010900005D1204640F22D110122F8F71AF9072256
:1010A00020464FF49671F8F714F9B4F8DA3003F4E7
:1010B0007043B3F5005F14D120466A21C222F8F7CD
:1010C00008F9204698210C22F8F703F9204640F24F
:1010D0002F110322F8F7FDF820469721F922F8F79F
:1010E000F8F80B2107222046F8F7F3F810222046E3
:1010F00040F21311F8F7EDF81D2101222046F8F710
:10110000E8F8012220464FF48A71F8F7E2F8B4F8C3
:10111000DA3003F47043B3F5005F04D120462E218A
:101120001022F8F7D6F820464FF495710822F8F708
:10113000D0F8204609210222F8F7CBF80422134602
:10114000204640F21F11F8F7A7FA2046FF2110228F
:101150000023F8F7A1FA2046072101220023F8F71F
:101160009BFA2046052108220023F8F795FA4FF450
:1011700000421346204640F2DA61F8F7CFFA4146C2
:10118000199A0B9B2046FDF723F9002583B20193A2
:1011900001212A462B4606462046009502950395D6
:1011A0000495FAF7EFFC0C9BAF4208BF4FF482475F
:1011B00000930D9B204601930E9B414602930F9B8B
:1011C0002A4603934FF4AF630493802307934B465F
:1011D000059706950895FDF74DF89BF90934002B06
:1011E0002FD02CE0204632A9FCF770FB3E9B43F346
:1011F0000B33872B25DD013E0025B3B2019320463A
:1012000001212A462B460095029503950495FAF78D
:10121000B9FC0C9B204600930D9B414601930E9B0D
:101220002A4602930F9B059703934FF4AF630493F1
:10123000802307934B4606950895FDF71BF8002E73
:10124000D0D141AA033220460DF58371FAF73DFA59
:101250009DF807213F2A55D89DF90631002B51DB17
:101260003F2B4FDC52B29A424CDCB8F1000F28D130
:10127000182342AD2F933FAB45F8543D29462046F5
:101280003092FCF723FB9DF90631294620463F9E0C
:1012900030934546FCF71AFB0EE000BFBAF501009B
:1012A000C8F5010042A93FAB41F8543D20463095B6
:1012B0003F96FCF7F0FD01359DF907216BB29A428C
:1012C000F0DC18232F933E2342AD30933FAB45F81B
:1012D000543D20462946FCF7F9FA3F23204629468B
:1012E0003093FCF7D8FD0123204629463093FCF7C4
:1012F000EDFA0023204629463093FCF7CCFD20462A
:10130000FCF765FB204640F2EA41139AF8F712F821
:10131000204640F2EB41149AF8F70CF82046D7210A
:1013200002220023F8F7B8F9082213462046D721F5
:10133000F8F7B2F9002320464FF494710822F8F729
:10134000ABF920464FF48B710022F7F7C2FF20461D
:1013500040F29C41159AF7F7EDFF204640F23161CB
:10136000169AF7F7E7FF204640F2D661179AF7F78B
:10137000E1FF189D204645F0010292B240F2DA6189
:10138000F7F7D8FF20460121FAF7C9FD119D204645
:10139000EB0040F2D7410822F8F7C0F9129D204631
:1013A0002B0340F2D7414FF4E042F8F7B7F920465B
:1013B000FBF734FA0025564637AB5A5D204636F81F
:1013C000021F0135F7F785FF122DF5D14FF40062AA
:1013D0000023204640F24C41F8F7A0F920460021B6
:1013E000FFF724FC20460021FAF731FB204640F2AB
:1013F0003B4101220023F8F791F900234FF40062EA
:10140000204640F63811F8F789F920460021FFF709
:10141000E7FC204600211BAAFCF7D4FC2046084923
:101420000F22F8F78DF90A9D1DB9E369186936F0A6
:1014300087DF20461099FCF7AFFE43B0BDE8F08F80
:1014400068F701002DE9F04F8DB0DDF858909B460C
:1014500001238046924689F80830642400252E191D
:1014600076100021B6B2DB2389F8096001274A46CD
:10147000039340460B460091019102910497059118
:10148000FFF7E8FC182308933F2309930BAB06935F
:101490004046202306A90A930797FCF717FA0B9BEF
:1014A0001A051215524343F30B3303FB03230F4A70
:1014B0001846D91782457BEB010328BF344638BF55
:1014C00035464FF0FF3312EB0A0243EB0B03824227
:1014D00073EB010703D2504571EB0B0302D3631B7F
:1014E000012BBCDC30460DB0BDE8F08F30F8FFFFBB
:1014F000F7B50446D0F8A87090F8DA000E46F8F771
:10150000D5FB40F6B41290420546B4F8DA3008D064
:10151000DBB2012B07D00002A0F5C420A0F580604B
:1015200003E01A4801E04FF4523000224FF47A7180
:10153000F9F7E4FEA0FB002320460096FFF782FFA8
:10154000A0F1280292B21D2A1BD9272809D940F6FA
:10155000B4139D4208D02D02A5F5BE20A0F5007061
:1015600004E04FF4343001E04FF4703000224FF4C7
:101570007A71F9F7C3FEA0FB002320460096FFF71F
:1015800061FF043887F8C202FEBD00BF008E030071
:101590002DE9F04FD0F8A8308FB01646182293F8F6
:1015A000F4730A920DAA089201FB01FB20227BB280
:1015B0000C9201220992B3F1FF3F08BF01273F229D
:1015C000032305460B9207934FF0050806230024DA
:1015D000039347F6FF733246059328462346214678
:1015E0004FF00109009401940294CDF81090FFF798
:1015F00031FC284608A9FCF769F90D9B1A0512155C
:10160000524343F30B3303FB03235B45727A07D248
:10161000002F4ED1C8F1000A5FFA8AFACC4601E0E9
:10162000C246A4464FFA8AF91FFA89F909EB020467
:101630000697A4B26746C9EB040292B23FB15B457C
:1016400007D9CAEB020A069F86F809A027E05B4586
:1016500024D323B27F2B21DC002B1FDB0623039333
:1016600001230021049347F6FF73324674720593F9
:1016700028460B46009101910291FFF7EBFB2846AB
:1016800008A9FCF723F90D9B4C441A051215524387
:1016900043F30B3303FB0323A4B2CCE7069F079B62
:1016A0004FFA88F84FEA6808013B5FFA88F8079319
:1016B0008CD10FB0BDE8F08F2DE9F04F8DB00393C2
:1016C000C369D0F8A88004460E4698684FF480613C
:1016D0001746EDF3E7F00546002800F0878004F593
:1016E0008053DE6120460121FFF77AFB98F82C3009
:1016F00043B120463F490622F8F722F82046002150
:10170000FCF748F8A6B101233B4A86EAE671A1EB53
:10171000E6715A43B2FBF1F91FFA89F901FB09F1AD
:10172000013391429BB2EFD1B9F5807F02D956E0E7
:101730004FF002094FF0240B0BFB06FB49F6404328
:101740009BFBF3FB4FEA0B4B64234FF000089BFB22
:10175000F3FBAA46464626E040460AA9F9F758F8A0
:101760000B9AD8447A4303D4D2130132521004E0C6
:101770005242D2130132521052420A9B9205920DEC
:101780007B4303D4DB1301335B1004E05B42DB13C8
:1017900001335B105B429B059B0D43EA82230136BC
:1017A0004AF8043BB6B24E45D6D10622204613492C
:1017B000F7F7C6FF1523079300272023204605A926
:1017C0000993059506960897FCF765FB039B204651
:1017D000009331464FF6FF723B46FFF755FAE36937
:1017E000294698684FF48062EDF36CF00DB0BDE8C7
:1017F000F08F00BF82F60100005A62020AFC01006D
:1018000070B500F58053D0F8A8500022DA6195F841
:101810002C3004463BB12B490622F7F791FF2046B6
:101820000121FBF7B7FF204640F24461F7F777FD4F
:1018300010F0010309D020460021FFF7F7F902223A
:10184000204640F23F61134606E0810706D5204658
:1018500040F253414FF40042F7F760FF20461A4927
:101860000922F7F76DFF20460021FFF7B9FA20465D
:10187000F9F724FE30B12046FCF78CF901462046EA
:10188000FEF7A2F995F8473520469B0203F47C4306
:1018900040F2EB414FF48062F7F740FFB5F84E3568
:1018A0007BB12046FF2240F64811F7F737FFB5F825
:1018B0005035204640F64911FF22BDE87040F7F749
:1018C0002DBF70BDDEF70100EAF7010070B50546D7
:1018D00088B00C46F8F7A7FD284634B9FFF790FF0B
:1018E00028462146FFF77CFA20E021460122F9F73D
:1018F000E7F80446C8B928460121FFF771FA0D4BF5
:1019000040260393152305932846102303A9079324
:1019100004960694FCF7BFFA284631464FF6FF724C
:1019200023460094FFF7B0F900E00124204608B0F8
:1019300070BD00BF7E0E02002DE9F8430F01044682
:10194000D0F8A890FDF7ABFB40F2D741064605461C
:101950002046F7F7E4FC99F925358046581C0ED04F
:10196000002BB8BF03334022B7EBA30F204640F251
:10197000D74101DA002300E01346F7F7CFFE04F564
:101980008053DB6920464BB1FFF73AFF0520ECF3AB
:10199000CDF420461B497022002301E01949702232
:1019A000FFF78AFE20463146FEF7B8FB4FF00B09E1
:1019B00001212046FDF70EFEC61B002E3346B8BFA0
:1019C000F31C05EBA305013D7F2DA8BF7F2525EA6C
:1019D000E575204629460436FEF7A0FB082E02D9FD
:1019E000B9F10109E4D12046FFF70AFF204640F291
:1019F000D7414246F7F79EFC2046FDF750FBBDE875
:101A0000F88300BF00093D0070B5B1F1FF3F044607
:101A100015469DF9106001D08B190CE022B990F8A1
:101A20002916FFF789FF01E0013204D0204629463C
:101A3000FFF782FF831920461946BDE87040FEF784
:101A40006DBB2DE9F04391B00546D0F8A840FDF7F5
:101A500026FB1C238DF8393001238DF83830B5F87A
:101A6000DA305FFA80F803F47042B2F5805F08D193
:101A7000DAB2402A01D81B2200E02D228DF839204D
:101A800032E0B2F5005F2FD1B4F82A150BB2013362
:101A900004D04FF6FF73002908BF1946B4F8F63397
:101AA0001AB2013205D04FF6FF72002B08BF134661
:101AB00001E04FF49173B4F82C7594F8F02338B228
:101AC000013004D04FF6FF70002F08BF0746B4F86E
:101AD000F86330B2013004D04FF6FF70002E08BF1B
:101AE000064694F8F19393E0DBB2402B2FD8B4F87C
:101AF0002E150BB2013304D04FF6FF73002908BF37
:101B00001946B4F8FA331AB2013205D04FF6FF7213
:101B1000002B08BF134601E04FF49173B4F8307501
:101B200094F8592538B2013004D04FF6FF70002FD9
:101B300008BF0746B4F8006430B2013004D04FF655
:101B4000FF70002E08BF064694F85B9560E08C2B72
:101B50002FD8B4F832150BB2013304D04FF6FF730F
:101B6000002908BF1946B4F8FC331AB2013205D077
:101B70004FF6FF72002B08BF134601E04FF491733C
:101B8000B4F8347594F8F22338B2013004D04FF62B
:101B9000FF70002F08BF0746B4F8026430B201306E
:101BA00004D04FF6FF70002E08BF064694F8F3935A
:101BB0002EE0B4F836150BB2013304D04FF6FF73A4
:101BC000002908BF1946B4F8FE331AB2013205D015
:101BD0004FF6FF72002B08BF134601E04FF49173DC
:101BE000B4F8387594F85A2538B2013004D04FF65D
:101BF000FF70002F08BF0746B4F8046430B201300C
:101C000004D04FF6FF70002E08BF064694F85C958E
:101C100009B2481C05D02846FFF78EFE84F8070459
:101C200014E019B24B1C06D028460CAAFFF7B0FCF2
:101C30009DF8393008E053B2013302D084F807240C
:101C400004E09DF839300BB184F8073439B2481CF0
:101C500005D02846FFF770FE84F8080411E031B281
:101C60004A1C08D028460CAAFFF792FC9DF8393090
:101C700084F8083405E04FFA89F3013318BF84F87B
:101C8000089494F9EF33013302D0FF2384F8083429
:101C900094F8082451B24B1C74D094F8073458B20D
:101CA0008142D8BF84F8083494F80834D8BF84F847
:101CB00007248DF839300026DB23039301273346B0
:101CC000284631460CAA009601960296049705967E
:101CD000FFF7C0F81823099320230B9308970FAB45
:101CE000284607A907930A96FBF7F0FD06F1400383
:101CF000284607A901360A93FCF7CDF8402EEED10D
:101D000094F9072494F90834D31803EBD3735B10C8
:101D1000A4F86835B5F8DA3003F47042B2F5005F24
:101D200005D1B4F85E2512B1A4F8682510E0DBB245
:101D3000402B03D8B4F8603513B107E08C2B02D8E0
:101D4000B4F8623513B9B4F864350BB1A4F868354A
:101D5000284640F224514FF400420023F7F7DEFCFE
:101D600094F96635B4F86825013392FBF3F39BB21E
:101D7000284640F22551FF22F7F7D0FC022384F8D1
:101D8000673529E0012384F86735284640F225515C
:101D9000FF227F23F7F7C2FC284640F225514FF47B
:101DA00080720023F7F7BAFC284640F225514FF421
:101DB00000720023F7F7B2FC284640F225514FF499
:101DC00080620023F7F7AAFC284640F225514FF421
:101DD00000620023F7F7A2FC0023A4F86A35284626
:101DE00040F2255194F96665F7F799FA0136B6B2D3
:101DF000C0B2464394F96635A4F8686513B1284625
:101E0000FCF73EFE94F8EF3328465AB2013208BF81
:101E100094F8073400218DF83930DB230393012334
:101E20000CAA04930B460091019102910591FFF7D2
:101E300011F828464146FEF771F9284640F27161D3
:101E4000F7F76DFAB4F86A2540F27161A0EBC202AF
:101E500092B22846F7F76EFA2846FBF7B8FD11B0A4
:101E6000BDE8F0832DE9F04FC3B005920446162279
:101E70000F4613A800211193E7F3CCF6654B1FAA78
:101E800003F1080618685968154603C50833B342BC
:101E90002A46F7D118689B882860AB805D4B23AA3F
:101EA00003F1080618685968154603C50833B3429C
:101EB0002A46F7D118689B882860AB80564D48F2B7
:101EC00067012868ADF8F010696848F2452236AB22
:101ED000ADF8F42003C327AA05F1080310351868EC
:101EE0005968164603C60833AB423246F7D1186824
:101EF0004A4D9B88306069682868B38038AB03C35B
:101F00002BAAA5F10E03063D18685968164603C6AC
:101F10000833AB423246F7D118689B883060B380F3
:101F200047F69733ADF8F830ADF8FC30E36900269A
:101F3000986830213A963B96D4F8A850ECF3B2F466
:101F40000690002800F07D8240F2DB612046F7F722
:101F5000E6F940F2DA610C902046F7F7E0F93049F3
:101F60000D9004222046F7F7EBFB0599072959D875
:101F7000DFE801F00B0458585817271F07260DF10A
:101F80008C0A13AA0DF1AC0851E000210A46204644
:101F90000B4600960DF17C0AFAF7F6F8072613AA0D
:101FA00043E005F1820201260DF1F00A0DF1F80877
:101FB0003DE005F1820201260DF1F40A0DF1FC0865
:101FC00035E041AB033341AA009341A901320DF53D
:101FD00083732046F9F7BAFF9DF804219DF8053177
:101FE000002143EA0223ADF85A3000239DF8062170
:101FF000ADF85C309DF80731ADF8601043EA02237C
:10200000ADF85E3004260DF1D80A13AA0DF1E008F0
:102010000DE000BFACC40100BAC40100D0C401008F
:10202000FEF801000026B24632460DF19C084FF042
:10203000400E1023DFF820B28DE8084000210B236A
:102040002046CDF808B0F7F7EFFC05227B49204683
:10205000F7F776FB2046F9F70AFB4FF48052134658
:102060000E9040F2A4412046F7F758FB002120468D
:10207000FDF796FC40F2DB412046F7F750F9704936
:1020800006220F902046F7F75BFBB4F8DA302046C3
:1020900003F47043B3F5005F0CBF6A496A4912222A
:1020A000F7F74EFB40F2D7412046F7F738F906998B
:1020B00010902046FBF7F8F9204640F23B41F7F735
:1020C0002EF9C0F38010079018B120463AA9F9F70D
:1020D000D6FA57B9079A1AB92046298EFEF71EF884
:1020E000204634A9F9F7CBFA34AFB7F802903B8811
:1020F0004FEA091949EA0329BB883868796849EA2F
:10210000030932AB03C31FFA89F92FA800210A2261
:10211000E7F380F5B9F1000F0AD12FA84B490A2245
:10212000ADF8C890ADF8CA90ADF8CC90E7F30EF5D5
:10213000204632A9F9F74FFC0027042220464449E3
:10214000F7F7FEFA4FF0100939460A232046414AB4
:102150000197CDF80090CDF808B0F7F765FC202383
:102160003946019320460A233A4ACDF80090CDF82B
:1021700008B0F7F759FC204640F2534140F2A472F0
:10218000F7F7D8F8B5F8C87340F6A663002F08BF74
:102190001F46059B052B01D17F42BFB204F580533A
:1021A000DB692BB12046FFF72BFB0520ECF3BEF0DB
:1021B0003FB24FF47A710123794358222046FFF74A
:1021C0007BFA40F2DA614FF6FF722046F7F7B2F879
:1021D000B4F8DA30204603F47043B3F5005F0BBF68
:1021E00095F8951595F8962505910592FCF757FFFA
:1021F000FF23C0B2CDF82480B1460A902E46089342
:102200004FF000085546A0E00021ADF8001135F868
:10221000027B059A07F470673F0A2AB3042F03D0A4
:10222000089B042B1ED119E00A9B059A9918C9B284
:102230004BB231EA230128BF7F2110E0CCF9010025
:10224000D6F901004CF50100E2F9010030F8010077
:1022500056FB010048F80100C36201000A992046BC
:10226000FBF7ADFFF9B20891099B42A933F8022BA5
:10227000099301EB470333F84C3C1BB1D2B242EA5D
:10228000032292B2033FBFB2204640F25241F7F719
:1022900051F8012F0B9715D86B4B10274FF0450ABB
:1022A0000293204600210DF1FE0201238DE88004F7
:1022B000F7F7ADFB2046002140AA01238DE8800CF2
:1022C000F7F7B2FB204640F2514135F8022CF7F700
:1022D00031F82046FAF785FA00287BD06023DFF832
:1022E00068A110270021019320460B2319AA00970B
:1022F000CDF808A0F7F78BFB40230193002119AA22
:102300000B2320460097CDF808B0F7F78DFB0B9A0A
:10231000012A0BD8452301934C4B20460293002100
:102320000DF1FE0201230097F7F77EFB10236027D3
:102330008DE888002046002106F182020B23CDF8AB
:1023400008A0F7F764FB08F10108C8457FF45CAF0B
:10235000602301933C4B06F1820735460293102619
:10236000204600213A460B230096F7F750FB012345
:10237000A5F8983050230193204600213A460423C3
:102380000096CDF808B0F7F74FFB55230193204690
:10239000002105F18C0202230096CDF808B0F7F772
:1023A00043FB2046F9F78AF8A0B140A90DF58172E8
:1023B0002046FBF757FD2046FBF7ECFBBDF800116C
:1023C0000546BDF802212046FCF7CAFB20462946F7
:1023D000FDF7FAFB119911B92046FFF711FA2046D3
:1023E0000699F9F7BBFE204640F2D741109AF6F75E
:1023F000A1FFE369069998683022ECF363F2204666
:1024000040F2DB410F9AF6F795FF0022204640F29A
:102410005341F6F78FFF079A1AB120463AA9F9F708
:10242000DAFA20460E99FDF7BBFA204640F2DA614F
:102430000D9AF6F77FFF204640F2DB610C9AF6F723
:1024400079FF43B0BDE8F08FF95C0100C362010081
:102450002DE9F04F87B00446F9F709F904A90646BB
:102460002046D4F8A850F9F70AF92046F9F724F9DC
:1024700040F2D74102902046F6F751FF03902046E4
:10248000FDF78EFB834626B92046FCF708FE824600
:1024900001E04FF0FF0AB4F8DA304FF02A0803F4F5
:1024A0007043B3F5005F0CBF95F81E7595F81F7566
:1024B00020467FB239460F223C23CDF80080FFF73B
:1024C000A3FA95F84695B9F1000F00F092802046E6
:1024D00040F2EB41F6F723FF1221C0F34023012223
:1024E0002046F7F7D9F86A780021521A18BF01225E
:1024F0000B462046FFF7B6FC2046FBF74BFB40F3AC
:10250000072340B2A5F84A35A5F84C0540F2EB4147
:102510002046F6F704FF00F480639B1220465B021E
:1025200040F2EB414FF40072F7F7F8F80021072270
:102530000B462046FFF796FC2046FBF72BFB40F3AB
:10254000072340B2A5F84E35A5F85005FF222046D6
:10255000B5F84A3540F65211F7F7E0F82046FF2269
:10256000B5F84C3540F65311F7F7D8F82046FF225E
:10257000B5F84A3540F65611F7F7D0F82046FF2255
:10258000B5F84C3540F65711F7F7C8F82046FF224A
:10259000B5F84E3540F64811F7F7C0F8FF2220464F
:1025A000B5F8503540F64911F7F7B8F895F84C35BD
:1025B000B5F84A15204643EA012189B2FDF704FB2C
:1025C00095F8473520469B0240F2EB414FF480627C
:1025D00003F47C43F7F7A2F895F8483520465B02F0
:1025E00040F2EB414FF4007203F47E43F7F796F8A4
:1025F00010E00F223C2320463946CDF80080FFF73B
:1026000003FA6A7820460032494618BF01224B4639
:10261000FFF728FC2046F8F73DFF10B12046FBF7F6
:10262000CCFA00210B467F222046FCF78AF920468F
:102630005946FBF7B1FD20460299F9F753FA2046B7
:1026400004A9F9F7C8F9204640F2D741039AF6F7F2
:1026500071FE20461EB13146FDF7A2F902E0514657
:10266000FDF75CFD07B0BDE8F08F00002DE9F04FED
:102670009846C369D0F8A860A7B004460F4698688A
:102680004FF483711546ECF30DF18246002800F0FB
:10269000E881B8F1020F16D10EE03B46197894F8A4
:1026A000DA20013D063F91420AD1204659889A8896
:1026B000F9F72DFA0125CCE16B1E062202FB037708
:1026C000002DEAD1C5E1B8F1010F40F0C1812046EB
:1026D000F8F7CDFF002109902046FDF761F90025AC
:1026E0007B4F2046795BF6F7DDFD18AB585302357A
:1026F000182DF5D140F231612046F6F710FE152273
:102700000A9040F231612046F6F7FAFF40F24C4160
:102710002046F6F704FE40F24D410B902046F6F7B6
:10272000FEFD4FF496610C902046F6F7F8FD40F25E
:10273000B1410D902046F6F7F2FD40F2F9410E90BE
:102740002046F6F7ECFD40F2FA410F902046F6F7EE
:10275000E6FD40F6381110902046F6F7E0FD40F611
:10276000391111902046F6F7DAFD40F23B41129004
:102770002046F6F7D4FD40F23C4113902046F6F790
:10278000CEFD40F2DA6114902046F6F7C8FD40F223
:10279000DB6115902046F6F7C2FD40F2B741169076
:1027A0002046F6F7BCFD40F23B4117902046F6F775
:1027B000B6FDC0F38019B9F1000F07D0204624A957
:1027C000F8F75DFF96F8C162079601E0CDF81C901E
:1027D00020463099FDF7A2FC062220463D49F6F737
:1027E000AFFFB4F8DA3003F47043B3F5005F04D1FF
:1027F000204698210322F6F76CFD2046364919221F
:10280000F6F79EFF204635491822F6F799FFB4F8EF
:10281000DA304FF0030803F47043B3F5005F14BFE0
:1028200004230023089323E1B3B20093BBB2002535
:1028300001931FFA88F32A4602932046089B2946F3
:1028400003950495F9F79EF920460121F9F7FFF861
:102850002B46204622493C22FEF72EFF20464FF40D
:1028600089712A46F6F735FD21AB00934FF4FA7BC8
:102870002B4620464FF480612022CDF804B0F9F7B2
:1028800015FF034630B917480693F5F713F9069B71
:102890001D4645E02B46204611497822FEF70CFFE5
:1028A00020464FF489712A46F6F713FD1EAB8DE8DA
:1028B000080820464FF4806120222B46F9F7F6FEE7
:1028C000A0B983460848F5F7F5F85D4628E000BF53
:1028D00070F30100A0F30100ACF30100DEF301008E
:1028E00080841E0024F401003EF40100229A1F9906
:1028F000239BB1EB420F0DD902EB8202914209D228
:10290000209AB2EB430F05D903EB83039A422CBF05
:102910000025012516F1FF3602D3002D84D00125B4
:1029200017F1FF3703D3002D00F0A080012518F127
:10293000FF3802D3002D00F09B80204640F2D16189
:1029400004220023F6F7EAFE2DB120464FF4806101
:10295000FAF78EFE05462046FEF752FF204640F26B
:1029600031610A9AF6F7E6FC204640F24C410B9A98
:10297000F6F7E0FC204640F24D410C9AF6F7DAFCFF
:1029800020464FF496610D9AF6F7D4FC204640F2AB
:10299000B1410E9AF6F7CEFC204640F2F9410F9A6B
:1029A000F6F7C8FC204640F2FA41109AF6F7C2FC4E
:1029B000204640F63811119AF6F7BCFC204640F646
:1029C0003911129AF6F7B6FC204640F23B41139AB1
:1029D000F6F7B0FC204640F23C41149AF6F7AAFC08
:1029E000204640F2DA61159AF6F7A4FC204640F240
:1029F000DB61169AF6F79EFC204640F2B741179A23
:102A0000F6F798FC204640F24C4104220023F6F7EA
:102A100085FE0026174B2046995B18AB9A5B023661
:102A2000F6F757FC182EF5D12046B9F1000F03D068
:102A30000799FDF773FB02E04946F8F7B0FF20461F
:102A40000999FCF7ADFF20460021F9F700F800E0F6
:102A50000025E369514698684FF48372EBF332F72F
:102A600000E00546284627B0BDE8F08F0626DBE6E5
:102A70000427FBE770F30100F7B50446F8F7F7FD0C
:102A8000E26904F58153126AD4F8A8501A60B4F8C8
:102A9000DA30002285F8BC3204F5805383F8242014
:102AA000D4F8B0300746D3F8203103F0010383F0A7
:102AB000010653B1E369B821186942F2107235F08A
:102AC00021DCE369186935F04FDC20460121FEF76F
:102AD00087F90F2226492046F6F732FE2046F9F7FD
:102AE000EDFA20460021FDF76FF8002120460A4646
:102AF000FCF736F82046F8F7E2F904F582531B7923
:102B00006BB12046FDF72CFC20460021FCF729FD87
:102B100095F8E8331BB120460121FCF722FD204641
:102B2000FFF796FC7F2300210093204601230A46ED
:102B3000FFF79CFDFF2385F8073485F8083420460D
:102B4000FAF76EF810B92046FEF77BFF20463946AB
:102B5000FCF726FF20460021FEF742F936B9E3696B
:102B6000186903B0BDE8F04035F0EA9B03B0F0BD52
:102B70005CF801000129D0F8A83001D1FCF720BC95
:102B8000B3F86C25B3F86E35FF2B88BFA3F500733F
:102B9000FF2A88BFA2F500729BB292B29A1A10B2B5
:102BA000704770B5D0F8A830D3F8D063D3F8CC53C1
:102BB000D3F8D443FFF7DEFF631E05FB1065012643
:102BC00016FA03F3ED1855FA04F460B270BD2DE95E
:102BD000F041B0F8DA30064603F47042B2F5005F17
:102BE000D0F8A84004D1B4F85483B4F8847513E045
:102BF000DBB2942B03D9B4F88675022308E0632B6B
:102C000003D9B4F88875012302E0B4F88A7500236B
:102C100004EB4303B3F85683B8F1FF0F1CD0012136
:102C20003046FFF7BEFF193847433FB2002FCCBFF5
:102C300007F5FA75A7F5FA754FF47A7395FBF3F576
:102C4000ADB24544ADB2304640F23441FF222B468E
:102C5000F6F764FDA4F86653BDE8F08170B5D0F8CE
:102C6000A8300129D3F8DC63D3F8D853D3F8E04374
:102C700003D10221FCF7A4FB09E040F27541F6F70D
:102C80004EFBC005C00DFF2888BFA0F5007000FBFB
:102C90001560631F012515FA03F3043CC018204199
:102CA00040B270BD10B5D0F8A830CCB2D3F8D4047F
:102CB000020E7F2A44EA0020C8BFA2F58072C3F842
:102CC000D404D3F8D8048A1A1218C3F8D82492105E
:102CD000C3F8DC2410BD082270B513460446572102
:102CE000F6F7DAFC56212046F6F7DCFA00F0F80594
:102CF00056212A462046F6F7ECFA0120EBF316F3AC
:102D0000562145F003022046F6F7E3FA0120EBF3E3
:102D10000DF3562145F007022046F6F7DAFA4FF494
:102D20009670EBF303F32046572108220023BDE8F9
:102D30007040F6F7B1BC00002DE9F04FB54B8BB0F9
:102D400004460D4606AA03F1080718685968164696
:102D500003C60833BB423246F7D118683060998801
:102D60009B79B180B371D4F8A8700023AA4E1A01E0
:102D70009159A94203D001330E2BF7D157E32046D6
:102D80009121B6180022F6F7A4FA2046382107222E
:102D9000F6F79FFA0A2220468821F6F79AFAD4F825
:102DA000A83093F882251AB120468821F6F791FAC7
:102DB0002A212046327AF6F78CFA30210322204667
:102DC000737AF6F769FC912103222046B37AF6F76D
:102DD00063FCF37A38210F222046F6F75DFC91213F
:102DE00000222046F6F775FA382107222046F6F72A
:102DF00070FA337B30210C229B002046F6F74CFC06
:102E00005E210F222046737BF6F746FCB37B5E21E2
:102E10001B01F0222046F6F73FFC6C212046F27B96
:102E2000F6F757FA082220463821F6F752FA912190
:102E300020460322F6F74DFA0AAA551920465E21CC
:102E400015F8112CF6F745FA012220467E21F6F7F7
:102E500040FA97F8EE231AB120463821F6F739FAEE
:102E60000722134620462A21F6F716FC20462C217D
:102E70000022F6F72EFA20462A210C22F6F729FA2C
:102E8000012220462C21F6F724FAD4F8A83093F832
:102E900052252AB393F8532520465E21F6F719FAF6
:102EA000D4F8A830204693F854252A21F6F711FAD1
:102EB000D4F8A830204693F855252B21F6F709FAC7
:102EC000D4F8A830204693F856252C21F6F701FABD
:102ED000D4F8A83020462D2193F85725F6F7F9F9B4
:102EE000B4F8DA3003F47043B3F5805F04D12046C0
:102EF000BF21EE22F6F7EDF902221346204640F2FA
:102F00001F11F6F7C9FB0422F72113462046F6F7F6
:102F1000C3FBF121032200232046F6F7BDFBF2217B
:102F2000F82290232046F6F7B7FBA223F321FF22D5
:102F30002046F6F7B1FBB4F8DA3003F47043B3F58A
:102F4000005F04D1D4F8A83093F8183506E0B3F543
:102F5000805F06D1D4F8A83093F81935012B00F022
:102F60005E82002320469D210422F6F795FB002374
:102F7000442120460293F6F795F9C0B2039040F23F
:102F80002B112046F6F78EF9C0B20490442120465A
:102F90000722F6F772FB0E22204640F22B11F6F7BD
:102FA0006CFB029A04F580539D6A0AB1680000E048
:102FB00028461A4B9D4205D9194FBD428CBF0427A4
:102FC000022700E00127B4F8DA8008F47048B8F569
:102FD000005F05D173684FEA400903EB430A02E042
:102FE0004FF00009CA4610220E49F8F787F90D493B
:102FF0000190794310222846F8F780F9B8F5005F70
:10300000059011D1504602211022F8F777F90646B3
:103010000BE000BFD8C40100900F020080BA8C0101
:103020000075190340420F0000264F21022220465E
:10303000F6F74FF9CA4B4FEAC50B03FB07F8BBFB8A
:10304000F8F808F101084FEA580808F1FF385FFA6C
:1030500088F85221072220464FEA9803F6F71CFB16
:103060005321602220464FEA4813F6F715FB08F17A
:1030700001035F43BB4ABBFBF7FBBB4F5A44B2FBA8
:10308000F7F7013FFFB251213A4620460093F6F789
:1030900020F9059A304611011022F8F72FF901376F
:1030A0004743009B7B4304D4DF1301377F10013F6C
:1030B00007E06FEA080808FB07F7FF1301376FEA1C
:1030C00067073B0A53210F22DBB22046F6F7E4FAEA
:1030D0005421FAB22046F6F7FCF80A2303FB0AFA59
:1030E000A24F4521B9FBF7F9BAFBF9F809FB18AA79
:1030F0004FEA5A0212050AF0010A4FEA590302EB9D
:1031000099024FEA0A5AB2FBF3F25344B3FBF9F9BE
:103110004FEA181309EB020720461F22DBB2F6F72D
:10312000BBFA4FEA0813462120464FF4F87203F029
:10313000F003F6F7B1FA3B0CDBB246210F22204632
:10314000F6F7AAFA3A0A47212046D2B2F6F7C1F8B2
:103150004821FAB22046F6F7BCF8029B41F29419D6
:10316000002B08BF4FF4FA59A9F5D8794FF4F5733D
:10317000A9F1030999FBF3F903FB09FA0AF52A7A85
:103180004FF425624FEA4A2ABAFBF2FA40F27C6712
:1031900007FB0AF7A7F55837A7F5C067B7FBF3F7A2
:1031A0000CBF4FF4827B4FF4E17B7F0A4FEAC903E7
:1031B00007F01C0243EA92024221204692B2F6F73F
:1031C00088F807F01F024321204642F02002F6F75C
:1031D00080F84FEA4B224FF48773B2FBF3F303FB03
:1031E0000AFA634A4FEA5A2A624BB2FBFAF2D31840
:1031F0004FF41241B3FBF1F303F00F015E4B204695
:10320000B3FBFAF3A3F54C23A3F500631A0C41EAD0
:10321000021292B24021F6F75CF8584A4FF025535B
:10322000B3FBFAF3A3F54633B2FBFAFA4FF4B84115
:10323000A3F50073AAF56E3AB3FBF1F3AAF5007A91
:1032400003F00F03BAFBF1F243EA021241212046D8
:1032500092B2F6F73EF806F174434FF4966703F521
:10326000900393FBF7F329275F434FF45C7303FB51
:1032700008F840F22B5303FB09F909F5E4610BFB55
:1032800008F00C311022F8F739F807F5D81700EBE1
:10329000670090FBF7F7FFB23C2F94BF4FF0000898
:1032A0004FF00108B8F1000F00D07F08043FFFB2D3
:1032B0003C213F2220463B46F6F7EEF93C214022D6
:1032C0004FEA88132046F6F7E7F9B4F8DA3003F44A
:1032D0007043B3F5005F04D1D4F8A83093F82735D4
:1032E00006E0B3F5805F1AD1D4F8A83093F82835FA
:1032F000012B14D1019A40F245105043314610225F
:10330000F7F7FCFF043708F1010808FB07F79E21D7
:103310004743C02220464023F6F7BEF90CE0019B4C
:103320009620584331461022F7F7E8FF043708F19A
:10333000010808FB07F74743B7F5160FD4BF00266F
:103340000126731C03EB430397FBF3F7B7F5003F2C
:1033500016DBA7F5C033DB1301335B10DBB210E0E3
:10336000404B4C003F420F0040420F00A08601003E
:10337000000068600021F6FF000084A30000302AEE
:1033800000233D213F222046F6F786F93D214022C9
:10339000B3012046F6F780F9264B572120229D42A3
:1033A000204606D91346F6F777F9234B9D4204D8F9
:1033B00008E00023F6F770F904E0102220465721B8
:1033C000134603E02046572110220023F6F764F944
:1033D000019A4A21B2F5341F204603DD0222F6F796
:1033E0004CF902E0FD22F6F73AF90C22134644218B
:1033F0002046F6F751F90120EAF398F72046FFF747
:103400006AFC20464421039AF5F763FF049A20469C
:1034100040F22B110BB0BDE8F04FF5F75ABF042274
:10342000134620469D21F6F737F90123A0E50BB09E
:10343000BDE8F08F80BA8C010075190308B5F8F764
:1034400016F9A0F5404EDEF1000040EB0E0008BD7D
:1034500070B5002313700B7000F582531B7904467E
:103460000D46164603B340F2AB41F5F758FF10F492
:10347000004F204602D040F2AB4108E040F23C61F0
:10348000F5F74DFF030406D5204640F23C61F5F701
:1034900046FF400828702046FFF7D0FF08B194F897
:1034A00010052B78C018307070BD38B5D0F8A84022
:1034B000054694F842335BB10021F9F701FA28463A
:1034C00019210022F9F7C0F910B9012384F8453316
:1034D00038BD38B5D0F8A850044695F8423383B9C2
:1034E00090F8E930DA0744BF23F0010380F8E930AF
:1034F00090F8E93099072FD523F0020380F8E930DE
:1035000038BD95F8473323B9D1F1010338BF002303
:1035100000E0012385F84733F1B1012385F84633F4
:103520000023C5F86C3385F845332046FFF7BDFF0F
:1035300095F84333003318BF012385F8443313B1A2
:103540002046F8F7D1FF2046F8F782F820460121FF
:10355000BDE83840F9F7B4B938BDF7B5D0F8A840A0
:1035600000230193009394F842330546002B00F0AA
:10357000CD8094F84633002B00F0C880D0F8B030EE
:10358000D3F82031D90740F1C18094F84563002E6B
:1035900040F0A08031463246F9F756F9002800F095
:1035A00099802846694601AAF9F77AFA002800F0BE
:1035B0009180019BC4F86C3394F84633012B40F0A2
:1035C000898094F891E394F89003009A7346314609
:1035D0001EE05FB2DC3754F827C0624536BF44F8BE
:1035E00027204FF0000C624654F8277038BF4FF088
:1035F000010C0133DBB2C91901365FB2F6B2072FF5
:10360000C8BF0023BCF1000F02D00092009A15E061
:103610004FFA86FC47B2BC45DBDBF6E75FB2DC372E
:10362000013354F827C0DBB244F82720891801364B
:103630005AB2072AC8BF0023F6B2624677B2072FF4
:10364000ECDD43B2072B009205DC0023013084F847
:10365000923384F8900394F99033082B3AD194F87C
:103660009433E31893F8972393F8996394F892337B
:10367000FC2B02D8013384F8923394F892339342AE
:1036800028D10EF1010384F891335BB2072B02DDE0
:10369000002384F89133062384F890332846F8F702
:1036A00049FF18B92846F7F7D3FF10E094F8933391
:1036B000FC2B02D8013384F8933394F89333B3424C
:1036C00005D194F8943313B9012384F8943300237B
:1036D00084F8923394F846130023012984F8453383
:1036E000284602D1F9F7ECF802E01946F9F743F958
:1036F0002846D4F86C13F9F7C7FA002384F8473347
:1037000094F89C3313B9012384F89C33FEBD38B57B
:103710001546D0F8A8407AB194F8431394F84223A0
:10372000C36942EA41042C6018698C2134F0CCDD75
:1037300044EA0040286038BDCB080DD101F00103F8
:10374000C1F3400184F8423384F8431323B90121C3
:10375000BDE83840F9F70FB938BD2DE9F843044604
:1037600088461746D0F8A8604FF00009F7F7A7FB86
:1037700020460121FDF734FB4D460DE001210022DA
:10378000F6F760F93846EAF3D1F52046FBF787FCF7
:1037900001351FFA80F9EDB245452046EED30021F0
:1037A000FDF71EFB86F8C092BDE8F8832DE9F043D3
:1037B000B0F8DA30D0F8A8508BB085F8BC32D0F829
:1037C000B0300446D3F8203103F0010383F001093F
:1037D00053B1C369B821186942F2107234F092DD16
:1037E000E369186934F0C0DD40F2A5412046F5F7E1
:1037F00096FD00F4E060070A2046F7F738FF002145
:1038000080462046FCF7CCF84FF440412046FCF7B8
:10381000C7F82046FBF766FCD4F8A830D3F8482454
:10382000D3F84434402BB4BF194640218A4201DD0D
:1038300093B203E03F2BD4BF9BB24023FF2220462C
:1038400040F2A741F5F76AFF0023204640F2A54168
:103850004FF4E062F5F762FF4FF47A7232212046AE
:10386000FFF77BFF0121204695F8C062FDF7B8FA0B
:103870002046F7F724FB3B02204640F2A5414FF4D7
:10388000E062F5F74BFF00212046FCF789F895F838
:10389000C472012F3AD1204607A9FDF729FE394607
:1038A0002046FAF723FCD4F8A830D3F84824D3F8FC
:1038B00044343E2BB4BF19463E218A4201DD93B207
:1038C00003E03D2BD4BF9BB23E23204640F2A741EC
:1038D000FF22F5F723FF0023204640F2A5414FF4D5
:1038E000E062F5F71BFF204632214FF47A72FFF7B2
:1038F00034FF95F8C032DBB995F8C2322046043364
:1039000085F8C2320121FAF7F1FB11E00021012311
:10391000DB228DF8243003920493204607AA0B463D
:103920008DF825600091019102910591FDF792FAC1
:1039300020464146FCF734F8204609490422F5F7B1
:10394000FFFEB9F1000F03D1E369186934F0F8DC28
:1039500020460021FDF744FA0BB0BDE8F08300BF1C
:103960007AF80100082903D00A2903D0022903D1DB
:10397000FFF782B8FFF71ABF704710B50446F7F794
:103980009EFA20460021FCF70BF820460821BDE8EE
:103990001040FFF7E7BF38B500F5805393F82430A7
:1039A0000446D0F8A85013B9F7F7FCFDE0B1D4F8FD
:1039B000F830590706D194F8F5301BB92046092193
:1039C000FFF7D0FFD4F8F8301A070DD104F5805274
:1039D00092F92C2042B91B0606D494F8F5301BB995
:1039E00020460221FFF7BEFFD4F8F83013F00E0F87
:1039F00002D12046FBF78EFCD4F8F83013F0060F06
:103A00003ED1D5F834244AB3E369D5F83814186A9E
:103A1000411A914234D36A21186934F055DC4100CF
:103A200089B2B1B1E369186934F04EDC88B940F26B
:103A300076412046F5F773FCC005C00DA5F86C056E
:103A400040F277412046F5F76AFCC005C00DA5F8A5
:103A50006E0520460021F9F730F911E040F2764179
:103A60002046F5F75CFCC005C00DA5F86C0540F2DA
:103A700077412046F5F753FCC005C00DA5F86E054B
:103A80002046F7F7F4FDB0F5404F0BD02046FBF78A
:103A900006FB20B100237F2885F8563402D000238E
:103AA00085F8573438BD00002DE9F0415FFA81F800
:103AB0000446D0F8A85040460E46F6F7F7F83146CF
:103AC00007462046F6F7D7F82046B4F8DA10F9F79B
:103AD0008FFE042220465B49F5F732FE4146204620
:103AE000FFF72AF90A20EAF321F44FF400421346C3
:103AF0004FF489612046F5F711FE2046F8F7D4F916
:103B0000780005210022F7F7F9FB394600228046AC
:103B10004FF42010F7F7F2FB40F2576107461FFA07
:103B200088F22046F5F706FC20464FF4CB61BAB286
:103B3000F5F700FC4FF4007320464FF489614FF411
:103B40004072F5F7EBFD94F8DA300E2B07D0B5F89C
:103B5000622013B2B3F1FF3F08BF152200E01E221E
:103B6000A5F840252046002112B2FAF79FF820B1AF
:103B7000204600211422FAF799F894F8DA30382216
:103B80000E2B0CBF18230023204640F2EB41F5F723
:103B9000C5FDB4F8DA30204603F47043B3F5005F96
:103BA0000CBFB5F86620B5F86820012113B2B3F157
:103BB000FF3F08BF0222A5F83E2512B2FAF776F8B9
:103BC000182220462049F5F7BBFD2046F7F70FFBEA
:103BD000B4F8DA2095F8BC32D2B280B10E2B02D9FB
:103BE0000E2A05D901E00E2A02D82046012101E063
:103BF000204600213246BDE8F041FCF7E1BF934288
:103C0000204601D1012B03D10821FFF7ABFE01E0D3
:103C1000FCF7BAFF00210A462046FBF7C1F8204610
:103C2000FEF7D5FF20460121FFF753FC04F5825330
:103C30001B792BB120460321BDE8F041FBF753BDB2
:103C4000BDE8F08178F9010080F901008068F3F3A4
:103C500001B3000030B5848804F00303012B08D0C1
:103C6000022B0CD0002B2BD108780523B0FBF3F0EE
:103C700030BD0B78144A03F00703D05C30BD0D78DB
:103C8000CB78087905F07F02290643EA002042F04C
:103C9000006302D543F4806305E0A10644BF42F00F
:103CA000006343F44073010648BF43F40003420637
:103CB00048BF43F4800300F0300043EA004030BDC9
:103CC0004FF4007030BD00BF39F1010070B5866857
:103CD0000446D4F8F811B068F3F3AAF2FF2384F88D
:103CE000E2314FF0FF33A361236800229A71336BF6
:103CF000022105461869F5F729FF204637F0ACDDAB
:103D0000D5F1010038BF002070BD38B50B680446FE
:103D10000D4673B1D3F87C1129B1036840F20C72DF
:103D2000D868EAF3CFF523682968D8686269EAF3AE
:103D3000C9F523682946D8681022BDE83840EAF35F
:103D4000C1B5036870B510210546D868EAF3AAF535
:103D50000446A0B12B686969D868EAF3A3F5064662
:103D6000206028B921462846FFF7CFFF344606E0F9
:103D70000023C0F87C312146284638F075DE204605
:103D800070BD37B5054601A9D0F8000538F08CDFC5
:103D900009E02846214639F0E7D9636C1BB928466B
:103DA000214639F0F7DA01A838F086DF044600280A
:103DB000EFD13EBD2DE9F34788461546002858D07F
:103DC000002956D00A88D0F804A0D0F89873D0F80B
:103DD0009463002A48D0B1F80290002419F0010938
:103DE000FC80BC8024D0402A13D1043138462346BD
:103DF00000943DF07BD8A04238DBB6F8022112F0E7
:103E0000400231D0002D37D0DAF80C003CF010D849
:103E100033E0A2F108039BB2372B27D807F1080043
:103E20000431E5F393F6B8F80080A7F8048024E0A5
:103E3000202A1ED8043107F14800E5F387F6B6F8CA
:103E40000241B8F80080012314F04004A7F8049060
:103E5000A7F80680C6F8CC300FD06DB1DAF80C00A8
:103E60003BF0E6DF4C4608E0144606E04FF0FF3436
:103E700003E06FF0010400E02C462046BDE8FC871B
:103E800010B50DF0E9FA0446F0F700FF2046BDE852
:103E90001040EAF359B0AAAA0300195800001018FC
:103EA00000000FAC00001472000050F200004096B9
:103EB000000050F201000050F20200000050F20237
:103EC000010000904C00AAAA03001958000050F20B
:103ED00002010100000364000027A4000041435ECA
:103EE0000061322F000050F204000050F200000F79
:103EF000AC00001472000001AF8101000010180036
:103F00000050F200000FAC000040960000000000DE
:103F10000000101800000C0B120F180A240E3009B4
:103F2000480D60086C0C0C1218243048606C5E0060
:103F3000600062007800D400092F160E0E05696C2F
:103F4000306D6163616464723D30303A31313A32D0
:103F5000323A33333A34343A353500626F61726441
:103F6000747970653D30786666666600626F61726E
:103F7000647265763D3078313000626F61726466DC
:103F80006C6167733D38006161303D330073726F5F
:103F90006D7265763D3200000FAC000050F200AA51
:103FA000AA0300195800CC0102000000D400000050
:103FB000000000000001000000006E840B00000003
:103FC000D4000000000000000001000000000C12FE
:103FD00018243048606C000010091E091F092409CC
:103FE0002509260920092109270928092909220963
:103FF000230930093109320912090F0900090109A1
:104000000609070908090209030909090A090B0930
:10401000040905090C090D090E09110900FC070026
:1040200069A50500FF010000695D0A0000040800A1
:10403000975E0A000102000097A605000600000036
:104040000600000006000000060000000E00000050
:104050000E0000000E0000000E00000016012D01F1
:104060002C016A00980097002F010B0013011D001E
:1040700014012E002A0109001F010700FF0005009E
:1040800021842384348384806782568034828480B0
:10409000678256803482977A977A977A977A877A66
:1040A000877A977B977A877A877A977BFFEEDDCC42
:1040B000BB9988776655443322110000594D800022
:1040C0009557800049588000315680000D5A800075
:1040D000C1588000295A8000455A800079578000D5
:1040E0004D568000755A800025558000F15980009A
:1040F0000D58800069548000C14E8000E951800055
:1041000055528000C9518000DD5880005151800017
:10411000D1558000A555800015568000E14F8000E4
:1041200089558000FD4E80000D290000E90A01003C
:10413000ED4D8000854E8000A94F8000D94D800054
:10414000094E8000514C8000654C8000000000004A
:104150000000000000000000C14F800025528000D8
:10416000F9518000D128000028000000776C300051
:1041700073645F6C6576656C5F747269676765729E
:10418000007370695F70755F656E61620061727067
:104190005F6D616361646472006172705F72656D0E
:1041A0006F74656970000000F83B86000000000035
:1041B00007000000FF3B8600010000000700000030
:1041C0000B3C860002000000000000001B3C860043
:1041D0000300000007000000263C860004000000E9
:1041E00000000000373C8600050000000800300099
:1041F000413C86000600000000000000B9C5010037
:104200000800000006000000C5C50100090000000C
:104210000700000000000000000000000000000097
:1042200070666E5F73757370656E640058408600CB
:10423000000000000800140060408600010000003B
:10424000080088006840860002000000080038006E
:104250007040860003000000080008007E408600D1
:1042600004000000010000008240860005000000FC
:10427000000000008B4086000600000008003800A7
:104280004CC6010007000000010000000000000013
:104290000000000000000000352E39302E3233308F
:1042A0002E333800776C25643A202573202573203F
:1042B00076657273696F6E202573204657494420D6
:1042C00030312D25780A0041756720313220323097
:1042D00032300030383A31383A3538005C782530A1
:1042E000325800776C635F696F7661727332007267
:1042F0007373695F6F666673657400505A443A2041
:1043000025643E2564206F722025643E256420616B
:104310003D25640A006C6F775F727373695F747216
:104320006967676572006C6F775F727373695F644A
:1043300075726174696F6E0074635F656E61626C43
:10434000650074635F706572696F640074635F68B1
:10435000695F776D0074635F6C6F5F776D00746386
:104360005F737461747573006173736F635F7374EB
:104370006174650064796E74780074785F73746139
:10438000745F63686B0074785F737461745F6368F3
:104390006B5F7072640074785F737461745F6368DC
:1043A0006B5F726174696F0074785F737461745FBE
:1043B00063686B5F6E756D0072785F726174650023
:1043C00069735F5750535F656E726F6C6C65650003
:1043D00069735F7770735F656E726F6C6C65650093
:1043E0001BC70100010000000600000041C70100DA
:1043F000020000000600000052C701000300000098
:104400000600000064C70100040000000600000070
:104410006EC70100050000000600000078C701001B
:10442000060000000600000081C701000700000030
:10443000060000008AC70100080000000600000016
:1044400094C701000900000006000000A0C7010099
:104450000A00000006000000A6C701000B000000D3
:1044600006000000B2C701000C00000006000000BA
:10447000C2C701000D00000006000000D4C7010003
:104480000E00000006000000E4C701000F0000005D
:1044900006000000ECC70100100000000100000051
:1044A000FCC7010010000000010000000000000037
:1044B000000000000000000005A58100FDA58100AE
:1044C00000000000000000000DCD820089E682009F
:1044D000F5CB8200EDCC8200737472616E6765204B
:1044E000636173652E2E2E72656C6561736520693C
:1044F000732025642C2064656C74612025642C2055
:10450000696E692D3E72656D5F77696E646F7720A5
:1045100025640A0025733A20616D7064752D3E6D27
:1045200061785F7064753D25642C20616D706475E1
:104530002D3E62615F74785F7773697A653D2564AB
:104540002C20616D7064752D3E62615F72785F77BB
:1045500073697A653D25640A0025733A20776C20DB
:10456000646F776E210A0025733A20776C2075708E
:10457000210A00776C635F616D7064755F726563BB
:10458000765F61646462615F7265715F7072655FBE
:10459000706174636800776C635F616D7064755FF0
:1045A0007265737461727400A6CB860010000000FF
:1045B00006000000529B8600010000000100000080
:1045C0005D9B860002002000070000006F9B8600B4
:1045D00003004000080007007C9B860004004000A8
:1045E000080004008B9B86000500400008000400C2
:1045F0009A9B86000600000008000400AB9B860022
:104600000D00100007000000A79B86000E00200090
:1046100007000000B49B86000700100007000000A0
:10462000BF9B86000800000008001000D69B860093
:104630000900000006000000C99B8600240000005D
:1046400006000000FEC786000A0000000600000009
:10465000AB7286000F00000001000000D59B8600B1
:104660000B00800001000000DA9B86000C000000B7
:1046700005000000E59B86001D000000030000000F
:10468000FA9B86001E00000007000000139C8600B5
:104690001F00000007000000259C8600210000008C
:1046A000050000003B9C8600200000000300000085
:1046B000499C860011008000010000004F9C86008C
:1046C0001800400008000600539C860019000000F6
:1046D00005000000619C86001A0000000100000037
:1046E0006C9C86001B0040000100000000000000E0
:1046F0000000000000000000D55083002157830017
:104700000000000000000000776C25643A2050484B
:10471000595458206572726F72282564290A0077EF
:104720006C74786770696F005454545454000000DE
:1047300000000000000050505050500000000000E9
:1047400000000000230000000300000000084C4CA3
:104750004C4C4C4C1414140000010000646464645C
:1047600064646464646464646400000000000000C5
:1047700000000000000000000100000000640000D4
:1047800000000000000000000000005800000000D1
:10479000000000000001545454000000000000001C
:1047A0000000000050505000000000000000000019
:1047B0000000234C4C4C4C4C4C4C4C4C4C4C4C4CFA
:1047C0000000004040404040404000000000000128
:1047D0004848484848484848484848484800000031
:1047E00000000000000000000000000008000000C1
:1047F00003000000000142424232424214141400FD
:10480000000000000300000000013E3E42343E4232
:10481000141414000000000054545400540000000C
:104820000000000000000000000000000000000088
:1048300000000000230000000300000000014444C9
:104840004438444014141400000000003242424234
:104850004242424242423242420000000000000016
:10486000000000000000000008484A4A4A4A4A4A3C
:104870004A4A4A4A4A480000003434343434343412
:104880003434000000004E4E4E4E4E4E4E4E4E4EB4
:104890004E4E4E000000000000000000000000002E
:1048A00000000854545400540000000000000000B0
:1048B0000050505000500000000000000000002395
:1048C0003A3E3800420000000000000000000000F6
:1048D0000000000000000000000000000A000000CE
:1048E000006400000000000000000000000000580C
:1048F000000000000000000000013C424242424231
:10490000424242423C000000000000000000000063
:1049100000000000000000344A4E4E4E4E4E4E4EF7
:104920004A38000000000000000000000000000005
:104930000000000036444444444444444444364A5D
:104940004000000000000000000000000000000027
:10495000082E4444444444444444442E463A00000F
:1049600000000000000000000000000000083C3EC5
:104970003E3E3E3E3E3E3E3E3C3E3E00000000008F
:1049800000000000000000000000083444444444DB
:104990004444444444384440000000000000000007
:1049A00000000000000000083844484848484848D3
:1049B0004844380000000000000000000000000033
:1049C00000000000085C5C5C5C5C5C5C5C5C5C5CEB
:1049D0005C5C00005050505050505050500000004F
:1049E000000100000100000000014E4E4E344C3822
:1049F0001E1E1E00000000000300000000014244D3
:104A00004230443014141400000000000300000081
:104A100000013E3E3E3C3E3E1414140000000000E7
:104A2000030000000001444444364C3814141400C0
:104A3000000000000300000000013E3E30363A2C2A
:104A4000141414000000000042424242424242421A
:104A500042424242420000002E3434343434343472
:104A600034000000004A4A4A4A4A4A4A4A4A4A4AE4
:104A70004A4A0000002E34343434343434340000D4
:104A800000003E3E3E4A0000000000000000000022
:104A90002828284000000000000000000000004618
:104AA00044444A0000000000000000000000000034
:104AB00000000000000000000000000A38444444E8
:104AC0004444444444443844440000002C383838BA
:104AD00038383034340000000000000003000000CB
:104AE00000004242424242421414140000000000FE
:104AF0000300000000003E3E3E3E3E3E1414140003
:104B00000000000054545454000000000000000055
:104B10000000505050500000000000000000000055
:104B2000233844444A4A000000000000000000000E
:104B3000000000000000000000000000000A00006B
:104B40000000340000000000000000000000000031
:104B5000340000000000000000000054545454547D
:104B600000000000000000000048484848480000DD
:104B70000000000000000023404040404040404012
:104B800040404040400000000000000000000000E5
:104B90000000000008545454545400000000000069
:104BA0000000005050505050000000000000000075
:104BB0000023545454005400000000000000000082
:104BC0004848480048000000000000000000235C46
:104BD0005C5C0050000000000000000000504850E5
:104BE0000044000000000000000000234C4C4C4C2E
:104BF0004C4C4C4C4C4C4C4C4C0000000000000009
:104C0000000000000000000009000000010000009A
:104C100000013E3E3E323E361414140000000000F7
:104C20000100000000013E3E3E343E3814141400E2
:104C3000000000000100000000014242423C423CF2
:104C40001E1E1E00000000000100000000014E4E6C
:104C50004E364C381E1E1E000000000054545454A2
:104C60005400000000000000000048484848480088
:104C7000000000000000000023000000030000000E
:104C80000000464646484A48171717000000000033
:104C9000610A86007E0A86009B0A86000F0B86004A
:104CA000490B8600660B8600630F8600240E860083
:104CB000410E8600141086006B10860031108600AD
:104CC0009C108600D01086000411860060118600BA
:104CD000B1118600830B8600A00B86000C0F8600A6
:104CE000F70B8600CE118600310C86006B0C860017
:104CF00094118600DA0B86005E0E86004E0C86004C
:104D0000290F8600B80A8600D50A8600F20A8600B6
:104D10007B0E86004E108600BD0B8600980E860026
:104D20009D0F8600B50E8600880C8600D20E860088
:104D3000140C8600290F8600BA0F86002C0B860003
:104D4000440A8600800F8600460F8600EF0E86001C
:104D500078CC010060CD01007DCD010026CD0100A1
:104D600095CC01009ACD010091CE0100F1CD01005A
:104D7000DFCB010018D0010088CB010043CD01003A
:104D8000B2CC0100B7CD010074CE0100C8D2010041
:104D9000E8CE0100D4CD0100A4CF0100FCCB01007E
:104DA0003838383838000000000000000000343483
:104DB0003434340000000000000000000000000057
:104DC0000300000000004040404040401414140024
:104DD000000000003A3A3A3A4600000000000000A5
:104DE00000000000000000000000000000000000C3
:104DF00008384444444A000000000000000000005D
:104E0000000000000000000000000000002A000078
:104E1000000054000000000000000000000000003E
:104E20004400000000000000000001001809860096
:104E3000C00D8600E80D8600200D8600AC0D8600B2
:104E400030CC01004CD00100A0D301001CCF0100E8
:104E500038D0010008CF01001CCC010064CC010057
:104E600024CE010060D00100A8D0010038CE01009E
:104E7000D4D3010010CE01003CD3010004D40100C2
:104E800074D001004CCE010060CE0100E8D30100D7
:104E900018D40100ECD101008CD30100343A3A3A25
:104EA0003A3A3A3A3A3A3A2C2C000000323C3C3C2E
:104EB0003C3C00000000000000545454005400002A
:104EC00000000000000000484848004800000000C2
:104ED0000000000000233E48484246000000000059
:104EE00000000000000000000000000000000000C2
:104EF00000000A0038383E420000000000000000B8
:104F00000000000000000000000000000000000A97
:104F10000300000000004444444C4C4C1717170099
:104F200000000000323232380000000000000000B3
:104F30000000383838380000000000000000000091
:104F4000004C0000004C0000000000000000005079
:104F50000000005000000000000000000001000000
:104F60000700000000084848483C3C3C141414006A
:104F700000000000030000000000424242424242A2
:104F80001717170000000000383E383E42000000AE
:104F90000000000000000000000000000000000011
:104FA000000000000A00000003000000000144446B
:104FB00044344444141414000000000003000000B2
:104FC0000008444444384444141414000000000011
:104FD000000000000F0015000300000000006464E2
:104FE00064646464242424000001000001000000C3
:104FF0000000485048384C381E1E1E0000000000BB
:10500000C8E686000000000008000C00D7E6860015
:105010000100000007000400E9E68600020000002D
:1050200008000800FBE686000300000007000400FB
:105030000BE786000400000008001C001BE7860048
:105040000500000008000C002CE7860006000000A8
:105050000700040043E78600070000000700040083
:10506000BCD401000800000007000400CCD40100FB
:105070000900000007000400E0D401000A0000005D
:105080000800900000000000000000000000000088
:10509000706B745F66696C7465725F69636D7000D4
:1050A000706B745F66696C7465725F69636D705F65
:1050B000636E740077616B655F7061636B6574002C
:1050C00053657420425250542061742025780A00A0
:1050D0000A465749442030312D25780A000A545297
:1050E0004150202578282578293A2070632025789A
:1050F0002C206C722025782C2073702025782C2091
:105100007073722025782C20787073722025780AAD
:1051100000202072302025782C2072312025782C18
:105120002072322025782C2072332025782C207292
:10513000342025782C2072352025782C20723620BA
:1051400025780A00202072372025782C20723820FC
:1051500025782C2072392025782C2072313020259A
:10516000782C207231312025782C20723132202584
:10517000780A000A20202073702B302025303878E0
:105180002025303878202530387820253038780AA6
:1051900000202073702B31302025303878202530C6
:1051A0003878202530387820253038780A00737018
:1051B0002B257820253038780A00646561646D619C
:1051C0006E5F746F0072616D7374627964697300ED
:1051D000706125643D307825257800706425643D34
:1051E0003078252578006E7672616D5F6F76657216
:1051F000726964650000000086060200D0090000A4
:10520000800602003E3E0000820602003E020000D0
:10521000000702003C0000008406020012020000A9
:10522000600104000300010064010200C0000000EE
:105230006001040003000100660102000A00000092
:105240006001040004000100640102001400000079
:1052500060010400070001006401020083010000F6
:10526000600104002500010064010200F401000057
:105270006001040096050100660102002B04000095
:1052800060010400970501006401020000010000B4
:1052900060010400D7010100640102003C0000002D
:1052A00060010400DC01010066010200340000001E
:1052B00060010400E201010064010200300000000E
:1052C00060010400E7010100660102002C000000FB
:1052D00060010400ED010100640102002C000000E7
:1052E00060010400F20101006601020028000000D4
:1052F00060010400F80101006401020028000000C0
:1053000060010400FD0101006601020028000000A8
:10531000FFFF000000000000600104000500010321
:1053200064010400000019002401040004000000CE
:1053300028010400000000002C010400000000000F
:105340003001040000000000340104000A04700071
:1053500034010400EFBED40034010400050000FF56
:105360003401040001FF02FF3001040018000000B6
:10537000340104000A04E00034010400EFBE4800D8
:1053800034010400050000FF3401040001FF02FFA6
:10539000340104000010180134010400020300105D
:1053A0003401040018F1F2F334010400BBCC000016
:1053B0003001040068060000340104001404700089
:1053C00034010400EFBE580134010400000000FF66
:1053D0003401040001FF02FF340104000010180131
:1053E000340104000203030934010400BF0000106B
:1053F0003401040000000000300104003800000007
:1054000034010400000000003001040088060000A0
:10541000340104001404800034010400EFBE1802BB
:10542000340104000000030934010400BF0000033C
:1054300034010400000102033401040004050001EA
:1054400034010400020304053401040000000000DC
:105450003001040058000000340104000000000086
:105460003001040038000000340104000F20000760
:105470003401040000009400340104000000009096
:1054800034010400747576773401040000000000D4
:10549000340104000000050034010400FFFFFFFF99
:1054A0003001040068020000340104006E843300FF
:1054B00034010400DCBA500034010400D40000AB15
:1054C00034010400BADABADA34010400001018F129
:1054D00034010400F2F300103401040018F1F2F377
:1054E000340104001000000034010400000000003A
:1054F0003401040000000A00340104000100000E21
:10550000340104004252434D340104005F544553BA
:1055100034010400545F535334010400494401042E
:105520003401040082848B963401040003010106D7
:105530003401040002000000300104006800000093
:10554000340104000A04280234010400DCBA80009B
:10555000340104000000FFFF34010400FFFFFFFFDF
:1055600034010400001018F134010400F2F30010BB
:105570003401040018F1F2F334010400D0AF00004C
:1055800034010400000000003401040000000001A8
:10559000340104000200000E340104004252434D65
:1055A000340104005F54455334010400545F5353E5
:1055B00034010400494401043401040082848B96C0
:1055C000340104000301010634010400020100005B
:1055D0003001040068040000340104000A042802B9
:1055E00034010400DCBA8000340104000000FFFF35
:1055F00034010400FFFFFFFF34010400001018F124
:1056000034010400F2F300103401040018F1F2F345
:1056100034010400D0AF0000340104000000000099
:105620003401040000000001340104000200000EF7
:10563000340104004252434D340104005F54455389
:1056400034010400545F53533401040049440104FD
:105650003401040082848B963401040003010106A6
:1056600034010400020100000001040000000001F8
:105670009004020000000000A0040200F1F300000A
:10568000B0040200EFFD0000A8040200FFFF0000CC
:10569000A804020000000000AA04020000000000AC
:1056A000A4040200CF1A0000AC04020000000000B5
:1056B000BC04020000000000A6040200D7020000A3
:1056C000B6040200FFFD0000AE040200FFFF000070
:1056D00006040200010000000604020000000000B1
:1056E0000C04020018000000060402000000000084
:1056F00048040200000C000002040200A0070000A1
:105700000205020000000000000502000040000049
:105710000205020004000000000502000040000035
:105720000205020008000000000502000040000021
:10573000020502000C00000000050200004000000D
:1057400002050200C000000080050200FFFF00000B
:1057500082050200FFFF000084050200FFFF000039
:1057600086050200FFFF000088050200FFFF000021
:105770009C050200F0FF00004005020000800000D0
:1057800020050200060F0000400502000080000016
:10579000400502000081000020050200101D0000ED
:1057A0004005020000810000400502000082000068
:1057B000200502001E2800004005020000820000B3
:1057C000400502000083000020050200293100008E
:1057D0004005020000830000400502000084000034
:1057E00020050200323F0000400502000084000056
:1057F0004005020000850000200502004041000035
:1058000040050200008500001206020001000000B1
:105810002E060200CDCC0000300602000C00000075
:105820000006020004800000960602000800000046
:105830009A060200E4000000880602000000000052
:105840009C06020002000000880602000010000012
:105850009C060200020000008806020000200000F2
:105860009C060200020000008806020000300000D2
:105870009C06020002000000880602000B0F0000D8
:105880009E06020007000000100502000B00000049
:1058900050040200014E0000520402005B010000AF
:1058A000E40402009000000004040200B4000000C0
:1058B00054050200FF3F00006001040004000103E2
:1058C000640104000000000064010400B400000052
:1058D0006401040047004700640104000000640004
:1058E0006401040030094000600104000D00010360
:1058F0006401040002000200640104000100800051
:105900006401040005000000640104000000800040
:105910006401040064006400640104000E00470098
:10592000640104000005000060010400150001038B
:10593000640104000000420864010400E00B070059
:10594000640104000A000000600104001A00010361
:105950006401040000C0660B600104001D00010327
:1059600064010400102700006401040000007A03B1
:1059700060010400200001036401040006001027F8
:105980006001040023000103640104000000F60626
:10599000640104000000AA0A64010400000032004F
:1059A000640104000A0E0B09640104000E020000E9
:1059B000640104000000520A6401040000003F0179
:1059C00064010400FFFF000C6401040032046E0651
:1059D000640104000200F209600104002E000103CA
:1059E0006401040000000080600104003200010333
:1059F000640104000000320B600104003400010364
:105A0000640104000000CC0560010400580001039B
:105A1000640104004252434D640104005F54455345
:105A200064010400545F53536401040049440000BE
:105A300060010400600001036401040039000000FB
:105A4000640104005000000064010400C000000074
:105A5000600104007000010364010400AA03AA03AA
:105A600064010400AA03AA0364010400AA03AA03B0
:105A700064010400AA03AA0364010400EC03D60332
:105A800064010400C003AA0364010400F703E103F6
:105A900064010400CB03B50364010400AA03AA0354
:105AA00064010400AA03AA0364010400AA03AA0370
:105AB00064010400AA03AA0364010400EC03D603F2
:105AC00064010400C003AA0364010400F703E103B6
:105AD00064010400CB03B503640104000204020462
:105AE0006401040002040204640104000E040204C0
:105AF0006401040002041A046401040002040204A4
:105B000064010400020402046401040002040204AB
:105B10006401040026040204640104000204020477
:105B20006401040002040204640104000E0402047F
:105B30006401040002041A04640104000204020463
:105B4000640104000204020464010400020402046B
:105B500064010400260402046401040000001F0024
:105B600064010400FF031F00640104000200000040
:105B700064010400020000006001040098000103B9
:105B80006401040000001F0064010400FF031F0003
:105B90006401040001000000640104000100000031
:105BA00060010400A00001036401040000001F0064
:105BB00064010400FF031F006401040001000000F1
:105BC000640104000100000060010400A80001035A
:105BD0006401040000001F0064010400FF031F00B3
:105BE00064010400010000006401040001000000E1
:105BF00060010400B800010364010400E700EC0048
:105C00006401040000007B00640104007E000000C9
:105C100064010400000000006401040000004F5112
:105C2000640104003F000000640104000000001053
:105C300060010400C000010364010400372437241C
:105C40006401040037243724600104009301010338
:105C5000640104000F00400064010400E606000037
:105C60006001040097010103640104001A080000A8
:105C700060010400A001010364010400FFFFFFFFB5
:105C800064010400FFFFFFFF64010400FFFFFFFF4A
:105C900064010400FFFFFFFF64010400FFFFFFFF3A
:105CA00064010400FFFFFFFF64010400FFFFFFFF2A
:105CB00064010400FFFFFFFF60010400BC01010359
:105CC000640104000000050060010400C501010337
:105CD000640104000000100364010400E000FFFF01
:105CE000640104000309BF0064010400000003090B
:105CF00064010400BF000010640104000309BF0038
:105D0000640104000003000060010400CD010103F0
:105D100064010400FFFFFFFF64010400FFFFFFFFB9
:105D200064010400FFFFFFFF64010400FFFFFFFFA9
:105D300064010400FFFFFFFF64010400FFFFFFFF99
:105D400064010400FFFFFFFF64010400FFFFFFFF89
:105D5000640104002000CB01640104000000540031
:105D6000640104000000AB0864010400000010049A
:105D700064010400840002006401040000001400B7
:105D800064010400CF01020064010400440000002B
:105D900064010400AF080200640104001004640000
:105DA0006401040002020000640104001000CA0142
:105DB0006401040002003C00640104000000AA0821
:105DC000640104000200100464010400540002088D
:105DD000640104000000080064010400CE0100001A
:105DE000640104003400000064010400AE080000F7
:105DF000640104001004440064010400020A00006D
:105E0000640104000800C9016401040002003000BC
:105E1000640104000000A9086401040002001004E9
:105E2000640104003C00021064010400000004004E
:105E300064010400CD010000640104002C00000096
:105E400064010400AD080000640104001004340083
:105E50006401040002120000640104000400C8018F
:105E60006401040000002C00640104000000A80884
:105E700064010400000010046401040030000219F1
:105E8000640104000000000064010400CC01020071
:105E9000640104002C00000064010400AC0802004E
:105EA000640104001004300064010400021A0000C0
:105EB00064010400C0000A046401040070000000D2
:105EC000640104003A010A046401040028022CC0A1
:105ED00064010400F2020A046401040000000001ED
:105EE0006401040060001404640104003800000030
:105EF00064010400020114046401040014012CC0B4
:105F000064010400DE011404640104000000800048
:105F1000640104002200370464010400150000003D
:105F200064010400DF0037046401040065002CC034
:105F3000640104002E0137046401040000002F00F6
:105F40006401040011006E84640104000B00000071
:105F500064010400D4006E846401040033002CC08A
:105F600064010400FC006E84640104000000180059
:105F70006401040002008A9D64010400FB00020821
:105F800064010400C54EFA0064010400020A83346F
:105F900064010400FE000210640104006227F9009D
:105FA000640104000212421A64010400FD00021997
:105FB00064010400B113F80064010400021A8111A5
:105FC00064010400FC00021C64010400C10FFC0019
:105FD000600104007B030103640104000700140056
:105FE000640104001E00000060010400830301033B
:105FF00064010400000000F064010400C33010924A
:10600000640104005031802264010400C3300000A8
:10601000600104008803010364010400000010040F
:10602000600104008C03010364010400800000008F
:10603000600104008E0301036401040005000000F8
:10604000600104000B040103640104000000070266
:106050006001040014040103640104000100000055
:106060006001040016040103640104000C00000038
:1060700060010400530501036401040000001800DE
:10608000600104005505010364010400983A983A40
:1060900064010400A60E6400640104000000F40121
:1060A000640104000F00000064010400A861A861FD
:1060B0006401040030751E00600104005D050103E9
:1060C0006401040050C30000600104005F05010387
:1060D00064010400000014056401040050C30000C2
:1060E000600104006305010364010400204E000008
:1060F0006401040000000F0064010400F4010400C6
:10610000600104006905010364010400000031001E
:1061100064010400000003006401040001000700A2
:1061200064010400C8AF000064010400881300008B
:1061300064010400FFFFFFFF60010400700501031C
:106140006401040000002C01640104000000A00FA1
:1061500060010400730501036401040000000300F2
:106160006401040000002C0164010400FFFFFFFF34
:10617000640104008813000064010400640000004E
:1061800064010400DC05401F600104007A0501037E
:106190006401040001000100640104000200000029
:1061A000600104007D050103640104000200000099
:1061B000640104000000409C64010400204E0000C3
:1061C00064010400B80B00006001040082050103B3
:1061D000640104000000204E64010400000005007A
:1061E00064010400DC053F0064010400710200004A
:1061F0006401040030750000600104008A05010399
:1062000064010400C409A00F600104008D050103AE
:10621000640104000200D007600104008F0501033F
:1062200064010400204E204E600104009505010326
:1062300064010400BE00000060010400B105010318
:1062400064010400E803000060010400ED0501039F
:10625000640104000000000060010400F605010371
:1062600064010400881300006001040003000200C0
:10627000640104001F00000060010400040002002B
:1062800064010400FF030000600104000500020037
:10629000640104001F000000600104000600020009
:1062A0006401040007000000600104000700020010
:1062B0006401040004000000600104000800020002
:1062C00064010400FFFF00006001040009000200F7
:1062D0006401040000000000600104000A000200E4
:1062E0006401040000000000600104000B000200D3
:1062F0006401040000000000600104000C000200C2
:106300006401040000000000600104000D000200B0
:106310006401040000000000600104000E0002009F
:106320006401040000000000600104000F0002008E
:10633000640104000000000060010400100002007D
:10634000640104001F00000060010400110002004D
:10635000640104000000000060010400120002005B
:10636000640104000000000060010400130002004A
:106370006401040000000000600104001500020038
:106380006401040000000000600104001600020027
:106390006401040000000000FFFF00000000000096
:1063A000636275636B5F73776672657100000000EE
:1063B000E02E01010150000000000000C83202017F
:1063C00001490000899DD8004038030101420000C6
:1063D000AAAAAA00003C0401013E000000008000BF
:1063E000483F050101390000D05E4200A04106018E
:1063F0000139000049922400004B070101320000DE
:1064000000000000584D080101300000071F7C000B
:10641000204E09010130000000000000C05D0A01AB
:106420000128000000000000A8610B010126000007
:106430006666660090650C0101240000C44EEC0005
:1064400030750D01012000000000000018920E02BE
:1064500001330000F93E560000960F0201320000A1
:1064600000000000409C100201300000000000000D
:1064700080BB1102012800000000000000000000A5
:106480000000000000000000D9E80100000000004A
:1064900008000800D8E801000100000008000B0017
:1064A0000000000000000000000000006D6B65654A
:1064B000705F616C69766500496E697420436F7521
:1064C0006E7465720047726F7570206B6579206518
:1064D0007870616E73696F6E00000000000000004C
:1064E000000000000000000062746100414D502D6A
:1064F000253032782D253032782D253032782D25F3
:106500003032782D253032782D2530327800627483
:10651000616D70006274616D705F666C61677300BD
:106520006274616D705F6368616E006274616D704A
:106530005F31316E5F737570706F72740062746179
:106540006D705F6662006274616D705F7374617418
:10655000656C6F6700776C635F61705F70726F630B
:106560006573735F6173736F637265710000000020
:10657000776C635F696F63746C5F70617463686D7F
:106580006F640070617463685F696F766172730035
:10659000726561642073686D656D0A0025733A2029
:1065A000446F20574C435F4745545F50485952450C
:1065B000472F574C435F5345545F5048595F5245EE
:1065C000470025733A2072656A65637420647565B7
:1065D00020746F206E6F206D656D282564290A0078
:1065E00025733A2072656A6563742064756520744A
:1065F0006F206F766572206D61786173736F6328A9
:106600002564290A006F747072617700666162699F
:106610006400616D7064755F727473007265736598
:10662000745F636E74730000207986000000004080
:106630000300000031EA0100080008000800000023
:106640003D7D8600010008800800000089768600F4
:106650000200004008000000CCBB860003000040A0
:1066600006000000AB9B860004001000070000003D
:1066700038EA01000500000005000000647D860086
:106680000600000008001C003EEA010007000000B0
:1066900001000000D69B86000900000006000000F3
:1066A00048EA01000A0000000700000000000000A6
:1066B000000000000000000001006C0902007109E8
:1066C0000300760904007B0905008009060085099E
:1066D00007008A0908008F09090094090A0099092E
:1066E0000B009E090C00A3090D00A8090E00B409B7
:1066F0003CC407003BC4070000002D00A7901A000F
:1067000047090E00012007008B93030038CA0100DF
:106710002AE50000977200004C390000A61C00001A
:10672000530E00002907000095030000CA01000075
:10673000E500000073000000390000001D000000AB
:106740002E6661622E0025732E6661622E2564001E
:10675000776C25643A205363616E20696E207072F5
:106760006F67726573732C20736B697070696E67E5
:10677000207478706F77657220636F6E74726F6CBF
:106780000A00706F7765722061646A210A00636392
:106790006B627732303267706F0063636B6277329F
:1067A00030756C3267706F006C65676F66646D6220
:1067B0007732303267706F006C65676F66646D6248
:1067C000773230756C3267706F006D637362773249
:1067D000303267706F006D637362773230756C3280
:1067E00067706F006D6373627734303267706F006B
:1067F0006C65676F66646D6277323035676C706F99
:10680000006C65676F66646D62773230756C3567F2
:106810006C706F006C65676F66646D6277323035DF
:10682000676D706F006C65676F66646D627732309C
:10683000756C35676D706F006C65676F66646D624F
:10684000773230356768706F006C65676F66646DAE
:1068500062773230756C356768706F006D63736294
:1068600077323035676C706F006D637362773230EA
:10687000756C35676C706F006D637362773430359B
:10688000676C706F006D63736277323035676D705F
:106890006F006D637362773230756C35676D706F42
:1068A000006D63736277343035676D706F006D63B0
:1068B0007362773230356768706F006D637362772B
:1068C0003230756C356768706F006D637362773452
:1068D00030356768706F006D63733332706F006CB2
:1068E00065676F66646D3430647570706F006277D1
:1068F0003430706F00636464706F0073746263702F
:106900006F006277647570706F00747870696432BC
:1069100067613000747870696432676131006D615D
:10692000787032676130006D617870326761310074
:106930007061326777306130007061326777306143
:106940003100706132677731613000706132677792
:1069500031613100706132677732613000706132CD
:10696000677732613100697474326761300069742D
:1069700074326761310063636B3267706F006F66FA
:10698000646D3267706F006D63733267706F3000D3
:106990006D63733267706F31006D63733267706F50
:1069A00032006D63733267706F33006D63733267EB
:1069B000706F34006D63733267706F35006D637391
:1069C0003267706F36006D63733267706F370074B3
:1069D0007870696435676C6130007478706964350B
:1069E000676C6131006D61787035676C6130006D86
:1069F00061787035676C613100706135676C773034
:106A0000613000706135676C7730613100706135DD
:106A1000676C7731613000706135676C7731613157
:106A200000706135676C7732613000706135676C7A
:106A300077326131006F66646D35676C706F006D21
:106A4000637335676C706F30006D637335676C709E
:106A50006F31006D637335676C706F32006D6373F7
:106A600035676C706F33006D637335676C706F34AE
:106A7000006D637335676C706F35006D63733567D8
:106A80006C706F36006D637335676C706F370074B0
:106A9000787069643567613000747870696435674F
:106AA0006131006D61787035676130006D617870BB
:106AB0003567613100706135677730613000706132
:106AC000356777306131007061356777316130004B
:106AD0007061356777316131007061356777326198
:106AE00030007061356777326131006974743567E1
:106AF00061300069747435676131006F66646D35AB
:106B000067706F006D63733567706F30006D63730E
:106B10003567706F31006D63733567706F32006D6C
:106B200063733567706F33006D63733567706F34EF
:106B3000006D63733567706F35006D637335677013
:106B40006F36006D63733567706F370074787069E6
:106B500064356768613000747870696435676861AE
:106B600031006D6178703567686130006D617870F3
:106B70003567686131007061356768773061300072
:106B800070613567687730613100706135676877AB
:106B90003161300070613567687731613100706153
:106BA00035676877326130007061356768773261C8
:106BB00031006F66646D356768706F006D637335A3
:106BC0006768706F30006D6373356768706F310090
:106BD0006D6373356768706F32006D637335676816
:106BE000706F33006D6373356768706F34006D6369
:106BF00073356768706F35006D6373356768706FE4
:106C000036006D6373356768706F3700616E74733B
:106C100077697463680061613567007473736970C4
:106C20006F7332670065787470616761696E32678F
:106C3000007064657472616E6765326700747269B2
:106C4000736F326700616E74737763746C326700C0
:106C500074737369706F73356700657874706167FA
:106C600061696E3567007064657472616E67653561
:106C70006700747269736F356700616E7473776350
:106C8000746C356700656C6E61326700656C6E61AF
:106C900035670074656D706F666673657400706843
:106CA0007963616C5F74656D7064656C74610070AC
:106CB00061326777306133007061326777316133F9
:106CC000006D61787035676133006D61787035678C
:106CD0006C61330070613567773061330070613506
:106CE000676C7730613300706135677731613300ED
:106CF000706135676C773161330070613567773269
:106D0000613300706135676C773261330060301831
:106D10000C6C482412004C84FFE0B084F7F7F9842F
:106D2000F7FF3B4917203C49C5274D84FF834CC4DE
:106D3000001FB784FF80B184FFDFB0C40808FA8465
:106D4000F7FFF9C40800000050F2010035010830D7
:106D5000080003005AF20100430100000100000096
:106D600064F201002D0108000100000071F2010031
:106D7000480108000300000081F2010049010800F9
:106D8000030000008EF201004A0108000300000029
:106D90009CF201004E01080003000000A7F2010070
:106DA0003D01400007000700B3F201007A01000432
:106DB00007000000C1F201003F01000006000000D2
:106DC000CCF201004001000002000000D7F20100F7
:106DD0007C01000002000000E4F20100420100001A
:106DE00007000000F0F201005B0100040400000055
:106DF000FEF2010028000800030000000FF301006C
:106E000029000000010000001CF301007F010000C8
:106E10000200000000000000000000000000000070
:106E2000706879007478696E737470777200706836
:106E3000795F6D75746564007068795F77617463FC
:106E400068646F67007068795F676C697463687401
:106E500068727368007068795F6E6F6973655F75DB
:106E600070007068795F6E6F6973655F64776E003C
:106E70007068795F70657263616C007068795F72C9
:106E8000786971657374007068796E6F6973655F96
:106E900073726F6D006E756D5F73747265616D00F6
:106EA00062616E645F72616E6765007375626261D4
:106EB0006E643567766572006D696E5F7478706FA9
:106EC000776572007068795F74656D7073656E7355
:106ED00065007068795F6F636C736364656E61628F
:106EE0006C65007068795F7278616E7473656C00B0
:106EF0007068795F6372735F776172007A4603002E
:106F0000734670177446440475463F007046810608
:106F10008C46490036001A013A0025002800050079
:106F20001201FF001F010B0013010700FC00FD0010
:106F3000FF00C000CA00C5001200570059005C00E5
:106F400078009200980016012C016A000B001B00CB
:106F500013011D0014012E002A011201DA0600801F
:106F60000080D30600800080D30600800000DA068F
:106F700000800000F90401000100FA040100000093
:106F80004C04001800184D04006000603809FF012F
:106F9000FF013909FF019E003B04030003003C048C
:106FA00003000000DA46FFFFDBC60300D106040041
:106FB0000400B704007F006CB10400200000390910
:106FC00000020000380900020002B00408000800B6
:106FD000B00400080008390900080000380900085A
:106FE0000008C94600068046FF0081463F0125642F
:106FF0002009202564200A004572726F722067659F
:107000007474696E67206C6F772069712065737482
:107010000A004572726F722067657474696E67202A
:1070200068696768206971206573740A00004AC442
:1070300044004A448000B10400040000B104008010
:107040000000D80401000000D80402000000D704AA
:10705000080000008B4600007646A1B85384FF7FED
:1070600053C40080D70408000800D7040070002033
:10707000760680000000DA06010000006C080400BB
:1070800000006C08400000006C0800040000EB04E5
:10709000C00100006A04FFFF1900DA06200020008A
:1070A000100408000000810400020002100408001F
:1070B0000800DA0620000000D7440000D7040100D1
:1070C0000100D704400000003B04040004003C041D
:1070D00004000000380940004000380904000400A2
:1070E000390940000000390904000400D7040200F7
:1070F0000200D70480000000D70401000100D7047B
:1071000040004000D70408000800D70400700020A9
:107110004AC444004A4480004C84FFE73B840C008E
:107120009A05FF0326009B05FF0389009C05FF03CA
:107130008A009C0500FC00209D05003C002C9D055C
:10714000FF038C00D7C6010031C600183B44000085
:107150003C4400004C440000E6440000F9440000B8
:10716000B044000038490000B04400004E44000024
:1071700067C503004AC444004A4480004804000331
:1071800000010806FF0017000406FF07EA0331C6E6
:107190001500D60603000000DAC68F003B0401008C
:1071A00001003C040100000038090008000839090A
:1071B00000080008D70401000100D7044000400087
:1071C000D70401000100D70440000000370600C0CA
:1071D0000080A40400400000A40400800080D004CB
:1071E00020000000A404FF010000A504FF00FF0030
:1071F000A50400700050A504000700000D04FF0066
:1072000040000D0400070004A204FF004000A20497
:1072100000070004A804FF000100A604008000800D
:10722000A604FF01FF009A04FF01FF00D704080035
:107230000000D70400700020380904000400390958
:1072400004000400A40400100010D704040004008B
:10725000D704000F0000424902003B4900003C49AE
:1072600000003B04020002003C04020000003B045A
:10727000100010003C04400000004B44FFFFDA0601
:1072800040004000A404002000000A80D7FDDA86F8
:107290007FFF3B040400000038094000000038096B
:1072A00004000000D70402000000D7040100000021
:1072B000D70408000000D80401000000D804020030
:1072C0000000CE460000CB460000CC460000CD4674
:1072D00000009D46FF07A4460000A5460000A40448
:1072E00000400040A40400400000DAC64000A404AE
:1072F00000800080A40400400040A404002000207E
:10730000B004800000003B0440000000A90400809D
:1073100000808746600042460700D7040100000055
:10732000D90401000100D904020000004AC444004D
:107330004A448000A3C60100A386FEFF76068000B3
:107340008000DA06010001006C08040004006C08EB
:10735000400040006C08000400044C0400100010C1
:107360004D04004000404C04000800084D0400207B
:1073700000003B04020002003C04020000003B0449
:10738000010001003C0401000000D70401000100DD
:10739000D704400040000305A404D004D904DA0453
:1073A000A60438093909D804D004D704A5040D046B
:1073B000A204424907003B4917203C49C527D6068D
:1073C00003000100DA0608000000DA068000000071
:1073D000D106040000004B06400040003B49172046
:1073E0003C49C5274B06010001004B060800080078
:1073F000340600FF0000DAC680000AC02802000040
:10740000000000000000000000000000000000007C
:1074100080070004000480070002000200400140D1
:10742000024003400440054006400740075B0780D8
:10743000760680000000DA06010000006C080400F7
:1074400000006C08400000006C08000400004AC402
:1074500044004A4480003A09800080002304FF0071
:1074600049003404FF00FCFF1604FF00A4FF1604CB
:1074700000FF009F240400FF002A230400FF002DCA
:107480002504FF000F000005FF000F00000500FFAE
:10749000000F2004FF000A00340400070001FF046D
:1074A00000FC00184249000042490F004249000018
:1074B0003B4917003C49C5073B04010001003C045F
:1074C000010001003C04010000003B040100000039
:1074D0001808DAC64000DBC60300D0040100000033
:1074E000D304FF000000D30400FF0000D00410000C
:1074F0000000D004040000000700FF001F013A0054
:107500001A010500820086002E0113017D0028006B
:107510004AC444004A4480000305010000000305FA
:1075200004000000030510001000D0040200000059
:10753000D204FF000000D20400FF0000D0040800C5
:107540000000100480000000A8440A004AC444005F
:107550004A4480003B04010001003C04010001009A
:107560003C04010000003B04010000003B04020059
:1075700002003C04020002003C04020000003B0444
:107580000200000042490F004249000042490F003A
:107590004A4484004A448000D3462222D346202213
:1075A000DA46FFFF030508000800DB04FF03A6021C
:1075B000DB04007000209A05FF0326009B05FF03F3
:1075C000A5009C05FF03A6009C0500FC00289D0566
:1075D000003C001C9D05FF03A8004C0400080008A7
:1075E0004D0400200000B00400010001B644FFFF7C
:1075F000B7040F000F004C04000800084D040020E1
:107600000020B00400010001D70408000000D804E5
:1076100001000000D804020000003B040400040044
:107620003C04040000003B84EDFF3C040200020027
:107630004C84D0EF4D84D7BF4D04040004004D04AA
:1076400003000100F984F8FFFA84F8FF3B0402000C
:1076500002003C04020000003B04100010003C0447
:10766000400000004C04001000104D040040004099
:10767000030501000000030504000000A40400400D
:107680000000A40400800000D00420000000A50435
:10769000FF00FF00A50400700050A50400070000D3
:1076A0000D04FF0040000D0400070006A204FF00C7
:1076B0004000A20400070006D90470002000D9048D
:1076C00000070003D90400700010DA040010000065
:1076D000DA0400200020A60400800080380904009D
:1076E0000400390904000400A40400100010D704A9
:1076F00008000800D70400700010D7040800080034
:10770000D7040070003010040200000010040100D3
:107710000000D90404000000D90408000800D904BE
:1077200004000400D904080000005344A90A3D499C
:10773000C0004D04040000004C04040004004C048C
:10774000080008004D04080008004C042000200038
:107750004D0420000000F90402000200FA040200B7
:107760000200F90404000400FA0404000400F9040F
:1077700001000100FA04010001004C0408000800A7
:107780004D04080000004C04200020004D0420009F
:107790002000F90402000200FA0402000000F904CB
:1077A00004000400FA0404000000F90401000100D0
:1077B000FA04010000004AC480004A847F000A469F
:1077C000A0006A4419001004020000001004010027
:1077D0000100100402000200100401000000D6069F
:1077E00003000000DA06080008005F36291F5F3634
:1077F000291F5F36291F5F36291F0A00090006006E
:1078000005000A000900060005000A00090006003C
:1078100005000A000900060005000A00090006002C
:1078200005000A000900060005000A00090006001C
:1078300005000A000900060005000A00090006000C
:1078400005000A000900060005000A0009000600FC
:1078500005000A000900060005000A0009000600EC
:1078600005000A000900060005000A0009000600DC
:1078700005000A0009000600050000000E000000D7
:1078800000020003000400060008000B00100110B5
:107890000210031004100510061007100717072028
:1078A000072D07400000000000000000000000005D
:1078B00000000000000000000000000000000000C8
:1078C00000020003000400060008000B0010011075
:1078D00002100310041005100610071007170720E8
:1078E000072D07400000000000000000000000001D
:1078F0000000000000000000000000000000000088
:107900000000000000000000000000000000000077
:107910000000000000000000000000000000000067
:107920000000000000000000000000000000004017
:107930000000000000000000000000000000000047
:107940000000000000000000000000000000000037
:107950000000000000000000F8410100F8210000D4
:10796000FB210000FB410000DBFE01007B21000049
:1079700033210000EB400000A3FE01004B02000099
:107980004C0A02001000000010000000000000007F
:10799000080000004D014D014D014D014D014D010B
:1079A0004D014D014D014D014D014D014D014D0167
:1079B0004D014D014D014D014D014D014D014D0157
:1079C0004D014D014D014D014D014D014D014D0147
:1079D0004D014D014D014D014D014D014D014D0137
:1079E0004D014D014D014D014D014D014D014D0127
:1079F0004D014D014D014D014D014D014D014D0117
:107A00004D014D014D014D014D014D014D014D0106
:107A10004D014D01090F1418FE070B0FFBFE010568
:107A2000080B0E11141700000000000000030609E7
:107A30000C0F120000000000000000000003060907
:107A40000C0F1215181B00000000000003EB0000D3
:107A50000101010101010101010101010101010116
:107A60000101010101010101010101010101020303
:107A700001030201010101010101010101010101F3
:107A800001010101010101010101010101010101E6
:107A900001010101010101010101010101010101D6
:107AA00001010101010101010101010101010203C3
:107AB00001030201010101010101010101010101B3
:107AC00001010101010101010101010101010101A6
:107AD00000000000000000000000000000000000A6
:107AE0000000000000000000000000000000000096
:107AF0000400000000000000040000000800000076
:107B00000100000005000000090000000D00000059
:107B10004D0000008D0000000D0000004D00000031
:107B20008D000000CD0000004F0000008F0000001D
:107B3000CF000000D3000000130100001305000077
:107B40001309000053090000530D000053110000F9
:107B500093110000935100009391000093D1000015
:107B60009311010000000000000000000000000070
:107B70000000000000000000000000000400000001
:107B800000000000040000000800000001000000E8
:107B900005000000090000000D0000004D0000007D
:107BA0008D0000000D0000004D0000008D00000061
:107BB000CD0000004F0000008F000000CF0000004B
:107BC000D30000001301000013050000130900009A
:107BD00053090000530D00005311000053510000E1
:107BE0005391000053D10000531101005351010083
:107BF0005391010053D1010000000000000000007B
:107C00000000000000000000000000000000000074
:107C10000000000000000000000000000000000064
:107C20000000000000000000000000000000000054
:107C30000000000000000000000000000000000044
:107C40000000000000000000000000000000000034
:107C500001040204030404040504060407040804E0
:107C600009040A048B058C058D058E058F0590008F
:107C7000910092009301940195019601970198015A
:107C800099019A019B019C019D019E019F01A00108
:107C9000A101A201A301A401A5010000C0FD0100F2
:107CA0004000000002000000000000001000000082
:107CB00094040200400000000100000000000000E9
:107CC0001000000084FD01000A0000000B0000000D
:107CD00000000000200000009407020014000000D3
:107CE0000C0000000000000020000000E807020077
:107CF000940000000D0000000000000020000000C3
:107D00007C000200260000000E00000000000000C1
:107D10001000000026FC0100400000000F000000E1
:107D2000000000001000000016FC01001000000020
:107D300010000000000000000800000040FE0100EC
:107D40003C000000110000000000000008000000DE
:107D5000FCFE0100600000001200000000000000B6
:107D6000200000007CFE01008000000014000000E4
:107D70000000000008000000600302009A000000FC
:107D8000170000000000000010000000ACFC010023
:107D90006C00000000000000000000001000000067
:107DA00014050200A0000000180000000000000000
:107DB00020000000000000000000000000000000A3
:107DC00000000000000000000000000000000000B3
:107DD000000000000400000000000000040000009B
:107DE000080000000100000005000000090000007C
:107DF0000D0000004D0000008D0000000D0000008F
:107E00004D0000008D000000CD0000005200000079
:107E100092000000D2000000D60000001601000011
:107E2000160500001609000056090000560D000056
:107E30005611000096110000965100009691000026
:107E400096D1000096110100000000000000000023
:107E50000000000000000000000000000000000022
:107E60000400000000000000040000000800000002
:107E70000100000005000000090000000D000000E6
:107E80004D0000008D0000000D0000004D000000BE
:107E90008D000000CD0000005200000092000000A4
:107EA000D2000000D60000001601000016050000F8
:107EB0001609000056090000560D0000561100007A
:107EC000565100005691000056D100005611010095
:107ED000565101005691010056D1010000000000EA
:107EE0000000000000000000000000000000000092
:107EF0000000000000000000000000000000000082
:107F00000000000000000000000000000000000071
:107F10000000000000000000000000000000000061
:107F20000000000000000000000000000000000051
:107F3000000000001A0034004E0068009C00D000D1
:107F4000EA000401340068009C00D0003801A00160
:107F5000D40108024E009C00EA003801D4017002EE
:107F6000BE020C036800D0003801A001700240037B
:107F7000A803100418009C00D0000401EA00380196
:107F80008601D0000401040138016C016C01A001DC
:107F9000380186018601D401220222027002040106
:107FA00038016C0138016C01A001D401A001D40199
:107FB000080208023C028601D4012202D4012202F6
:107FC0007002BE027002BE020C030C035A0336009C
:107FD0006C00A200D8004401B001E6011C026C0054
:107FE000D8004401B00188026003CC033804A20029
:107FF0004401E6018802CC031005B2055406D800FE
:10800000B001880260031005C006980770081800C8
:108010004401B0011C02E60188022A03B0011C02DF
:108020001C028802F402F402600388022A032A0375
:10803000CC036E046E0410051C028802F402880250
:10804000F4026003CC036003CC0338043804A404B6
:108050002A03CC036E04CC036E041005B205100590
:10806000B20554065406F6060000000000000000A9
:108070000000000000000000000000000000000000
:1080800000000000000000000000000000000000F0
:1080900000000000000000000000000000000000E0
:1080A00000000000000000000000000000000000D0
:1080B00000000000000000000000000000000000C0
:1080C00000000000000000000000000000000000B0
:1080D00000000000000000000000000000000000A0
:1080E0000000000000000000000008000000080080
:1080F0000000080000000800000008000000080060
:10810000000008000000080000000800000008004F
:10811000000008000000080000000800000008003F
:10812000000008000000080000000800000008002F
:10813000000008000000080000000800000008001F
:10814000000008000000080000000800000008000F
:1081500000000800000008000000080000000800FF
:1081600000000800000008000000080000000800EF
:1081700000000800000008000000080000000800DF
:1081800000000800000008000000080000000800CF
:1081900000000800000008000000080000000800BF
:1081A00000000800000008000000080000000800AF
:1081B000000008000000080000000800000008009F
:1081C000000008000000080000000800000008008F
:1081D000000008000000080000000800000008007F
:1081E000000008000000080000000800000008006F
:1081F000000008000000080000000800000008005F
:10820000000008000000080000000800000008004E
:10821000000008000000080000000800000008003E
:10822000000008000000080000000800000008002E
:10823000000008000000080000000800000008001E
:10824000000008000000080000000800000008000E
:1082500000000800000008000000080000000800FE
:1082600000000800000008000000080000000800EE
:1082700000000800000008000000080000000800DE
:1082800000000800000008000000080000000800CE
:1082900000000800000008000000080000000800BE
:1082A00000000800000008000000080000000800AE
:1082B000000008000000080000000800000008009E
:1082C000000008000000080000000800000008008E
:1082D000000008000000080000000800000008007E
:1082E000000008000000080000000800000008006E
:1082F000000008000000080000000800000008005E
:10830000000008000000080000000800000008004D
:10831000000008000000080000000800000008003D
:10832000000008000000080000000800000008002D
:10833000000008000000080000000800000008001D
:10834000000008000000080000000800000008000D
:1083500000000800000008000000080000000800FD
:1083600000000800000008000100100010002000BC
:108370000100300010004000220050002201600087
:108380002202700022038000220490002205A00037
:108390002206B0002207C0002208D0002209F00007
:1083A000220A1000220B2000220C3000220D400077
:1083B000220E5000220F60000500000000000000A7
:1083C000000000000000001000000000000000207D
:1083D000000000000000003000000000000000402D
:1083E00000000000000000500000000000000060DD
:1083F000000000000000007000000000000000808D
:10840000000000000000009008000000000000A034
:1084100008000000000000B008000000000000C0DC
:1084200008000000000000D008000000000000E08C
:1084300008000000000000F008000000000000003C
:1084400009000000000000100900000000000020EA
:10845000190000000000003019000000000000407A
:10846000190000000000005019000000000000602A
:1084700019000000000000701900000000000080DA
:10848000190000000000009019000000000000A08A
:1084900019000000000000B019000000000000C03A
:1084A00019000000000000D019000000000000E0EA
:1084B00019000000000000F019000000000000009A
:1084C0001A000000000000101A0000000000002048
:1084D0001A000000000000301A00000000000040F8
:1084E0001A000000000000500200000000000060C0
:1084F0000200000000000070020000000000008088
:10850000020000000000009002000000000000A037
:1085100002000000000000B002000000000000C0E7
:108520000A000000000000D00A000000000000E087
:108530000A000000000000F00A0000000000000037
:108540000B000000000000100B00000000000020E5
:108550000B000000000000300B0000000000004095
:108560000B000000000000501B0000000000006035
:108570001B000000000000701B00000000000080D5
:108580001B000000000000901B000000000000A085
:108590001B000000000000B01B000000000000C035
:1085A0001B000000000000D01B000000000000E0E5
:1085B0001B000000000000F01B0000000000000095
:1085C0001C000000000000101C0000000000002043
:1085D0001C000000000000301C00000000000040F3
:1085E0001C000000000000501C00000000000060A3
:1085F0001C000000000000701C0000000000008053
:108600001C000000000000901C000000E0010200BF
:1086100060000000120000000000000020000000C8
:108620005F36291F5F36291F5F36291F5F36291FD6
:108630006E6F637263005344494F0043444300002C
:108640000D1680008D1380002511800029148000F4
:108650001D138000A1168000990C010001138000F9
:108660002D138000000000001D168000C5270000AB
:10867000776C000000000000000000000000000017
:10868000F0250000000000000000000000000000D5
:1086900000000000000000000000000005000000D5
:1086A000FFFFFFFF1400000005000000FFFFFFFFB9
:1086B000010005060500000005000000050000009F
:1086C0000E0E0E0E0E02090D0A080D01090D0A0804
:1086D0000D01090D0A080D01090D0A080D01090E09
:1086E0000A090E060A0E0B090E02093A160E0E05AD
:1086F000093A160E0E050A0E0B090E050A0E0B0995
:108700000E020A0E0B090E0214C0C015110514C08A
:10871000C015110514C0C015110514C0C0151105F0
:1087200014C0C0151105093A160E0E0514C0C01567
:10873000110514C0C0151105093A160E0E05093AA7
:10874000160E0E05093A160E0E0514C0C0151105B9
:10875000093A160E0E05093A160E0E05093A160EBE
:108760000E0509B21C0E0E0512B1191111080000F8
:10877000000000000000000000000000736470634F
:108780006D6465760000000000000000F80B020038
:1087900000000000000000000000000000000000D9
:1087A0000000000000000000C993800095A980002F
:1087B000BDA98000D5938000B5938000759380009B
:1087C000D191800000000000B1A98000A9520200F0
:1087D000855202007152020055AA8000000000007C
:1087E00021AA800085AA800031AA80006DAA80009D
:1087F0000000000000000000000000000000000079
:108800000000000000000000000000000000000068
:108810000000000000000000000000000000000058
:108820000000000000000000000000000000000048
:108830000000000000000000000000000000000038
:108840000000000000000000000000000000000028
:108850000000000000000000000000000000000018
:108860000000000000000000000000000000000008
:1088700000000000000000000000000000000000F8
:1088800000000000000000000000000000000000E8
:1088900000000000000000000000000000000000D8
:1088A00000000000000000000000000000000000C8
:1088B00000000000000000000000000000000000B8
:1088C00000000000000000000000000000000000A8
:1088D0000000000000000000000000000000000098
:1088E0000000000000000000000000000000000088
:1088F000E8CE0100D4CD0100A4CF0100FCCB0100E3
:108900005F5F0001430040005858000B46004300E1
:108910005859000F440041005859001045004200CA
:10892000455500000400060047000000000000005C
:108930000000000000000000000000000000000037
:108940000000000000000000000000000000000027
:108950000000000000000000000000000000000017
:108960000000000000000000000000000000000007
:1089700000000000000000000000000000000000F7
:1089800000000000000000000000000000000000E7
:1089900000000000000000000000000000000000D7
:1089A00000000000000000000000000000000000C7
:1089B00000000000000000000000000000000000B7
:1089C00000000000000000000000000000000000A7
:1089D0000000000000000000000000000000000097
:1089E0000000000000000000000000000000000087
:1089F0000000000000000000000000000000000077
:108A00000000000000000000000000000000000066
:108A10000000000000000000000000000000000056
:108A20000000000000000000000000000000000046
:108A30000000000000000000E8D3010018D401008D
:108A4000ECD101008CD301000500000044000000BF
:108A50000100F918010DE400F4DEF106FC0F27FA1D
:108A6000FF1DF01018090AF210E01714041114F198
:108A7000FAF2DBF7FCE2FBE1EE130DFF1CE91A173B
:108A8000180300DAE803E617E4E9F3FF121305E13F
:108A900004E225F706F2ECF1FC11E914F0E0F6F23D
:108AA000E8091010011DD9FA040F0F060CDE1C0096
:108AB000FF0D07181AF60EE4160FF905EC181B0A3D
:108AC0001EFF0026E2FFE50A14180705EA0FF2E48C
:108AD000E6F608080808080808090A080807070150
:108AE0000202020202020202020202020202020266
:108AF000020201010000000000000000C5011DFF8E
:108B0000E0FFC0FFE0FF0000000000FF00000000E9
:108B10006B0382FEE7FFCCFFE7FF080002000000C6
:108B2000D7010BFFEEFFDCFFEEFFA7033CFEECFFDF
:108B30001700ECFF720385FEAEFEF801AEFE0700E3
:108B400004000000980160FFCBFF96FFCBFF9C0361
:108B500045FE2500C1FF2500B10316FEE4FEA50178
:108B6000E4FE0700010000006C0900000B0A00078A
:108B70000A88888002000000710900000B0A0007C3
:108B80000A88888003000000760900000B0A0007AD
:108B90000A888880040000007B0900000B0A000797
:108BA0000A88888005000000800900000B0A000781
:108BB0000A88888006000000850900000B0A00076B
:108BC0000A888880070000008A0900000B0A000755
:108BD0000A888880080000008F0900000B0A00073F
:108BE0000A88888009000000940900000B0A000729
:108BF0000A8888800A000000990900000B0A000713
:108C00000A8888800B0000009E0900000B0A0007FC
:108C10000A8888800C000000A30900000B0A0007E6
:108C20000A8888800D000000A80900000B0A0007D0
:108C30000A8888800E000000B40900000B0A0007B3
:108C40000A88888014000100BF0131FFF20049FE4C
:108C5000F200870361FE33FF620133FF800378FE79
:108C6000DAFEE900DAFE080015000100BF0131FF5D
:108C700018010EFE1801870361FE16FF7C0116FF26
:108C8000800378FE8FFF93008FFF0900160001001C
:108C9000BF0131FF620055FF6200870361FE1FFFC5
:108CA0006B011FFF79037EFEF4FE5D00F4FE0800F9
:108CB00017000100BC0131FF740042FF74008703FC
:108CC00061FE52FF020152FF800378FE7FFFF1FF39
:108CD0007FFF080018000100B40131FFDFFF1D0015
:108CE000DFFF880361FE87FF90FF87FF7F0378FE29
:108CF000CDFEF401CDFE080019000100AD0131FFE9
:108D0000B8FF3E00B8FF820361FEAAFFB1FFAAFFD1
:108D10007F0378FEC7FEFE01C7FE08001A000100AF
:108D2000930154FFD9FF0C00D9FF1B03C7FE4CFF72
:108D300038004CFF3303B8FE80FF280080FF080096
:108D40001B000100890154FFCFFF1300CFFF170361
:108D5000C7FE00FF500000FF2E03BDFE8BFF250065
:108D60008BFF08001E000100BB0119FFC3FF1D009F
:108D7000C3FF6B0361FE66FF480066FF7C0378FE5D
:108D800056FF4F0056FF08002C000100BF0131FFC5
:108D9000E00071FEE000870361FE8BFFC4008BFFE3
:108DA000800378FEB2FEC000B2FE080000000100A1
:108DB0009F015207400080004000180378064000E1
:108DC000800040000A032E0640008000400008009A
:108DD000010001009201370703013B0003019F02DC
:108DE0000207440036004400600247075D00A70008
:108DF0005D000800020001009F0152074000800052
:108E0000400018037806C0008001C0000A032E0647
:108E10004000800040000800030001002E013107DF
:108E20008100020181009202B806CD009A01CD00B6
:108E3000F202E006AA005401AA0008001400010092
:108E400068015CFFF200C6FEF200F002B8FE33FFDC
:108E5000CB0033FFFF02E0FE03FF49FF03FF0800E2
:108E60001500010068015CFF950052FF9500F002BB
:108E7000B8FE33FFA40033FFFF02E0FE00FFEFFE69
:108E800000FF08001600010068015CFF62009CFF03
:108E90006200F002B8FE33FF7C0033FFFF02E0FE09
:108EA00000FFA0FE00FF0800170001005E015CFF4C
:108EB0008CFF52008CFFF002B8FE33FF280033FF16
:108EC000FF02E0FE7FFF15FF7FFF08001800010092
:108ED00045015CFFE0FFD8FFE0FFF402B8FE00FFB1
:108EE00029FE00FFFE02E0FEFAFEAA00FAFE0800DC
:108EF000190001002B015CFFCDFFC0FFCDFFE00298
:108F0000B8FE00FF29FE00FFFD02E0FEFAFEAA0007
:108F1000FAFE08001A000100150197FFD9FF8BFF28
:108F2000A8FF7D022EFFC0FF40FF70FF660248FFD2
:108F300080FF80FEE0FE08001B000100F50097FFA7
:108F4000CFFF6DFF92FF72022EFF5EFF1BFE95FEAC
:108F5000650248FFC2FF46FF75FF08001E000100C2
:108F60002E0131FFC3FF86FFC3FF9202B8FE33FF1D
:108F700066FE33FFF202E0FE56FFACFE56FF08002D
:108F80002800010068015CFFF200C6FEF200F0025A
:108F9000B8FECD0035FFCD00FF02E0FEFF017201FB
:108FA000FF010800050100080001FFFF00000000AC
:108FB00000000000A200000000FF00FF0000000011
:108FC000000000FF000000007802A0FE80FF00FF0C
:108FD00080FF080001000000760179FFF0FFE0FF4C
:108FE000F0FF1F0374FECEFFE0FFCEFFEE022BFE6C
:108FF0002CFF32002CFF080002000000770116FF52
:10900000DBFFB4FFDBFF1F0374FEE0FFECFFE0FFBC
:10901000EC02F2FE80FF1E0080FF0800030000004B
:10902000770116FFDBFFB4FFDBFF1F0374FEE0FFD9
:10903000ECFFE0FFEC02F2FE6CFF23006CFF080087
:10904000040000003301AEFFCBFF96FFCBFF0B0304
:1090500085FECBFF0A00CBFFFD022BFE2CFFCA00D2
:109060002CFF0800000000000000000000000000CD
:1090700000000000000000000000000000000000F0
:1090800000000000000000000000000000000000E0
:1090900000000000000000000000000000000000D0
:1090A00000000000000000000000000000000000C0
:1090B00000000000000000000000000000000000B0
:1090C00000000000000000000000000000000000A0
:1090D0000000000000000000000000000000000090
:1090E0000000000000000000000000000000000080
:1090F0000000000000000000000000000000000070
:10910000000000000000000000000000000000005F
:10911000000000000000000000000000000000004F
:10912000000000000000000000000000000000003F
:10913000000000000000000000000000000000002F
:10914000000000000000000000000000000000001F
:10915000000000000000000000000000000000000F
:1091600000000000000000000000000000000000FF
:1091700000000000000000000000000000000000EF
:1091800000000000000000000000000000000000DF
:1091900000000000000000000000000000000000CF
:1091A00000000000000000000000000000000000BF
:1091B00000000000000000000000000000000000AF
:1091C000000000000000000000000000000000009F
:1091D000000000000000000000000000000000008F
:1091E000000000000000000000000000000000007F
:1091F000000000000000000000000000000000006F
:10920000000000000000000000000000000000005E
:10921000000000000000000000000000000000004E
:10922000000000000000000000000000000000003E
:10923000000000000000000000000000000000002E
:10924000000000000000000000000000000000001E
:10925000000000000000000000000000000000000E
:1092600000000000000000000000000000000000FE
:1092700000000000000000000000000000000000EE
:1092800000000000000000000000000000000000DE
:1092900000000000000000000000000000000000CE
:1092A00000000000000000000000000000000000BE
:1092B00000000000000000000000000000000000AE
:1092C000000000000000000000000000000000009E
:1092D000000000000000000000000000000000008E
:1092E000000000000000000000000000000000007E
:1092F000000000000000000000000000000000006E
:10930000000000000000000000000000000000005D
:10931000000000000000000000000000000000004D
:10932000000000000000000000000000000000003D
:10933000000000000000000000000000000000002D
:10934000000000000000000000000000000000001D
:10935000000000000000000000000000000000000D
:1093600000000000000000000000000000000000FD
:1093700000000000000000000000000000000000ED
:1093800000000000000000000000000000000000DD
:1093900000000000000000000000000000000000CD
:1093A00000000000000000000000000000000000BD
:1093B00000000000000000000000000000000000AD
:1093C000000000000000000000000000000000009D
:1093D000000000000000000000000000000000008D
:1093E000000000000000000000000000000000007D
:1093F000000000000000000000000000000000006D
:10940000000000000000000000000000000000005C
:10941000000000000000000000000000000000004C
:10942000000000000000000000000000000000003C
:10943000000000000000000000000000000000002C
:10944000000000000000000000000000000000001C
:10945000000000000000000000000000000000000C
:1094600000000000000000000000000000000000FC
:1094700000000000000000000000000000000000EC
:1094800000000000000000000000000000000000DC
:1094900000000000000000000000000000000000CC
:1094A00000000000000000000000000000000000BC
:1094B00000000000000000000000000000000000AC
:1094C000000000000000000000000000000000009C
:1094D00000000000000000000000000070B504461D
:1094E000DFF328F3002144220546E0F393F3636998
:1094F000152B2B6001D0162B01D9104B6B606B68BC
:10950000C3B1AC602046E9F3DFF3E8602046E9F33D
:10951000A3F3064618B920460121E9F3DBF36B6893
:1095200020469B68984705462EB920463146E9F308
:10953000D1F300E01D46284670BD00BF6C0A020052
:109540002DE9F04704460F4691469846E9F384F327
:10955000054618B920460121E9F3BCF32046E9F39A
:109560007BF3C0B12046E9F36DF3A0B92046FFF7C5
:10957000B5FF824690B12046EBF782FFDAF804305F
:1095800050465E6939464A464346B047064620463D
:10959000EBF774FF04E06FF0180601E04FF0FF36C0
:1095A0001DB920462946E9F395F33046BDE8F0871A
:1095B0000523C0F894312023C0F89C31234B0122AD
:1095C0001B68C0F89821C0F8AC214FF06402C0F8C5
:1095D000B0214FF00602002BC0F8C02140F23C72CF
:1095E0000CBF07230023C0F8C4214FF00802C0F8C5
:1095F000A031C0F8C8214FF010034FF01502C0F899
:10960000A431C0F8B831C0F8BC31C0F8CC21C0F8E2
:10961000D03103D00E4B1B68013B00E003231C221A
:10962000C0F8D4310423C0F8D831C0F8DC21C0F828
:10963000E8310C220623C0F8E021C0F8EC311022FA
:109640000023C0F8E421C0F8F0317047EC26000098
:10965000D4250000D0F8101238B5044669B18068EE
:10966000E1F38CF0D4F810120546E822A068E5F387
:1096700029F10023C4F8103200E00D46284638BD19
:109680001FB5044606238068E8210393E5F30AF139
:10969000C4F8100268B10021E822E0F3BBF2002315
:1096A0000093A068D4F8101203AA1C23E1F3FEF083
:1096B00001E04FF0FF3004B010BD00002DE9F04193
:1096C0008AB01D46DDF84080944B0846C3F8008000
:1096D00011461746E8F35CF0002800F0198128468F
:1096E0004FF40771E5F3DEF00446002800F0118125
:1096F00000214FF40772E0F38DF2A560C4F81480E6
:109700002046FFF755FF864B1E68C4F80C621EB159
:109710003678003618BF0126824B04F128001A68FB
:109720000121002A14BF31221122E1F391F100231B
:10973000009301930293384629464246119B05F057
:10974000CDFCE060002800F0DB80E9F375F12060DB
:10975000E068E9F38FF16769734A7B68734903F046
:10976000010383F00103D4F800C0002B18BF114699
:1097700084F8763140F629039C456060D4F808E00F
:10978000E26807F5007303D110B107F5087701E02F
:1097900007F504770097D4F8B8010190D4F8BC011C
:1097A0000290D4F8C40103904FF0FF300490D4F835
:1097B000C001059008200690002007907046EEF743
:1097C000E3FC6062002800F09B80D4F80C12B1B179
:1097D0000B78A3B1E2F3F6F755492246D4F80C0210
:1097E000E0F3B8F7D4F80C0252492246E0F3ECF764
:1097F0002EB12046FFF744FF002840F08180012170
:109800000A46606AE2F3E6F720460021E2682B464A
:1098100003F094FB2061002872D000210B46204603
:10982000454AE4F3A1F30023C4F8900184F87931A8
:109830004248E6F305F010B3E0F334F4012383402B
:109840003F48C4F88031E5F3FBF710B1E0F32AF4A8
:1098500008B1D4F88001C4F884013A490020E0F34B
:1098600075F6030CA4F88831A4F88A013BB10021F5
:109870002046354A0B46E4F377F3C4F88C01002008
:109880003249E0F363F6012809D184F81602304921
:109890000020E0F35BF6012804BF2E4B1860204641
:1098A000E7F3D6F518B30020C4F8A0012A49E0F385
:1098B0004DF628B1012384F8F9312848EEF7FAF87B
:1098C00000202749E0F342F688B125490020E0F363
:1098D0003DF64FF0807300F00F000AA901F8010D6A
:1098E0004FF44072009320460F23E1F721F81D4802
:1098F0001D492246E4F3E8F61C48EAF789FE08E031
:10990000A06821464FF40772E4F3DCF7002400E07E
:10991000044620460AB0BDE8F08100BFF4260000EE
:10992000BC260000EC260000AE278600B627860085
:10993000DD9B8000952A000065A680000528860032
:109940000E28860017288600499B80001F28860065
:109950009CC50100901402002A2886003428860045
:10996000ADC501004D288600E59A8000D59680009F
:1099700038B50025044680F87551006903F018FBDE
:109980002046E7F383F7E0682946E9F33DF0D4F891
:10999000900128B1E4F37CF2D4F89001E4F3C2F230
:1099A000D4F88C0128B1E4F373F2D4F88C01E4F319
:1099B000B9F2E06805F00AFAD4F8103223B11B7846
:1099C00013B12046FFF746FEA06821464FF4077208
:1099D000BDE83840E4F376B77FB506464FF4BC7176
:1099E0004068E4F35FF70446C0B100214FF4BC7255
:1099F000E0F310F10B4B266000930B4B0025019315
:109A00003068234609490A4A0295039502F04ED868
:109A10004FF49663C4F8603184F86451204604B072
:109A200070BD00BF250B0100052F0000D4C501004B
:109A3000853B860010B5044670B10368224618685D
:109A4000064902F06BD82368214658684FF4BC726F
:109A5000BDE81040E4F336B710BD00BF853B86007B
:109A600070B5044600282BD0816869B1C368986836
:109A7000EDF3DEF3E368D0F10105A168986838BF23
:109A80000025EDF3E7F300E00D46616F0026A665C3
:109A900029B1E368A26F5868E4F314F766672046BB
:109AA000EDF711FCE36822461868074902F036D842
:109AB000E368214658684FF4B072E4F303F700E01E
:109AC0000546284670BD00BFEB3D860030B54FF41B
:109AD000B07185B005464068E4F3E4F60446E0B1B1
:109AE00000214FF4B072E0F395F0E560A868C5F886
:109AF00018480D4922460023EDF3C8F3A06060B179
:109B00000A4B2868009300230193029303930849AA
:109B1000084A234601F0CADF18B12046FFF7A0FF2C
:109B20000024204605B030BD75300000D9E180002A
:109B300058C60100EB3D860038B50446D0F88400D5
:109B40000D4608B102F02AFDD4F8800008B105F0F6
:109B5000E9FBE06F08B1FFF76DFF606F08B1FFF739
:109B60007FFFA06808B100F0F5FC284621468C2252
:109B7000BDE83840E4F3A6B62DE9F04F074689B0BA
:109B80008B4600208C2190461D46139EE4F38AF6F6
:109B90000446002877D000218C22E0F33BF02660B9
:109BA000384605F079F807AB019005932A468246BE
:109BB0004FF00009204641F2E4413346CDF80090D1
:109BC000CDF808B0CDF80C80049400F067FD054690
:109BD000002853D0A06003F06DDD2B696060E36066
:109BE0002B4B1021A3642B4A33462761646438460B
:109BF000E0F354F02B6931461B6E27489A6B274BD4
:109C0000EDF758FF324648461299254B8DE8800102
:109C100002F01AFE0646002830D16368012783F857
:109C2000787036213A46D5F87C0224F097DB1D4B3C
:109C30002846E363FFF74AFF6067F8B16368284688
:109C400083F8A470FFF7C8FEE067B8B1284605F0B6
:109C50000DFBC4F8800088B1284602F075FCC4F8FA
:109C6000840058B1104B02968DE84800039628688E
:109C70000E490F4A234601F019DF20B12046514614
:109C8000FFF75AFF0024204609B0BDE8F08F00BF5F
:109C900055F78000FB418600789A0200C4C6010097
:109CA00029FB8000EFBEAD0D99F880007CD28500C5
:109CB000C5428600024B01221A70EAF7E7BF00BFD7
:109CC00028150200D0F8AC1110B5044629B18068FF
:109CD000EDF3C0F20023C4F8AC31D4F8C41129B1BB
:109CE000A068EDF3B7F20023C4F8C431D4F87415BA
:109CF00029B1A068EDF3AEF20023C4F87435D4F8AE
:109D0000F81629B1A068EDF3A5F20023C4F8F836DF
:109D1000D4F8FC1629B1A068EDF39CF20023C4F836
:109D2000FC36D4F8E036196A31B1A068EDF392F24E
:109D3000D4F8E03600221A62D4F83C1529B1A068A4
:109D4000EDF388F20023C4F83C35D4F8941729B118
:109D5000A068EDF37FF20023C4F89437D4F8B0186C
:109D600029B1A068EDF376F20023C4F8B03810BD35
:109D700010B50446006805F0D9FFD4F8480120B1B9
:109D800005F062FB0023C4F84831D4F8583113B110
:109D90000023C4F85831D4F83C0120B105F0F2FAA0
:109DA0000023C4F83C31D4F8400120B101F09CFA02
:109DB0000023C4F84031D4F84C0120B105F018FC60
:109DC0000023C4F84C31D4F8540120B105F08EFBC7
:109DD0000023C4F85431D4F8600120B107F082F9AF
:109DE0000023C4F86031D4F8383113B10023C4F82B
:109DF0003831D4F8640120B102F036FA0023C4F8F7
:109E00006431D4F8000520B107F060FA0023C4F8EB
:109E1000003510BD38B503680446D0F860561A49BD
:109E20005869E0F393F32870236818495869D4F807
:109E30006056E0F38BF3E870D4F860361A780AB114
:109E40000F2A01D101221A70D4F8603601211A7844
:109E50005A70D4F860562846E0F334F1A870D4F86C
:109E60006036DA780AB10F2A01D10122DA70D4F80B
:109E700060360121DA781A71D4F86046E01CE0F30C
:109E800021F1607138BD00BF3D79860052798600AE
:109E9000036870B55D69044614492846E0F356F33B
:109EA00040B220B928461249E0F350F340B2431EB5
:109EB0000E2B0ED8012803D1D4F86026002304E02D
:109EC000022806D1D4F8602601239371D4F86026C5
:109ED000D37108492846266BE0F338F386F804016D
:109EE0002046F0F3D3F6012070BD00BFC65C8600AB
:109EF000CB5C86000E5D860070B504462146006886
:109F000007F0BAF9C4F8000500284CD0206805F025
:109F1000F3FE2068214601F059FBC4F834070028FD
:109F200043D0204605F04AFAC4F83C0100283ED050
:109F3000204601F025FAC4F84001002839D0204617
:109F400007F07EF8C4F86001002834D0206821466C
:109F5000A2681D4B05F006FBC4F87C0200282CD03B
:109F6000204602F0CFF9C4F86401002827D000256C
:109F70000126A4F8305884F8885884F88A5884F860
:109F80008968204605F074FAC4F84801002818D002
:109F90002368284683F8A360236883F8A9602368B0
:109FA00083F8A06070BD292070BD2A2070BD3120CB
:109FB00070BD322070BD352070BD392070BD3C2091
:109FC00070BD432070BD00BF9D6D8100F0B5D0F81D
:109FD00040550021AC2287B004462846DFF31AF62C
:109FE0006423EB85032385F8603000220123D4F835
:109FF0005C014FF42C5123F0FFDCFF2804D1236BCC
:10A0000018691968EFF798FE21686886236BA4F831
:10A01000260691F84660FF27002100F440601A8967
:10A02000B0F5406F14BF142028201B688DE8820013
:10A03000039006F00306D4F8600602968078049038
:10A0400005F138002EF004DE236893F846309807B7
:10A0500003D0EB8843F02003EB8007B0F0BD000095
:10A0600038B504462C49806822460023EDF30EF1F2
:10A07000C4F8AC0100284DD0A0682849224600232E
:10A08000EDF304F1C4F8C401002843D0A0682449CA
:10A0900022460023EDF3FAF0C4F87405002839D005
:10A0A000A068204922460023EDF3F0F0C4F8F8063A
:10A0B00000282FD0A0681C4922460023EDF3E6F0CB
:10A0C000C4F8FC0630B3A068184922460023D4F82F
:10A0D000E056EDF3DBF02862E0B1A06814492246B7
:10A0E0000023EDF3D3F0C4F83C0598B1A068114902
:10A0F00022460023EDF3CAF0C4F8940750B10023C0
:10A10000A0680D492246EDF3C1F0C4F8B008003054
:10A1100018BF012038BD00BF3DAA81003D708100FD
:10A12000CB58000095918100858F8100256E8100BC
:10A1300089598100396B8100496F8100F8B542F679
:10A1400001310025FF2301266427044680F84736A5
:10A1500080F8C434A0F8281680F8286080F8687762
:10A1600080F8425680F84C6680F8435680F849667D
:10A1700080F8465602214FF0FF3203F0E3D9204623
:10A1800031462A4603F0DED920460C214FF0FF323B
:10A1900003F0D8D920460B212A4603F0D3D9204614
:10A1A0000E214FF0FF3203F0CDD920460D212A4673
:10A1B00003F0C8D920460F214FF0FF3203F0C2D977
:10A1C00004210222204603F0BDD9D4F860360322D0
:10A1D00084F848669A71D4F8603640F62A11DA712C
:10A1E000A4F82A16A4F82C16A4F82E16A4F83016F3
:10A1F000A4F83216A4F83416A4F8361640F62B113B
:10A20000A4F838162168A4F87A5581F89550A4F876
:10A210003E260222A4F8402604220721A4F83C2668
:10A220000F22A4F83A16A4F87C58A4F87E7884F893
:10A23000EA5184F8EB5184F81E5284F8EE5184F808
:10A24000EC5184F8FA6184F80B5784F80C2784F8F1
:10A25000A0542346D3F89024C3F880229571013589
:10A260000433042DF6D123680025012684F85057C5
:10A270004FF0FF3283F84D605A63236804F5CC67D2
:10A2800083F8426023680B2283F84350236884F8E4
:10A29000CF5183F839502368381D83F8AA602368AA
:10A2A00084F8DF5184F8E061C4F8E45184F8E151A6
:10A2B0002946DD66DFF3AEF4DD2384F86436092336
:10A2C000032284F86536B81D1A49DFF33FF40223F0
:10A2D00084F86936236884F8566584F8576583F8EE
:10A2E0004C506423A4F88C38236884F89257A4F85F
:10A2F000905793F8462092070CD093F94C304BB10D
:10A30000D4F8FC042430F2F38DF5D4F8FC04323098
:10A31000F2F388F5226801234FF4487184F8253858
:10A32000A4F85C1782F8A2302368FF2283F8B520D6
:10A33000F8BD00BFC9C2010041F2E443984240F0B9
:10A34000C88044F22033994200F0C58044F225339E
:10A35000994200F0C08044F20333994200F0BB8080
:10A3600044F22133994200F0B68044F224339942FA
:10A3700000F0B18044F21833994200F0AC8044F20E
:10A380001933994200F0A78044F21A33994200F041
:10A39000A28044F21133994200F09D8044F21333BD
:10A3A000994200F0988044F21233994200F0938071
:10A3B00044F21433994200F08E8044F215339942EE
:10A3C00000F0898044F21633994200F0848044F210
:10A3D0001B3399427FD044F21C3399427BD044F224
:10A3E0001D33994277D0A1F58643A3F1280292B29A
:10A3F000022A70D92B3B9BB2022B6CD944F2413319
:10A40000994268D044F24033994264D0A1F5864322
:10A41000503B9BB2022B5ED944F2533399425AD03F
:10A4200044F25733994256D04AF69D13994252D07E
:10A4300044F2543399424ED044F22F3399424AD0D9
:10A4400044F22E33994246D044F23433994242D0FA
:10A4500044F2353399423ED044F2363399423AD0F1
:10A46000A1F58643A3F1370292B2022A33D944F20E
:10A47000167291422FD044F2277291422BD044F2AF
:10A480004332914227D0A3F1600292B2012A22D92D
:10A49000A3F1460292B2022A1DD9A3F1310292B26F
:10A4A000012A18D9553B9BB2012B14D9A1F586433B
:10A4B000583B9BB2012B0ED944F2633399420CD026
:10A4C00044F27030C0EB010CDCF1000040EB0C00FA
:10A4D0007047002070470120704701207047836B50
:10A4E00070B5002583F84C50C36B012683F84C608F
:10A4F0000446816BE2F7EDFEE16B2046E2F7E9FEF0
:10A5000029462046F7F30EF2A36B204683F84D5000
:10A51000E36B314683F84D50D4F860364FF0FF3589
:10A52000DE72D4F860369D81F7F3FCF1D4F8603622
:10A530009B78B3420CD9A36BFF2283F84D50E36B99
:10A5400083F84D20B4F8CB3443F08003A4F8CB3427
:10A5500070BD0000F8B50446002800F09A8001F0B4
:10A56000BFFB0646204603F04BD900B90136D4F8AC
:10A57000F01649B16068D4F8F426E4F3A3F100239F
:10A58000C4F8F436C4F8F0362046D4F81815FAF3B7
:10A590006BF02046D4F8D816FAF366F0D4F82015FC
:10A5A0002046FAF361F0D4F82C1521B160684FF41D
:10A5B0009662E4F387F1D4F87C0220B104F0FCFF4A
:10A5C0000023C4F87C32254604F1200706E0D5F8C4
:10A5D0004C1211B120461CF019DD0435BD42F6D1F4
:10A5E0000121204632F0A8DE204601F00FFE276B45
:10A5F000B96911B1204632F033D90025BD61D4F8D4
:10A600005C0101F0F5FE2046FFF75CFB2046FFF7FA
:10A61000AFFB2046D4F82C18E1F780F9C4F82C5889
:10A62000D4F8B85406E0294660681022EF68E4F3D5
:10A6300049F13D46002DF6D1C4F8B85420681649BA
:10A64000224601F06BDAD4F8340718B100F098FF15
:10A65000C4F83457D4F8680120B106F0EBFD0023AC
:10A66000C4F86831D4F8181751B16068D4F81C27C1
:10A67000E4F328F10023C4F8183701E008F08ED97C
:10A68000D4F8782220466168002AF7D100F002FC55
:10A6900000E006463046F8BDBB5C86002DE9F04F71
:10A6A0008DB00692DDF85C801A9A994600230791D6
:10A6B0000A930092074641460698189A199B9DF8FE
:10A6C00058B0DDF86CA009F05DF8064610B11E2305
:10A6D0000A9320E3FFF7EEFA404649460AAA00F043
:10A6E000C7FC0446002800F01683D0F86036FF222D
:10A6F000C0F80480056883F81C21836B87600363BE
:10A70000436B4946C362AE4BC5F80490C5F8B03000
:10A710001A9BC5F80C80C0F87831032385F821B066
:10A7200080F869374FF0FF33C0F8CC3880F89D616E
:10A73000FFF704FD2046F9F32DF1204604F06AFFEF
:10A740000646002840F0F4822046394642464B46F1
:10A7500006F0DCFCC4F8680108B91F23B0E2994B8D
:10A7600002968DE8480003969749984A2346206848
:10A7700001F09CD9964B02968DE8480003969549C6
:10A78000954A2346206801F091D9189A199B0292A4
:10A790001A9A0393049220460799069A4B46CDF8DD
:10A7A00000B0CDF8048001F011FB06460A900028A5
:10A7B00040F0BE822369186EEAF796FEA4F8BE0840
:10A7C0002046F6F397F708B9142379E231460BAA2D
:10A7D0002046F8F31BF431462046BDF82C20013604
:10A7E000F8F31EF4062EF1D1012785F89A7004F5CE
:10A7F000BE72206905F1140119F05EDE77496869BF
:10A80000DFF3A4F6764906466869DFF39FF67549DB
:10A81000A4F862086869DFF399F6B4F86238A4F81E
:10A820006408A4F87837A4F87A076F496869DFF3F9
:10A830008DF66E49A4F854086869DFF387F684F84A
:10A8400056086B496869DFF381F684F8580869494E
:10A850006869DFF37BF684F85A0867496869DFF3B3
:10A8600075F684F8570865496869DFF36FF684F870
:10A87000590863496869DFF369F684F85B08614940
:10A880006869DFF363F684F85C085F496869DFF3A1
:10A890005DF684F85E085D496869DFF357F684F871
:10A8A00060085B496869DFF351F684F85D0859492F
:10A8B0006869DFF34BF684F85F0857496869DFF38E
:10A8C00045F684F861082046FFF7A4FAD4F860360C
:10A8D000226B84F8F07784F8F17710691978DA78C8
:10A8E000F0F761F8E26A20690023C118D1F8A0707E
:10A8F000D1180433182B4F60F7D104F5CB773946C4
:10A9000019F00ADF062205F14E003946DFF31EF189
:10A91000B4F8823144F21D3293421DD00AD844F279
:10A920001632934218D044F21A32934214D044F2B1
:10A9300013320DE044F22A3293420DD002D844F291
:10A94000213205E044F22D32934205D044F25232D6
:10A95000934201D0002300E001230E3354F823304A
:10A9600020462363FFF794FA08B91823A8E1216B66
:10A970000F2240F2FF33A1F80621A1F8083101F1BE
:10A98000FC0201F58073204600F088FF236BD3F8AA
:10A99000FC20C3F8F820C3F8F020D3F80021C3F856
:10A9A000F4201A68022A07D101225A75236B204627
:10A9B00003215A7D02F0C6DDF2072FD500222EE0DA
:10A9C00025E65A0579DB810078D48500BB5C8600DA
:10A9D000A53900000CC801000FC70100D668860029
:10A9E000E2688600F5688600076986001C698600B3
:10A9F0002B6986003A698600496986005A69860093
:10AA00006B6986007C6986008A6986009869860081
:10AA1000A6698600B6698600C6698600012285F8A7
:10AA2000462020460A2102F08DDD216B20461C3194
:10AA3000FAF3E6F57F23216B00932368002293F855
:10AA4000463001F11C0003F003035031019313461B
:10AA50002EF03CD92046F6F3A7F64FF4D163C4F8A4
:10AA600074382046FFF748FA07460A90002840F05D
:10AA70005F8120464946FFF7F3FA08B920231FE11A
:10AA8000204601F0BDFCC4F85C0108B9212317E1A0
:10AA90002046FFF79BFA3946A74AA84B2046009765
:10AAA000019406F01FFCA64B1A1D07CA1B688DE80F
:10AAB000070007212046224607F0C2DE0421204677
:10AAC000A04AA14B0097019406F00CFC0028C4F8A2
:10AAD0008C0701DA2223F3E02046414607F034DFF9
:10AAE00008B96423ECE04FF0FF33C4F80408974939
:10AAF00000932046964A974B00F070D8C4F82C0873
:10AB0000002800F01581204601F08BFB08B12323BB
:10AB1000D6E02368062293F8A130A5F86420012B23
:10AB200002D14023A5F86430D5F88C3006221A8073
:10AB30004FF439725A80D5F89030C422012704F5B9
:10AB4000007120461F805A80063108F0D1DED4F80B
:10AB50003C010DF05BDF08B184F8CF71022384F86B
:10AB6000C0341E2384F8CB34102384F8CC34236BF8
:10AB70005B89022B02D81C2384F8CB34FF230021ED
:10AB800084F8CA3484F8C93484F8C8342046F7F30A
:10AB90006DF32368002783F8B4704FF0FF33C4F8D7
:10ABA000D43120463946F2F379F3204684F8DC713B
:10ABB000FFF795FC330748BF84F8DC71F00603D536
:10ABC00020460021F2F36AF3B1070ED5A26B0023F1
:10ABD00082F84D30E26B82F84D30B4F8CB3423F07C
:10ABE00080031B041B0CA4F8CB34720703D520464A
:10ABF0000021F6F3B7F6330607D5B4F8CB3423F0CB
:10AC000010031B041B0CA4F8CB34236893F84230C8
:10AC10009BB116F0600F10D006F0200106F0400244
:10AC20002046002914BF00216FF00001002A14BF44
:10AC300000226FF0000200F093FB02238DF8203019
:10AC400000238DF821308DF822308DF823308DF8D7
:10AC500024308DF82530B4F8823144F21D3293420D
:10AC60001DD00AD844F21632934218D044F21A3258
:10AC7000934214D044F213320DE044F22A3293424C
:10AC80000DD002D844F2213205E044F22D32934235
:10AC900005D044F25232934201D0002600E0012652
:10ACA00006F10E0754F8279008A920464A4631F0CD
:10ACB00099DDC9F8180054F82710886910B93723AE
:10ACC0000A9335E0443050312822DEF33FF754F840
:10ACD000273020469B699E62EB6D43F00403EB65D1
:10ACE0001D4BC8F80C40C8F80830EDF76DFABAF102
:10ACF000000F02D00023CAF80030236817495869B2
:10AD0000DFF350F480B100210A46DFF30BF3144B5C
:10AD1000C0B2186008E0BAF1000F04D00A9B00240A
:10AD2000CAF8003000E0544620460DB0BDE8F08F70
:10AD30002046FFF70FFCEEE739AE820001AE82003D
:10AD4000E4C80100D5A18100ADA181002D5781008B
:10AD50004157810019578100B54282001BC701008D
:10AD6000D01402002023092210B503601024436090
:10AD7000026140F23C738261012208218360C2615A
:10AD8000042304624264402440F29E32C360416165
:10AD900043628462C362162443638163C2640021F8
:10ADA00003228365022304630164026541664265F0
:10ADB000C265036610BD38B505460C46002928D08B
:10ADC000496D11B1C022E3F37DF5D4F88C1039B18F
:10ADD00028464FF43972E3F375F50023C4F88C303C
:10ADE000D4F8901031B12846C422E3F36BF5002368
:10ADF000C4F89030E16929B128466822E3F362F58E
:10AE00000023E36128462146B822BDE83840E3F339
:10AE100059B538BDF8B51646B82205460F4609F0B3
:10AE200037D9044610B940F2E9332BE028463946B9
:10AE3000682209F02DD9E06110B940F2044321E005
:10AE4000FFF790FF28463946C02209F021D96065F6
:10AE500010B940F2EB3315E0284639464FF4397209
:10AE600009F016D9C4F88C0010B94FF47B7309E0CF
:10AE700028463946C42209F00BD9C4F8900038B9E5
:10AE800040F2ED33214633602846FFF794FF00245B
:10AE90002046F8BD38B50D460446002800F0E7808E
:10AEA000D0F8181539B128464FF48472E3F30AF547
:10AEB0000023C4F81835D4F8201539B128464FF4CA
:10AEC0008472E3F3FFF40023C4F82035D4F8B414FB
:10AED00039B1284640F2AC42E3F3F4F40023C4F85D
:10AEE000B434D4F8401531B12846AC22E3F3EAF487
:10AEF0000023C4F84035D4F86C1229B1284609F073
:10AF000029D80023C4F86C32D4F8FC1431B1284697
:10AF10004022E3F3D7F40023C4F8FC34D4F88416B9
:10AF200069B123685BB1DB694BB19B690C220133CA
:10AF30005A432846E3F3C6F40023C4F88436D4F811
:10AF4000BC1419B12846B422E3F3BCF4D4F890142D
:10AF500021B128464FF4AE62E3F3B4F4D4F85816A6
:10AF600031B128463822E3F3ADF40023C4F8583653
:10AF7000D4F8601639B128464FF49072E3F3A2F486
:10AF80000023C4F86036D4F8F81731B128461022EF
:10AF9000E3F398F40023C4F8F837D4F8D81639B19D
:10AFA00028464FF48472E3F38DF40023C4F8D836B6
:10AFB000D4F8E01631B128462422E3F383F40023C9
:10AFC000C4F8E036D4F8EC1631B128466822E3F331
:10AFD00079F40023C4F8EC36D4F8441731B128468C
:10AFE000EC22E3F36FF40023C4F84437A16B21B1E2
:10AFF00028464FF40672E3F365F4636B7BB1996AFC
:10B0000031B180222846E3F35DF4636B00229A623B
:10B010002846616B2C22E3F355F400236363216817
:10B0200021B12846FFF7C7FE002323602369B3B18F
:10B03000D3F8F81018222846E3F344F423690022D9
:10B04000D96FC3F8F82019B128465822E3F33AF42F
:10B0500028462169FC22E3F335F4002323612846C6
:10B06000214640F6D402BDE83840E3F32BB438BDA6
:10B070002DE9F041164640F6D40205460F4609F088
:10B0800007D8044600283DD02623C0F82838394682
:10B0900028463246FFF7BEFE2060002800F01A81E5
:10B0A000904B04601B683946C0F89C30FC2228464F
:10B0B00008F0EEDF8046206110B940F2ED3308E180
:10B0C000846039462846182208F0E2DFC8F8F80004
:10B0D000C0B1284639465822D4F8108008F0D8DF8D
:10B0E000C8F87C0070B123692846DA6F39462C32E3
:10B0F000C3F880204FF4847208F0CADFC4F8180542
:10B1000030B902E040F2EE33E3E040F2EF33E0E04A
:10B11000284639464FF4847208F0BADFC4F8200597
:10B1200010B94FF47C73D4E02846394640F2AC4263
:10B1300008F0AEDFC4F8B40410B940F2F133C8E04F
:10B1400028463946AC2208F0A3DFC4F8400510B900
:10B1500040F2F233BDE039462846ECF717FC0146D1
:10B16000C4F86C0210B940F2F333B2E020461BF091
:10B17000DFDA28463946402208F08ADFC4F8FC04AA
:10B1800010B94FF47D73A4E023680C22DB692846D4
:10B190009B69394601335A4308F07ADFC4F88406C4
:10B1A00010B940F2F53394E028463946B42208F04D
:10B1B0006FDFC4F8BC0410B940F2F63389E02846CA
:10B1C00039464FF4AE6208F063DFC4F89004A8B1CA
:10B1D00000F5AE73C4F8943400F52E7300F5826068
:10B1E0000430C4F89C04C4F8983428463946382200
:10B1F00008F04EDFC4F8580630B902E040F2F733E9
:10B2000067E04FF47E7364E0284639464FF490724D
:10B2100008F03EDFC4F8600638B1284639461022EF
:10B2200008F036DFC4F8F80710B940F2F93350E0FF
:10B23000284639464FF4847208F02ADFC4F8D8064D
:10B2400010B940F2FA3344E028463946242208F087
:10B250001FDFC4F8E00610B940F2FD3339E028469C
:10B260003946682208F014DFC4F8EC0610B940F241
:10B27000FE332EE028463946EC2208F009DFC4F8F8
:10B28000440710B940F2FF3323E0284639464FF413
:10B29000067208F0FDDEA06358B100F58670E06329
:10B2A000394628462C2208F0F3DE8046606330B928
:10B2B00002E040F201430CE040F2024309E028467C
:10B2C0003946802208F0E4DEC8F8280038B940F298
:10B2D0000343336020462946FFF7DCFD0024204667
:10B2E000BDE8F081BC26000070B50446002834D0CB
:10B2F000054600F12806D5F8501221B12368F42242
:10B300005868E3F3DFF20435B542F4D1A16B69B1BB
:10B3100094F8A3331BB123689868EBF389F723688B
:10B32000A16B9868EBF396F70023A363D4F8781227
:10B3300021B12368E8225868E3F3C4F22368224667
:10B340001868064900F0EADB2368214658684FF484
:10B350006A72BDE87040E3F3B5B270BD67898600DC
:10B36000D0F84031481C18BF83F89C13501C83F858
:10B370009E1383F89F2318BF83F89D237047000016
:10B38000F0B54FF46A7185B005464068E3F38AF280
:10B390000446002800F0C68000214FF46A72DEF3F4
:10B3A00039F425606868E821E3F37CF2C4F8780298
:10B3B000002800F0A9800021E822DEF32BF42020F1
:10B3C00084F8A20308214FF47A70E1742175608635
:10B3D0000621C820012384F827100022FF21A0861F
:10B3E000052602202768A3726373A373E373237493
:10B3F000637484F8943384F8953384F8963384F82E
:10B40000973384F8983384F8993384F89A3384F81E
:10B410009B33A37484F828102273E27284F82960A5
:10B4200084F82A2084F82B003F6897F8A17084F8EC
:10B430009E139F420CBF1F46032784F89F134FF4AF
:10B44000006184F82C70E16384F82D306675A07576
:10B450002346052102200132D975D8770133082A05
:10B46000F7D100270126204684F82E7084F82F603B
:10B4700009F0F2D8204685F8C3640AF00DDF0421F4
:10B4800028462A4A2A4B0097019405F02BFFB84220
:10B49000606039DB274B28680093274B27490193CD
:10B4A000274B284A03932346029700F0FFDA07460A
:10B4B00050BBA868244922463B46EBF3E7F6A0635D
:10B4C00010B3224B84F87C621A1D07CA1B688DE8F2
:10B4D000070022462846062107F0B2D9FF2384F848
:10B4E000A1332B68204693F842100BF035DFC823B8
:10B4F000C4F8E03220460BF015D920463146ECF76F
:10B5000037FE84F8A3730DE0D4F8781219B1686897
:10B51000E822E3F3D7F1214668684FF46A72E3F357
:10B52000D1F10024204605B0F0BD00BF95CB8200CC
:10B530001DCB820045CF82003D930000A0E0850036
:10B5400079D9820067898600F9910000F4C801006A
:10B5500070B50A4B86B00D466C4603F118061868A4
:10B560005968224603C20833B3421446F7D128462D
:10B5700069461822DEF3EAF206B070BDF9C2010096
:10B5800070B5D0F8AC630446D0F8B053304600F044
:10B590007BF8D4F8D013B068EBF34AF6B068D4F86F
:10B5A000D013EBF357F600232246C4F8D0332846D5
:10B5B000054900F0B3DAE86821464FF47E72BDE831
:10B5C0007040E3F37FB100BFAB9986002DE9FF41E6
:10B5D0003C23C1F824370523C1F8283705460F4618
:10B5E000C0684FF47E71E3F35DF1044600283DD05E
:10B5F00000214FF47E724FF00008DEF30BF3C4F825
:10B60000AC73C4F8B05384F801802046E6F7FCF828
:10B61000C4F8C003384600F04DF8064638B121465C
:10B62000E8684FF47E72E3F34DF144461EE0204695
:10B6300004F56371FFF78CFFB8680E492246334664
:10B64000EBF324F6C4F8D00378B120460EF0A8DE60
:10B65000094B28460093094B09490193094A23469F
:10B660000296039600F022DA00E00446204604B079
:10B67000BDE8F0818D2583009D118300C70D010079
:10B68000D4C90100AB99860038B5D0F830570446CC
:10B690006DB107492246006800F040DA606829462B
:10B6A0004FF40A62E3F30EF10023C4F8303738BDDB
:10B6B000529E8600F0B54FF40A6185B0044640689A
:10B6C000E3F3F0F0054620B9C4F830074FF0FF303F
:10B6D000D4E000214FF40A62DEF39CF2226805F107
:10B6E00020032B60002608236B612E61DC2113668A
:10B6F0002046634A634B0096019405F0F3FDB04287
:10B70000A86105DA2046FFF7BFFF6FF00100B5E042
:10B710005D4B002243F8042BF2071FD55B4901273C
:10B720000A780D2A07FA02FE03DCD21917FA02F092
:10B7300001E04FF40040CA78012111FA02F70D2A06
:10B7400047EA0E0747EA000003DC521811FA02F23A
:10B7500001E04FF40042024343F8042CB00723D524
:10B760004A4901274A7853F804EC0D2A07FA02FCEB
:10B7700003DCD21917FA02F001E04FF400408A7896
:10B78000012111FA02F70D2A47EA0C0747EA0000E7
:10B7900003DC521811FA02F201E04FF400420243B6
:10B7A00042EA0E0243F8042C710723D537490127DA
:10B7B0000A7953F804EC0D2A07FA02FC03DCD219CB
:10B7C00017FA02F001E04FF400404A79012111FA22
:10B7D00002F70D2A47EA0C0747EA000003DC52187B
:10B7E00011FA02F201E04FF40042024342EA0E0273
:10B7F00043F8042C320723D5244901278A7953F8CA
:10B8000004EC0D2A07FA02FC03DCD21917FA02F045
:10B8100001E04FF40040CA79012111FA02F70D2A24
:10B8200047EA0C0747EA000003DC521811FA02F25B
:10B8300001E04FF40042024342EA0E0243F8042CB6
:10B840000136102E7FF465AF114B0026039331466D
:10B85000104A2346206800960196029600F026D9E9
:10B860000D4B1A1D07CA1B688DE8070020460321EF
:10B87000224606F0E5DFC4F83057304605B0F0BD8B
:10B8800001578300A15683008427000090E08500C3
:10B890009D508300529E860024CB010030B58C89D8
:10B8A00042F25605AC4208D842F25505AC4223D2CA
:10B8B00042F25005AC422FD108E042F260018C42C6
:10B8C0001FD04EF2F5418C4226D11FE0C9890129D3
:10B8D00004D16FF03B0111600F2103E06FF04501CF
:10B8E0001160142119600368D3F88030DB0418D587
:10B8F0001368023B136030BD6FF04A0111601422DF
:10B9000008E06FF04A0111600F2203E06FF095012B
:10B91000116096221A6030BD6FF04A011160142246
:10B920001A6030BD38B504460625E06820B1044BE6
:10B930001B6898470023E3600434013DF5D138BD0E
:10B94000E0A68500436C1F2B05D84FF0007018410E
:10B9500000F00100704700207047016EB0F84A30D7
:10B9600010B58A6AB3B1FF2B16D9180B013801281C
:10B9700014D803F47060000A09280FD878B103F0D6
:10B98000F00090280AD803F00F0009288CBF00208F
:10B99000012004E0184602E0012000E00020CC6A0B
:10B9A00041F2E4418C4215D1A2F5826107390129A7
:10B9B00003D83F2B98BF002010BD40F20C418A42B3
:10B9C00007D040F221418A4204D1502B98BF002079
:10B9D00010BD002010BDC36E4FF0407030B5C3F8ED
:10B9E000600100201CE011F8034C11F8045C2404F1
:10B9F00044EA056411F8015C07302C4311F8025C3D
:10BA000044EA0524C3F8644111F8064C11F8075CB8
:10BA1000240244EA054411F8055C2C43C3F8644150
:10BA200007319042DFD330BD90F85E3010B5044648
:10BA30003BB9044B04491A68FFF7CDFF012384F892
:10BA40005E3010BD30BC020034BC0200D0F850188B
:10BA500010B5044641B1D0F84C2840689200E2F39A
:10BA600031F70023C4F85038D4F8481859B1606849
:10BA7000DEF384F66068D4F84818E822E2F322F78F
:10BA80000023C4F8483810BD2DE9F04F036804695D
:10BA90008BB0DE698246E36B174608A80821684A26
:10BAA000DEF3FCF0E368002B40F0BE80E16E206E18
:10BAB00001F50071D4F80090E0F3E0F4A3680146CA
:10BAC0009868EBF379F3002800F0B780226EE16EFE
:10BAD00017B101F5007300E03B4601F5087107B1AD
:10BAE00037688DE8820071684FF0FF370291B168C6
:10BAF00004970391F168DFF854810591A1684846E5
:10BB0000D1F82818CDF81C80069108A9ECF73CFB69
:10BB10000025E060E36E009532680295019203957E
:10BB2000049705950695CDF81C80834608A9226EDA
:10BB300003F510734846ECF727FBE36E2061009590
:10BB40003268C5EB0B0EDEF1000B4BEB0E0B0192D6
:10BB500002950395049705950695CDF81C80A8429B
:10BB600008BF4BF0010B08A9226E03F5207348466D
:10BB7000ECF70AFBE36E6061009532680295019272
:10BB80000395049705950695CDF81C80A84208BF3B
:10BB90004BF0010B08A9226E03F530734846ECF711
:10BBA000F3FAE36EA0610095326802950192039565
:10BBB000049705950695CDF81C80A84208BF4BF068
:10BBC000010B08A9226E03F540734846ECF7DCFA36
:10BBD000E36EE06100953268029501920395049747
:10BBE00005950695CDF81C80A84208BF4BF0010BC7
:10BBF00008A94846226E03F55073ECF7C5FA206297
:10BC0000A84214BF58464BF00100A8B925460626A5
:10BC1000E86830B10B4B0C49D3F884309847C5F82D
:10BC2000A0000435013EF3D1A16F50460831002237
:10BC3000E6F744FB012000E028460BB0BDE8F08F9A
:10BC4000FB418600E0A68500C3268600142600007E
:10BC50001FB50223039312230446C0F84C38482131
:10BC60004068E2F31FF6C4F85008D0B1D4F84C286D
:10BC700000219200DDF3CEF76068E821E2F312F6CE
:10BC8000C4F8480868B10021E822DDF3C3F70123B6
:10BC900000936068D4F8481803AAB423DEF306F6CC
:10BCA00001E04FF0FF3004B010BD000083680B4A84
:10BCB0005A62002380F886300323A0F88C300223D8
:10BCC000A0F88E300723A0F888300423A0F88A302B
:10BCD00042F60133A0F89C30704700BF64A8E7BE6D
:10BCE00070B504690546206E08B1E9F749FA2046A7
:10BCF000FFF718FEA66F706A18B103F0C5FF0023A6
:10BD00007362606F03F0E6FD206F05F090F9616EDD
:10BD100029B12068A26EE2F3D5F500236366206E98
:10BD200018B103F053F8002323662046E6F7E6FA3D
:10BD30002846FFF78BFE002070BD0000C36E4FF455
:10BD4000803210B5C3F86021D3F86011D3F8644194
:10BD5000C3F86021D3F860111949C3F86411C3F81E
:10BD60006021D3F86001D3F86401884223D1C3F87D
:10BD70006021D3F860111349C3F86411C3F860213E
:10BD8000D3F86001D3F8640188424FF0000015D168
:10BD9000C3F86021D3F86021C3F86441C3F88C0173
:10BDA000D3F82031B3F1042F07D007481B1A5842AB
:10BDB00040EB030010BD002010BD012010BD00BFEE
:10BDC000AA5555AA55AAAA55000400842DE9F04F9A
:10BDD00004699B46E363E36F97B0DDF884A0A36733
:10BDE0009DF88030A06023710546C4F800A020466D
:10BDF00016460F46FFF75AFF249B3046009304F186
:10BE00006403019304F1680302935146229A239B31
:10BE100003F064F92066002800F0CF81D4F8648034
:10BE200081494046DEF3BEF320B100210A46DEF32D
:10BE300079F287B240467D49DEF3B4F348B1002180
:10BE40000A46DEF36FF24FF6FF7380B2984218BFD6
:10BE5000064638463146FEF76FFA002800F0AF81FB
:10BE600040F612010022A4F84070A4F84260206E4F
:10BE7000E6F3AEF7E066206EE6F3FCF5D4F86C90DE
:10BE80006064C5F80C902046FFF75CFD002800F0C8
:10BE90009881206EE9F7D1F92046002117F006DDE0
:10BEA00020464FF0FF31E6F7B1FA2046FFF746FF94
:10BEB000002800F0888140465D49DEF347F3FF2803
:10BEC00008BF0120A4F84A002046FFF746FD0028DD
:10BED00000F07B8157494046DEF338F3564984F839
:10BEE00048004046DEF332F35449E0644046DEF356
:10BEF0002DF3236E41F26B02D96A206591420AD17B
:10BF00009B6A4E2B07D1B4F84A30402B03D9E36C1F
:10BF100043F00203E364E36C990604D50121204653
:10BF20000A4619F079D8B4F842200123C4F89830B1
:10BF3000B4F840002B68A5F88221226EA5F8800194
:10BF40001A61626C9A6094F8482083F87C202B6810
:10BF5000E26CB4F84A00C3F88020226DA3F87A009E
:10BF6000C3F88420D4F8982020465A62A9682A464B
:10BF700005F04AF82067002800F02981626C236EE2
:10BF80000892B4F840200690ADF830209A6BB4F8CF
:10BF900042000D92DA6B05930E921A6CADF83200E6
:10BFA0000F9294F8482004A810929A6ACDF810A035
:10BFB0001192B4F84A20CDF81CB01292DA6ACDF88A
:10BFC0002C801392E26C1492226D15925A68DB68F1
:10BFD00009920A9303F040FC6067002800F0F980A2
:10BFE000B4F8423044F21D32934229D00AD844F2C8
:10BFF0001632934224D044F21A32934220D044F2B3
:10C0000013320DE044F22A32934219D002D844F29E
:10C01000213205E044F22D32934211D044F25232E3
:10C0200093420DD000260CE0D1AD86004837860043
:10C0300084AE8600E5AE8600863786009E7986004F
:10C04000012631462046E6F779F9A36F002E0CBF92
:10C05000022201221A605E602B6B206E83E844008E
:10C06000EF6AE6F3F5F4D9F85C313860624A63654B
:10C07000A365636C062101FB0323A76F183BC4F87B
:10C08000B830606F49463A68434603F06BFC78620B
:10C09000002800F0A080A36F616D586AEEF799F850
:10C0A000A36F03F12202009203F11C0103F11E02AF
:10C0B000586A203303F015FCA76F786A03F021FC5F
:10C0C00087F82800A36F2F6B586A03F01AFC3875A5
:10C0D000A76F786A03F018FCA36FB861DA8B032AA4
:10C0E0007BD1296B586A0861988B4A8108811A8C28
:10C0F000588C8A81C8810F2240F2FF309A82D88200
:10C10000314628460122FFF7BFFC002867D0A26F06
:10C110002B68506A93F89910EEF75EF800212046DC
:10C1200018F0ACD808212046E6F7ECFA204619F0C2
:10C13000DDDB0095206E3149314A0023E6F304F639
:10C140002046002119F0B4DB2046E6F7A5F80028C8
:10C1500047D004F1DC052946DEF318F02846DEF36B
:10C16000D5F100283FD12846DEF3E0F1054600284E
:10C1700039D1204617F0E2D9A3681B68D3F89C0098
:10C18000002834D00378002B2FD01E492246DEF33E
:10C19000E1F2A3681C491B682246D3F89C00DEF339
:10C1A00013F3A068FFF754FDE06800B3A3681B68B1
:10C1B000D3F89C10E0F306F31AE00B2518E00C25E9
:10C1C00016E00D2514E00E2512E00F2510E01925CC
:10C1D0000EE010250CE011250AE0122508E01325D9
:10C1E00006E0152504E0162502E01D4600E00546A0
:10C1F000284617B0BDE8F08FEC0A020069C1830041
:10C2000085C1830025C0830049C0830010B5044662
:10C210001BF0A0D8012201462046BDE810401BF0CB
:10C22000119937B505461BF095D80023C5F84C0287
:10C2300080F848302A68044692F82F10284600916A
:10C240004E32214619F034DE38B1284621461AF024
:10C25000DDDE4FF0FF3003B030BD2846214603B08D
:10C26000BDE830401AF0789F37B50446002845D025
:10C27000D0F8201131B103689868EAF3EBF7002396
:10C28000C4F8203123681A6892F82F202AB3D3F813
:10C29000000501A930F008DD12E043685A060FD509
:10C2A000D4F82C51451907E00B684822C5F8103125
:10C2B00023685868E2F306F3D5F810110029F3D18A
:10C2C00001A830F0F9DC0028E7D106E00A685868D8
:10C2D000C4F840214822E2F3F5F2D4F84011236873
:10C2E0000029F3D1186806492246FFF317F42368A2
:10C2F000214658684FF4A472E2F3E4F23EBD00BF59
:10C3000091BA86007FB505464FF4A4714068E2F308
:10C31000C9F20446002855D000214FF4A472DDF381
:10C3200079F42A4B25600093294B00260193294B71
:10C33000286803932849294A23460296FFF3B6F357
:10C340002B6B1A68022A05D15B7D002B0CBF1623CC
:10C35000302300E03023A2194436B6F5887F1374E9
:10C36000EED1A8681E492A460023EAF38FF7064655
:10C37000C4F8200130B9686821464FF4A472E2F392
:10C38000A1F21EE04FF49673C4F81C3145F27353CA
:10C39000A4F838314623A4F83A31124B0026C4F8E9
:10C3A000406128468DE828004FF48A710E4A0F4BF1
:10C3B00004F098FFB042C4F82C0103DA2046FFF7DE
:10C3C00053FF3446204604B070BD00BFF90C840012
:10C3D000410A01007D0A840070E3850091BA86005D
:10C3E0003D068400D9128400E5128400A512840061
:10C3F000014620B10368B022D868E2F363B2704707
:10C40000F7B506680546B021F068E2F34BF2044642
:10C41000002800F087800021B022DDF3FBF3042226
:10C42000266065600021C5F85C4101A8DDF3F2F3E8
:10C430002B6893F87C205869012A06D93A49DEF323
:10C44000B1F0014688B101A809E03849DEF37EF079
:10C450000928034609D8364901A801EB83010322C4
:10C46000DDF390F400238DF80730032201A904F1D5
:10C470000800DDF387F40023E3722B682D49586927
:10C48000DEF364F0336941F26B02D96AE0609142F5
:10C490000CD19B6A8B2B09D1022807D101A8264910
:10C4A0000422DDF34FF408B90323E360336941F25A
:10C4B0006B02D96A91420DD19B6A932B0AD101A8D4
:10C4C0001E490422DDF33EF420B9E368042B01D1B8
:10C4D0000623E360284601A920F0A4DF064650B9F0
:10C4E000174901A80322DDF34DF4284601A98DF870
:10C4F000076020F097DF05F5AA6701A9032200264F
:10C5000007F10A00DDF33EF40E4985F85D6507F199
:10C510000E000322DDF336F485F86165204601A99B
:10C5200021F00ADC2046FEBDB3C48600B9C48600F3
:10C53000CE028600BCC48600C3C4860071C28600D9
:10C54000C6C48600CAC4860030B52C2185B0054615
:10C550004068E2F3A7F10446B8B100212C22DDF3D4
:10C5600059F30823A3610A4B25600093002301932C
:10C5700002930393074A234628680749FFF396F27C
:10C580002A68012382F896302371204605B030BD19
:10C59000050B850091E686002CD4010038B50446D1
:10C5A000002828D00368144918682246FFF3B6F221
:10C5B000636905E01D68596820462BF099DF2B461A
:10C5C000002BF7D1236905E01D68596820462BF040
:10C5D0008FDF2B46002BF7D1A16A21B1236890226F
:10C5E0005868E2F36FF12368214658682C22BDE8B1
:10C5F0003840E2F367B138BD91E686002DE9F84393
:10C6000005468846E6F360F300212846E6F3F2F398
:10C61000044628466E69AF69E8F7E6FB0A2E8146B4
:10C6200016D90F2E16D02846E8F7F3FD142E05462E
:10C6300003D9A36823F00803A360A368142E43F072
:10C640000103A36014D9A36843F00803A3600FE0BB
:10C65000022E0FD92846E8F7B7FDD4F8A4300546D6
:10C6600023F0FF0343F00203C4F8A430022303E0E5
:10C67000012301E0104D3023A268D20707D407F050
:10C680001802082A0CBFB5FBF3F54FF4E11507F0CB
:10C69000030700260BE004F54073B8F1000F05D046
:10C6A0003002181849462A460023C0470136BE42C8
:10C6B000F1DBBDE8F88300BF00C63E052DE9F0417F
:10C6C0001646984604460D46E6F3C2F10021074699
:10C6D0002046E6F38FF300221346114901EB020EC8
:10C6E000DEF804E0BEF1000F0DD10C225343CA184E
:10C6F000CE50436A55601E430A4BC2F808801E6044
:10C700004662012504E001330C32052BE5D10025FA
:10C7100020463946E6F36EF32846BDE8F08100BFB7
:10C720003C260000782600004369142B01DD02F04E
:10C7300023BD7047134B13B51360134601E0114C32
:10C740001C600433ADF17C04A342F8D3033020F025
:10C7500003000D4B091A0D4C1960002323600C4C8B
:10C76000083923600B4C80E80A0023600A4C2260E1
:10C770000A4C02F5A0522260094A1360094B586026
:10C780001CBD00BF4B415453C82600008826000042
:10C79000A4260000CC260000E4140200E8140200E5
:10C7A00090260000C02600001FB5E8200021E1F31C
:10C7B00017F40C4C2060A0B10021E822DDF32AF22E
:10C7C00004AA012342F8043D00230093064B21688C
:10C7D000186840F23C73DEF369F020681221DEF342
:10C7E000AFF01FBDBC26000010150200B1F5E06FD0
:10C7F00073B504460E46154606D103690091002123
:10C8000001911E680A460CE00D4B00221868E6F301
:10C81000DFF2014680B123690022009601921E6872
:10C8200020462B46B04738B1064BA0611A686561B7
:10C8300022621C60002001E04FF0FF307CBD00BF91
:10C840008C2600000C1502002DE9F84310200C4640
:10C85000002191469846E1F3C3F3054600B3124E1A
:10C860003068E6F3F5F0099B074623B930682146A6
:10C870004A46E6F3ADF23068E6F366F10123834001
:10C88000EB60089BC5F80480AB60084B30681A6801
:10C8900039462A601D60E6F3ADF20020BDE8F8835A
:10C8A0006FF01A00BDE8F8838C260000982600007F
:10C8B00007B50021E6F39EF2074B4FF400611860C4
:10C8C000064B00F57060186000200246044B009093
:10C8D0000190FFF7B9FF0EBD9C260000E014020096
:10C8E0006D60800013B5224C224B00211C22204693
:10C8F0000193DDF38FF1012323601F4B1B6843F885
:10C90000044C00F083F9ADF59E513C390A461B48B2
:10C91000FFF710FFE1F320F500F07EF8002002F0B1
:10C92000BBF9174B174C186002F0B0FB2060FFF703
:10C93000BFFF206800F0FAF8E8F7E8F9206800F097
:10C94000E1F8002210481149E1F3BEF60022104838
:10C950001049E1F3B9F6104900221048E1F3B4F6AA
:10C960002068FFF7E1FEFFF71FFF20681CBD00BF36
:10C97000EC140200ADDEADDE9C0B0200E0420300D1
:10C98000101502008C260000D81F860015CD00006F
:10C99000DB1F8600656580008D608000DE1F8600DD
:10C9A00070B51C4CA668002E33D112092260A381F9
:10C9B00002F561424FF4E13392FBF3F5A060616050
:10C9C000204603218022E1F361F620463146EAB297
:10C9D000E1F35CF6204601212A12E1F357F6032128
:10C9E00020460A46E1F352F6012120460A46E1F3C9
:10C9F0004DF6204604210822E1F348F620460221A4
:10CA00000122E1F343F64FF47A70BDE87040E1F3A0
:10CA10008DB470BD1415020038B5A4200021E1F3D7
:10CA2000DFF2134C206000B30021A422DDF3F2F00A
:10CA30004FF4806000212568E1F3D2F2A8602068FD
:10CA400085682DB9E1F332F225604FF0FF3038BD33
:10CA50004FF48062C260456100212846DDF3DAF0C0
:10CA60002268044B00201A6038BD4FF0FF3038BDFB
:10CA700024150200D426000070B51B4D04462B6817
:10CA800033B91A4E33680BB9FFF7C6FF33682B6012
:10CA90002868174B586130B300230360C0F89C30FE
:10CAA0004360236C0E3B012B03D920461149FFF74D
:10CAB000A5FD114B9A6812B12A68C2F89C30002477
:10CAC00007E0D2F89C0018B19368195DE1F3E8F52E
:10CAD00001342A6813699C42F3D308480849E1F3FA
:10CAE000F3F5014B186870BDD42600002415020030
:10CAF000EC140200CD4D020014150200BD21860089
:10CB0000A568800010B54022002306490446FFF7BF
:10CB1000D5FD054B002220469A60BDE81040FFF786
:10CB2000ABBF00BFA9698000141502002DE9F041D8
:10CB3000044600F0D5F82A48E7F762FD2046E8F7FA
:10CB400055F9284B284AC318B3FBF2F3274A20466D
:10CB50001360E8F768FB00F578700730244B4FF45A
:10CB60007A75B0FBF5F01860236A2249002B40F279
:10CB7000FF33C8BF6FF07F43B3FBF0F01E4B2022A2
:10CB8000186000232046FFF799FD00201B49DDF3C4
:10CB9000DDF41B4F06463860F8B12046E8F726F969
:10CBA000B6FBF0F8A8F10208B8F1000F15DD154E3C
:10CBB000002134223046DDF32DF0134B7460B36056
:10CBC000304605FB08F10122E1F3FEF028B1396897
:10CBD0002046BDE8F041DFF307B4BDE8F08100BFB7
:10CBE00011CF00003F420F0040420F00D02500004F
:10CBF000C825000001678000CC250000E6D50100B3
:10CC0000E82600002C150200E56680000D4B00218F
:10CC10001A6842F010021A601A6822F400721A6050
:10CC2000094A136843F0807343F480331360074B61
:10CC300007221A6043F8041C59685A60044B2022EA
:10CC40001A60704714ED00E0FCED00E0241000E0F5
:10CC500000E400E02DE9F84304461E4690460D46E8
:10CC6000E6F332F02046E5F3F3F641463246074656
:10CC70002046E6F3ADF02046E5F366F740F62A01DC
:10CC8000064600222046E6F3A3F04FF00108814655
:10CC900085B108FA06F5836933EA050502D14046F5
:10CCA000E7F76EFC01360120B040E7F74BFCC9F80E
:10CCB00018500EE0701C08FA06F608FA00F0E7F7C4
:10CCC0005FFC4046E7F73EFCD9F818301E43C9F830
:10CCD000186020463946BDE8F843E6F38BB0000003
:10CCE0002DE9F8430446E5F3EFF7204640F60E0140
:10CCF0000022E6F36DF0054600282FD00768D0F833
:10CD000000802046E5F3B6F60428064605D825D16E
:10CD100008F4E028B8F5403F20D100204449DDF375
:10CD200015F4D8B907F0F0073F090FE0013F072ECF
:10CD30002F6108D90C2E06D02B6C03F44063B3F599
:10CD4000406F00D010B13B4B01206B61002FEDD143
:10CD5000D5F8E83123F01003C5F8E831002240F699
:10CD60002A012046E6F334F0334D40F2DD562860C8
:10CD70002046E5F37FF6314B18602B681A6842F0C5
:10CD800080721A601A6842F002021A600022C3F828
:10CD9000E02102E00A20E1F3C9F22B68D3F8E03188
:10CDA0009B0301D4013EF5D100210B4620464FF4F0
:10CDB0000062FFF74FFF00210B46204640F61202AB
:10CDC000FFF748FF00210B46204640F62902FFF7F7
:10CDD00041FF20460121E7F7D9FF00201849DDF384
:10CDE000B5F3F0B12046E5F333F640F62A010646E6
:10CDF00000222046E5F3ECF7D0F814900746D0F86F
:10CE000098802046E5F324F60123834043EA090392
:10CE10007B6148F00103C7F8983020463146E5F3BE
:10CE2000E9F72B681A6A42F003021A62BDE8F88338
:10CE3000F1D50100FF7F0121601502006415020099
:10CE4000E6D5010010B58469A068FCF791FDE068A3
:10CE5000E8F77DF9002010BD10B584690021342267
:10CE600004F11C00DCF3D6F6034BA0686362246275
:10CE7000EAF7FEFD002010BD05AA80002DE9F3476A
:10CE8000274D99462B680646072B0F46924640DCF5
:10CE900001F002FF50218046E1F304F5044600282A
:10CEA0003AD000215022DCF3B5F62B68A4F8149098
:10CEB00084E848002761C4F80C80204641F2E44130
:10CEC0004A4643468DE88004FCF7F8FBA06010B3A7
:10CED00000200A990B9A134B8DE84004FFF7B4FC2D
:10CEE000074618B1A068FCF743FD12E0A068E4F320
:10CEF00095F02B68A0610F210B4A3046DCF3CEF68B
:10CF0000F7730A483146EAF7D5FD2B6801332B60E9
:10CF100002E0002400E004462046BDE8FC8700BF94
:10CF20006815020031AA8000CC9A0200AC9A020077
:10CF3000014680685022E1F3C5B400002DE9F041BC
:10CF4000DFF868801F4698F800300546072B144626
:10CF500021D838464C21E1F3A5F40646E0B1002182
:10CF60004C22DCF357F698F80030B46086F8443071
:10CF7000013388F80030022386E8A000B364384605
:10CF80000821E1F38FF40446306440B10021082207
:10CF9000DCF340F600E000263046BDE8F081314683
:10CFA0004C22E1F38FF42646F6E700BF6C15020031
:10CFB000C26B1AB100235362826B5362C068FFF7E1
:10CFC000B7BF00002DE9F04FD1F8FC3091B00B93C2
:10CFD00003F56063044609933CE10E2200232046DA
:10CFE0000BA9DBF35BF00F28064600F03B81002223
:10CFF00020460BA91346DBF351F010F00E0F40F062
:10D000002E819A4B00F4F877334040F23B421B0AE2
:10D010003F09B2EB165F04D140F6FF72934200F075
:10D02000198100F47852510A0891002A00F0128107
:10D0300000F4F82B00F47802D20C4FEA9B3B0792E5
:10D0400012EB0B0219D140F267318B4240F00281A2
:10D050000CAB01930DAB02930EAB03930FAB049398
:10D0600020460BA913460092DAF3B6F7002800F029
:10D07000F1800C9BC4F85433ECE0D4F8CC5004EBB2
:10D080008502C2F8D462C2F8140305F1340244F8F0
:10D09000223000260BE0012220460BA91346DAF3CA
:10D0A000FDF700F00E00022840F0D9800136BE42A4
:10D0B000F1D100273A460CAE0DF134080DF13809D4
:10D0C0000DF13C0A20460BA93B4600970196CDF88E
:10D0D0000880CDF80C90CDF810A0DAF37DF7024669
:10D0E000C0B940238DE8480320460BA91346CDF86C
:10D0F00010A0DAF371F760B90D9B002B40F0AF8000
:10D100000F9F002F40F0AB800E9BB3F5805F01D0E6
:10D11000A5E001270C9A05F1440344F823200E9A58
:10D1200005F1740344F8232001260CAB01930DABE9
:10D1300002930EAB03930FAB0022049320460BA97E
:10D1400033460092DAF348F770B1012E0CD10E9BF2
:10D15000B3F5805F08D10C9905F1640244F8221000
:10D1600005F1840244F8223001360028DDD1012681
:10D1700019E0434600E00023002200920CAA01922D
:10D180000DAA02920EAA03920FAA049220460BA99E
:10D19000324603F10108DAF31FF70028E9D1B8F1AC
:10D1A000000F5CD00136089A9642E4D100261FE0B9
:10D1B000C02300930CAB01930DAB02930EAB039312
:10D1C0000FAB049320460BA932460023DAF304F791
:10D1D000002844D00F9B002B41D10E9BB3F5805FFC
:10D1E0003DD126B90C9A04EB8503C3F8942201368D
:10D1F0005E45DDD1002624E0802300930CAB019333
:10D200000DAB02930EAB03930FAB0493089B204628
:10D21000012B0CBF3246721C0BA90023DAF3DCF69B
:10D22000E8B10F9BDBB90E9BB3F5805F17D1BBF163
:10D23000000F05D126B90C9A04EB8503C3F894229C
:10D24000013607998E42D7D127B9D4F8CC300133B3
:10D25000C4F8CC300B9B099A9342FFF4BEAE002376
:10D26000C4F8CC3011B0BDE8F08F00BF00FF0F0054
:10D2700082604160016070470EB4F3B58168044676
:10D28000012945D908AB4068079A0193DCF3F8F50A
:10D29000431C064603D0A368023B984202DD0020EF
:10D2A000A06036E060683D21DCF318F540B36768A4
:10D2B0002568C71B21E028463A46DCF32BF4B0B9B9
:10D2C000EB5D3D2B13D12846DCF334F56268471C37
:10D2D000731CDB1B521BE919D2182846DCF36CF4D3
:10D2E0006368DB1B6360A368DF19A76008E02B4657
:10D2F00013F8012B1D46002AFAD161688D42DAD35A
:10D30000A368701C1B1AA36063681B18636000E0AD
:10D310000020BDE8FC4003B070472DE9F041551AEC
:10D32000012D0C461F46069E0EDD2946E1F3BAF29A
:10D33000804670B121462A46DCF308F4C7F8008025
:10D3400000203560BDE8F081002018603060BDE845
:10D35000F0816FF01A00BDE8F08100002DE9F04F78
:10D36000A7B00E914FF480510D900F921093E1F3FE
:10D3700099F20990002801F0DF8023A809994FF461
:10D380008052FFF775FF4FF4805209980021DCF3BB
:10D3900041F400234FF0FF328DF84C3007920B938D
:10D3A000089301F094B80E9B012253F8045B0C9291
:10D3B0000E9300230A930C9A15F803B042B10BF1B7
:10D3C000FF32D2B25F1CFD2A0DD8EE5D9F1C0BE030
:10D3D0000BF1FF32D2B2FD2A96BF5E460C9E4FF093
:10D3E000800B5F1C00E00026BB19B3F5607F81F263
:10D3F0006B80BBF1200F28D007D8BBF1150F0DD0E3
:10D40000BBF11B0F41F05A805FE0BBF1220F33D01C
:10D410002ED3BBF1800F41F051805CE0EB195A78BC
:10D42000EB5D1202D318072B0FDDBC1C2C198349AE
:10D43000224623A8FFF720FF2046DCF37BF4FA1CEA
:10D4400012187F4923A8AA180EE0EC196278EB5D48
:10D450001202D2187B4923A8FFF70EFFE378A278C7
:10D4600079491B0223A89A18FFF706FF01F026B896
:10D47000EB5D0A9301F022B80A9A0C2A00F0EF87BC
:10D480009DF84C30002B41F01980EB5D042B41F0EE
:10D49000158007F1020805EB08042046DDF346F08D
:10D4A000002841F00B8015F80830D80701F10680FC
:10D4B000204613A9DCF382F6079B013340F0FE8778
:10D4C000EB199A79DB791202BFE3EB19DA7923A819
:10D4D0009B795E49AFE0EB5DEC19822B00F2EE87A1
:10D4E000DFE813F09B00BA003001EB01AB02E7016B
:10D4F000AC01B7013C01BF02D302E402E902EC0730
:10D500005002DC01EC0700031B039F0038033C03BF
:10D510004A034E03F5009803EC076301B703690162
:10D52000EC07EC07EC07BF03D003D3032404060584
:10D53000EC07EC07D60593008B0083009006970656
:10D540009E06A506EC07F4025F01EC07EC07FC0061
:10D55000B807AC06EC07EC07EC07EC07EC07EC07A8
:10D56000EC07EC076F01D506E7060507230741071F
:10D570005F077D079A07A107EC077401EC07EC072A
:10D58000EC07EC07EC07EC07EC07EC07EC07EC0703
:10D59000EC07EC07EC07EC07EC07EC07EC07EC07F3
:10D5A000EC07EC07EC07EC07EC07EC07EC07EC07E3
:10D5B000EC07EC07EC07EC07EC07EC07EC07EC07D3
:10D5C000EC07EC07EC07EC07EC07EC07EC07EC07C3
:10D5D000EC07EC07EC07EC07EC07EC07EC07EC07B3
:10D5E000EC07EC07EC07EC07A8074FEA960A5FFA8E
:10D5F0008AFA4FF0000800F0C7BD4FEA56095FFAFB
:10D6000089F94FF0000800F093BD4FEA56095FFA20
:10D6100089F94FF0000800F07ABD23A80C4900F00A
:10D620001BBFE37822791B0443EA0263627809494D
:10D630001343A27823A843EA022215E7B09B020015
:10D640001A9E02006E9B0200119F0200D2A10200EE
:10D65000499D0200E59A0200A27863781202D2186E
:10D660009F4923A8FFF708FE2279E378120223A836
:10D670009C49D218FFF700FE062E40F21F87A279C0
:10D680006379120223A89849D218FFF7F5FD082EF6
:10D6900040F21487237AE2791B0223A893499A184F
:10D6A000FFF7EAFD0A2E40F2098707F10A0807F1A1
:10D6B000090415F808202B5D1202D21823A88C4902
:10D6C000FFF7DAFD15F808302A5D1B0270E0A37839
:10D6D00062781B029A18079200F0F0BE854B062272
:10D6E000B6FBF2F21A704FF00008994624E0434668
:10D6F0001021814A1BA8DCF3D1F2434610217F4A56
:10D700001FA8DCF3CBF26378A2781BA943EA0222BC
:10D7100023A8FFF7B1FD6379A2791B0443EA0263F2
:10D72000E27823A8134322791FA943EA0222FFF7D4
:10D73000A3FD08F10108063499F800309845D6DBBE
:10D7400000F0BCBE022E03D123A86D4900F084BEB8
:10D75000A37862781B0223A8694984E6A2786378DB
:10D760001202042E1A4405D92379E1781B06090414
:10D770005B181A4323A86349FFF77EFD062E40F28B
:10D780009D86EB199A7959791202082E0A4405D917
:10D79000197ADB7909061B04C9180A4323A85A49D8
:10D7A00062E623A8594900F057BEA37862781B02AD
:10D7B00023A8574957E601360023F6B20C9300F030
:10D7C0007DBEA378627823A8524947E2494BF2080C
:10D7D0001A704FF0000899462AE043461021464A45
:10D7E0001FA8DCF35BF243461021444A1BA8DCF37C
:10D7F00055F2E37822791B0443EA026362781FA999
:10D800001343A27823A843EA0222FFF735FDE37908
:10D81000227A1B0443EA0263627923A81343A279A4
:10D820001BA943EA0222FFF727FD08F1010808348B
:10D8300099F800309845D0DB00F040BE23A8364967
:10D840006278FFF719FD022E40F2388623A833498B
:10D8500046E1002223A832496378FFF70DFD022E2E
:10D8600040F22A86012223A82D49A378FFF704FD60
:10D87000032E00F02186022223A82949E378FFF72E
:10D88000FBFC042E00F01886032223A824492379E8
:10D89000FFF7F2FC0122089200F010BE1F496278E7
:10D8A00023A8FFF7E9FC23A81D490122A37800F073
:10D8B000CEBD23A81B4900F0CFBDB31E082B00F23C
:10D8C000FD85DFE813F00900FB05FB05FB05FB0503
:10D8D0004C003E003800330023A8134900F0BCBDC3
:10D8E00032A00200F3A002003C9F02007A9B0200DB
:10D8F000919C02006D150200FCD5010007D60100C5
:10D90000C69C0200B5A00200F29B0200D29D02005C
:10D91000919B02006C9C0200F19A02002AA1020075
:10D92000FF9D0200B5A102006AA0020023A896494B
:10D93000627AFFF7A1FCEB1923A894491A7AFFF742
:10D940009BFC07F10708924915F8082023A8FFF768
:10D9500093FC23A88F4915F80820FFF78DFC4FF0A2
:10D960000008A27863788C491202414423A8D21897
:10D9700008F10908FFF780FC0234B8F11B0FF0D161
:10D9800000F09CBD142E19D0172E03D0132E40F09A
:10D99000958519E005EB0708804998F8162023A81B
:10D9A000FFF76AFC7E4998F8152023A8FFF764FC6E
:10D9B00023A87C4998F81420FFF75EFCEB1923A8F4
:10D9C0007949DA7CFFF758FCB146A2464FF00008CF
:10D9D0002646B278737875491202414423A8D218BA
:10D9E00008F10908FFF748FC0236B8F11B0FF0D127
:10D9F0004E464FF00008227AE3796D491202414405
:10DA000023A8D21808F10B08FFF736FC0234B8F14E
:10DA1000210FF0D100249AF80E209AF80D306549B4
:10DA20001202091923A8D2180B34FFF725FC212C68
:10DA30000AF1020AEFD100F041BDE1786278A378E3
:10DA40000091217923A8019161790291A179039133
:10DA5000E1790491217A05915749FFF70DFC00F017
:10DA60002DBDA04643460024B0461E4616F8013F91
:10DA7000FF2B04D023A851492246FFF7FDFB0134B8
:10DA8000042CF3D1464600F019BD627823A80AB1F0
:10DA9000A3781BB94A49FFF7EFFB02E04949FFF7BA
:10DAA000EBFBEB1923A84849DA78DDE4A378627828
:10DAB00023A84649D2E0E37822791B0443EA0263B3
:10DAC000627823A813434249A278B4E523A84149C8
:10DAD0006278FFF7D1FB022E40F2F0843E4923A882
:10DAE000A278C1E47C1C2A5D3C4902F00F0223A805
:10DAF000FFF7C2FB2A5D3A491209BC1C23A8FFF7B5
:10DB0000BBFB2A5D374902F0070223A8FFF7B4FBED
:10DB10002A5D23A8D208344919E07C1C2A5D3349C8
:10DB200002F00F0223A8FFF7A7FB2A5D3049120974
:10DB3000BC1C23A8FFF7A0FB2A5D2E4902F00702B8
:10DB400023A8FFF799FB2A5D2B49D20823A802F0EE
:10DB5000030289E423A8294900F07EBC28496278A1
:10DB600023A8FFF789FB2749A27823A8FFF784FBA6
:10DB700023A82549E27877E423A8244900F06CBC67
:10DB800023A8234900F068BC2BA002006AA0020071
:10DB90001D9F0200539B0200A09D0200449B0200B7
:10DBA0005D9C0200B99C0200619B0200809F020004
:10DBB0005E9D020077A00200CEA00200079B02003B
:10DBC00095A10200AAA10200C8A10200DB9D0200EB
:10DBD00074A1020034A10200549D0200D89A0200F0
:10DBE000BB9D0200239B0200C5A002000FA1020002
:10DBF000E59B020067A102003FA1020080A1020094
:10DC0000E69D020022A00200C89D0200C49E020000
:10DC10007A9C020007F1010805EB08042046DCF3BA
:10DC200085F4002840F04A8415F80830D90700F13F
:10DC30004584204613A9DCF3C1F2079B013340F071
:10DC40003D84EB195A799B791202D318079300F09F
:10DC500035BCA27863788F49120623A842EA0322D2
:10DC600002E48D49627823A8FFF706FB8B49A2786E
:10DC700023A8FFF701FB2379E2781B0223A8884938
:10DC8000FFF7F1BB23A88749E6E394F802806378A5
:10DC90004FEA082898441FFA88F883494FEAD822A7
:10DCA00023A8FFF7E9FA08F4E062120A7F4923A8E3
:10DCB000FFF7E2FA08F0F802D2087D4923A8FFF73F
:10DCC000DBFA08F0060252087A4923A8FFF7D4FAD3
:10DCD00023A8794908F00102FFF7CEFA042E40F29A
:10DCE000ED832379E4781B021C19A4B27349E20A7C
:10DCF00023A8FFF7C1FA04F4E0627149120A23A8CD
:10DD0000FFF7BAFA04F0F8026E49D20823A8FFF729
:10DD1000B3FA04F006026C49520823A8FFF7ACFAE4
:10DD200023A86A4904F00102FFF79EBB68496278A4
:10DD300023A8FFF7A1FA4FF000086649A27823A8AC
:10DD4000FFF79AFACDF800802279E3781202D3180F
:10DD5000019302226049434623A8FFF78DFACDF8CC
:10DD60000080A27963791202D31801930222012361
:10DD7000594923A8FFF780FACDF80080227AE37989
:10DD80001202D3180222019323A853491346FFF726
:10DD900073FA1E2E40F292835049627A23A8FFF74D
:10DDA0006BFA4F49A27A23A8FFF766FA4D49E27A47
:10DDB00023A8FFF761FA4C49227B23A8FFF75CFAFE
:10DDC000CDF80080A27B637B1202D31801934249F5
:10DDD0000522434623A8FFF74FFACDF80080227CA6
:10DDE000E37B1202D31801933B490522012323A8A8
:10DDF000FFF742FACDF80080A27C637C1202D318B0
:10DE0000019335490522022323A8FFF735FACDF8FF
:10DE10000080CDF80480227DE37C1202D3180293A7
:10DE2000324905226C234FF0010923A8FFF724FA99
:10DE3000CDF80090CDF80480A27D637D1202D31846
:10DE400002932A4905226C2323A84FF0020AFFF708
:10DE500013FACDF800A0CDF80480227EE37D1202F3
:10DE6000D3180293214905226C2323A8FFF704FA53
:10DE7000CDF80080CDF80480A27E637E1202D31814
:10DE8000029323A8194905226823FFF7F5F9CDF875
:10DE90000090E0E0559F0200049F0200CE9E020029
:10DEA000F59E0200A9A0020057A10200039C0200F7
:10DEB000109C0200E1A10200149B0200C49F02001A
:10DEC000FEA1020031A20200099E020048A1020048
:10DED000539B0200DB9E0200FEA00200A89F0200EE
:10DEE0009F9C0200629F0200B89B02007F9D02007F
:10DEF0009849627823A8FFF7BFF94FF001089649C7
:10DF0000A27823A8FFF7B8F9CDF800802279E3784A
:10DF10001202D318019302220023904923A8FFF78D
:10DF2000ABF9CDF80080A27963791202D31801937E
:10DF300002228A49434623A8FFF79EF9CDF80080C4
:10DF4000227AE3791202D3180222019323A883498B
:10DF50001346FFF791F91E2E40F2B0828049627A93
:10DF600023A8FFF789F97F49A27A23A8FFF784F94C
:10DF70007D49E27A23A8FFF77FF97C49227B23A819
:10DF8000FFF77AF9CDF80080A27B637B1202D318E9
:10DF9000019372490522002323A8FFF76DF9CDF8FC
:10DFA0000080227CE37B1202D31801936B49052287
:10DFB000434623A8FFF760F9CDF80080A27C637C7C
:10DFC0001202D31801936549052202234FF000097C
:10DFD00023A8FFF751F9CDF80090CDF80480227DF9
:10DFE000E37C1202D3180293614905226C2323A813
:10DFF000FFF742F9CDF80080CDF80480A27D637D63
:10E000001202D31802935A4905226C2323A84FF019
:10E01000020AFFF731F9CDF800A0CDF80480227E86
:10E02000E37D1202D3180293514905226C2323A8E1
:10E03000FFF722F9CDF80090CDF80480A27E637E30
:10E040001202D318029323A8494905226823FFF737
:10E0500013F9CDF80080CDF80480227FE37E120210
:10E06000D31802930522682323A84149FFF704F936
:10E07000CDF800A0CDF80480A37F627F1B029B181F
:10E08000029323A83A4905226823FFF7F5F815E221
:10E09000A27863781202D218364923A8FFF7ECF869
:10E0A000A279637912061B04D218237923A81B02D4
:10E0B000D218E3783049D218FFF7DEF8122E40F27A
:10E0C000FD81A27A637A12061B04D218237A2B49A7
:10E0D0001B02D218E37923A8D218FFF7CDF8A27B50
:10E0E000637B12061B04D218237B23A81B02D218C1
:10E0F000E37A2349D218FFF7BFF8A27C637C1206AB
:10E100001B04D318227C12029B18E27BBBE0A2788E
:10E1100063781202D31800930222434623A81949B8
:10E1200008F10108FFF7A8F80234C845EFDDC5E1A2
:10E13000A27863781202D31800930522434623A8DD
:10E14000104908F10108FFF797F80234C845EFDDE0
:10E15000B4E100BF929D0200E89E0200FEA0020012
:10E16000B69F0200AC9C0200719F0200C79B020098
:10E170007F9D0200BBA102001CA10200479F02007C
:10E18000D69B0200A09B0200CDF80080A2786378A5
:10E190001202D318019305226C2323A8B14908F178
:10E1A0000108FFF769F80234D045EDDD4FEA560962
:10E1B0005FFA89F909F1010C09F10209BC44B9447B
:10E1C00005EB0904CDF844B04FF00008B3462E46E5
:10E1D0006546CDF800802278C9EB04035B5D12022E
:10E1E000D31801930522682323A89E4908F101084A
:10E1F000FFF742F80234D045EBDD35465E46DDF8E8
:10E2000044B05BE1A37862781B0223A89649FFF72C
:10E210002AB9A37862781B0223A89449FFF723B98F
:10E22000A37862781B0223A89149FFF71CB9A37851
:10E2300062781B0223A88F49FFF715B92279E3788A
:10E2400012061B04D218A3788B491B02D2186378DC
:10E2500023A8D218FFF710F8227AE37912061B04DC
:10E26000D218A37923A81B02D21863798349D21844
:10E27000FFF702F8227BE37A12061B04D318A27A76
:10E2800012029B18627A23A87D49FFF7ECB8A278A6
:10E290006378120223A87B49D218FEF7EDFF042E03
:10E2A00040F20C812379E2781B0223A87649FFF71C
:10E2B000DAB82279E37812061B04D218A37823A8CF
:10E2C0001B02D21863787149D218FEF7D5FF062ECB
:10E2D00040F2F480227AE37912061B04D318A27963
:10E2E00023A812029B186A496279FFF7BCB8DFF8CD
:10E2F000B4914FF00108B04580F2E0802279E378D4
:10E3000012061B04D218A37849461B02D218637860
:10E3100023A8D21808F10408FEF7AEFF0434B8F1C0
:10E32000190F09F11809E6D1C8E0DFF87C914FF028
:10E330000108B04580F2C2802279E37812061B04FE
:10E34000D218A37849461B02D218637823A8D218A2
:10E3500008F10408FEF790FF0434B8F10D0F09F13D
:10E360001309E6D1AAE0DFF844914FF00108B04567
:10E3700080F2A4802279E37812061B04D218A378D5
:10E3800049461B02D218637823A8D21808F1040862
:10E39000FEF772FF0434B8F10D0F09F11409E6D14C
:10E3A0008CE0DFF80C914FF00108B04580F28680D8
:10E3B0002279E37812061B04D218A37849461B027F
:10E3C000D218637823A8D21808F10408FEF754FF86
:10E3D0000434B8F10D0F09F11409E6D16EE0DFF84D
:10E3E000D4904FF00108B04568DA2279E37812063C
:10E3F0001B04D218A37849461B02D218637823A8BD
:10E40000D21808F10408FEF737FF0434B8F10D0FF5
:10E4100009F11409E7D151E0A37862781B0223A81F
:10E420001C49FFF720B8A37862781B0223A81A4979
:10E43000FFF719B82279E37812061B04D318A278E3
:10E44000647812029B18154923A801221B19FEF7B4
:10E4500013FF33E0124923A86278FFF705B80022C2
:10E460000A922BE0D49F0200299E020089A102009B
:10E47000FB9A02009B9F0200479F0200D69B02006E
:10E48000F09D02000BA202001EA202003EA00200AC
:10E4900054A00200849C0200309B020098A002005D
:10E4A0002A9F0200349E0200D49C0200219C02009C
:10E4B0000D9D0200E69F020001230893BBF1FF0FB0
:10E4C00007EB06037EF477AF0B9A01320B920B9B9E
:10E4D0000F9A93427EF467AF079B5A1C04D023A87F
:10E4E00018491A46FEF7C8FE9DF84C3023B123A800
:10E4F000154913AAFEF7C0FE00201449DCF352F0C0
:10E5000030B9089A22B923A81149FF23FEF7B4FEB7
:10E51000249A002302F8013B309B099900930D983F
:10E52000109B2492FEF7F9FE099904464FF480529D
:10E530000D98E0F3C7F101E06FF00104204627B029
:10E54000BDE8F08FF2A102009FA102000E5D8600DF
:10E55000FF9D02002DE9F04F8DB0059205460E4655
:10E5600006A8002114229A460B91DBF353F3634B68
:10E570001C78002C40F0B6806B69232B0EDD1C222A
:10E580002846214623460094E4F36AF2002809DA7B
:10E590004FF001090227CDF8109007E004274FF053
:10E5A000010902E00C274FF0030904942846E4F324
:10E5B0000BF20128834602D0022813D105E0284639
:10E5C0003146DBF35BF240000BE02846FAF786FFAA
:10E5D000044638B1DBF300F2C30503D52046DBF374
:10E5E000F1F10B900B99002951D03046E0F35AF12C
:10E5F000044600287CD0BBF1010FDDF82C8003D04D
:10E60000BBF1020F1AD10AE0002102908DE802014D
:10E6100003912846059A3346DBF32AF20CE00CAB53
:10E620004FEA580243F8042D284601212246DBF325
:10E6300087F10B9B5B000B9300284BD122884FF690
:10E64000FD73013A92B29A4205D9304621464246BC
:10E65000E0F338F11CE0049A1AB104EB470706977F
:10E660001BE0E31962880693A388A7F5805707EBA0
:10E6700012221B0602EB1343E3180793E388DB190E
:10E68000E31808932389DF19E719099705E08846FD
:10E690001B4B002406934FF00109169B3046009354
:10E6A00006A94A465346FEF759FE90B91549DBF3D1
:10E6B0004DF738B1169B2846DAF800101A6800F0BA
:10E6C00025FB06E0169B2846DAF800101A6800F0D1
:10E6D0003FFB24B1304621464246E0F3F3F0074ABF
:10E6E00001231370169B0020CAF80000186001E097
:10E6F0006FF01A000DB0BDE8F08F00BF402700009A
:10E70000899B020012D6010030B51946039B049C78
:10E7100043B14CB100251D6025600394BDE8304035
:10E72000FFF718BF184630BD204630BD084B1A8889
:10E730008A4204D09A888A4206D1012200E000224F
:10E7400003EB8203987800E0FF2040B2704700BFDF
:10E750008CA20200F8B5044615461F46002B7BD05C
:10E76000E6F782FB06460BE0BB4208D1D5F800264F
:10E77000B37802F07C02B3EB920F07D1F8BD0C36F0
:10E78000002E69D03388002BEED1F8BDD5F81836AD
:10E79000642023F0C073C5F81836D5F81C3640F253
:10E7A000DD5723F0C073C5F81C36DFF3BFF502E078
:10E7B0000A20DFF3BBF5D5F8E0319B0301D5013F1B
:10E7C000F6D10023C5F860363179F378D5F86426A0
:10E7D00009061B0501F0706103F4700322F07F62EB
:10E7E0000B431343C5F864360223C5F86036D5F8E9
:10E7F0006436727923F0FE5323F4781343EA02530C
:10E8000043F48023C5F864360323C5F86036D5F891
:10E810006426B36802F07F4223F07F431343C5F8B8
:10E820006436236A012B05DDD5F8003643F4806396
:10E83000C5F80036B278D5F8001692004FF683730B
:10E8400002F07C020B40134332887F32D211013A2E
:10E8500043EA0243C5F80036F8BD00002DE9FF4148
:10E86000036A0446042B476A03DD07F0F867BF0D0F
:10E8700002E007F0F0777F0D2046E4F3E9F0002195
:10E8800080462046E4F3B6F20025064613E0102148
:10E8900068460D4A2B46DBF301F200206946DBF3A4
:10E8A00081F638B100210A46DBF33CF5C6F858562C
:10E8B000C6F85C060135EBB2BB42E8D320464146C0
:10E8C000E4F398F2BDE8FF81633686002DE9FF414D
:10E8D0000546E4F3BDF0002180462846E4F38AF2C1
:10E8E0002B6A0746042B6E6A01DDF60E02E006F085
:10E8F000F056760E002413E0102168460C4A234699
:10E90000DBF3CCF100206946DBF34CF638B1002193
:10E910000A46DBF307F5C7F85046C7F8540601343A
:10E92000B442E9D128464146E4F364F2BDE8FF81F0
:10E930005B368600F7B5053A06461F46062A2ED8EE
:10E94000DFE802F004160B0F082D120004230F2538
:10E95000012410E004230F2508E003231F250024D1
:10E9600009E003231F2505E002230325112402E00B
:10E9700004230F2505242F40A740009300214FF4C6
:10E98000CB624FF0FF333046E4F36AF030460021AB
:10E9900040F25C6215FA04F30097E4F361F0FEBD07
:10E9A0002DE9F043002485B0054602940394E4F376
:10E9B0004FF0214680462846E4F31CF26F6A044675
:10E9C00007F4F8573F0A03264B4B013E03EBC60200
:10E9D00013F83630C4F820365368C4F82836002EB1
:10E9E000F2D11DE008216846444A3346DBF356F174
:10E9F00000206946DBF3D6F588B100210A46DBF337
:10EA000091F42B6A0C2B06DDB0F5803F03D2C3B224
:10EA1000000A43EA0040C4F82066C4F8280601361C
:10EA2000BE42DFD14FF00309354E09F1FF3906EB45
:10EA30000916F3680BB9002321E02846984700B374
:10EA4000F9E7012199403268114217D0C4F8203605
:10EA500096F9042022B1012A04D001320ED106E039
:10EA6000B26809E0D4F82416B2680A4304E0D4F886
:10EA70002426B16822EA0102C4F824260133BB42ED
:10EA8000DFD1B9F1000FCFD14E4613E0082168461F
:10EA90001C4A3346DBF302F100206946DBF382F5C2
:10EAA00038B10021C4F820660A46DBF33BF4C4F811
:10EAB00024060136BE42E9D102A903AA2846DEF3A4
:10EAC00021F7039B029AD4F81C16134319430393AE
:10EAD000C4F81C1623B1C4F81C360AB1C4F81826B1
:10EAE0004FF4FA60DFF322F428464146E4F382F162
:10EAF00005B0BDE8F08300BF74A202005136860065
:10EB000044A2020056368600F8B5044616460F4663
:10EB1000E3F39EF7002105462046E4F36BF1394606
:10EB2000024633462046FFF715FE20462946BDE83B
:10EB3000F840E4F35FB138B50446E3F389F7002108
:10EB400005462046E4F356F1236A012B04D1D0F8A0
:10EB5000003623F4007304E005DDD0F8003643F4FA
:10EB60000073C0F8003620462946BDE83840E4F37B
:10EB700041B1000038B504460D46FFF7A7FE00225C
:10EB800029462046DFF312F02046E3F361F70B49F4
:10EB900005460020DBF3DAF44FF4002210F0010305
:10EBA0004FF00001204618BF1346DEF333F720462E
:10EBB0002946BDE83840E4F31DB100BF7836860031
:10EBC000F8B5036A0546092B2ADDE3F341F7002176
:10EBD00006462846E4F30EF1D0F80846074614F43A
:10EBE000807418D04FF00043C0F86C364FF47A7040
:10EBF000DFF39CF3D7F86C460023E404E40C6403D1
:10EC0000C7F86C3604F54244074B04F5A874B4FB0E
:10EC1000F3F464235C4328463146E4F3EBF000E070
:10EC200000242046F8BD00BFA0860100F8B50446C8
:10EC30000D4600201649DBF389F4164987B20020FF
:10EC4000DBF384F440F2DC51002F18BF3946C6B222
:10EC50002046FFF76BFD00280CDBC7B22946204693
:10EC600007223B46FFF766FE2046294608223B4620
:10EC7000FFF760FE2EB12046294632460123E6F713
:10EC80003BFA20462946BDE8F840FFF7E7BD00BF44
:10EC90006F368600CCE7010038B50021054610200C
:10ECA000DFF39EF1002104461022DAF3B3F765602A
:10ECB000204638BD38B50C461546E4F305F0102162
:10ECC000DFF3F0F548B110234360054BC4601A68C8
:10ECD000856002601860002038BD6FF01A0038BDF2
:10ECE0006C27000008B5064B1B683BB9054B19683B
:10ECF00021B1054B1A680AB1FFF7DCFF002008BDFF
:10ED00006C270000A00B0200A40B020038B50C46D3
:10ED10001546E3F3D9F71021DFF3C4F590B11023C2
:10ED20000A4A4360002303601368C46085601BB90E
:10ED30001060184638BD13461A68002AFBD11860C7
:10ED4000104638BD6FF01A0038BD00BF6C270000B8
:10ED500038B50C461546E3F3B7F71021DFF3A2F5FB
:10ED600048B110234360054BC4601A688560026097
:10ED70001860002038BD6FF01A0038BD6C27000005
:10ED8000012070470020704738B541F2E443044643
:10ED9000C3620D4629B108460949DBF3D7F3A062E7
:10EDA00040B900200749DBF3D1F3A06210B94FF658
:10EDB000FF73A36228460449DBF3C8F3206338BD20
:10EDC000543786005B3786008637860030B585B0BD
:10EDD0000190002404A840F8044D01A90422DAF3AC
:10EDE000B5F6019DCDB12B46D3F8882012B1002293
:10EDF000C3F8882001340433102CF5D10398DAF3DA
:10EE000043F60398E6F7A8F9054B9D4205D0686DD7
:10EE100029464FF45672DFF355F505B030BD00BFFB
:10EE2000781502002DE9F843002104469846089F12
:10EE3000DDF82490E3F3DEF705462046E3F31AF607
:10EE40000A28C8BFEB6A6061C8BF636422286B6888
:10EE5000C8BFD5F8AC20A361C8BFE261DB0004D510
:10EE6000D5F804366362DBB223624FF4E063A3603B
:10EE70004FF0FF33E360112323612646002513E0A2
:10EE80002946E3F3B7F72046E3F3F4F5B8F1000FB2
:10EE900003D0D6F81031984503D0D6F8883099457C
:10EEA00000D13D6001350436D4F8CC3020469D4277
:10EEB000E6D33968E3F39EF70120BDE8F88300004C
:10EEC0002DE9FF470C9D9246DDF8349088464FF4BB
:10EED0005672002104461F460E9E012D08BF0025D4
:10EEE000DAF398F611232361C4F88470C4F85890BB
:10EEF000C4F854A06560002D40F0B3802046294638
:10EF000042464B46FFF73CFF002800F0AE804FF032
:10EF1000C059D9F8003020461A0F22609AB2A26375
:10EF200003F4702203F470031B0D23640E3B120CD8
:10EF3000012B8CBF00230123E26384F8483049464B
:10EF40004246FEF73FF8D4F8CC30002B00F08B801F
:10EF500004AB43F8045D8DE88800204649462A4604
:10EF60002B46FFF75FFF00287FD02046FFF7BAFE51
:10EF70000F9B00960193204629463A46636DFFF7A2
:10EF8000C3FB002873D106B136683B4F204631469B
:10EF9000FFF7FAFE3D78002D2FD16369132B0BDDAF
:10EFA0004FF4006120462A46E3F312F70399856582
:10EFB000C5652046E3F31EF72046616DFFF7BBFDF4
:10EFC0002046616DFFF7D6FD30462C49DBF3BEF2DB
:10EFD000024620B92046616DFFF7F2FD0246204649
:10EFE000616DFFF791FD2046616DFFF7D9FC20466A
:10EFF000616DFFF71BFE01233B7063690F2B0FDD73
:10F000001F493046DBF3A2F21E4B0021002808BF47
:10F0100018460090882220464FF0FF33E3F320F596
:10F0200030461949DBF3BEF238B117493046DBF3FD
:10F030008DF201462046E6F7A6F86369142B17DD2A
:10F040000025294608222B4620460095E3F308F5C3
:10F05000294640F00403082220460093E3F300F51C
:10F0600006E0002404E01C4602E0044600E02C46D2
:10F07000204604B0BDE8F087D0180200E2388600D0
:10F08000EB3886005A000A00F13886001FB50F4C95
:10F0900002462378BBB910B90346014601E00C4B88
:10F0A000191D00200090019002930391094844F239
:10F0B00010714FF0C053FFF703FF28B1064B202219
:10F0C0001A6001232370034804B010BD74150200B8
:10F0D000F415020078150200742700002DE9FF479F
:10F0E00080460F4608464FF4567191469A460D9E4B
:10F0F0000E9DDFF3D7F30446D8B10C9B4146019334
:10F100003A464B46CDF800A002960395FFF7D8FE8D
:10F11000804638B9214638464FF45672DFF3D2F3B1
:10F12000444606E006B13668E66705B12D68C4F8C6
:10F130008050204604B0BDE8F0870020DBF306B223
:10F1400010B50B490446FFF7F8FF80B278B9E06FBD
:10F150000749DBF3FBF180B248B9E06F0549DBF307
:10F16000F5F14FF6FF7380B2002808BF184610BDB6
:10F17000483786004E37860073B50023ADF8063059
:10F1800083690446990067D58368B3F5026F09D097
:10F1900040F60402934207D1C5680C2D94BF0025A8
:10F1A000012502E0012500E00025EDB24DB9204621
:10F1B0004FF400612A46D4F8C860E3F309F640B979
:10F1C0004AE0D4F88400002846D010F5405043D0DF
:10F1D00000266369222B4FF00003D8BFC0F86831C6
:10F1E000C0F86431C0F860316369222B03DC1D4B29
:10F1F000C0F8443105E00123C0F84831FF23C0F8CE
:10F200004C316369222B4FF0000306DCC0F88031DB
:10F21000C0F87C31C0F8783103E0C0F87431C0F830
:10F2200070311DB920463146E3F3E4F520460DF177
:10F230000601FFF7A7FD90B9BDF8060080B163692C
:10F240002046222BD9BF4FF480210A46064940228E
:10F250000023E3F31FF402E04FF0FF3000E0002052
:10F260007CBD00BF0000FBBF400055552DE9FF41AC
:10F27000036805467021D868DFF314F304460028BC
:10F2800043D000217022DAF3C5F404236360B42371
:10F290002560A381A046274600260DE0182202FB28
:10F2A00006423C61A8681B4910320023E7F3EEF7E1
:10F2B00038621837F0B1013663689E42EEDB164BB8
:10F2C0001649009300230193029303932868144A7C
:10F2D0002346FCF3EBF318E0D8F8201031B1236893
:10F2E0009868E7F3B7F70023C8F82030013508F134
:10F2F000180800E0054663689D42EDDB236821465F
:10F3000058687022DFF3DEF20024204604B0BDE826
:10F31000F08100BF8FDB000021DA0000B4E80100BB
:10F32000D9E8010070B50446002826D003681349C7
:10F3300018682246FCF3F2F32546002610E0296AFD
:10F3400029B123689868E7F385F700232B62E96900
:10F3500021B123682A8B5868DFF3B4F201361835DF
:10F3600063689E42EBDB18225A43216810324868DA
:10F370002146BDE87040DFF3A5B270BDD8E80100BA
:10F380000020704710B50446A8B109F045D90A49D4
:10F3900060682246FCF3C2F3E16E21B163683C224F
:10F3A000D868DFF38FF263682146D8687022BDE821
:10F3B0001040DFF387B210BDD58D860030B57021C7
:10F3C00085B005464068DFF36DF2044600282FD073
:10F3D00000217022DAF31EF42B68256063606868F0
:10F3E0003C21DFF35FF2E066F0B100213C22DAF36A
:10F3F00011F4114B11490093002301930293104B18
:10F40000104A039360682346FCF350F360B901236C
:10F410006382A38220462946FFF7B2FF002803DB60
:10F42000204609F0F5D903E02046FFF7ABFF0024A2
:10F43000204605B030BD00BF390B830040E1850098
:10F44000290C8300D58D860010B5044668B1036889
:10F45000224618680549FCF361F323682146586881
:10F460000822BDE81040DFF32DB210BDCCBB8600F2
:10F470007FB5054608214068DFF314F2044618B34F
:10F4800000210822DAF3C6F3002604212846104A98
:10F49000104B0096019401F025FFB04260600FDB35
:10F4A0000D4B286800930D4B0D4901930D4B0E4AEF
:10F4B000039323460296FCF3F9F208B9256003E0B2
:10F4C0002046FFF7C1FF0024204604B070BD00BFF6
:10F4D00057E4000047EE00004BE4000047E4000062
:10F4E00008E9010043E40000CCBB8600F8B50568DC
:10F4F00004461B4928682246FCF310F30026B3019A
:10F5000003F58473E158E71819B168683A89DFF3A5
:10F51000D9F1796819B168687A89DFF3D3F10136D6
:10F52000042EECD1D4F80C1221B16868B4F8102282
:10F53000DFF3C8F1D4F81C1211B1A868E7F38AF61A
:10F54000D4F8201219B168680422DFF3BBF16868AF
:10F5500021464FF42372BDE8F840DFF3B3B100BF9A
:10F5600014E901002DE9F04106460F46C0682C2140
:10F5700015469846DFF396F10446C0B100212C22CF
:10F58000DAF348F3E5602846C4F81C80A7602661DA
:10F59000084922460023E7F379F60546A06130B911
:10F5A00023692146D8682C22DFF38CF12C462046B3
:10F5B000BDE8F0813D66840010B50446E7F777FDAD
:10F5C000A16961B1237D23B1E068E7F331F600233F
:10F5D0002375E068A169E7F33DF60023A361236981
:10F5E0002146D8682C22DFF36DF1002010BD000009
:10F5F00038B505680446224628680549FCF38EF2B2
:10F60000686821465022BDE83840DFF35BB100BF97
:10F610003CE486001FB5084A03460092002201928E
:10F62000029203920549064A0068FCF33FF200305B
:10F6300018BF012005B000BDCDF9000054EA01005B
:10F64000AFE9010070B5D0F8B8400E460846002971
:10F650001FD0DAF36FF3054690B91AE02046314621
:10F660002A46DAF357F228B9635D3D2B02D1013502
:10F67000601970BD234613F8012B1C46002AFAD1ED
:10F6800014B12378002BE9D13046BDE87040E0F397
:10F69000D7B070BD2DE9F34100F59A58B8F818308D
:10F6A00004460E4633B30846DAF344F307461748D8
:10F6B000DAF340F33F18E3691037BFB29868394670
:10F6C000DFF3F0F00546E0B1B8F81830104A0093C7
:10F6D00039463346DAF3E2F229462046E9F778FF65
:10F6E000E3698046294698683A46DFF3EBF0B8F1C3
:10F6F000000F07D12046314602B0BDE8F041E9F7DE
:10F7000067BF8046404602B0BDE8F0816CEB010067
:10F7100072EB01002DE9F04F00F59A591C46B9F83B
:10F72000183085B0064688469246D0F8B870002B4F
:10F7300038D00846DAF3FEF283462548DAF3FAF2C7
:10F740008344F3690BF1100B1FFA8BFB9868594641
:10F75000DFF3A8F00546002833D0B9F81830594631
:10F7600000931C4A4346DAF399F230462946E9F7FA
:10F770003BFF039068B138462946DAF77CFE40B17A
:10F78000504506DD384629465246DAF3EDF6814605
:10F7900000E0A146F369294698685A46DFF392F0E3
:10F7A000039B8BB938464146DAF765FE58B15045A0
:10F7B00009DD38464146524605B0BDE8F04FDAF360
:10F7C000D3B6814600E0A146484605B0BDE8F08FBB
:10F7D0006CEB010072EB010070B590F8C4300126AB
:10F7E0001B499E400546E9F718FF05F58054C0B255
:10F7F00084F832000138C0B2013EFD28F6B202D9C9
:10F80000732384F8323094F83230284684F8333049
:10F810001049E9F702FFC0B284F8340005F58055BD
:10F8200008B10F2802D1052385F8343095F832202D
:10F8300095F8343046EA0616D31A85F83530002399
:10F8400085F8363085F8383085F8376070BD00BFF0
:10F85000E5A20200BFA2020038B598210546006863
:10F86000DFF320F00446002832D000219822DAF39A
:10F87000D1F12B68A3606B68E360AB682361EB6830
:10F8800063602B6963612B8CA3846B8CE3846B6A4C
:10F89000A362AB6AE362EB6A23632B6B63636B6BFC
:10F8A0006364AB6BA364EB6BE3642B6C23656B6CE1
:10F8B00063656B69A365AB69E3650F2323663C232E
:10F8C00063667823A3660323E366002384F89430F9
:10F8D000204638BD014618B180689822DEF3F2B7A1
:10F8E000704710B5B0F8BC400C80B0F8C010118063
:10F8F000B0F8C6201A8090F8C820029B01201A8018
:10F9000010BD90F8D4007047D0F8CC0070470000CC
:10F9100038B501210446E9F75DFF2046E9F71EFDF1
:10F920000F4D030F05402D0B84F8C83042F26403DD
:10F9300000F00F009D42A4F8C65084F8C90007D01B
:10F9400042F266039D4214BF4FF0FF35002500E0F0
:10F95000002520460021EAF73FF9284638BD00BFC0
:10F9600000F0FF0F2DE9F0478A460021D0F80890FB
:10F9700004461546C0680A469846E3F355F0030767
:10F98000074614D5266896B13046294600F0AAFAF3
:10F99000002800F05F81F369D6F8CC10186928F0D0
:10F9A00069DCD6F8E4300133C6F8E43059E1484662
:10F9B00041F28831DEF376F70646002800F05181E7
:10F9C000002141F28832DAF325F106F59253103323
:10F9D00006F58E525363012386F8E130E26C41F262
:10F9E0006B039A42C6F8B0A0F46105D1636C932B07
:10F9F0000CBF0123182300E01823A6F82236642345
:10FA00000021042286F8E030022D06F59053C6F856
:10FA1000B88083F8381083F8392083F83A1083F8D7
:10FA20003B2005D1FF0744BF4FF40053C6F8CC304C
:10FA3000D6F8CC10206928F01DDCD6F8B030B3F829
:10FA4000E073F369BFB2D868E5F74EFD06F59A5347
:10FA50001883F06907F00F03C6F8C030824A836A42
:10FA600007F470619A18090A012AC6F8BC1007D970
:10FA70004AF6E602934203D04AF6E202934206D1E6
:10FA8000C36A023B012B02D80923C6F8C0300929FA
:10FA900007D10423C6F8BC30D6F8C0301033C6F8FE
:10FAA000C030012386F8C430D6F8BC303F0B022B9F
:10FAB000C6F8D07007D90A2B00F2CC804FF07A62DA
:10FAC0009A4040F1C78006F580533C225A610022DB
:10FAD0009A614FF40062A6F8DE2042F6013341F647
:10FAE0002432022D18BF1346A6F8DA3086F8003704
:10FAF00030465E49E9F778FD88B15C493046F769E0
:10FB0000E9F78BFD594938673046F769E9F785FD14
:10FB1000F3697867022D0CBF1A6F5A6FDA6606F523
:10FB200090520A2393710323D3710122002786F890
:10FB3000E82006F59152177006F58058092288F8DA
:10FB40003B20F26986F8E97586F8EE7586F8F3755C
:10FB500086F8F87586F8FD75304682F89330FFF721
:10FB60003BFE06F596534FF6CE729A8488F83970AC
:10FB700086F8F47033467F22013783F82C2683F809
:10FB8000912683F8B2220133652FF4D14FF0FF3371
:10FB9000A6F8FA36002386F8AC303046294601F044
:10FBA000A3F9002856D03046E9F7CBFB3046FFF7E3
:10FBB000AFFE054600284DD12D4906223046E9F713
:10FBC0001FFD06F59857B8712A4901223046E9F71A
:10FBD00017FD294938752A463046E9F711FD06F523
:10FBE0009A57B876254930460722E9F709FDF87695
:10FBF0002A4630462249E9F727FD7319013503F5F6
:10FC00009A53182D1877F3D100252A4630461D49FE
:10FC1000E9F71AFD7319013503F59A530E2D83F890
:10FC20003400F2D1D6F8E4300133C6F8E430F36999
:10FC30001A68D868C6F8B4202660FFF79DFA06F166
:10FC4000B803C6F8B830304606F1BC011C22D9F31F
:10FC50007DF706E03146A06841F28832DEF332F6E5
:10FC600000263046BDE8F0871D57FFFFF0A20200D6
:10FC700094A20200B3A20200A6A20200D7A2020030
:10FC8000D0A202009FA2020070B50446002832D024
:10FC9000D0F8E450013DC0F8E450002D2BD100F520
:10FCA0009656B16A21B1C3691869F3F7CFFFB562FF
:10FCB00004F58E53002583F83D502046EAF706FEF2
:10FCC000E2691368A34203D1D4F8B430136005E0AD
:10FCD000D3F8B420A24208BFC3F8B450E36E0BB10E
:10FCE00020469847E3692146986841F28832BDE88A
:10FCF0007040DEF3E7B570BD1FB5094B09490093AD
:10FD00000023019302930393074A0368FBF3CEF6A3
:10FD1000002814BF4FF0FF30002005B000BD00BF29
:10FD20000537010074F101004CF20100014902683D
:10FD3000FBF3F4B64CF201000023F0B51C4607E0DB
:10FD4000CD182F68C618C7502D7901343571053389
:10FD50009442F5D1F0BD0000022938B505460C46A5
:10FD60000AD0032911D0012916D106220B49E9F73F
:10FD7000E7FCEB69002205E006220949E9F7E0FC0F
:10FD8000EB69012283F8812038BD06490622E9F794
:10FD9000D7FCEB6983F8814038BD00BF32FB01001E
:10FDA000F2FB0100FEFB010038B5D0F8A8400023AB
:10FDB000C4F8743594F8C153104B114A4FF42071B4
:10FDC000022D14BF15461D46C3699868DEF36AF517
:10FDD000C4F8740588B180222946FFF7ADFF94F876
:10FDE0003A35022B08D1D4F874050649A030152203
:10FDF000FFF7A2FF012038BD012038BD5CB1020031
:10FE0000F8AC02005CB502002DE9F047D0F8A8304C
:10FE10000646D3F87C55D3F8787500241BE04FF0E4
:10FE2000140808FB04F805EB08031A695B6855F829
:10FE300008A003FB02F9F3694FEAD909986849461B
:10FE4000DEF330F545F8080040B151464A46D9F393
:10FE50007DF60134E4B2BC42E1D30120BDE8F08775
:10FE60002DE9F0411C4BD0F8A8601B68C26900273F
:10FE700014210546C6F87C75C6F878359068594354
:10FE8000DEF310F50446C6F87C0510B3BC46B84650
:10FE900014E0EB6904EB0C071B6D08F1010813F487
:10FEA000805F14BF0D4B0E4B03EB0C0EBEE80F0032
:10FEB0000FC7DEF800300CF1140C3B60D6F8783533
:10FEC0009845E6D301212846FFF79EFF003018BF72
:10FED0000120BDE8F08100BFE407020094AC0200FD
:10FEE000F8B002002DE9F0410F4686B0794904468A
:10FEF000D0F8A850E9F791FB774928722046E9F736
:10FF00008CFB764968722046E9F787FB7449A4F8B0
:10FF1000FC002046E9F781FB7249A4F8FE00204668
:10FF2000E9F77BFB7049A4F800012046E9F75CFB88
:10FF300038B120466C49E9F770FB10B1012385F810
:10FF4000E83395F8E83313B367492046E9F765FBD2
:10FF50006649A4F802012046E9F75FFB6449A4F86A
:10FF600004012046E9F759FB6249A4F8060120463E
:10FF7000E9F753FB604985F824052046E9F74DFB76
:10FF800004F58053002285F8250583F83B205B4962
:10FF90002046E9F742FB5A49C5F8340414222046AA
:10FFA000E9F72EFB5749A5F83C045A222046E9F709
:10FFB00027FB554985F8540408222046E9F720FB21
:10FFC000524985F84C0403222046E9F719FB5049B1
:10FFD00085F84D0408222046E9F712FB4D4985F8C3
:10FFE0004E0403222046E9F70BFB4B4985F84F04EA
:10FFF00008222046E9F704FB484985F8500403220B
:020000040804EE
:100000002046E9F7FDFA464985F8510408222046C2
:10001000E9F7F6FA032285F8520442492046E9F747
:10002000EFFA414985F853042046E9F7F6FA3F49CB
:1000300085F8580402222046E9F7E2FA3C4985F89F
:10004000C1042046E9F7D0FA18B120463849E9F74B
:10005000E4FAE87437492046E9F7C6FA28B12046A1
:100060003449E9F7DAFA287501E008232B752046B0
:100070003149E9F7B9FA28B120462F49E9F7CDFA15
:10008000687501E002236B7520462C49E9F7ACFA4C
:1000900028B120462949E9F7C0FAA87501E00423F0
:1000A000AB7520462649E9F79FFA28B12046244936
:1000B000E9F7B3FAE87501E00823EB75204621491A
:1000C000E9F792FA00283FD020461E49E9F7A5FA41
:1000D00028763BE08CAA02002DAA02004AA7020063
:1000E000FCA9020050A7020033A8020018A70200D2
:1000F0003FAB02004FA402000DA4020025AC020099
:10010000CBA60200D2AA020050AB0200DDAB020077
:1001100015AB020012A3020026AB020023A30200CB
:1001200004AB02003EAC0200E9AA020080A4020077
:1001300050A502003DA5020089A9020048AB0200BB
:1001400037AB0200DAA5020002232B76B74920461E
:10015000E9F763FAB649A8722046E9F75EFAB549AD
:10016000E8722046E9F759FAAA7AEB7A28736A739B
:10017000AB73E8732A746B74A874AF492046E9F72F
:100180004CFAB4F8FC1004F5985204F59A535187D0
:100190001980B4F8FE105FFA80F891875980B4F89E
:1001A000001184F81A81D18799802046A349E9F784
:1001B00034FA002680B2A31900F00F020136A8EB32
:1001C00042020009042E83F81E21F4D120469C49E6
:1001D000E9F723FA00F00F02A31952000136C2EB2F
:1001E000080200090C2E83F81E21F3D19549204600
:1001F000E9F713FA944906462046E9F70EFA80B269
:1002000040EA06466E60142306F00F01E21849002A
:100210000133C1EB080136091C2B82F81611F3D10A
:100220008A492046E9F7F9F9894968832046E9F7C0
:10023000F4F9884928772046E9F7EFF98649687785
:100240002046E9F7EAF98549A8772046E9F7E5F974
:100250008349E8772046E9F7E0F9824985F82200EA
:100260002046E9F7DAF9804985F821002046E9F7C8
:10027000D4F97E4985F8E0042046E9F7CEF9012655
:10028000C5F8E404142101A8794A3346D9F306F5E8
:10029000D4F8B80001A9DAF385F130B100210A469B
:1002A000DAF340F0AB1983F8E70401360F2EE9D1F9
:1002B00070492046E9F7B1F96F4985F8F604204600
:1002C000E9F7ABF96D4985F8F7042046E9F7A5F998
:1002D0006B4985F8F8042046E9F79FF9694985F8E4
:1002E000F9042046E9F799F9674985F8FA042046A8
:1002F000E9F793F9654985F8FB042046E9F78DF99C
:10030000634985F8FC042046E9F787F9614985F8D7
:10031000FD042046E9F781F95F4985F8FE0420468F
:10032000E9F77BF95D4985F8FF042046E9F775F99F
:100330005B4985F800052046E9F76FF9594985F8CA
:1003400001052046E9F769F9574985F80205204675
:10035000E9F763F9554985F803052046E9F75DF9A2
:10036000534985F804052046E9F757F9514985F8BE
:1003700005052046E9F751F94F4985F8060520465D
:10038000E9F74BF94D4985F807052046E9F745F9A6
:100390004B4985F808052046E9F73FF9494985F8B2
:1003A00009052046E9F739F9474985F80A05204645
:1003B000E9F733F9454985F80B052046E9F72DF9AA
:1003C000434985F80C052046E9F727F9414985F8A6
:1003D0000D052046E9F721F93F49A5F81405204607
:1003E000E9F71BF94FF00042A5F816053B492046F6
:1003F000E9F706F93A49C5F810052046E9F70DF97D
:10040000384985F824002046E9F707F9364985F888
:1004100023002046E9F701F9344985F820002046F9
:10042000E9F7FBF8324984F8260663E04EA30200A0
:1004300029A8020054A4020021A70200D7A60200A6
:100440006BA90200FDA202005EA40200BEA702008A
:1004500044A3020013A902001EA9020034A3020053
:10046000E2A5020018A60200EAA702001CA80200EA
:100470007AA5020056A70200ADA80200C9A8020092
:10048000DAA8020058AA020069AA020090AB020092
:10049000A1AB0200A0A70200CBA70200F8A70200B0
:1004A0007AAA020029A9020094AA0200A6AA0200C0
:1004B000C8A50200EBAB0200FDAB020086A3020060
:1004C000BFA30200CEA40200EDA4020091A8020086
:1004D0001BA4020071A4020078A60200B8A40200C6
:1004E000DDAA0200BAA50200B2AB020056A90200C2
:1004F000B3A302002046E9F790F8C04985F8C1038C
:100500002046E9F78AF8BE4985F8C2032046E9F794
:1005100084F885F8C30394F8261611B12046FFF736
:100520001BFCB84920464FF0FF32E9F769F880B26A
:10053000A5F86200000448BF4FF0FF304FF0FF33D2
:1005400048BFA5F86200A5F86630A5F868302046D7
:10055000AD49E9F749F850B1AB492046E9F75DF8F4
:1005600080B201045CBFA5F86600A5F868002046CB
:10057000A649E9F739F840B12046A449E9F74DF812
:1005800080B2020458BFA5F866002046A049E9F7EA
:100590002BF840B120469E49E9F73FF880B20304AA
:1005A00058BFA5F868009B494FF0FF322046E9F795
:1005B00027F84FF0FF32A5F8C40397492046E9F722
:1005C0001FF89649A5F8C6032046E9F726F894498E
:1005D000A5F8C8034FF4CF722046E9F711F8914906
:1005E000C5F8CC0347F69A622046E9F709F88E4928
:1005F000C5F8D0030A222046E9F702F88B49C5F86E
:10060000D40308222046E8F7FBFF8949C5F8D80340
:1006100041F26E022046E8F7F3FF0A22C5F8DC0338
:1006200084492046E8F7ECFF8349C5F8E0032046FB
:10063000E8F7F3FF8149A5F8E4032046E8F7EDFF6A
:1006400095F8E833A5F8E6032BB100B2002802DDE7
:100650000020A5F8E603502279492046E8F7D0FFAC
:10066000784985F8EA032046E8F7D7FF764985F808
:10067000EC032046E8F7D1FF744985F8ED032046E6
:10068000E8F7CBFF724985F8EE034FF0FF322046C2
:10069000E8F7B6FF6F4985F8F0034FF0FF322046C8
:1006A000E8F7AEFFFF2385F8EF3385F8F1036A49D9
:1006B0004FF0FF322046E8F7A3FF684985F8F203C0
:1006C0004FF0FF322046E8F79BFF654985F8590552
:1006D0004FF0FF322046E8F793FF624985F85A054C
:1006E0004FF0FF322046E8F78BFF5F4985F8F303B0
:1006F0004FF0FF322046E8F783FF5C4985F85B0541
:100700004FF0FF322046E8F77BFF594985F85C053A
:100710004FF0FF322046E8F773FF002285F8F4031C
:1007200054492046E8F76CFF534985F809044FF017
:10073000FF322046E8F764FF504984F8DA054FF0AD
:10074000FF322046E8F75CFF4D49A5F8F6034FF06D
:10075000FF322046E8F754FF4A49A5F8F8034FF066
:10076000FF322046E8F74CFF4749A5F8FA034FF05F
:10077000FF322046E8F744FF4449A5F8FC034FF058
:10078000FF322046E8F73CFF4149A5F8FE034FF051
:10079000FF322046E8F734FF3E49A5F800044FF049
:1007A000FF322046E8F72CFF3B49A5F802044FF042
:1007B000FF322046E8F724FF0022A5F80404374959
:1007C0002046E8F71DFF0022A5F85E0534492046C3
:1007D000E8F716FF0022A5F8600532492046E8F741
:1007E0000FFF3149A5F8620500222046E8F708FF0F
:1007F0002E49A5F8640520465AE000BFA7A30200D1
:10080000E4A90200EDA602005BA90200C0AA020052
:10081000C2AB0200FFA402005AA8020027A50200F2
:10082000FCA6020012A4020011A7020006A5020005
:100830000FA60200AAA50200D7A90200DFA60200A7
:10084000ECA50200D4AB020065A30200FFA80200E1
:100850005BA6020043A602005EAB0200EFA9020005
:10086000E0A4020087A60200AAA402002DA40200B0
:100870001DA5020067A7020002AA020008A9020043
:100880003BA4020099A9020006A7020030A50200BD
:1008900035A6020029A60200FFA30200A6A90200B5
:1008A00061A802004CA802001DAA0200F6A50200E1
:1008B000E8F7B3FE022F85F8060414D12046AD49AF
:1008C000E8F792FE002800F0C5822F460026324647
:1008D0002046A849E8F7B8FE0136C7F80C040437EB
:1008E000052EF4D115E0012F13D12046A249E8F7D7
:1008F0007BFE002800F0AE822F46002632462046BE
:100900009D49E8F7A1FE0136C7F820040437052EFB
:10091000F4D19A494FF0FF322046E8F771FE98492A
:10092000A5F83E044FF0FF322046E8F769FE9549EE
:10093000A5F840044FF0FF322046E8F761FE9249E7
:10094000A4F8FE0F2046E8F74FFE30B120468E494E
:10095000E8F763FE04F5985358818C4920464FF020
:10096000FF32E8F74DFE04F59A53988288492046F5
:10097000E8F73AFE30B120468549E8F74EFE04F527
:100980009853D881204683490022E8F739FEC0B247
:1009900085F84D0358B180492046E8F73EFE7F496F
:1009A000C5F850032046E8F738FEC5F86003204636
:1009B0007B49E8F719FE002837D0D4F8B800784909
:1009C000D9F759FD062830D175490022D4F8B8006E
:1009D000D9F3CAF585F8950371490122D4F8B80016
:1009E000D9F3C2F585F897036D490222D4F8B8000F
:1009F000D9F3BAF585F8990369490322D4F8B80008
:100A0000D9F3B2F585F8960365490422D4F8B80005
:100A1000D9F3AAF585F89803D4F8B80060490522FF
:100A2000D9F3A2F585F89A0310E0012385F89533F0
:100A3000322385F89633402385F8973385F8983329
:100A4000042385F89933FF2385F89A3355492046C6
:100A5000FF22E8F7D5FDFF23A5F85403A5F8563388
:100A6000A5F85833A5F85A3320464F49E8F7BCFD9E
:100A700038B3D4F8B8004C49D9F7FDFC2F46032809
:100A8000B4BF80464FF00308002607E032462046F8
:100A90004549E8F7D9FD0136A7F854030237464522
:100AA000F4DB28EAE8784246002308E005EB480139
:100AB000B5F85603C918A1F8560301320233022AC9
:100AC000F4DD012239492046E8F79AFD384985F8D6
:100AD00040032046E8F7A1FD012285F84B03354984
:100AE0002046E8F78DFD344985F841032046E8F7B4
:100AF00094FD324985F84C034FF0FF322046E8F769
:100B00007FFD2F4985F849034FF0FF322046E8F773
:100B100077FD2C4985F84A034FF0FF322046E8F76D
:100B20006FFD294985F85C034FF0FF322046E8F756
:100B300067FD264985F85D032046E8F755FD002846
:100B400046D001262149002285F8BB642046E8F7FB
:100B50007BFD1E4985F8BC0432462046E8F774FD4B
:100B60001A4985F8BD0402222046E8F76DFD85F894
:100B7000BE042FE010A5020071A8020047A40200E5
:100B800016AA02002AA702004FA6020034AA0200F9
:100B90003BA902009CA50200EBA80200A0A602004F
:100BA0008BA502003CA802002EAC020044AA020061
:100BB00069AB02008BA4020074A90200DDA302004D
:100BC000EEA30200B4A9020071A702001CAC02004F
:100BD00085F8BB04FF22A1492046E8F711FDFF225A
:100BE00085F8BF049E492046E8F70AFD9D4985F82F
:100BF000C0042046E8F711FD0022A5F8C2049A4976
:100C00002046E8F7FDFC002285F8180597492046A4
:100C1000E8F7F6FCC0B285F81A05E369DB685B6C9F
:100C200003F00703052B03D910B1002385F81A350B
:100C30008F4900222046E8F7E3FC8E4985F81C0521
:100C400000222046E8F7DCFC8B4985F81D054FF0B3
:100C5000FF322046E8F7D4FC884985F81E050022BB
:100C60002046E8F7CDFC864985F895054FF0FF3220
:100C70002046E8F7C5FC8349A5F820050122204657
:100C8000E8F7BEFC804985F827054FF0FF32204683
:100C9000E8F7B6FC7D49A5F82A054FF0FF3220465B
:100CA000E8F7AEFC7A49A5F82C0500222046E8F7C3
:100CB000A7FC784985F83A0500222046E8F7A0FC11
:100CC000754985F83B054FF0FF322046E8F798FC60
:100CD000724985F83C052046E8F786FC30B120468D
:100CE0006E49E8F79AFC85F8420502E0FF2385F893
:100CF000423520466A49E8F777FC30B1204668491A
:100D0000E8F78BFCA5F8440503E04FF0FF33A5F8A6
:100D10004435644920464FF0FF32E8F771FC6249E0
:100D2000A5F890052046E8F75FFC30B301265E4940
:100D3000002285F852652046E8F786FC5A4985F876
:100D4000530532462046E8F77FFC574985F854059D
:100D500002222046E8F778FC534985F8550503221E
:100D60002046E8F771FC504985F8560504222046D4
:100D7000E8F76AFC85F8570501E085F852054B490C
:100D80004FF0FF322046E8F73BFC494985F858050B
:100D90004FF0FF322046E8F733FC464985F8590505
:100DA0004FF0FF322046E8F72BFC434985F85A05FF
:100DB00000222046E8F724FC404985F8700500220F
:100DC0002046E8F71DFC032285F880053C492046B3
:100DD000E8F716FC3B4985F881052046E8F71DFC3D
:100DE000394985F882052046E8F717FC3749A5F808
:100DF00084052046E8F711FC3549A5F8860520460C
:100E0000E8F70BFC3349A5F888052046E8F705FC10
:100E10003149A5F88A052046E8F7FFFB2F49C5F8B8
:100E20008C0500222046E8F7EBFB2D4985F8940558
:100E30006FF040022046E8F7E3FBC0B2A5F8C60514
:100E4000284920466FF04602E8F7DAFBC0B2A5F861
:100E5000C805012006B0BDE8F08100BF8CAA0200E1
:100E6000B8AA0200BBA6020072A302007EA802007C
:100E700082A7020058A50200DDA7020093A7020086
:100E800058A302007EAB02009FA40200B2A702009A
:100E900067A4020006A30200A3A802000FAC020090
:100EA000D1A3020045A50200BEA802003DA7020092
:100EB000EFA90200E0A4020093A6020098A302009A
:100EC00069A50200B1A5020045A90200C5A902005A
:100ED0000AA80200FDA5020066A60200F5AA02000B
:100EE00091A90200C5A40200C36970B504460D466D
:100EF000986840F2CC51DDF3D5F4C4F8A80000287E
:100F000059D0002140F2CC52D8F384F6E369D4F8EA
:100F1000A8601A6DD20305D4012204F5825184F829
:100F20001A260A71D868E4F774F904F580539862B8
:100F30000023F363204B20462362204B2946636243
:100F40001F4BA3621F4BE3621F4BA3671F4BE3675B
:100F50001F4BC4F890301F4BC4F884301E4B2363E2
:100F60001E4B63631E4BE3631E4B63641E4B636542
:100F70001E4BA3651E4BC4F88C301E4BC4F8883042
:100F80001D4BE3661D4BC4F89C301D4BC4F8A030CC
:100F90001C4BC4F8A430FEF7A5FF60B12046EBF768
:100FA00009FD2046FEF700FF28B12046FEF758FF56
:100FB000003018BF012070BDAD8D0100093A01005D
:100FC000D5BE0100677F0100CD7D01009B3A010085
:100FD0006185010049850100F99C010091620100D1
:100FE0008D6F0100C15F010079430100B54501002B
:100FF000C3BD0100993A010089410100C3620100AB
:10100000F95C010091BD0100F8B505460E46006887
:101010000C211746DDF346F4044630B100210C22C2
:10102000D8F3F8F584E8A000A6602046F8BD014694
:1010300020B103680C221868DDF344B47047000047
:101040007FB5054688214068DDF32CF4044600286E
:101050003AD000218822D8F3DDF52B682560636043
:101060000026042128461A4A1A4B0096019400F0E3
:1010700039F9B042A06021DB174B02968DE8480099
:10108000039660681549164A2346FAF30FF5A8B986
:101090001E2262610422E273022222740A220123C8
:1010A00062744FF6AF7284F82000E3772373A36174
:1010B000A0746073A073A283A37705E021466868DB
:1010C0008822DDF3FFF30024204604B070BD00BF8A
:1010D000512385002523850081148500BC1D8600D1
:1010E00003E8860010B5044660B122460649406810
:1010F000FAF314F563682146D8688822BDE81040E9
:10110000DDF3E0B310BD00BF03E886002DE9F04336
:10111000074685B08846104640F2C45115469946A8
:10112000DDF3C0F30446002876D0002140F2C4521B
:10113000D8F370F528461C21DDF3B4F30646206091
:1011400038B92846214640F2C452DDF3BBF330469D
:1011500062E000211C22D8F35DF5236840F2C452FE
:101160001C60002662614FF0FF32A261A760E5605B
:10117000C4F804909E711423A4F808322823A4F81C
:1011800006322D23A4F80432FA23A4F80A320223EB
:1011900084F80C326423A4F83E3284F80D62404691
:1011A0001F4922463346E6F371F0C4F8F80100B354
:1011B00004F51073C4F81832C4F8143204F53D7302
:1011C000C4F82432C4F820320522164BC4F81C227D
:1011D0003C22C4F828228DE84800134B0296039362
:1011E00038681249124A2346FAF360F408B92068B5
:1011F00012E0D4F8F81111B14046E6F32BF0216863
:1012000019B128461C22DDF35DF32846214640F241
:10121000C452DDF357F3002005B0BDE8F08300BFF2
:10122000C13C8500F5378500F9C00100D41D86005A
:10123000E6E8860038B50468DCB1D4F8F811A56892
:1012400029B1A868E6F306F00023C4F8F83109498B
:1012500028682246FAF362F4216819B168681C22F2
:10126000DDF330F3686862692146BDE83840DDF39C
:1012700029B338BDE6E88600F8B5C36906461B69A0
:10128000C068DD1D48BF03F10E05ED10EDB2EF00A3
:1012900007F592773946DDF305F30446A0B13A46E7
:1012A0000021D8F3B7F4234643F8246BE36103EB42
:1012B000850303F5807304F5927223614FF4037381
:1012C00084F82050E26063612046F8BD014640B1D9
:1012D00090F820200368D200D86802F59272DDF3FE
:1012E000F1B27047F0B5D0F80045A5690F2D11D8BF
:1012F000E7692E01B8190135A5614360059BBA5114
:101300008360069BC3606069C31C591821F0030108
:101310006161F0BD4FF0FF30F0BD00002DE9F04FEE
:101320003B4D8DB028683B49D9F310F1012861D0BD
:101330002B68DFF80C910293DFF80881D9F80030B0
:1013400000240393D8F80030334F04932368334EBE
:1013500005933B68DFF8F0A006933368DFF8ECB044
:101360000793DAF80030DFF8E8C00893DBF80030C4
:101370002B4809932B4B2C491A683C600A92DCF8E5
:1013800000201C600B92294ACCF800403260091AF8
:101390004FF0FF320193CDF800C02C60C8F8004038
:1013A000C9F80040CBF80040CAF80040D9F322F158
:1013B0001F4A019B9042DDF800C028D1029A2A60A2
:1013C000039AC9F80020049AC8F800202168194A35
:1013D0001160059A2260069A3A60079A3260089A6C
:1013E000CAF80020099ACBF800200A9A1A600B9BD1
:1013F000CCF80030104A114BD17E1977117F597704
:10140000517F9977927FDA770DB0BDE8F08FFEE7D4
:10141000A00B02005C0A02001CCA000008CA0000FF
:101420000000000024CA0000E4420300DDBAADBBA6
:10143000E320BBDE0CCA0000E0420300EC14020013
:10144000A40B02009C0B020018CA000020CA000076
:1014500028CA0000704700002DE9F04F91B0FFF757
:101460005DFF6D4B1B68043B012B03D86B4B186869
:10147000FFF7F0FFFBF736FA00210446E1F300F531
:1014800020460021E1F3B6F428B1036A002BBCBF6B
:101490004FF0004303620EA90822A06BD8F348F670
:1014A00002462046D4F83CB00B92E3F7B2FE8246E7
:1014B0002046E3F7AEFE81462046E3F7AAFE8046CB
:1014C0002046E3F781FE07462046E3F77DFE064609
:1014D0002046E3F779FE05462046E3F787FC014600
:1014E00020460C91E3F782FC84462046CDF834C0B8
:1014F000E3F77CFC0B9A0C99DDF834C0029208F5F6
:101500004248474A05F5424500F542400AF5424A3D
:1015100009F5424908F5A87807F5424706F542461D
:1015200005F5A87501F542410CF5424C00F5A8708F
:10153000B8FBF2F8B5FBF2F50CF5A87CB0FBF2F0C5
:101540000AF5A87A09F5A87907F5A87706F5A87627
:1015500001F5A871B1FBF2F1DFF8E8E0BAFBF2FAAD
:1015600002FB1899B7FBF2F702FB156602FB10C2EB
:10157000CDF804E0DFF8D0E02A4BB2FBFEF2B9FB75
:10158000FEF9B6FBFEF6089109922749274A28483A
:101590000093CDF80CB0CDF810A0CDF814900697BC
:1015A0000796E6F787FA234840F60D0144F2F43235
:1015B000FBF71CF938B11F4840F6290144F2F43218
:1015C000FBF714F920B91C4A1C4B1A4D1A6000E0B5
:1015D00000252046FDF7B4FD44F218334FF6FF72A4
:1015E000904214BF02461A4640F612011448FBF717
:1015F000FDF81349002818BF00214DB141B10F4B30
:1016000028461B685B6898472B6928465B689847A3
:10161000204611B0BDE8F08F28CA000024CA00009F
:1016200040420F00ABFF8600620A0200670A020018
:1016300074BB0200A80B0200D40B0200F8260000C5
:101640009C0A0200C4C60100A0860100776C2564D4
:101650003A2042726F6164636F6D2042434D25648E
:10166000203830322E313120576972656C657373C2
:1016700020436F6E74726F6C6C65722025730A0064
:1016800025733A2042726F6164636F6D205344503A
:10169000434D4420434443206472697665720A00D6
:1016A000736470636D64636463256400727373694B
:1016B000736D6632673D2564007874616C6672658F
:1016C000713D256400616132673D307825780062A4
:1016D000773430706F3D30782578006C65646268CF
:1016E00025643D307825780074737369706F7332A8
:1016F000673D30782578007273736973617632675D
:101700003D2564006C65676F66646D343064757088
:10171000706F3D307825780070613168696D61784F
:101720007077723D2564006D617870326761303D7D
:1017300030782578007061316974737369743D2560
:1017400064006D616E6669643D307825780073755C
:101750006276656E6469643D30782578002004D037
:10176000023643FFFF626F617264747970653D30C9
:10177000782578006D6373256467706F25643D304C
:10178000782578006D616E663D2573006D61787017
:1017900035676C61303D30782578006D6178703543
:1017A000676C61313D30782578006F66646D356710
:1017B0006C706F3D307825780072737369736D6358
:1017C00035673D256400626F617264666C616773A2
:1017D000323D3078257800747269736F32673D301E
:1017E000782578007064657472616E676532673D54
:1017F00030782578006D63736277323035676C70AE
:101800006F3D307825780000006D63736277323069
:10181000756C35676C706F3D30782578006D63733B
:101820006277343035676C706F3D30782578000012
:10183000007061316C6F6D61787077723D25640066
:1018400075736265706E756D3D30782578007278BD
:10185000706F35673D2564006D63733332706F3D83
:10186000307825780073756264657669643D3078F8
:10187000257800697474356761303D3078257800CB
:10188000697474356761313D307825780070613155
:101890006D61787077723D256400626F6172647269
:1018A00065763D30782578006D637362773230322B
:1018B00067706F3D307825780000006D6373627744
:1018C0003230756C3267706F3D30782578006D630B
:1018D00073627734303267706F3D3078257800005E
:1018E000006D63736277323035676D706F3D3078AD
:1018F00025780000006D637362773230756C356750
:101900006D706F3D30782578006D63736277343089
:1019100035676D706F3D3078257800000073726F09
:101920006D7265763D2564007770736C65643D2546
:1019300064007061316C6F62303D2564007061310C
:101940006C6F62313D2564007061316C6F62323DB5
:1019500025640070612564672563772564612564CB
:101960003D30782578006D617870326761313D30A7
:101970007825780070613062303D256400706130F8
:1019800062313D25640070613062323D2564007231
:10199000737369736D6332673D25640074726935D2
:1019A00067683D25640075736266733D2564006356
:1019B000636B706F3D307825780074726935676CA1
:1019C0003D2564006F66646D356768706F3D3078E3
:1019D000257800616725643D307825780065787446
:1019E00070616761696E35673D3078257800707287
:1019F0006F647563746E616D653D25730063646427
:101A0000706F3D30782578006C65676F66646D6235
:101A100077323035676C706F3D3078257800000084
:101A20006C65676F66646D62773230756C35676CB4
:101A3000706F3D30782578006C65676F66646D6205
:101A400077323035676D706F3D3078257800000053
:101A50006C65676F66646D62773230756C35676D83
:101A6000706F3D30782578006C65676F66646D62D5
:101A7000773230356768706F3D3078257800000028
:101A80006C65676F66646D62773230756C35676858
:101A9000706F3D30782578007278706F32673D2521
:101AA00064007278636861696E3D307825780069FA
:101AB0007474326761303D3078257800697474320F
:101AC0006761313D3078257800616E747377697491
:101AD00063683D30782578007478636861696E3D8D
:101AE000307825780070726F6469643D30782578AD
:101AF000007061306974737369743D2564006363B9
:101B00006B64696766696C74747970653D256400FF
:101B1000636869707265763D2564006F66646D3533
:101B200067706F3D30782578006C656464633D3084
:101B30007825303478006D61787035676861303DA4
:101B400030782578006D61787035676861313D3097
:101B50007825780070613162303D25640070613114
:101B600062313D25640070613162323D256400625E
:101B700077647570706F3D30782578006D6178708E
:101B8000356761303D30782578006D617870356754
:101B900061313D3078257800616E74737763746CC1
:101BA00035673D30782578006D637325646725635C
:101BB000706F25643D30782578006D6373627732ED
:101BC00030356768706F3D307825780000006D63B0
:101BD0007362773230756C356768706F3D30782589
:101BE00078006D637362773430356768706F3D30AD
:101BF00078257800000074726935673D2564006FB0
:101C0000706F3D25640076656E6469643D307825AB
:101C100078006C65676F66646D627732303267702A
:101C20006F3D3078257800006C65676F66646D6283
:101C3000773230756C3267706F3D3078257870611F
:101C4000306D61787077723D25640070613168692C
:101C500062303D256400706131686962313D256400
:101C600000706131686962323D2564006375737488
:101C70006F6D76617225643D3078257800726567F6
:101C80007265763D3078257800626F617264666CAB
:101C90006167733D307825780062786132673D2551
:101CA00064006F656D3D25303278253032782530FF
:101CB0003278253032782530327825303278253028
:101CC0003278253032780064657669643D30782555
:101CD000780070612564677725646125643D3078FC
:101CE00025780072737369736D6635673D256400EE
:101CF0006F66646D3267706F3D3078257800616182
:101D000035673D30782578007770736770696F3D6F
:101D100025640062786135673D25640074737369DA
:101D2000706F7335673D3078257800616E74737716
:101D300063746C32673D3078257800727373697311
:101D4000617635673D2564006F66646D706F3D3068
:101D50007825780074726932673D25640073746277
:101D600063706F3D307825780063636F64653D3044
:101D70007830006D6163616464723D257300636354
:101D80006F64653D256325630063633D25640063DF
:101D9000636B3267706F3D30782578006363746CD5
:101DA0003D307825780072656777696E646F777368
:101DB0007A3D25640065787470616761696E326789
:101DC0003D3078257800626F6172646E756D3D25D7
:101DD0006400747269736F35673D307825780063ED
:101DE000636B627732303267706F3D3078257800F0
:101DF000000063636B62773230756C3267706F3DE1
:101E000030782578007064657472616E6765356737
:101E10003D3078257800000080000000FF000000C1
:101E20000C0000000000000000040000FF000000A3
:101E30000C0000000000000000000800FF0000008F
:101E40000E0000000000000002000000010004007D
:101E500003000000010002000A0000000200600010
:101E6000DC05000008071700747870777262636BF6
:101E70006F660032675F6367610072737369636FD7
:101E800072726E6F726D00747373696C696D7563D5
:101E90006F640074656D70735F68797374657265E3
:101EA0007369730035675F63676100727373696399
:101EB0006F7272617474656E0074656D70746872AF
:101EC00065736800696E746572666572656E6365D8
:101ED000006D63733267706F310074786761696E8B
:101EE00074626C356700747373696F6666736574CA
:101EF0006D696E35676C00747373696F66667365C0
:101F0000746D696E35676D0074656D7073656E73A1
:101F1000655F736C6F7065006D656173706F776579
:101F2000720072737369736D6632670069716C6FEA
:101F300063616C7077723267007266726567303306
:101F4000335F63636B00706C6C646F75626C657299
:101F50005F656E61626C653267006F70656E6C7094
:101F60006761696E696478613134300072786761E5
:101F7000696E74626C776C62676100657874706119
:101F80006761696E35670065787470616761696E55
:101F90003267006F70656E6C706761696E69647836
:101FA0006131343900747869716C6F7061673267C0
:101FB000006E6F6973655F63616C5F7265665F3247
:101FC00067006E6F6973655F63616C5F7265665F02
:101FD000356700706163616C617468356768693189
:101FE00000706D61780074656D705F616464006F8E
:101FF00070656E6C706761696E69647861313635E1
:1020000000706163616C696478356768693100707C
:102010006163616C61746832673100646163676336
:10202000326700706D696E00727373697361763226
:1020300067006D63733267706F3000747867616931
:102040006E74626C006F70656E6C7074656D706339
:102050006F727200747373696D61786E7074006E64
:102060006F6973655F63616C5F656E61626C655F0C
:10207000356700706163616C707772326700706100
:1020800063616C69647835676C6F31006F70656E81
:102090006C707077726C696D0065646F66667468E9
:1020A00064006F70656E6C706761696E69647861F9
:1020B00031353300706163616C69647835676869D4
:1020C000006F70656E6C706761696E69647861310C
:1020D00035370070616763326700766261745F6DE7
:1020E000756C740073776374726C6D61705F3267C6
:1020F00000706163616C616C696D00747869716C0A
:102100006F746600706163616C61746835676869DB
:102110000076626174736D630061646372667365F7
:102120007132670076626174736D660069716C6FFD
:1021300063616C69647835676F666673007278678F
:1021400061696E6261636B6F666676616C006F7069
:10215000656E6C706761696E696478622564006E93
:102160006F6973655F63616C5F757064617465004E
:102170006E6F6973655F63616C5F6462670076624E
:1021800061745F710072667265673038380069711A
:1021900063616C5F7377705F646973006F70656E05
:1021A0006C706761696E696478613132380074659A
:1021B0006D707361760074656D70636F7272780014
:1021C0006461637261746532670070617266707316
:1021D0000072786761696E74656D70636F727235D5
:1021E000676C00766261745F6164640074656D7031
:1021F00073656E73655F6F7074696F6E0070616395
:10220000616C61746835673100706163616C617421
:102210006835676C6F3100706163616C6964783236
:102220006731007478616C70666279703267007033
:102230006163616C696478326700756E6D6F645FAD
:10224000727373695F6F6666736574006F70656E35
:102250006C70766F6C74636F727200706163616C26
:102260006964783567310072786761696E74626C91
:10227000313030006E6F6973655F63616C5F6E66ED
:102280005F7375627374726163745F76616C007002
:102290006163616C70756C736577696474680074F0
:1022A000737369747864656C61790063636B32671A
:1022B000706F0063636B507772496478436F72721A
:1022C0000063636B64696766696C74747970650038
:1022D00074656D705F6D756C7400706163616C61C5
:1022E000746835670074656D705F7100706130628D
:1022F000315F6C6F006D61787032676130006F66BE
:10230000646D616E616C6F6766696C746277326769
:10231000006C6F696461636D6F646535670070613F
:10232000306230007061306232006F70656E6C70C8
:102330006761696E69647861333600706163616CEE
:1023400066636431006E6F6973655F63616C5F61C2
:10235000646A5F35670069716C6F63616C6964788A
:1023600032676F6666730069716C6F7374316F6684
:10237000663267006F70656E6C706761696E696464
:10238000786131303000706163616C7077723267F0
:10239000310072617774656D7073656E7365006F7F
:1023A00070656E6C706761696E6964786131303434
:1023B0000069716C6F63616C6964783267006F707B
:1023C000656E6C707077726374726C006F70656E9E
:1023D0006C706761696E6964786131303800727859
:1023E0006761696E74656D70636F727235676D00D9
:1023F0006F70656E6C707265667077720072737361
:1024000069736D6332670070613062305F6C6F00BA
:102410006E6F6973655F63616C5F706F5F326700D9
:10242000706163616C6964783567317468007061EC
:102430006763356700706163616C69647835676CE8
:102440006F3174680073776374726C6D61705F359F
:1024500067007370757261766F69645F656E616243
:102460006C653267006F70656E6C706761696E696C
:10247000647861313631006C6F63636D6F64653110
:10248000006F70656E6C706761696E696478613445
:1024900030006C6F67656E5F6D6F6465006F7065AF
:1024A0006E6C706761696E696478613434006F7056
:1024B000656E6C706761696E696478613438006E4E
:1024C0006F6973655F63616C5F686967685F6761A7
:1024D000696E0072667265673033380070616361DF
:1024E0006C6174683267006D656173706F776572D7
:1024F00031006D656173706F77657232006F706562
:102500006E6C706761696E69647861313136006242
:102510007068797363616C650072786761696E7465
:10252000656D70636F727232670061613267006F50
:1025300066646D64696766696C7474797065006F50
:1025400066646D3267706F006E6F6973655F63619B
:102550006C5F706F5F626961735F3567007662619F
:10256000747361760065646F6E7468640070616393
:10257000616C61746835676C6F00706163616C6970
:1025800064783267317468006E6F6973655F636188
:102590006C5F61646A5F32670072786761696E744C
:1025A000656D70636F72723567680063636B507737
:1025B000724F6666736574007478707772696E64C2
:1025C000657800706163616C69647835676C6F0071
:1025D00070613062310074785F746F6E655F706F28
:1025E0007765725F696E64657800676D67633267EF
:1025F00000706163616C696478356768693174681B
:10260000007278706F3267007478616C70666279FE
:102610007032675F63636B006E6F6973655F6361E0
:102620006C5F656E61626C655F3267006F70656ECE
:102630006C706761696E696478613532006F7065CE
:102640006E6C706761696E696478613536006F70B1
:10265000656E6C706761696E6964786131313200F2
:10266000747269736F3267006F70656E6C7067614A
:10267000696E69647861313230006F70656E6C70BC
:102680006761696E696478613132340074726964BB
:10269000783267006F66646D64696766696C74742C
:1026A000797065326700696E697478696478326739
:1026B0000068775F697163616C5F656E0064796E55
:1026C0007077726C696D656E006D75785F676169B2
:1026D0006E5F7461626C6500747373696F666673B4
:1026E00065746D617835676800747373696F6666C9
:1026F0007365746D617835676C00747373696F66A8
:10270000667365746D617835676D0074656D70739F
:102710006D630070613062325F6C6F0074656D7064
:10272000736D6600747373696F66667365746D614B
:102730007800706163616C6964783567006E6F69F9
:1027400073655F63616C5F706F5F626961735F3255
:102750006700706C6C646F75626C65725F6D6F643E
:10276000653267006F70656E6C706761696E696471
:1027700078613630006F70656E6C706761696E6984
:10278000647861363400667265716F66667365746D
:102790005F636F7272006F66646D64696766696C0F
:1027A00074747970653567007266726567303333AB
:1027B00000747373696F66667365746D696E006F1C
:1027C00070656E6C706761696E696478613133320F
:1027D000006F70656E6C706761696E6964786131F5
:1027E000333600747869716C6F7061707532670090
:1027F0007874616C6D6F6465007473736974696D6E
:1028000065006E6F6973655F63616C5F706F5F35E4
:102810006700747373696F66667365746D696E358E
:10282000676800090C12181818090C1218181800FB
:10283000000C076F7A060C0F7B7E0105080B0E114A
:102840000000000000000000000306090C0F120049
:102850000000000000000000000306090C0000005A
:102860000000000000000000DCB302006000000077
:1028700012000000000000002000000012B602005C
:10288000260000000E000000000000001000000004
:10289000A4B60200980000000D0000000000000037
:1028A000200000004FAC02004400000011000000B6
:1028B000000000000800000064BB020010000000DF
:1028C00010000000000000000800000007001F00CA
:1028D0004807001F004607001F004407001E004372
:1028E00007001D004407001C004407001B004507AB
:1028F000001A0046070019004607001800470700A5
:102900001700480700170046070016004707001584
:102910000048070015004607001500440700150091
:10292000420700150040070015003F070014004053
:102930000700130041070013004007001200410781
:10294000001200400700110041070011004007007D
:102950001000410700100040070010003E07001063
:10296000003C070010003A07000F003D07000F0071
:102970003B07000E003D07000E003C07000E003A2A
:1029800007000D003C07000D003B07000C003E0750
:10299000000C003C07000C003A07000B003E07004B
:1029A0000B003C07000B003B07000B003907000A37
:1029B000003D07000A003B07000A00390700090034
:1029C0003E070009003C070009003A0700090039EA
:1029D000070008003E070008003C070008003A070F
:1029E000000800390700080037070007003D07000E
:1029F00007003C070007003A0700070038070007F8
:102A00000037070006003E070006003C07000600EE
:102A10003A070006003907000600370700060036AF
:102A20000700060034070005003D070005003B07CE
:102A300000050039070005003807000500360700CB
:102A40000500350700050033070004003E070004B9
:102A5000003C070004003A070004003907000400A6
:102A60003707000400360700040034070004003371
:102A700007000400310700040030070004002E079F
:102A80000003003C070003003A0700030039070079
:102A90000300370700030036070003003407000374
:102AA0000033070003003107000300300700030074
:102AB0002E070003002D070003002C070003002B46
:102AC0000700030029070002003D070002003B0742
:102AD0000002003907000200380700020036070034
:102AE000020035070002003307000200320700022F
:102AF0000030070002002F070002002E070002002E
:102B00002C070002002B070002002A070002002900
:102B10000700020027070002002607000200250721
:102B20000002002407000200230700020022070021
:102B30000200210700020020070001003F070001FA
:102B4000003D070001003B070001003900000000C4
:102B50004000000080000000C000000001000000F4
:102B60000500000002000000060000000A0000004E
:102B70004A0000008A000000CA0000000A010000AC
:102B80004A0100008A0100008A0500008A0900004D
:102B90008A0D00008A1100008A5100008A9100000D
:102BA0008AD100008A1101008A5101008A91010036
:102BB000890000008AD101008A1102000000000093
:102BC0000000000000000000000000000000000005
:102BD00000000000000000000000000000000000F5
:102BE00000000000000000000000000000000000E5
:102BF00000000000000000000000000000000000D5
:102C000000000000000000000000000000000000C4
:102C100000000000000000000000000000000000B4
:102C200000000000000000000000000000000000A4
:102C30000000000000000000000000000000000094
:102C40000000000000000000000000000000000084
:102C50000000000000000000000000000000000074
:102C60000000000000000000000000000000000064
:102C70000000000000000000000000000000000054
:102C80000000000000000000000000000000000044
:102C90000000000000000000000000000000000034
:102CA0000000000000000000000000000000000024
:102CB0000000000000000000000000000000000014
:102CC00000000000000000000000000078AF0200DB
:102CD0006000000012000000000000002000000062
:102CE000C6B50200260000000E0000000000000033
:102CF0001000000004B90200980000000D00000060
:102D000000000000200000005EB602004400000049
:102D100011000000000000000800000064BB020079
:102D2000100000001000000000000000080000007B
:102D3000030013004103001300400300120041038D
:102D40000012004003001100410300110040030085
:102D50001000410300100040030010003E0300106B
:102D6000003C030010003A03000F003D03000F0079
:102D70003B03000E003D03000E003C03000E003A32
:102D800003000D003C03000D003B03000C003E035C
:102D9000000C003C03000C003A03000B003E030053
:102DA0000B003C03000B003B03000B003903000A3F
:102DB000003D03000A003B03000A0039030009003C
:102DC0003E030009003C030009003A0300090039F2
:102DD000030008003E030008003C030008003A031B
:102DE000000800390300080037030007003D030016
:102DF00007003C030007003A030007003803000700
:102E00000037030006003E030006003C03000600F6
:102E10003A030006003903000600370300060036B7
:102E20000300060034030005003D030005003B03DA
:102E300000050039030005003803000500360300D3
:102E40000500350300050033030004003E030004C1
:102E5000003C030004003A030004003903000400AE
:102E60003703000400360300040034030004003379
:102E700003000400310300040030030004002E03AB
:102E80000003003C030003003A0300030039030081
:102E9000030037030003003603000300340300037C
:102EA000003303000300310300030030030003007C
:102EB0002E030003002D030003002C030003002B4E
:102EC0000300030029030002003D030002003B034E
:102ED000000200390300020038030002003603003C
:102EE0000200350300020033030002003203000237
:102EF0000030030002002F030002002E0300020036
:102F00002C030002002B030002002A030002002908
:102F1000030002002703000200260300020025032D
:102F20000002002403000200230300020022030029
:102F30000200210300020020030001003F03000102
:102F4000003D030001003B030001003903000100C4
:102F5000380300010036030001003503000100338F
:102F600003000100320300010030030001002F03C1
:102F70000001002E030001002C030001002B0300C0
:102F800001002A03000100290300010027030001BA
:102F900000260300010025030001002403000100B6
:102FA000230300010022030001002103000100208F
:102FB000000000000400000040000000800000004D
:102FC000C0000000010000000500000045000000F6
:102FD00085000000C500000005010000450100005B
:102FE000850100008505000085090000850D0000B1
:102FF00089090000890D0000891100008951000035
:103000008991000089D1000089110100854D0000DF
:10301000858D000085CD0000895101008991010056
:1030200000000000000000000000000000000000A0
:103030000000000000000000000000000000000090
:103040000000000000000000000000000000000080
:103050000000000000000000000000000000000070
:103060000000000000000000000000000000000060
:103070000000000000000000000000000000000050
:103080000000000000000000000000000000000040
:103090000000000000000000000000000000000030
:1030A0000000000000000000000000000000000020
:1030B0000000000000000000000000000000000010
:1030C0000000000000000000000000000000000000
:1030D00000000000000000000000000000000000F0
:1030E00000000000000000000000000000000000E0
:1030F00000000000000000000000000000000000D0
:1031000000000000000000000000000000000000BF
:1031100000000000000000000000000000000000AF
:10312000000000000000000000000000000000009F
:10313000070010003907001000380700100036079C
:1031400000100034070010003307001000310700A2
:10315000100030070010002F070010002D0700108E
:10316000002C070010002B070010002A0700100099
:103170002807001000270700100026070010002570
:10318000070010002407001000230700100022078A
:103190000010002107001000200080008000800047
:1031A000800080008000800080008000810082001C
:1031B00083008400850004010501800080008000F8
:1031C00080008000800080008100820083008400F5
:1031D0008500040105010601070119018701880125
:1031E00089018A018B01000400040004000400042A
:1031F000000400040004000400040004010480042E
:103200008204830484040004000400040004000415
:103210000004000400040004010480048204830408
:1032200084048504860405050605070508050905C7
:103230000A05090C12181818090C121818180000A1
:103240000C076F7A060C0F7B7E0105080B0E110030
:1032500000000000000000000306090C0F1200002F
:1032600000000000000000000306090C0000000040
:10327000000000000000000000000000400000000E
:1032800000000000400000000000000040000000BE
:1032900000000000400000000000000040000000AE
:1032A000000000004000000000000000400000009E
:1032B000000000004000000000000000400000008E
:1032C000000000004000000000000000400000007E
:1032D0000000001040000000000000004800000056
:1032E00000000020480000000000003048000000FE
:1032F00000000040480000000000005048000000AE
:103300000000006048000000000000505000000075
:10331000000000605000000000000070500000003D
:1033200000000080500000000000009050000000ED
:10333000000000A050000000000000B0500000009D
:10334000000000C050000000000000D0500000004D
:10335000000000E050000000000000F050000000FD
:10336000000000E0580000000000000059000000CC
:10337000000000105900000000000020590000006B
:10338000000000305900000000000040590000001B
:1033900000000050590000000000006059000000CB
:1033A000000000004000000000000000400000009D
:1033B000000000004000000000000000400000008D
:1033C000000000004000000000000000400000007D
:1033D000000000004000000000000000400000006D
:1033E000000000004000000000000010400000004D
:1033F000000000004800000000000020480000001D
:1034000000000030480000000000004048000000BC
:10341000000000504800000000000060480000006C
:10342000000000505000000000000060500000004C
:1034300000000070500000000000008050000000FC
:103440000000009050000000000000A050000000AC
:10345000000000B050000000000000C0500000005C
:10346000000000D050000000000000E0500000000C
:10347000000000F05000000000000070510000004B
:10348000000000805100000000000090510000008A
:10349000000000205900000000000030590000002A
:1034A00000000040590000000000005059000000DA
:1034B0000000006059000000000000A0590000005A
:1034C000000000B0590000000000000000000000F3
:1034D00000000000000000000000000008000000E4
:1034E00000000000080000000000000008000000CC
:1034F00000000000080000000000000008000000BC
:1035000000000000080000000000000008000000AB
:10351000000000000800000000000000080000009B
:10352000000000100800000000000020080000005B
:10353000000000300800000000000040080000000B
:1035400000000050080000000000004010000000D3
:10355000000000501000000000000060100000009B
:10356000000000701000000000000080100000004B
:10357000000000701800000000000080180000002B
:103580000000009018000000000000A018000000DB
:10359000000000B018000000000000C0180000008B
:1035A000000000D018000000000000E0180000003B
:1035B000000000F0180000000000000019000000EA
:1035C0000000001019000000000000201900000099
:1035D0000000003019000000000000401900000049
:1035E00000000050190000000000006019000000F9
:1035F00000000070190000000000008019000000A9
:1036000000000000080000000000000008000000AA
:10361000000000000800000000000000080000009A
:10362000000000000800000000000000080000008A
:10363000000000000800000000000010080000006A
:10364000000000200800000000000030080000001A
:1036500000000040080000000000005008000000CA
:1036600000000040100000000000005010000000AA
:10367000000000601000000000000070100000005A
:103680000000009011000000000000701800000011
:1036900000000080180000000000009018000000EA
:1036A000000000A018000000000000B0180000009A
:1036B000000000C018000000000000D0180000004A
:1036C000000000E018000000000000F018000000FA
:1036D00000000000190000000000001019000000A8
:1036E0000000002019000000000000301900000058
:1036F0000000004019000000000000501900000008
:1037000000000060190000000000007019000000B7
:103710000000008019000000000000A01900000057
:10372000000000B0190000000000000000000000D0
:1037300000000000000000005F36291F5F36291FCF
:103740005F36291F5F36291F0A52544520282573EA
:103750002D25732573257329202573206F6E204234
:10376000434D25732072256420402025642E256456
:103770002F25642E25642F25642E25644D487A0A52
:10378000000000002DE9FF4107460D460846FC21D8
:1037900016469846DBF386F0044660B30021FC220F
:1037A000D6F338F20A9B3846009304F16403019380
:1037B00004F168030293294632464346FBF78EFC28
:1037C0002066D0B140F612010022DFF301F30021A0
:1037D0000A46E0662560206EDFF31EF12046F8F70A
:1037E00023F9206EFBF7F2FA28462146FC22DBF390
:1037F00069F0002002E01E2000E00B2004B0BDE8CC
:10380000F0810000AB86000001BC600300104E0395
:10381000BFDE02F00C2803A85E02F0001303A65ED0
:1038200002F0001302825E5300001302855EAF00B7
:10383000001303A35E02F000130283C21F000013F3
:103840000286C037000013020200BF00001003A868
:103850005E02F000130282DEBB0000130282DEB3C0
:1038600000001302835EB700001302845EB3000001
:1038700013028600C7000013028480C300001301F6
:10388000BC63FF1FF0400000DE02F00000035B5E3F
:1038900002F0001501BC601300104300015E02F04D
:1038A000000000025E02F0119200025E02F011A719
:1038B000020200BF00009202045EFF00001D006BC8
:1038C000446557801D01846002F7F7BF01BC6003A7
:1038D000000AAE00025E02F00F360202DEFF0000B8
:1038E00022006B44655620220182E002F7F7BF03F5
:1038F000BFDE02F005CA00682B6F0000270280DEE1
:10390000FF000092006B44655B60920184E006F565
:1039100077AB00025E02F01139020480C700002973
:10392000028180C700002B01806002F7F7BF01BC55
:103930006003000AE200902C0300D7A200E02BFEF7
:10394000F457A3006D446AF4602F00B02BF7000A0F
:10395000F801876002F7F7BF00682BDF0000360030
:10396000E944655EF7A300E8C4695F77A20068DEFA
:103970008B000036006DDE8D5F003601876006F734
:10398000F7BF0207DEFF00003B00E844655B37A29B
:10399000006D5E895B003B0187E002F7F7BF01BC69
:1039A0006003000AD900682B0700004600E8446560
:1039B0005837A1006DDE8557404200682B43000058
:1039C0004600E844655A17A1006DDE855740440360
:1039D000BFDE02F0004601BC6003000AC201BC6009
:1039E00003000AC101BC6003000AD001BC600300EF
:1039F0000AC80202DEB30000490200420300004987
:103A000000025E02F00B1F02845EB30000920068A9
:103A1000AB0F0000920283DEB700004D020180C7A9
:103A200000006800B02ACB0017A202802BF3000030
:103A30005400B02B230017A1006DDE855CE08600EA
:103A4000685E8700005400682C0700005400B02C0A
:103A5000070017A200682B0B00005900E8446558C6
:103A600057A1006DDE86F4408600E05E8555F7A123
:103A7000006DDE86F440860202DEBB00006800684E
:103A80002ABB00006800E8446556D7A100E02ABBC5
:103A90000157A2006EDE86F440620182E002F5D793
:103AA000AE01BC6003000AF201BC6003000AAE0371
:103AB000BFDE02F0006800E82ABAF437A100902ABD
:103AC000BB0037A2006E2ABEF4406600B02ABF00D9
:103AD00017A20069DE86F4406803BFDE02F00086AC
:103AE0000283DEB700007E028881AB00007C020307
:103AF0005EB7000092020480C700006D02005EFF06
:103B000000007C028080BF00007C00682B43000026
:103B10007302802BF300007300B02B4B0017BB0027
:103B20006E2B22F7609203BFDE02F0007C0204DEFF
:103B3000B700007503BFDE02F0007C028400C700FE
:103B40000077028600C700007800682B0B00007C1D
:103B500000E844655737A1006DDE8558007C006C95
:103B6000C46557609202845EB700009200025E0254
:103B7000F0115403BFDE02F0009201BC63FF1FF797
:103B8000A100684586F4207C0203C573000086020C
:103B9000845EB7000086020100C7000092006B44FB
:103BA000655780920020E3FE1460920282DEBB0023
:103BB0000092028881AB0000920282DEB300009284
:103BC000028080BF0000920284DEAF000092028279
:103BD0005EBB00009203A0DE02F0008E02004203F2
:103BE00000008E00025E02F00B1F01836002F5B739
:103BF000AD0184E006F577AB01BC6003000AC300A9
:103C0000B04467000AC4018060020D906C03595EE5
:103C100002F0009403D85E02F0009503D8DE02F0B3
:103C2000009601BC618300112900B0007B00112BBC
:103C300001BC630300112303125E02F00A9803978C
:103C40005E02F00B30020181B30000A90285C5239A
:103C50000000A9028781B30000A203A3DE02F000E6
:103C6000A903A0DE02F000A900025E02F00B1F0112
:103C700087E0040D806C00E044640DB7BD006B4428
:103C800066F7A0A301BC600301978001BC6003003C
:103C9000378101BC606B00508A01BC60030637921B
:103CA00003BFDE02F002DA03D05E02F0031403D099
:103CB000DE02F0052703D5DE02F00A5203915E0210
:103CC000F0059D0396DE02F00A4D0288C1730000E4
:103CD000CA03C45E02F0071803C75E02F0073E0382
:103CE000DCDE02F011E703AA5E02F007810386DE44
:103CF00002F00A900287C037000A9003835E02F048
:103D000008C20391DE02F0062003C2DE02F00AF5CB
:103D100000025E02F00F3500025E02F0119203D441
:103D2000DE02F006B103A3DE02F0000200025E0232
:103D3000F00E6603A25E02F000C703565E02F000BA
:103D4000C401866006091048031F5E02F000C4002B
:103D50006A5E230000C300B0002700178800E85EF9
:103D60002300378803A65E02F0012800025E02F0FD
:103D70000EFD0028600E08E14903C4DE02F00B6767
:103D80000020C20300215B03BFDE02F001A6038115
:103D90005E02F000CC0300DE02F000AF0188E0021A
:103DA0000B905C03BFDE02F003110287406300004A
:103DB000CE0282C1070000CF01866006F4301802EF
:103DC0008640630000D100B05E870017A10002DECC
:103DD00002F00000028740630000D400B05E8B0058
:103DE00010190186E006F430180281DEAF0000D918
:103DF0000286C0630000D800B05E870017A10002F1
:103E0000DE02F0000001BC60030280060280DE07D3
:103E10000000E501DA6002F0178002085E0700008A
:103E2000F501BC60031E17A100E05E02F4306501DD
:103E3000BC60031C17A100E05E02F4306401BC60AA
:103E40000300281803BFDE02F000FB01105E030030
:103E500017A100885E870037A200E05E86F457A1B4
:103E600000E0015AF43063028600C30000EE00B0A7
:103E7000560B00106200B0540300106201BC6003D6
:103E800000281803BFDE02F000FD00B0418F0010D3
:103E9000620109DE030017A100885E870057A100B8
:103EA000E05E850597A100E05E8703C00601BC6067
:103EB0000300481803BFDE02F000FD01BC600702EA
:103EC00017A100E05E02F4306501BC60070017A195
:103ED00000E05E02F4306401BC600318000601BC1F
:103EE000600300081800B05A0300106200B05803C5
:103EF000001063010501430017A10088001AF42097
:103F0000060002DE02F0000001BC600306379201E9
:103F1000BC63FF1FF0C301BC60031890E301BC63E6
:103F2000FF1FF0C501BC63FF1FF0C601BC63FF1F8C
:103F3000F0C701BC60FB1C10E501BC600300501021
:103F400000B0404300180000B040470010E701BC3B
:103F500063FF1FF0C40002DE02F0000000E84033FF
:103F60000097A100B0400B0017A3006D5E86F461BE
:103F70001100905E8F0037A303BFDE02F001120034
:103F8000905E870037A301BC601F1417A100E05E9C
:103F90008EF437A301F041970017A1006DDE86F47F
:103FA00061260287C19700011A01385A030017A140
:103FB000013C5A030017A203BFDE02F0011C013CC2
:103FC0005A030017A101385A070017A200685E863D
:103FD000F4812100D85E8B0037A200E14196F450B5
:103FE0006500E1C19700306503BFDE02F0011400F7
:103FF000D85E8B0037A200E14196F457A100E1DEC4
:10400000870037A101F05E870017A1006EDE86F4FD
:10401000612701BC63FF1FF7A40002DE02F000006D
:104020000020E38E090002031EDE02F0012D039F33
:104030005E02F0012D00025E02F0015003BFDE02BD
:10404000F000020208411F00012B01816005620B94
:104050001000025E02F00B1F00B000AB00108600E3
:10406000B0016300108A00025E02F00D3801BC60EE
:104070000304179200B0003B00111D019060060977
:10408000104803A1DE02F001430181E00609104857
:1040900001BC600300904201BC600300112D039E2F
:1040A000DE02F0014601846002F2979400B04517E9
:1040B00000178F00B05E170017900200441F000128
:1040C0004101856002091048018160070010470125
:1040D000F0DE0F0037A100A044B6F43145039EDEA8
:1040E00002F0014601BC613712B08003BFDE02F06E
:1040F000000200A044B42A314501BC61271270803F
:1041000003BFDE02F000020020E082090002010C81
:10411000DE530017A101885E8700104701BC6003D1
:104120000050420108411F0017A1018CDE86F29762
:104130009403BFDE02F0000201BC60030090420065
:10414000E02FC7002BF100E85E230037880069DE0E
:104150002300015500E80027003788018660020926
:10416000104801856006F5B7AD0088009B00D12698
:104170000090009B01512801BC6303001124000240
:10418000DE02F000000020E07E09000200025E0274
:10419000F00F070283C21F000002020280F3000139
:1041A0006500B044670017A1017C5E862357A30217
:1041B000835EFF00016400E000FAF4683001836070
:1041C00006F7F7BF006BDE8D0601690206D003001B
:1041D000016D00E950862337A100E8D08A2357A259
:1041E0000069DE8B00016D00025E02F00B1F019181
:1041F000601684F42700E020C300883003BFDE028D
:10420000F002F7020400BF00017303945E02F000A5
:104210000200A0428F01F78000685E002DC00200FE
:10422000025E02F00B1F03BFDE02F000130201C2A8
:104230008F000002011400630017A100685E870070
:10424000600200025E02F00B1F0194600F00001874
:1042500000025E02F0017A03BFDE02F000130114D7
:1042600000630017A100B05E870010A501BC6013B9
:1042700011106000685E8700018100E0418306D074
:104280006000E85E870037A103BFDE02F0017D0217
:104290008050C300018B018760040310A000B000B0
:1042A000630010B400B042D30018000088418300BE
:1042B00030B601BC60030B10B500B0006300B0B4B1
:1042C0000317DE02F001880397DE02F00189018006
:1042D00060068614300002DE02F000000020E012CA
:1042E0008041A5018760040310A000B000630010A6
:1042F000B401BC60030E10B500B0006300F0B4015F
:10430000BC60570490B600B000630010B401BC60FC
:104310000302D0B50207500B0001A201BC600303E9
:10432000D0B5018E6002F297940204500B00019BFD
:104330000204D00B00019B01866006F2979400E016
:1043400042D700D0B500A0500B1117A10068DE873E
:104350001101A10186E006F2979400E042D70050D7
:10436000B50207D00B0001A100E042D70090B500D4
:10437000B042D70011E100B0006300B0B40317DE13
:1043800002F001A30397DE02F001A40002DE02F0B6
:104390000000006820DF0001A9006CC46506E0137E
:1043A00001BC6003000837006820D70001AC006C36
:1043B000C46506C01301BC60030008350020E0BEE0
:1043C00009000203905E02F0001303A25E02F001F6
:1043D000E7020200BF0001B10203C5730001DA0069
:1043E000682F6B0001B500E844657B57A1006D5E46
:1043F000857B21DA01BC6003000BDA00682D9B008D
:1044000001DA0282C1070001DA028042030001DA08
:104410000285C5230001DA028640370001DA0181F6
:10442000E006F577AB00B02D9F0017A101BC602F0F
:104430001077A201BC60030017A300025E02F01314
:104440001E00B02DA30017A101BC602F1777A20199
:10445000BC60030017A300025E02F0132C01BC60D5
:10446000131A17A100025E02F000CE00B0406704EC
:1044700017A200025E02F000D400E0446700D7A15A
:10448000006CC466F421C801BC60130ED7A1000201
:104490005E02F000CE00A040673FF7A201BC6013AF
:1044A00014D7A101BC62030017A300B05E8AF477A1
:1044B000A200025E02F000D400B02D9F0017A101FF
:1044C000BC602F0D37A201BC60030017A300025E81
:1044D00002F0131E00B02DA30017A101BC602F1322
:1044E000B7A201BC60030017A300025E02F0132C08
:1044F0000181E002F577AB01BC6003000B660002AE
:104500005E02F00E16020200BF0001E60284DEAF7A
:104510000001E102035EB70001E600025E02F01155
:104520000502035EB70001E603BFDE02F0000202EF
:10453000035EB70001E4020480C70001E602805E6A
:10454000FF0001E600025E02F010C503BFDE02F0CC
:10455000000200025E02F00F070200421F0001FE8F
:10456000006842F30001EA006D42F30041FE0114CD
:1045700000630017A100B05E870017A203A25E02CD
:10458000F001F30183E0020D906C03145E02F0026F
:1045900000006EC4568062000281452300020000C4
:1045A0006E5E870061FE01BC60030077A200886038
:1045B00006F457A300885E8B01001800E85E8B00AC
:1045C00037A20020C28EF461F9006ADE86F441F35E
:1045D00003BFDE02F001FE00900063010165008070
:1045E00085970217A100E064820DA16600025E02B9
:1045F000F00EBE03BFDE02F0022A01826002091043
:104600004803BFDE02F0000201BC60030011150088
:10461000B0017F0017A6031F5E02F0020F02030025
:10462000C30002050020C28F02020903255E02F0CA
:10463000020F0020C28F02020900688153FFE013BD
:1046400003BFDE02F0020B0194601300001803BFE9
:10465000DE02F0022A039EDE02F0020E0068DE98FF
:104660000BC20E0201411F000C830185600209107C
:104670004800685E980BC21300695E9F00622F02BB
:1046800098428F00021303BFDE02F0022F020141A5
:104690001F000C83020400BF00021A0218428F00A0
:1046A0000C8300025E02F00EA000025E02F00EBE5D
:1046B0000194058700001803BFDE02F0022A020001
:1046C00013BB0002230200156B00022600B0134743
:1046D0000017A10068DE84A7A22300B0134B0017C7
:1046E000A10068DE84A7C22300B0134F0017A10009
:1046F00068DE84A7E223029E13970002260201C20D
:104700008F0002280194600F00001803BFDE02F042
:10471000022A0201C28F000228018060060D906CFF
:104720000200C28F000C8301946007000018000291
:104730005E02F0017A020400BF00025F028500639E
:1047400000025F0183E0060D906C03BFDE02F00201
:104750005F01BC60031810600129500B0017920024
:10476000B0017B001065006800EB00023800885A39
:10477000130117A100E84466F437A1006EDE840738
:10478000423800E0029B0020A603BFDE02F006AA2A
:10479000019060120910480194601F000018010880
:1047A0005A0F00178101885E0681540A01345A0F9E
:1047B00000178000025E02F000DB00B0017B0010F9
:1047C0006500B056230017A100E05E86A097A10007
:1047D000E85E8400F40300E85E8400F41600B05A3A
:1047E0000300141300B05A0700141400B05A0B0051
:1047F00014150068DE0700425000E800970057A13A
:1048000001BC5E86F0141B017C5E8700F41C00B0C6
:10481000206300178100025E02F00D3C00B0017BB6
:1048200000106501085A0F00178100B05E87001460
:104830001E03BFDE02F0025300B0561700141B0027
:10484000B0561B00141C00B0541300141E00B050CE
:1048500013001086006D00A70082590190016300CB
:10486000108A00B0418F00106200025E02F011B4A5
:1048700000B0422B00140601BC60031817A1006DA4
:10488000C18C20025C01BC60030297A100E05E8441
:104890000377A100E05E86B0111D03BFDE02F002C7
:1048A000D4020300C700026F020CD00300026F01A4
:1048B0001400630017A10285006300026F0080DE10
:1048C0008701F7A201BC601B0257A200E05E8A0DBF
:1048D000B06500B041970014320080DE8700B7A2B7
:1048E00001BC60171FD7A200E05E8A0DB06400B063
:1048F00041930014330068D81300027902005A1B58
:104900000002710180600684F42703BFDE02F00517
:10491000CA0201D00300027100B0509B00142F02A4
:1049200081D0C70002F4010BD0030017A1013C5055
:104930002B0017A2018C5E86F457A10148014300A9
:1049400017A200685E86F442790191601284F42710
:1049500003BFDE02F002F700025E02F0018C00B03D
:10496000501300108600B0501700108A00682FC343
:104970000002840291D0170002820291D01B000233
:10498000820291D01F0002820291D0230002820392
:10499000BFDE02F002840191600284F42703BFDECF
:1049A00002F002F703A25E02F002B3020CD0030091
:1049B00002A0020300C700029F00B050CB001065A8
:1049C00000025E02F0124D020350C700028D01BCCE
:1049D00060230097A100A85002F4340003BFDE0258
:1049E000F002A4020481AB00028F006D4246C08039
:1049F0001300B05A1300178000025E02F000E500B9
:104A0000B0540F00141E00B05A070017A100B05A8E
:104A10001300178001875A16F0178000B0418F00ED
:104A2000106500025E02F011BD00E05E86A0740316
:104A300002875E0300029E0109DE030017A300E067
:104A40005E8B0077A200E05E8AF477A200885E8B1E
:104A50000037A100E05E86F4508903BFDE02F00259
:104A6000A4006D424A848013010650070017A1027A
:104A70008CD0030002A300685E870002A40182DEDE
:104A800086863431018260028634310020D00304EE
:104A900002AA00B0504F0011F200B050530011F3C1
:104AA00000B050570011F401BC60030091F0020106
:104AB00001B30002AC0187E006F577AB03945E0218
:104AC000F002B3020650030002AF0287DEAF00021D
:104AD000B3028150030005080202D0C70002B202EF
:104AE00008502B0002B30285D00300051F0190601F
:104AF0001286343103A25E02F002C000B0500F00F3
:104B000011160202D0C70002B800B0505B001116A7
:104B10000282D0030002C0028147C30002B90280B2
:104B2000504F0002BE002047C73F82C00020C7DBB5
:104B300000C2F603BFDE02F002C003A55E02F0026F
:104B4000C00280C7DF0002F6028850C70002DA0107
:104B500029500B001792020300C70002CD020CD0AF
:104B6000030002CD028350C70002CD00B050CB003D
:104B7000106501385A1300178001825A17005781B7
:104B8000010E5A130017A1018E5E86F037810202D2
:104B9000D0C70002DA00B0501B00108A03BFDE024B
:104BA000F002DA0282D0C70002D401385027001781
:104BB0008001085013001781010250130017A10152
:104BC000825E86F0378100B0507F00108903BFDE1F
:104BD00002F002DA0138506F0017800108502B00F4
:104BE00017810106D0070017A101825E86F0378188
:104BF00000B0501B00108A00B050830010890002E2
:104C00005E02F000DB00025E02F00D2F0102421B8B
:104C100000178101825E0503178100025E02F00D1C
:104C20003C00E05E840117A101D9DE8700108302F9
:104C30000001B30002E301E001B700108301BC6191
:104C40003703B79100685E4B0282FA020400BF008E
:104C500002E8028750030002E803945E02F002E9D2
:104C600003225E02F002EB01BC610300308003BF4F
:104C7000DE02F0000201BC613303B791032BDE02B8
:104C8000F002F1009000630097A100E06482F4302C
:104C900065006E5A130022F10188E006F237910098
:104CA00068DE4B0482F301BC61BB03B79103BFDE36
:104CB00002F002FA0191600E84F42703BFDE02F0D5
:104CC00002F70191600684F42701BC60030010B470
:104CD0000181E00686343103BFDE02F005CA03C459
:104CE000DE02F00B67020650030003020207DEAF8C
:104CF00000030201BC610300379102075003000367
:104D00000001BC620300F79100E0010B00204203A8
:104D1000BFDE02F0030301BC600300204200B05E6E
:104D200047001080020001B30003090182600610F1
:104D30003081020181B300030901BC600305B79310
:104D400003BFDE02F006DC020400BF00031000B067
:104D5000058B001064006E45170000020068DE4BF2
:104D600002830F00A044B42A314503BFDE02F000E5
:104D70000200025E02F00D490068C5170000020340
:104D8000D05E02F0031400025E02F00D4903BFDEA4
:104D900002F0000200B041395C904E01836002F7DE
:104DA000F7BF01BC600300900400A8412330104805
:104DB00001BC620F0011E001816002F5D7AE020272
:104DC00000BF0003290068DE4B02031D00025E02E3
:104DD000F013180068DE4B06232902045EB30003BB
:104DE000290200456F00032900E844655737A100F8
:104DF000E82AB6F437A100695E870823290183E019
:104E0000022B915C020701AB0003260180E002093E
:104E1000D04E01BC600318517800B045E300180083
:104E2000018060022F31790187E002F577AB0068DD
:104E3000810B00232C00B044670000430182E00690
:104E4000091048018160020D906C01826006289172
:104E5000440188E0020B905C00025E02F00F350115
:104E600085E002F7F7BF0288421B0003340185E0AA
:104E700006F7F7BF035B5E02F0033601BC60130068
:104E8000104301BC600300108501BC60030010B832
:104E9000008850770090B90208502B00033D01387C
:104EA00050730017A1017C506EF437A100885E8713
:104EB0000090B9020047A300034101BC6003001148
:104EC000EA009042E70091EB00B047A300D1E8026E
:104ED0000047B300034301B0E08E3D91EC01D2E006
:104EE0000210908403A95E02F0043201BC6003004A
:104EF000108400E001C3002070028181B3000379B7
:104F00000320DE02F0039501816006F5B7AD00686D
:104F1000DE4B04A35C0203DEBB00034E00E02C93D7
:104F200000106503BFDE02F0034F01BC602301D017
:104F30006500A05E7FFE10EC00B05A030010ED008B
:104F4000B05A070010EE00B05A0B0010EF00B05A34
:104F50000F0010F001BC63FF1EF08401BC60030071
:104F6000308501BC60030010B401BC600301D0A611
:104F700001BC60030450B501BC602304D0B400E060
:104F800002AF0020AB03BFDE02F003DD0068DE4BA2
:104F900005236201BC60030010B401BC600715D09A
:104FA000A601BC600302D0B501BC602304D0B403E9
:104FB000BFDE02F0036C0068DE4B0243790285C35A
:104FC0008F00036500E05E2700378901DA5E270065
:104FD00010EE01BC63FF1FF0CE01BC60030010B4F3
:104FE00001BC600300D0A601BC600303D0B501BCC6
:104FF000602304D0B400E001D300207401BC61FF41
:105000001FF08401BC60030010850184600700115B
:10501000E00282DEB30004EF02045EB30004EF019D
:1050200083E00609104800B0412300180001BC606D
:105030000306B78E0181E006F5D7AE00B054130029
:1050400017A100E05E840117A100885E87007083CD
:1050500003BFDE02F004EF01BC60031FF084010314
:10506000DE530017A202005EFF00037D01BC600357
:105070000037A200682B6F00037F01BC600300377C
:10508000A201865E8A1C70E3006AC3930003890054
:10509000E8439000D0E40202421B00038700900026
:1050A0001B0037A10020421B00438600B020B30044
:1050B00017A100E04392F430E40069C39300038930
:1050C00001BC60030010E400682B6F00038B00E05C
:1050D00043915C30E401BC60030010B401BC600388
:1050E0000010A601BC60030210B501BC602304D00F
:1050F000B400685E4B06A39300E001CB0020720170
:10510000BC600300083803BFDE02F003DD00E001ED
:10511000CF00207303BFDE02F003DD03205E02F048
:1051200003E40181E00209104800E001D700207586
:10513000031EDE02F003C401BC60030017A2006A74
:105140005E2300039D0102428F0017A201855E8A43
:105150000910480180E0061030810284DE5300030C
:10516000A400B000770017A100E05E840437A1001E
:10517000885E870057A100E05E870D57A103BFDE60
:1051800002F003A501BC60030D57A10068002700D1
:1051900003C400E05E8401F7A101BC6023015065F7
:1051A000008841970030B601BC60030010B4009045
:1051B0005E870050A601BC60030110B501BC6023EE
:1051C00000B0B40317DE02F003AD0397DE02F00374
:1051D000AE0020DE870043B70020DE870023B40145
:1051E000B85E22D0168001805E8AD0368103BFDE91
:1051F00002F003BD01BC5E22D0168001845E8AD01D
:10520000368103BFDE02F003BD0020DE870023BB32
:1052100001B85E22D0368101805E8AD0568203BFFB
:10522000DE02F003BD01BC5E22D0368101845E8ABD
:10523000D0568201886002F430A800B05A030010F2
:10524000B000B05A070010B1028042A30003C000B2
:10525000E042A30090A800B05A0B0010B000B05A72
:105260000F0010B10187600610908400E05E2700F7
:10527000378901DA5E270010EE01BC60030010B42C
:1052800001BC60030350A600B000330010B50284D7
:10529000DE530003CE00E0606803B0A600E0429851
:1052A0000430A600B000370010B501BC602304D064
:1052B000B401846006F297940186600209104803E5
:1052C0009EDE02F003D80280441F0003DB00B05EC4
:1052D0003F00114501BC600300178F00B05E430022
:1052E000178500B05E0F00179003BFDE02F003DBEE
:1052F00000B05E0F0017850280441F0003DB00A092
:1053000044B6F0B14501BC60030110420183600660
:10531000F29794018460070011E003A05E02F0049C
:10532000ED02065EAF0004EF0186E006F577AB0103
:10533000BC600300108000025E02F00B2503BFDE9C
:1053400002F0062003A15E02F0045901140063007C
:1053500017A10068DE8700E3E901816006091048B3
:1053600003BFDE02F0045901816006F5D7AE0020CC
:10537000600E862411018760040310A000B0006352
:105380000010B401BC60030B10B500B0006300F066
:10539000B4020300C70003FC020CD0030003FC02AC
:1053A0008050C70003F400B054130017A100E05E62
:1053B0008680741A00B0506B0010E400B0421302F3
:1053C00010840209502B0003FC00B042130030840B
:1053D00001D2E03AA030E0028050C700040201D2BE
:1053E000E052A030E003BFDE02F004020202D0C7A8
:1053F00000040200B0505F0010E000B050630010E5
:10540000E100B050670010E200B0506B0010E40003
:10541000B0421302F084020050C700040C018AE07D
:105420000E10908401BC60FB1C10E501BC600308F9
:1054300090E600B000630010B401BC60030210B538
:1054400000B0006304D0B4018460070011E001BC27
:10545000600300178E03BFDE02F004F100E001C715
:1054600000207100B000630010B401BC600302D0E2
:10547000B500B0006304D0B403BFDE02F0048901BC
:10548000856006F7F7BF010350030017A100B85E5F
:10549000870037A101875E86101080020CD00300C0
:1054A0000458020300C700042800B050CB00106568
:1054B00001BC600300168500E05A3300368C0203FD
:1054C00050C700041D00E05A2700368903BFDE02E2
:1054D000F0045901BC60030017B200B05A0B000B76
:1054E0002501385A130017A101BC5A06F430E00117
:1054F0003C5A130017A1017C5A06F430E10181E007
:10550000061090840185E0070010E30185E00700A4
:1055100010C30282D0C700042D03BFDE02F00430A6
:105520000202D0C700043200B02A4B0017A101B814
:10553000506EF430E000B050730017A101B82A4E4D
:10554000F430E10282421300043000B0507B0010BE
:10555000E400B042130210840185E0061C30E10033
:10556000B04213007084018760040310A00203009E
:10557000C700044700B050CB001065006D5ECAD173
:10558000C4380185E0021870C300E05ECB00368E9F
:1055900001BC601B09D06500E04196F6506500B083
:1055A00050970016800068DECB00043F01BC6023EA
:1055B0000150B800682C9700244503BFDE02F004B8
:1055C0005100B05ECB0010B500B000630870B402AB
:1055D0008342D300044101BC60030170B80068AC91
:1055E0009700245101BC60030170B802BC506700F1
:1055F000045003BFDE02F0044F010CD0030017A1DA
:1056000003A95E02F0044C01BC60230150B800689D
:105610005E8700644F03BFDE02F0045101BC6003EB
:105620000170B800685E8700445101BC60030170DE
:10563000B80181E0021710B801BC600300F0A501B9
:10564000BC60030E10B500B000630010B400B000E1
:105650006300F0B400B042D3001800018860080372
:1056600010B4018160060D906C03BFDE02F0048966
:105670000202D0C700045F00B0506F0010E000B01D
:1056800050730010E100B050770010E20282421324
:1056900000045E00B0507B0010E400B0421302F042
:1056A0008400E05E9F0037A703A15E02F00468015A
:1056B000BC60030017A7018760040310A000B000BE
:1056C000630010B401BC60030E10B500B0006300AD
:1056D000F0B4018860080310B403BFDE02F0047E5A
:1056E00000B0017B00106500B05A030010E501BC5A
:1056F00063FF1FF0C500B05A070010E601BC63FF4E
:105700001FF0C600B05A0B0010E701BC63FF1FF08A
:10571000C70068A06700047100E05E2700378900B9
:105720006820670004750185E0070010E30185E04B
:10573000070010C300B0421301108401DA5E270095
:1057400010EE0187600610908400B042131C108494
:1057500001BC60030010B400E0606803B0A600B0B4
:1057600000970010B501BC602304D0B40184600729
:105770000011E003BFDE02F004DD01085E4B0017FC
:10578000A100685E87002489020250030004880299
:105790009E509F0004850201D00300048500E05E56
:1057A0002700378901585E2700142D01DA50B70011
:1057B00010EE0187600610908403BFDE02F00489BA
:1057C00001BC600300142D0104C1070017A10322CE
:1057D0005E02F0048C0103DE530017A100B05E8767
:1057E0000017A202005EFF00048F01BC60030037B7
:1057F000A200682B6F00049101BC60030037A20275
:10580000885E4B00049400685E4B06849401BC6083
:10581000030017A20183DE86F297940183DE86845B
:10582000F4270281C21300049B01865E8B0010E303
:10583000018660070010C30181E00610908403BF59
:10584000DE02F0049D01865E8A1C70E3018660061C
:105850001870C302B847A70004D902A047B70004D4
:10586000DB03A95E02F004A501085E4B0017A1004E
:10587000685E870024DA021E509F0004A50185E0BF
:10588000061C70E30185E0061870C3011400630074
:1058900017A10068DE870084AE00B001530017A294
:1058A0000068DE8BFFE4AA006842470024AB006872
:1058B000DE8A84C4AE018560020910480186E002D8
:1058C0001C70E30186E0061870C301105007001732
:1058D000A600685E9B0004DA01BC60030011E401CD
:1058E0003A500700178000885E0300778000E000D0
:1058F000AEF010640068DE9B0044BF0207D00300D6
:1059000004B901BC602B12B7A200E05E000B37A304
:1059100000025E02F00D8A01BC602307978100E05F
:10592000418301706300E0418F00B06500025E02B8
:10593000F00D5F01BC602307506401BC6047001795
:10594000A200025E02F00DB200685E9B0044DB0123
:10595000A46046F471E00068DE9B00C4CD01BC6128
:105960001300B7A1020600F30004C601BC601300D7
:10597000B7A10192C21AF437A203295E02F004CB48
:1059800001BC60030011EE009042E70091EF01922C
:10599000E00EF437A200B05E8B0011EC03BFDE0214
:1059A000F004DB00685E9B0064D200685E9B00A48C
:1059B000D200B0502F0011E200B050330011E203CA
:1059C000BFDE02F004DB018760023D11E80068DE03
:1059D0009B00A4D5018760063D11E801BC6003006F
:1059E00011EA009042E70091EB0192C21B00B7A2BE
:1059F00001B85E8A3D11E803BFDE02F004DB0184DA
:105A000060070011E001BC600300112D00B0448369
:105A100000142C03A3DE02F004F001BC60030017A5
:105A20008E00685E4B05A4E1020050030004EA0109
:105A300083E00609104800B0412300180001BC6053
:105A40000304B78E03A95E02F004EF00685E4B0406
:105A500024EF01BC600306378E00685E4B05A4EF9F
:105A600001BC600306B78E03BFDE02F004EF0181C4
:105A70006006F577AB00B05E0F00178500025E028E
:105A8000F00D4901BC600300178C01BC60030017D6
:105A90008D0323DE02F004F10187E006107083011C
:105AA00085E002F5B7AD03295E02F00505020300AB
:105AB000C700050000B050CB0010650282D0C700BF
:105AC00004F800E05A2300368803BFDE02F004F930
:105AD00000E05A2700368900682C9700250000E076
:105AE0005ECB0037B2010A5ECB0017A100E050CABE
:105AF000F4306500D06006F657A200205A1AF4452B
:105B00000003BFDE02F004FA00025E02F00F35036C
:105B1000D5DE02F00A5203D6DE02F00A6A0350DE36
:105B200002F0050003BFDE02F0052702055EAF00AC
:105B300005070187E00626713303BFDE02F000028D
:105B40000190600A8634310282D0C7000511013C01
:105B500050270017800109502B00178101075007BB
:105B60000017A101825E86F0378100B0501F00103F
:105B70008A00B0500F00111603BFDE02F0051701B6
:105B800038505F001780010A502B0017810107D0A1
:105B9000070017A101825E86F0378100B050230014
:105BA000108A00B0505B001116020300C700051CEC
:105BB000020CD00300051C02085E0700051C01381A
:105BC000540700178000B0542700108A028050C785
:105BD00000052501BC600305B79203BFDE02F00299
:105BE000B801906006863431020300C7000509023F
:105BF0000CD00300050900B0001F0017A100E05EF3
:105C00008680741A03BFDE02F0050901BC6003063A
:105C1000379203BFDE02F002B802055EFF000536D0
:105C200001856002F7F7BF032BDE02F005360200A4
:105C300000F300052D00E8002300514201BC600A7A
:105C400028514203945E02F0053200B0058B00102B
:105C5000640068580300053200B044670011120068
:105C6000B058030011150068451F00053603A25EF9
:105C700002F005360185E006F577AB00025E02F022
:105C80000E790201C2E3000560020300C700053B74
:105C900000682C9700254B006E4246F6454B03BF2B
:105CA000DE02F0053D006E424700254B020300C7AF
:105CB0000005480355DE02F0053D018060028614B0
:105CC00030013850830017A100B050CB00106500A0
:105CD0006DDA32F42A5200A841231410480114004E
:105CE0006300106500E041970ED06500E05A0300A4
:105CF000368001BC621F0011E003BFDE02F000131A
:105D00000181E0068634310191600E84F42703BFDF
:105D1000DE02F00560013C50670017A101AC5E8611
:105D20001750BA01BC60030190B8020300C7000518
:105D30005A0068AC970025550181E0021710B8039E
:105D4000D5DE02F00A5203D6DE02F00A6A0350DE04
:105D500002F0055103BFDE02F0056000E82C970059
:105D60002B2500B05ECB0010B500B000630870B406
:105D7000028342D300055803BFDE02F0055B0186B3
:105D8000E0040310A000025E02F0018303D5DE02EE
:105D9000F00A5203D6DE02F00A6A0350DE02F00572
:105DA0005C03BFDE02F0033401BC600300F0A50118
:105DB00082E00209104801BC621F0011E001BC60D2
:105DC000030011EC01BC600F0011E80285500B00CC
:105DD000056701826002091048028181B300056EE7
:105DE00003A0DE02F0056C03D5DE02F00A5203D6F2
:105DF000DE02F00A6A03205E02F0056E018860028E
:105E000009104803BFDE02F0001301BC6003003735
:105E1000A1020001B300057C020401B300057B0070
:105E2000E901BB00206E00E881BF00006F006881BF
:105E3000BB00057B006881BF00057B028181B30048
:105E4000057801BC600300006C03BFDE02F005CAE8
:105E500001BC600300006C00025E02F00AE203BFB6
:105E6000DE02F0001301BC60030017A100025E0215
:105E7000F00C6D020101B300057F03BFDE02F000EC
:105E80001303A3DE02F00013020050C700058801CF
:105E9000BC60030010800182600609104801806028
:105EA000028634310104C1070017A10183DE86F2A6
:105EB000979400E001CB00207203BFDE02F001A640
:105EC000020101B300058A0187E006F577AB00B057
:105ED000010B0017A1006DDE840805CA00E84464C8
:105EE0000877A1006E5E840825CA0187E006F57771
:105EF000AB020200BF00059C028881AB00059C023A
:105F00008400C700059C0129500B0017A10068DE22
:105F10008702059C0203C57300059B0283DEB30064
:105F2000059B0282DEBB00059800682B0700059CDC
:105F3000006DDE2F01E59C0182E006F7F7BF00E06F
:105F40004465564AB103BFDE02F0001303BFDE0210
:105F5000F005CA00A841395C904E02825EAF000590
:105F6000AD01826006F577AB00B0446700082300FE
:105F7000B0014B0017A20208421B0005A400B001AB
:105F80006B0017A200685E8B0005AA0090452B00ED
:105F900097A10080DE86F457A1006E20D60DA5AA39
:105FA00000B041B700083500E020D623283601852F
:105FB000E002F5B7AD02055EAF0005AD01BC6103BF
:105FC00000113300E844650477A500B04467000B76
:105FD000DA006D5E970100AD020200BF0005BC0053
:105FE00068DE4B06A5B30184E002F7F7BF0068DE68
:105FF0004B0405B60282DEB30005B601BC600300A7
:106000000B1202045EB30005B90068DE4B0625B929
:1060100000025E02F0112D00025E02F00F3603A3B3
:10602000DE02F005BC0183E002F597AC01BC601311
:106030001497A100025E02F000CE01BC638300173A
:10604000A100A04066F437A20068DE8AF425C801EA
:10605000BC60130E77A100025E02F000CE00A040EB
:10606000673FF7A200985E8B0037A200685E8B0046
:1060700005C70068DE8B0FE5C801BC602300104334
:1060800001826002F577AB03D15E02F000020200EC
:1060900050C30006190325DE02F005CE0183600619
:1060A00084F42703BFDE02F00600020CD0030005D3
:1060B000FE020300C70005ED011400630017A100F4
:1060C0006DDE870085FE01BC600300178000B050C4
:1060D000CB00106500B050CF001064018160060D48
:1060E000906C0182600686343100B05A230017A1FB
:1060F00001BC600300168801BC5A2AF437A101BC18
:10610000600300168A00B05E8700148F00B05A2723
:106110000017A101BC600300168901BC5A2EF43798
:10612000A101BC600300168B00B05E8700149000D4
:10613000B05A1B00148D00B05A1F00148E01BC60B1
:10614000030016040068DE030005EA020350C700DE
:1061500005E90100509F00178001805E0291B48D17
:1061600001BC5E0292149001BC6003003780000203
:106170005E02F0129900B05E0300148C03BFDE02D1
:10618000F005F90068C2470005F20181E006863497
:10619000310191600E84F42701BC600300143003C8
:1061A000BFDE02F0000200B0509F0017A100025EA7
:1061B00002F0018200B05E870014270186E004032C
:1061C00010A000B04283001800010CD0030017A1FA
:1061D0000068DE870065ED010250C70017A101804D
:1061E0005E8684F427018AE00E84F42700B050BF55
:1061F00000142603BFDE02F006000186E00403104F
:10620000A00200509F0006000286C107000614038A
:10621000295E02F0060500B0523300142D00B05282
:10622000370017A1019E5E8684F42700B0509F00BE
:1062300017A10180DE86F437A100B050BB00108F9B
:1062400000B050B700108E00B0509B00108D018040
:106250006006F4308C020250C700061300B05243AF
:1062600000108F00B0523F00108E00B0523B001063
:106270008D011A52370017A10198DE870437A1015A
:10628000B85E8691B08C01826002863431018160F3
:10629000020D906C0325DE02F00617019C6002845B
:1062A000F42703BFDE02F0061B0285500B0006191F
:1062B00000A850C70D143101BC60030014300181E7
:1062C0006002F5D7AE0183600284F4270185E00205
:1062D00009104801BC600300142E03A25E02F00105
:1062E000A603BFDE02F000130323DE02F0068B03D9
:1062F000A35E02F0068B03A2DE02F0068B01816032
:1063000006F577AB03AA5E02F0068B0183E0020973
:1063100010480351DE02F0064302045EB30006306B
:1063200001846002F597AC0183E00209104800B0D7
:106330002B5F0017A1006D2B0EF4200200E0027B02
:1063400000209E01BC6003000AC300025E02F0113F
:106350003003BFDE02F000020203DEB3000640019C
:1063600083E002F597AC00E02A9B002AA602015EBA
:10637000BB00064000B02A9F0017A1006D2A9AF4C6
:10638000263B01BC6003000AA600E0027F00209FBC
:1063900003A95E02F0063E0191601A84F42703BF50
:1063A000DE02F002F701BC63FF1FF7A100025E02EC
:1063B000F00C6D03295E02F006400191601A84F42E
:1063C0002703BFDE02F0064000E0026B00209A01C6
:1063D00080E006F577AB03BFDE02F006480301DE7E
:1063E00002F0064600685E4F06264601BC600300C8
:1063F00017A803A45E02F0064803C1DE02F0068E71
:1064000001846002091048020400BF00064D01BC6F
:106410006003001115011400630017A100E066027B
:10642000F4306500025E02F00D4E01826002091038
:106430004803A95E02F0066800685E3B04A65801A6
:10644000F0DE1700378500A05E16F0978500685EC5
:106450003B06265802015003000657028780BF0002
:1064600006570185E0060910480280D0030006683F
:1064700000B05E1B0017A300B0008B0017A402043D
:1064800000BF00065E006E419730665E01185A0339
:106490000017A3011A5A030017A40068C183180645
:1064A0006100E002930020A403BFDE02F006630057
:1064B0006D5E2EF486630182E00686343100E05E74
:1064C0003300378C0068DE32F4666600B05E0F0081
:1064D0001785006DDE2EF4667403BFDE02F00686BB
:1064E00000B05E1F0017A300B0008F0017A40204C5
:1064F00000BF00066E006E419730666E011C5A03A5
:106500000017A3011E5A030017A4006D5E2EF48627
:10651000700182E00686343100E05E3700378D007E
:1065200068DE36F4667300B05E0F001785006D5E9E
:106530002EF466860185E00209104803D1DE02F0E0
:10654000067600685E4B04868000025E02F00D490C
:10655000006841831806AA020300C700067E020CE9
:10656000D00300067E028350C700067E0068DE4B23
:1065700005A67E03BFDE02F012170181E006863415
:106580003103BFDE02F005CA00B0504F0011F20027
:10659000B050530011F300B050570011F401BC602B
:1065A000030111F501BC60030051F003BFDE02F0EE
:1065B00005CA00025E02F00D49018160020910481F
:1065C00003295E02F0068B028300C700121703BF87
:1065D000DE02F005CA03D1DE02F0068C03A5DE025E
:1065E000F005CA03BFDE02F00013028001B3000011
:1065F000130206500300069500B001030017A10026
:106600006D810AF4269500E844640877A1006E5E67
:10661000840826950187E006F577AB01085E4B00FC
:1066200017A100685E8700269800B05E0F001785EE
:1066300000025E02F00D4900685E3B06269E01BC2A
:10664000600300178C0200D0030006A301BC6003A6
:1066500000178D03BFDE02F006A301BC6003001724
:106660008C020300C70001A6020CD0030001A601A2
:106670009C600284F42703BFDE02F001A60068419B
:10668000831806A90180600684F42703295E02F0BE
:1066900005CA01826006863431028300C7001217E2
:1066A00003BFDE02F005CA00E002970020A50181C9
:1066B000600209104801BC600300081900E0017B7A
:1066C00000A05E01BC601310D7A1006D017AF42018
:1066D0001301BC601309405E03BFDE02F00013002B
:1066E000025E02F00B1F0338DE02F00013039EDE91
:1066F00002F0001300E8444C00F7A100E85E8401BA
:1067000017A1006ADE840106BA00E85E84011187E1
:1067100001BC600300118801A5E02230118001BC9A
:10672000600300111301BC600300111400B0446742
:106730000017A100B0446B0017A200B05E870011E3
:106740000400B05E8B00110503B8DE02F006BC0346
:10675000BFDE02F0001301BC600304B79201BC600D
:10676000030417A101BC63FF1FF0CB01BC63FF1F33
:10677000F0CC01BC63FF1FF0CD01BC63FF1FF0CE66
:1067800001BC63FF1FF0CF01BC63FF1FF0D000B05E
:1067900052170010E801BC63FF1FF0C800B0521B85
:1067A0000010E901BC63FF1FF0C900B0521F0010C8
:1067B000EA01BC63FF1FF0CA01BC60030010E402E1
:1067C0008600C30006DD00B0540F0017A20069DE8A
:1067D0008A9086D500E85212F450E40068A0630065
:1067E00006DD01BC60030010E400B054270010E097
:1067F00000B0542F0010E103BFDE02F006E603A450
:10680000DE02F008C203A9DE02F008C201BC600388
:1068100001D7A1020600C30006DF0280DE5F00068A
:10682000E400B054070010E0006820630006E201B5
:10683000D2DE86A030E000B0540B0010E103BFDED2
:1068400002F006E601BC5E869010E001BC601F000D
:1068500010E101BC60030010E200B052230010E51B
:1068600001BC63FF1FF0C500B052270010E601BC59
:1068700063FF1FF0C600B0522B0010E701BC63FF9E
:106880001FF0C700B0004700108601082063001702
:1068900081013852030017800102C0270017A600AB
:1068A000025E02F011B0006820630046F400B054AC
:1068B00007001780028181B30006F600025E02F035
:1068C0000D2F006820630026FE0068A0630006F913
:1068D000021A54070006FE006800A70106FC010327
:1068E000C0270017A103BFDE02F006FD0106C03B72
:1068F0000017A101825E8610D08603A9DE02F0098E
:106900001D00685E4F04271001BC63FF1FF0C30029
:10691000685E4F05A70601BC60031A90E301BC60E6
:106920000306B79200685E4F05271003BFDE02F032
:10693000070A01BC6003063792029844070009EB7E
:10694000028046070009EB01BC60031890E300B029
:10695000206300178100025E02F00D3C00E85E84B7
:1069600000D7A1006A5E8690871000E85212F430CA
:10697000E403BFDE02F0071301BC60030010E40370
:1069800038DE02F007130187E0061C90E4019060F6
:106990000A09104801BC610304379100685E4F0585
:1069A000A9EB03835E02F008C203BFDE02F000021F
:1069B00001866002F7F7BF0182E002F5B7AD0185FD
:1069C000E002F5B7AD0204416300072301846002D1
:1069D0000B105802055EAF00071F0187E006267105
:1069E00033020400BF0007220185E002F577AB0007
:1069F000025E02F00E7903BFDE02F000020283C0E5
:106A00003700072B006CC4656C272C01BC601B1A77
:106A100077A100025E02F000CE0180E0060337A2FB
:106A200000025E02F000D40180E002F457A20002EE
:106A30005E02F000D400E044656C4B610285C52322
:106A4000000732018460060B10580200DEFF0007C9
:106A5000320180E002F7F7BF00682B6F00073200B9
:106A6000E044655B4ADB02055EAF00073401BC61B0
:106A700003001133020580BF00073A01BC60131107
:106A800057A100025E02F000CE0196600E0330199D
:106A900000B040670017A200025E02F000D402833B
:106AA000C03700001300E0021F002087018260064B
:106AB00028914403BFDE02F000130281401300005E
:106AC000020200420300074101846002F597AC0115
:106AD000BC600300108003A3DE02F0074401906055
:106AE0000209104800B0446700179E00B0446B00D4
:106AF000179D00B0446F00179C00B0447300179BB3
:106B00000068DE7A23274400E00223002088011574
:106B1000403B00179700B001430017A101C9DE8474
:106B200005280501BC60031077950191E0020D90E6
:106B30006C0286403700075200E002BB0020AE0323
:106B4000BFDE02F00A9301BC600300148001BC6048
:106B50000300148101B8600A04902401BC6003049E
:106B6000082B01BC600300482A01BC600300D02A46
:106B700001B3600700100401BC600300080E01BCF3
:106B8000600300080F01BC600300081001BC600333
:106B90000008110183E002F5D7AE0287C037000A72
:106BA0008F00025E02F0119200025E02F00F3503C8
:106BB000435E02F0075E006D403300CB0000685E6C
:106BC0005F00477600685E5F002773006800A700DB
:106BD000C768006800A7010768006880A700A76968
:106BE00000E0446690283701BC62C30017A1028010
:106BF000520300076C019652030017A10080DE8645
:106C000090379A0203520300077100E05E6A9037E2
:106C10009A0207D20300077100E85E6B00379A0200
:106C20009E5E6B000B0003BFDE02F0077B0152D2B9
:106C3000030017A10185D206F4379A03BFDE02F0E4
:106C4000077B013C52030017A101BC5206F4379A9E
:106C5000006E5E680BAB0000682FC300077B028EDE
:106C60005207000B000204C03B0007850181E006CB
:106C70000D906C02874037000A9300025E02F0110B
:106C80009200025E02F00F350287C0AF00077D025E
:106C900087C0AF000A8F015840AF00179A01BC604F
:106CA0003F1E17A1006DDE6AF42A8F035B5E02F0BF
:106CB000078701BC601300104300B041232810482F
:106CC00001806002F297940184E0020910480158A3
:106CD00040AF00102A006840AB002A8F01BB5E560F
:106CE00000900402035E57000796020047A30007C6
:106CF0009301BC621E3C11E001BC60030011EA007C
:106D0000B05E6B0011EB0198601E3D11E802004778
:106D1000B300079600B05E6B0011EF01B0E0CE3D0E
:106D200091EC03835E02F0079A00025E02F011927A
:106D300000025E02F00F35006D403304C7960183F8
:106D400060020D906C020200F30007A203AADE02AB
:106D5000F007A4028052170007A400E0418700B0AA
:106D60006500025E02F00C7D0200C0770007A203FE
:106D7000BFDE02F007A303305E02F007A4018360C8
:106D8000060D906C01BC60030008020188E00F0052
:106D90000803006D40330208BC0129520F0017930D
:106DA0000109520F0017AA01966002F2979400E0C1
:106DB000418701F06501BC600F0017A10028DE8645
:106DC0009067B001866006F2979400E041970070EA
:106DD0006500E020AF00C82B01065E530017A2003B
:106DE000A05E4F0477A10068DE870447BE0186E0FD
:106DF00006F2979400B85E8B0037A200B05A0300E9
:106E000017A0020ADA030007B801876006F2979418
:106E10000284C03B0007BE0203DA030007BE03ABD7
:106E20005E02F007BC020441070007BE0180600556
:106E300000680301065E530017A20182DE8A0090FB
:106E40000403AADE02F007ED03AB5E02F007D902ED
:106E500087D2130007ED00B0521300118601A5E0A0
:106E60000A301180018460020D906C01BC63FF1F29
:106E7000F79900E041870170650068DEAB0027CB21
:106E800000A05E4FFF77A10068DE870727D703BF0A
:106E9000DE02F007CD0284520F0007D70204D20FA2
:106EA0000007D003B15E02F007D600E04187011071
:106EB0006503BFDE02F007D103B35E02F007D6021E
:106EC0000080F30007D7020052170007D700025EC8
:106ED00002F00C7D0200C0770007D701294077003F
:106EE0001799018460060D906C020052170007ED9F
:106EF00003315E02F007ED018660023011800180EF
:106F0000E001620B10020052170007DD0202AB4FD6
:106F10000007E80068DE5F0007E800B02BB7001745
:106F2000A100682ABB0007E800B02BB30017A2003D
:106F30006DAABAF447E80068DEAB0047E40184E0DC
:106F400006F7F7BF0068DE4F0287E800025E02F036
:106F500013180206DEFF0007E800E02BE7002AF91D
:106F60000068DE5F0007EB0068DEAB0047EB0180E6
:106F7000E005620B1000682B6F0007ED0180E00652
:106F8000F7F7BF0207520F00086D028047A3000801
:106F90006A028047B300086A00E020AF00882B0037
:106FA000E820AB00882A01BC60030011E401BC6347
:106FB000FF1FF7A501BC600303D1E102065E530089
:106FC00007F701BC60030491E10206DE530007FBF2
:106FD00000E047870051E10207D20F0007FB00E005
:106FE00047870091E1006D403302C8BC00685E4FE6
:106FF0000587FE0068DEAB00486D03AB5E02F0085B
:10700000010200521700086D020580F300080C0011
:10701000E04187011065020200F30008050204D276
:107020000F00080500E0418700B06500025E02F035
:107030000C7D0200C077000809012940770017A5E0
:1070400000E05E970097A50068DE97FFE80C0280DD
:10705000521700086D020700BF00086D01BC601FD9
:107060001417A20090478700306500E04196F45065
:107070006500E0478701082103835E02F0081400E1
:10708000025E02F0119200025E02F00F35006D40C8
:1070900031042810006D40310428BC01BC600B1D78
:1070A00057A10068DE97FFE824010F5A070017A5D3
:1070B000031EDE02F0082402005217000824032CED
:1070C0005E02F0086D00685E67FFE82400E05E671E
:1070D00000979900E05E66F43064012A58030017B7
:1070E000990100DE970017A500E05E66F4B79900ED
:1070F000E05E67003799011558030017A603BFDE4D
:1071000002F0083400E05E96F43064012A5803006F
:107110001799020580F30008330182E002F33799E2
:10712000020052170008330116D8030017A6010FFA
:107130005A070017A4010CD8030017A10068DE92BB
:10714000F4282F00E05E6702179903BFDE02F00803
:1071500038010DD8030017A10068DE92F4286D00F5
:10716000E05E6704179903BFDE02F008380110588B
:10717000030017A60068DE9B00C8380181DA03000F
:1071800017A100B85E86C017A10281DE8700086DD6
:1071900000885E6700778000E000AEF0106401AA0E
:1071A000DE650048020068DE9B00485202078187C6
:1071B000000845006DDE030C08450285520F0008EB
:1071C000450298523B0008450181E0050068030034
:1071D000E05E000B37A300E05E8F0097A300E04164
:1071E000870077A200025E02F00D8A00E820AB0162
:1071F000082A01BC602307978100885E970077A169
:1072000000E85E86F4B06301BC60070E17A100E0E1
:10721000418EF4306300B056170017A100B0561B22
:107220000017A20068DE86D0486D0068DE8AD0684C
:107230006D00025E02F00D5F01BC60230750640127
:10724000BC624F0017A200025E02F00DB200685E41
:107250009B00486A01BC621EF471E00068DE9B007E
:10726000C85D01BC611300B7A1020600F300085914
:1072700001BC601300B7A101BC60030011EE00B0B7
:107280005E6B0011EF0192E00EF431EC03BFDE0201
:10729000F0086A00685E9B00685F0068DE9B00A8DB
:1072A0006A019860063D11E800E020AF00882B00DD
:1072B000E820AB00882A01BC60030011EA0068DE08
:1072C0005F00486500B05E6B0011EB0192DE5E3D31
:1072D00011E8018760023D11E80068DE9B00A869A3
:1072E000018760063D11E8019860163D11E80181B3
:1072F000E00500480201AADE6500480203BFDE0285
:10730000F0087201BC620F0011E001BC60030011C3
:10731000E40181E00100680301BC600F0011E80195
:10732000BC60030011EC0200200F00087900E0208F
:10733000AAF3482A00B020AF00102500E820AA04D4
:10734000A82A006AA0AB01C87901B860060490249D
:107350000182E006F297940188600A00900401BC63
:10736000600318779503A0DE02F0088600685E4F80
:1073700006A88B0138520300178000B05E5F00172B
:10738000810203DEB700088500685E0700088401FB
:10739000BC600301778001BC600300378103BFDE5E
:1073A00002F0088501BC600301578000025E02F014
:1073B00000DB0068DEAB00488B00A05E4F0477A1C5
:1073C00000685E87004A3B00685E87044A3B03BF53
:1073D000DE02F00C030386DE02F00A900287C0375B
:1073E000000A8F00025E02F0119200025E02F00FAE
:1073F0003503035E02F0088B03A9DE02F008970054
:10740000025E02F0119200025E02F00F35020740A8
:10741000370008910386DE02F00A900287C0370029
:107420000A8F00025E02F00C7A006E40300208C241
:107430000301DE02F008C20068DEAB0008A9032BDE
:107440005E02F0089D00E0022B00208A03BFDE02EE
:10745000F008A1028052170008A000E002430020BB
:107460009003BFDE02F008A100E002570020950063
:10747000685E4F040B7200685E4F028B7200685E9C
:107480004F0209F200685E4F048A3400685E4F05BF
:107490000BF400685E4F060BF400685E4F068BFD30
:1074A00003BFDE02F00C030068DEAB0028BA032B3A
:1074B0005E02F008AD00E0022F00208B03BFDE0269
:1074C000F008B1028052170008B000E00247002027
:1074D0009103BFDE02F008B100E0025B00209600DD
:1074E000685E4F06A9C600685E4F042C1B00685EEC
:1074F0004F04AC1B00685E4F05AA4100685E4F0652
:1075000029C600685E4F052BF200A05E4FFF77A1F1
:1075100000685E87072C0E03BFDE02F009EB00E077
:10752000021300208403BFDE02F009EF00E0020F27
:1075300000208301BC60030011EC01BC600F00114E
:10754000E80284C03B00086D0184E006091048038E
:10755000BFDE02F0086D0200C09300000203A35ECC
:1075600002F008C603C35E02F008C503BFDE02F0E6
:107570000AFC00025E02F0119200025E02F00F357A
:107580000207C0AF0008CA020740370008C601075B
:10759000C0AF0017A100B85E870037A101825E86E8
:1075A0000D906C00B0447F00080401836002091054
:1075B000480287C037000A8F0386DE02F00A900077
:1075C000025E02F0119200025E02F00F3503435E8C
:1075D00002F008CF0287C037000A8F020081B30093
:1075E00008ED01806006F297940301DE02F008EDD9
:1075F0000138520300178000B05E5F0017A400023C
:107600005E02F0130B01BC602F0657A400E05E86FB
:10761000F4906500E05A0300368003B05E02F00883
:10762000E100E0020700208103BFDE02F008E20073
:10763000E00203002080028481B30008E70184E0B7
:10764000040D806C01BC600300006E01BC6003008F
:10765000006F03BFDE02F008EC00E8523AF7B7A172
:1076600000E85E870217A100905E870097A100E105
:1076700001BAF4206E00E081BF00006F00B0523B01
:107680000017BD0301DE02F00903028081B3000888
:10769000F003305E02F0090301BC601B1F5065005F
:1076A000E04194DF3065012D406B0017A200885E39
:1076B0008B0137A20138402B00168002884027003A
:1076C00008F701846006D0168000B05A02F4568094
:1076D0000205C0270008FA0187E006D0168001BC29
:1076E000601B0DD7A100025E02F000CE00B0406723
:1076F00000168101BC601B0DF7A100025E02F000C4
:10770000CE00B0406700168200E01BE70066F9007B
:10771000691BE701890301BC60030006F9020081CF
:10772000B3000905020501B3000B000280200F0021
:107730000907006E40300209C10381DE02F0091121
:1077400000E0021700208503A9DE02F0090D018484
:10775000E0060910480180E0020910480184E002B7
:10776000F7F7BF0386DE02F00A900180600500484B
:107770000201806006F2979403BFDE02F0098F01D8
:10778000836002F7F7BF0386DE02F00A90032B5EE8
:1077900002F0093703A9DE02F0091A0068DEAB0027
:1077A000493700B0523B00179F00B0523B0017BE54
:1077B00001BC600300280E03BFDE02F00937028718
:1077C0005E5300094403A0DE02F0092603BFDE0277
:1077D000F006C20182E0060D906C0190600A09106B
:1077E0004800B0523B00179F00B0523B0017BE014B
:1077F0009E5E8300B0EB0106520F0017A100B85E39
:10780000870037A10182DE86F577AB01BC610300FA
:10781000308000E8523AF3F7A2006BD23AF3E9293C
:1078200000E85E7E91D7A200905E8B0097A101BC1C
:10783000602301D064006B523AF3E93401185E878B
:107840000017A2010A5E870017A300886006F4579C
:10785000A200E04192F4706400B05802F4560000B7
:107860006BDEFA91C93700B0523B0017BE03BFDE92
:1078700002F0093700025E02F0120200B0203B0065
:10788000280E00B0523B00179F0320DE02F009448F
:1078900002075E5300093B0180E00209104803BF64
:1078A000DE02F009440068DE5F000941021A540755
:1078B00000093F0103C0270017A101825E8610D096
:1078C000860102C0270017A100E0422AF4308A0195
:1078D00080E00500480203A9DE02F0094400B05E22
:1078E0004700108001085E4F0017A100685E870006
:1078F000296303AB5E02F0096702005217000955C5
:107900000068DEAB00494A00E00253002094028682
:107910005E5300098F0284520F000B000284D20FC5
:1079200000094F03AC5E02F0095303BFDE02F00909
:107930005C032C5E02F0095C00685E4F0409530191
:1079400006D20F0017A101845E86F2979400685E4C
:107950004F02098F03BFDE02F0097F031EDE02F033
:10796000095903315E02F009590068DEAB0049593C
:1079700001846002F297940068DEAB00495E00E08B
:10798000023F00208F03BFDE02F0096100685EAB9A
:107990000049610280522F00098F0202410700094D
:1079A0006100685E4F04098F00685E4F02898F0294
:1079B000044107000B0003BFDE02F0098F032B5EBA
:1079C00002F0098F00685E4F05A97F00685E4F05D1
:1079D000297F03BFDE02F0098F0068DEAB00496F2C
:1079E00001BC6003000ABD01826002F5D7AE0280CF
:1079F0005EFF00096D00682B6F00096F00E04465B1
:107A00005B4ADB00682B8BFFC96F00E02B8B002AE1
:107A1000E202065E5300097200E002630020980350
:107A2000BFDE02F0098F0323DE02F0097A0129503C
:107A30000B0017A30068DE8F05297A0187E002108A
:107A400070830184600209104800B05E870017A1AE
:107A5000006EE00300297903D1DE02F0097A0068A4
:107A6000DEAB00497C00E0022700208900685E4F01
:107A700000098F00685E4F01098F00685E4F05891D
:107A80008F028047C70009BF0329DE02F009850184
:107A900002DEAF0017A10106520F0017A200385EE8
:107AA00086F4498F0182DE8AF577AB00B05223005D
:107AB00011F200B052270011F300B0522B0011F464
:107AC0000106520F0017A100E05E870031F500B0FB
:107AD000005B0011F000B047C30018000134C7C7B5
:107AE0000017A1006EDE8402A98F01BC600308109C
:107AF000420283C10700099102805E53000B00001F
:107B0000B040330017A10108A00F0017A200685E63
:107B10008B00699900E840310577A10281200F00B0
:107B2000099900B020AF0017A10280A00F000999A9
:107B300000B05E630017A1006E5E840209C100B050
:107B40005E870007FA018160010048020202C0134B
:107B500000099F00E05E840347FA01816005004848
:107B6000020201200F0009BA01035E530017A101B0
:107B700087DE850048020386DE02F00A9000025E7E
:107B800002F0119200025E02F00F3503855E02F0F2
:107B900009A2018E60023D11E80107C7830017A109
:107BA00001825E850048020201A00F0009AC0103BA
:107BB000C7970017A101825E8500680300B0204BC3
:107BC0000017A1018E5E850068030207C0AF000C9C
:107BD0005E01BC60030011EC01BC600F0011E80104
:107BE00084600500680300B040270007FC00B04037
:107BF0002B0007FD00B0406B0007FE00B0406F0097
:107C000007FF0184600500680300025E02F00C7A41
:107C100001BC63FF1FD7A800025E02F00D4E0002F8
:107C20005E02F00C5E01A8600A0090040201200FC1
:107C30000011ED00A8401300500403BFDE02F0065F
:107C40002000E002870020A103BFDE02F009C2008D
:107C5000E0020B00208203A9DE02F00B0001846029
:107C6000060910480184E00609104803BFDE02F04F
:107C70000B00032B5E02F009E30068DE4F06A9CA81
:107C800000E0023B00208E03BFDE02F009CB00E0E3
:107C9000023700208D0323DE02F009EB0068DE4E80
:107CA000F1C9EB0187E002107083018460020910C2
:107CB0004800B05E870017A1006EE0030029D103E1
:107CC000D1DE02F009D200685E4F0629E101BC60F6
:107CD00003000AA603295E02F009D70203DEB300FF
:107CE00009D80191601A84F4270183E002F597AC6A
:107CF000020200BF0009E00203456F0009DB0185B5
:107D0000E0062B715B02045EB30009E00187E0022C
:107D10001070830183E00209104800025E02F01136
:107D20003103BFDE02F009EB0205500B0009EB0145
:107D300082600609104803BFDE02F009EB028700EB
:107D4000C30009E80068DE4F06A9E80068D2130006
:107D500009E801BC600300118301BC6003001182CB
:107D60000068DE4F0629EB00E0024F00209303BFBE
:107D7000DE02F009EB03AB5E02F009ED02044107FD
:107D80000009F0028341070008C203BFDE02F009C8
:107D9000F0028441070008C201806006F297940354
:107DA000BFDE02F008C2039F5E02F009F5039EDE0B
:107DB00002F00C0302035E53000C03020481430033
:107DC00009F9010001630017A10102C0270017A2F1
:107DD0000038DE86F449EF03AB5E02F009FB0200D7
:107DE00052170009EF0280522F0009FD03335E0293
:107DF000F00C03023C523F000A0E013C523F0017B8
:107E0000A10068DE84048A2E01BC600316106401A0
:107E1000BC601F16106500685E87002A0A00B05A11
:107E2000030017A20068DE8AC00A2E00E041970016
:107E3000306500E0419300306400E85E870057A1A0
:107E4000006A5E87002A0300685E87000A0F013817
:107E50005A030017A1013858030017A20068DE86F4
:107E6000F44A2E03BFDE02F00A0F0285C107000CA0
:107E70000301BC601F15F06501BC600305B7A400D9
:107E8000025E02F0010C028000C3000A2E01BC60F9
:107E90001310D7A600E0017F00B7A5006D5E96F431
:107EA000CA1701BC60130957A500685E940BCA325B
:107EB00000B0017B00106500B052270017A200B08F
:107EC000522B0017A3006841940BEA220068DE8E53
:107ED000D04A1E00685E8AD02A2E00E0419700B08A
:107EE00065006D4196F4CA1B01BC6013095065031F
:107EF000BFDE02F00A1B00E0028B0020A200B001EE
:107F00007F00106500B0522300168000B052270099
:107F1000168100B0522B00168201BC5202F2F7A16A
:107F200001A95E02F43683009044670116840202C0
:107F300081AB000A2C0068DE9305AA2D018460063F
:107F4000D0968400B05E9700005F020781AB000A04
:107F50003001806006F2979403AB5E02F006DA030C
:107F6000BFDE02F008C200E0028F0020A303BFDEE4
:107F700002F009EF039EDE02F00C0303AB5E02F099
:107F80000A37020052170009EF03335E02F00C03B8
:107F900001846006F2979403AB5E02F006DA03BF39
:107FA000DE02F008C203835E02F00A3E00025E02B7
:107FB000F01192006D4033038A3B006D403303891A
:107FC000EF032B5E02F00C0703BFDE02F006DA03BC
:107FD0002B5E02F00A4400E0023300208C03BFDE77
:107FE00002F006DC00E0024B0020920103C02700F3
:107FF000178101825E0503178100025E02F00D3CCD
:10800000008800230037A200E05E8800F7A200E0AD
:108010005E86F451890186E00630118003BFDE02DE
:10802000F009EB03A2DE02F000AE03A3DE02F00AC9
:108030006A00E001FF00207F01BC60030017A3037A
:10804000BFDE02F00A6C018760040310A001BC606F
:10805000030051E400B0479300180001BC60030224
:10806000900401BC620F0011E001BC600F0131E817
:1080700000B047A300180001BC600F0011E801BC6C
:1080800060030131EC00B047B300180001BC60038D
:108090000011EC018460060910480020601E090AE6
:1080A0006100E001FB00207E03BFDE02F00A7201E6
:1080B000BC60030ED7A1011400630017A200E05EAC
:1080C00086F4506500E05A03003680020300C700C2
:1080D0000A6703A95E02F00A6C0291509F000A6BC6
:1080E0000191601A84F42703BFDE02F00A6B00E0FE
:1080F00001FF00207F01BC60030037A30323DE02E1
:10810000F00A720183E00209104801846002F597C9
:10811000AC01BC600300178E0187E0021070830180
:1081200082600209104803D0DE02F00A7303D05EB9
:1081300002F00A740182E00209104803D5DE02F061
:108140000A7601BC60030010B401BC600300F7A113
:10815000006800A7000A7A0185421AF437A10002DC
:108160005E02F000CE00B040670017A501BC63FFBF
:108170001FF7A200025E02F000D4008860070157DA
:10818000A400B85E86F497A100025E02F000D4025B
:1081900083C21F000A8100E044670117A102044561
:1081A00023000A86006B4466F42A8300025E02F014
:1081B000117900685E8F000002006801B3000A8A2E
:1081C00001BC60030004EE03BFDE02F00A8D002054
:1081D000E01E090A8D00B05E9700142E03BFDE0278
:1081E000F002F700A8412300F04803BFDE02F000D0
:1081F000020183600209104801BC600700104200C0
:108200006E4030020A9300E0027700209D00025E7B
:1082100002F012BF03A35E02F008C203C6DE02F042
:108220000A960184E00609104803BFDE02F00B0045
:10823000006820E3000A9E00E844650717A101BC1E
:10824000609F0217A2006D5E86F44A9E01BC600327
:1082500000083800025E02F00B1F0020E102090056
:108260009B0020628A090AA200025E02F0119203BA
:10827000BFDE02F0009B0284452300009B03915E59
:1082800002F0009B0396DE02F0009B03965E02F074
:10829000009B00025E02F00B1F01BC600300602027
:1082A00000680173000AB901BC60130890E600027F
:1082B0005E02F0010000B0446700083800B00173AE
:1082C0000010E401BC600300000601BC6003000074
:1082D0005C01BC600301D78201D2DE087570E0004A
:1082E000B00EB30010E100B0004700108600B00EE1
:1082F000CF00108A01BC600300378100025E02F0EB
:108300000D2F0190600A09104801BC610300308004
:1083100003BFDE02F0000201BC60030030420187AF
:10832000E00224712300025E02F0109401BC60039D
:1083300006778000680DEF000AC000B00DEF00174F
:108340008100025E02F00DE603975E02F00B30033F
:10835000125E02F00AC001BC600300402001BC6153
:108360008300112500B0007B00112701BC600702CB
:10837000578000025E02F00DE100B05E07000B3096
:1083800001BC600702778000025E02F00DE100B0E0
:108390005E07000B3101BC60130997A100025E0269
:1083A000F000CE00B04067000B6301BC60130940D1
:1083B0005E01BC601309405F0180E006F5D7AE01A5
:1083C00007C1070017A101805E86F577AB01BC608D
:1083D0000F0011E801BC620F0011E000025E02F024
:1083E0000AE201BC61CF0C105C01BC600300105DAF
:1083F00001BC61CF01F05E01BC603B0AF05F00028E
:108400005E02F0105801BC6003000835020300C78B
:1084100000001301BC600300060201BC60030006FB
:108420000701BC600300060C01BC600300061103D9
:10843000BFDE02F0001301BC60030010480185E0BC
:1084400002F5B7AD01BC63FF1FF05401BC63FF1F11
:10845000F05501BC63BF1FF05601BC63FF0FF0571E
:1084600000025E02F012BF0187E00624712301BC06
:10847000600300105401BC600300105501BC600390
:1084800000105601BC600300105701BC600F0020B3
:10849000170106C1070017A101825E8402E01701DF
:1084A0000741070017A100B85E870037A10180DEF1
:1084B000870000160002DE02F000000285C03700CF
:1084C000000200025E02F0119200025E02F00F351F
:1084D00002864037000AF500E0021B002086038672
:1084E000DE02F00A900287C037000A90015860034C
:1084F00000102A01BC600300900400B04013001774
:10850000A103BFDE02F0001301B8600A0490240347
:10851000AA5E02F00B030158600300102A01BC6040
:108520000302900400B040130018000183600209A8
:10853000104801BC60030051E400B04793001800EC
:1085400001BC620F0011E0018060010068030002BD
:108550005E02F00F3503855E02F00B0A01BC620F6C
:108560000011E001BC600F0131E800B047A3001822
:108570000001BC600F0011E801BC60030157A100BD
:10858000E85E870037A10068DE87000B1101BC6040
:108590000302900400B0401300180001BC60030106
:1085A00031EC00B047B300180001BC60030011ECCF
:1085B0000324DE02F0062001866006F577AB000298
:1085C0005E02F00B1F0180600610308100B05E87F4
:1085D0000017A10180600210308103BFDE02F006A7
:1085E0002001BC610300108000B0420300180000AD
:1085F0006EE003002B2203505E02F00B2500015EAB
:1086000002F0000003BFDE02F0031401846002F5F3
:1086100097AC00A8412304F0480182600209104889
:108620000206DEAF000B2B03D5DE02F00B2B03504E
:10863000DE02F00B2901BC60030010B40284C78382
:10864000000B2E01BC600B0011E0018E6002F5777B
:10865000AB0002DE02F0000003A2DE02F0009B028B
:10866000BC4287000B3701BC60030037A401BC602B
:10867000031FF7A3011400630017A200886006F42B
:1086800057A203BFDE02F00B3C008860070117A46D
:1086900001BC63FF0017A3011400630017A200E0F0
:1086A0005E8B0117A200886006F457A201BC60131C
:1086B00011106501BC601B02506401BC600300170F
:1086C000A50020C286F48B4600E0419706D06500E5
:1086D000E0419301F06400E05E970037A500885EFA
:1086E000930037A400205E92F46B6503BFDE02F0B6
:1086F0000B3F0068DE92F44B4B00680083006B4B2D
:1087000003A0DE02F00B4B0020C123160B40000239
:108710005E02F00B1F006DDE93200B61020300C7A9
:10872000000B55006DDE97008B5501BC60030016F1
:108730000801BC600300160901BC600300160A01B1
:10874000BC600300160B01BC600300160C01BC608A
:108750000300160D01BC600300160E02005AC30090
:108760000B60023C5A9F000B6000680083006B6046
:108770000385DE02F0009B03855E02F0009B03A2EE
:10878000DE02F0009B03A3DE02F0009B0397DE02F3
:10879000F0009B00B041970010600191600A84F4E2
:1087A0002703BFDE02F002F701806002D616B00098
:1087B000B05E930010A101836002F7F7BF01BC60B7
:1087C0000300304303BFDE02F00B400068808300EB
:1087D000609B03BFDE02F00AC10283C21F000002D9
:1087E00000B05E870017A103D0DE02F0052701BCB0
:1087F0006003041042039EDE02F0001300B05E3FEF
:1088000000114501BC600300178F00B05E430017E4
:108810008500B05E0F00179000025E02F00B1F0390
:10882000BFDE02F00013006D40330589F003AC5E3B
:1088300002F00B7700685E4F028BAE00E00267002B
:10884000209903BFDE02F00BAE00685E4F028BADD5
:1088500000E0025F00209701856002F5B7AD01825C
:108860006002F5D7AE01BC6003000ABD039F5E0243
:10887000F00BF0039EDE02F00B8C0321DE02F00B06
:108880008C00E0026F00209B00025E02F00B1F01D3
:10889000866002091048018060020910480181E0E9
:1088A0000209104801BC60030210420280441F000C
:1088B0000B8B00B05E3F00114501BC600300178FB9
:1088C00000B05E4300178500B05E0F00179003BF35
:1088D000DE02F00B8C00A044B6F07145039F5E02EF
:1088E000F00BF0028200C3000BAD03335E02F00B0D
:1088F000AD00B000730017A100E05E86B017A100C4
:10890000E15E7AF4379E00E1DE7700179D00E1DE3C
:108910007300179C00E0DE6F00179B039EDE02F0E1
:108920000B9D006E5E6E924BF0006D5E6E924B9DE5
:10893000006E5E72922BF0006D5E72922B9D006E47
:108940005E76920BF0006D5E76920B9D006DDE7A86
:1089500091EBF000B0446700083400B0446B0008AD
:108960003300B0446F00083200B044730008310097
:1089700068A0D2232B9D00E920D2F3D79E00E9A066
:10898000CEF3B79D00E9A0CAF3979C00E8A0C6F318
:10899000779B00E15E7A91F7A100B05E8700111924
:1089A00000E1DE7692111A00E1DE7292311B00E0E6
:1089B000DE6E92511C0068DE86232BA601BC60038C
:1089C000000BF1031EDE02F00BF000685E4F028B1D
:1089D000F001BC601F16B06501BC60030097A400E5
:1089E000025E02F0010C0068DE93008BDD02850060
:1089F000C3000BDD0207C197000BB8013C5A0F0002
:108A000017A201BC5A12F457A203BFDE02F00BB941
:108A100000B05A0F0017A201BC6003001132032CF2
:108A20005E02F00BBF0280441F000BDD00B05E8BC6
:108A300000118601A5E00E30118003BFDE02F00BAD
:108A4000DD03335E02F00BD6029B402F000BD602F3
:108A5000004407000BD00200C407000BCA02814487
:108A600007000BDD0182E00701901000B0522F00DB
:108A7000101100B0523300101100B0523700101125
:108A800000B05E8B00110F03BFDE02F00BDD018230
:108A9000E00701301000B0522F00101100B0523327
:108AA00000101100B0523700101100B05E8B0011A1
:108AB0000D03BFDE02F00BDD0182E00700D01000E5
:108AC000B0522F00101100B0523300101100B052FC
:108AD0003700101100B05E8B00110B03BFDE02F0F7
:108AE0000BDD0333DE02F00BD900B05E8B00110BFF
:108AF00003BFDE02F00BDD03345E02F00BDC00B0DE
:108B00005E8B00110D03BFDE02F00BDD00B05E8B4B
:108B100000110F031EDE02F00BF0039F5E02F00B4C
:108B2000F000685E4F028BF003335E02F00BF00141
:108B3000BC601F16B06501BC600300B7A400025EF4
:108B400002F0010C0068DE9300ABF00207C1970051
:108B50000BE9013C5A07001788013C5A0B0017A18A
:108B600003BFDE02F00BEB01385A0700178801380B
:108B70005A0B0017A101845E86F297940187DE8666
:108B8000249124020680F3000BF001846002F29726
:108B9000940187E00224912403AB5E02F006DA031D
:108BA000BFDE02F008C2032B5E02F009EF03BFDE56
:108BB00002F006DA03AB5E02F00BF7032C5E02F064
:108BC00009EF03BFDE02F00C0700B052230011F2E0
:108BD00000B052270011F300B0522B0011F401BC79
:108BE00060030091F500B0005B0011F003BFDE02EE
:108BF000F006DA0138523F0017A102065E53000C5E
:108C0000000138524B0017A10068DE87008C030377
:108C1000AB5E02F006DA03BFDE02F008C20068DED7
:108C20004F020C06020781AB000C0601806006F2C1
:108C3000979403AB5E02F006DA020000F3000C0C1E
:108C40000206DE53000C0C01185E830017A10068B9
:108C5000DE8700AC0C01BC600B02514202005217CF
:108C60000009EF03BFDE02F008C201BC600300117F
:108C70008301BC6003001182032C5E02F00C13011F
:108C800099E00620110003BFDE02F00C1701194025
:108C90002F0017A100685E870009EB0199DE86208E
:108CA000110003315E02F009EB00A05E3B0097A2C9
:108CB00000205E4EF449EB0184600209104803BFB6
:108CC000DE02F009EB032B5E02F009EB0068DE4FD9
:108CD000042C2000B0523300179F00B0522F001018
:108CE000EB0281522F0006C200E002AB0020AA0274
:108CF00081522F0009CB03295E02F00C260203DE0D
:108D0000B3000C260191601A84F4270183E002F578
:108D100097AC0208522F0006DA03BFDE02F008C249
:108D200001BC600300106701BC60030010460180B5
:108D3000E0060930490282C11F000C3001BC602FDF
:108D40001FF06501BC600300168000E84197003009
:108D5000650069C197000C2D01BC600B00179401E0
:108D6000BC60030017AB01BC60030017AC01BC6022
:108D7000030017AD01BC60030017AE01BC60030027
:108D800017BF01BC600300202001BC60030017A1D5
:108D900000025E02F000CE01384067000028011C8E
:108DA000406700002901BC600300504901BC60031A
:108DB0000017A701BC60030017A801BC60030017DF
:108DC000A901BC60030017AC01BC60030017AD0132
:108DD00082E0060F10780206C1E3000C42006880B2
:108DE000A7000C4503BFDE02F00C46006880A70018
:108DF0008C4601BC600B1AE00001BC603303E0014B
:108E000001BC621702C00201BC600300000301BC88
:108E1000600300000401BC60530D800501BC601FAD
:108E200014106101BC601317D06001BC600300081E
:108E30002900B05E0F00178500A044B6F07145020E
:108E40008741D7000C5101BC6003000BF001BC60EE
:108E50000300107D01BC600300107C01BC60630056
:108E6000107B01BC600300107A01AC607F001075BC
:108E700001BC63470897A10068C1DAF42C5D011AB0
:108E800041DF0017A10068DE87016C5D01BC637BD8
:108E900015ABF003BFDE02F00AA701885E5CFF8716
:108EA000FC01BC601F1F500701BC6003019008015A
:108EB0008860060090040386DE02F00A900305DE57
:108EC00002F00C620386DE02F00A900385DE02F0F7
:108ED0000C6400B05E870017A1006EE003002C68F0
:108EE0000386DE02F00A90006EC0146F2C6B01BC8A
:108EF00060070010420207C0AF0007810002DE02D7
:108F0000F0000003215E02F00C7100E02066F428FE
:108F10001900B0206700178B03BFDE02F00C790246
:108F20008150C7000C76011C509F00178B00E05E3B
:108F30002EF4378B019C5E2E84F42703BFDE02F0F3
:108F40000C79011E509F00178B00E05E2EF4378BCA
:108F5000019E5E2E84F4270002DE02F0000001076D
:108F6000402700082800E020A30028280002DE0295
:108F7000F0000000B05A0300101F00B05A070010A4
:108F80002000B05A0B0010210180600700101D0264
:108F9000804077000C810002DE02F000000187E0D3
:108FA00002F577AB03915E02F000020020E3FE09B8
:108FB000000202815E53000C8F0283411F000C8966
:108FC0000281DE53000C9501BC600300115101BC0D
:108FD000600300115201BC620300115301BC600325
:108FE00000515001896006F2979403BFDE02F00041
:108FF000020280C54300000201F0C547001156017E
:1090000007C5470017A101F0C54AF4315501896031
:109010000AF2979401BC60030810470392DE02F045
:1090200000020068C0170000020204C1070000022D
:10903000039EDE02F00C9D03B8DE02F0000200B0D9
:10904000017F0017A10068DE840BC00203BFDE02AF
:10905000F00C9F0203DE530000020068DE23000CC8
:10906000A002845E530000020287C4930000020243
:1090700082DEBB000CA300682B07000CA600682B47
:109080008FFFE00200B02AF70017A1006DDE8556C1
:10909000000200B0012B0017A30282DEBB000CA966
:1090A00000682B07000CAA00E05E8D5C77A300B07F
:1090B000440B0017A100B0440F0017A200E95E8620
:1090C0002337A100E8DE8A2357A200E95E86F46810
:1090D0001400E8DE8B00081500B0441F00180000E3
:1090E0008844230157A30090442300D7A4006E5E58
:1090F0008AF48AD4006DAFC7002CCA0068816F0063
:109100000CB800685E23002CCA00680027002CCA37
:1091100000E85E230037A10069DE87000CBB00E099
:109120005E840137A1013C016F0017A50068DE973E
:10913000000CC20138016F0017A500685E97000C93
:10914000C600E85E970037A100685E87000CCA037E
:10915000BFDE02F00CC600E85E970037A50080DE97
:10916000940137A500E05E860DB7A100685E870018
:109170000CCA00E12052F4681400E0A056F48815EF
:1091800000E85E870037A1006A5E87000CC601BC5C
:10919000610300112300692057000CCE0180E00616
:1091A000F2979403BFDE02F00CD00180E002F29748
:1091B0009403BFDE02F0000200684127000CDA02CF
:1091C000844523000CD100B044670017A100E84497
:1091D00066F437A2006D5E8B004CD30392DE02F082
:1091E0000AD400025E02F0109800025E02F00DF157
:1091F00000025E02F00DEC00025E02F00DFC01BC0C
:10920000600F0011E8031EDE02F00CE101BC6003F8
:1092100000105C01BC600300905D01BC6053041051
:109220005E01BC600300105F03BFDE02F00CE501CD
:10923000BC600B00105C01BC600300905D01BC6071
:109240004304105E01BC600300105F01BC600300BA
:109250008020028500BF000D2000B0205300115176
:1092600000B02057001152006E20522A8CED006889
:10927000A057000CED00E0205223281603BFDE02A9
:10928000F00CEF00B0446700081601BC6003003129
:109290005001BC60030C90400000DE02F0000000B2
:1092A00068C103000CF402804543000CEF006B44DE
:1092B0006502CCEF01BC60030011500284454300FD
:1092C0000CF500B044670017A100685E86232CF7F8
:1092D00001BC600300402000E920522A37A100E8C9
:1092E000A0562A57A200E14466F4311900E1C46A8D
:1092F000F4511A00E1C46F00111B00E0C4730011A7
:109300001C00B0441F001800008844230157A3002C
:1093100090442300D7A400B0440B0017A100B04430
:109320000F0017A200E95E862337A100E8DE8A233A
:1093300057A20069DE8B000D0E00E1440AF47102B1
:1093400000E0C40EF4910300E02AF7002ABD00E813
:109350005E230037880069DE23000D0200E8002745
:1093600000378803BFDE02F00D0201866002201183
:10937000000200DE53000D220180E002F29794000B
:10938000025E02F00DEF01BC600300104003BFDE7F
:1093900002F00D15020080C3000D1900E0446409BD
:1093A00057A100E85E862137A1006CC466F42D1732
:1093B00003BFDE02F00D2200E8012A21281401BCBF
:1093C000600300081500B0205300115101BC600378
:1093D00000115201BC600300315002804543000D72
:1093E0001E03BFDE02F00CF901BC60030010400058
:1093F000B0012B0011090068AAE7000D240000DE6F
:1094000002F0000003565E02F00D2600025E02F03C
:10941000015000B0012F00110901BC61CF0C105C9C
:1094200001BC600300105D01BC61CF01F05E01BCB6
:10943000603B0AF05F00025E02F00DF800025E027F
:10944000F00E0100025E02F00DF503BFDE02F00A2D
:10945000D401885E0610D08601025E070017A101C4
:10946000825E8610D08601BC600306778000B00D56
:10947000EF0017810288421B000D3600B00DEB0093
:10948000178100685E07000D3800025E02F00DE6ED
:10949000020B421B000D3A03BFDE02F00D3B018BB5
:1094A00020A210D0860002DE02F0000000B05413AB
:1094B0000017A10200DE07000D4300B0418B001031
:1094C0006501BC600301D7A100025E02F011BD007E
:1094D000E05E8400F7A103BFDE02F00D48020480C5
:1094E000F3000D4802025E07000D4802805E07008F
:1094F0000D480090001B0037A200E85412F457A159
:109500000002DE02F00000020400BF000D4C000269
:109510005E02F00EEF03BFDE02F00D4D00A044B678
:10952000F0B1450002DE02F00000020000BF000DB5
:109530005E0068AC0F000D5E00E05EA30037A8007F
:109540006D5EA005CD5E00B02CB70017A100025ED5
:1095500002F000CE00B040670017A20068DEA3FF53
:10956000ED5B00B05E8965D7A2006D00A7008D5A43
:10957000006DA0A3004D5C03BFDE02F00D5B006830
:10958000A0A3000D5C00B85E8965D7A200025E0250
:10959000F000D401BC60030017A80002DE02F00056
:1095A0000000D85A030117A201B85A06F457A200C6
:1095B000B0560300083C00B0560700083D00B05606
:1095C0000B00083E00B0560F00083F00B0561300D5
:1095D000084000E05612F4484100B05A0300083A2F
:1095E00001385E8B00083B00B021070017A401BCC6
:1095F00060030017A200B0419300106500B85E92AE
:10960000D017A400E05E06F4506300F05E930017EC
:10961000A300F05E930077A400E05E8B0037A20009
:10962000B85E92F477A400E04192F4506500E056F1
:1096300002F4958000B056030017A4006EDE8B0084
:10964000AD6C00B85E92C0D7A200D85E8B0037A286
:1096500000E020F2F4483C00B020F30017A400B86A
:109660005E92C0F7A200D85E8B0037A200E020F621
:10967000F4483D00D820F70037A200E020FAF44873
:109680003E00D820FB0037A200E020FEF4483F0057
:10969000D820FF0037A200E02102F4484000D82182
:1096A000030037A200E02106F4484100B021070082
:1096B00017A200B85E8AC017A200905E8B0037A286
:1096C00001BC5E8907683B0002DE02F000000180F9
:1096D00060063C91E4018760063CD1E601A8600287
:1096E0003CD1E6018B60023CD1E600B05E8F0010F9
:1096F0006300B056030011E700B056070011E70001
:10970000B0560B0011E700B0560F0011E701A96039
:10971000423C91E401A860023CD1E6018B60063C2A
:10972000D1E600B05E8B00106301BC60030057A15E
:1097300002045603000D9A01BC60030117A100E06A
:10974000418EF4306300B056030011E700B05607B5
:109750000011E700B0560B0011E700B05E8B00105F
:109760006301BC600300B7A10204D603000DA4018D
:10977000BC60030117A102065E53000DA401BC608A
:10978000030197A100E0418EF4306300B05603005E
:1097900011E700B056070011E700B0560B0011E7C3
:1097A00001BC60030017A10206DE53000DAF00B03C
:1097B0005E8B00106302065E53000DAE00A0563FA4
:1097C00001F7A103BFDE02F00DAF00A0563301F791
:1097D000A100B05E870011E701BC60030011E70043
:1097E00002DE02F0000000685E9B00CDCC01BC6090
:1097F000070211E30068DE9B004DBF00E8478701C8
:1098000011E101BC60030011E201BC60030011E240
:1098100001BC60030011E201BC60030011E201BC65
:1098200060030011E201BC60030011E201BC6003AF
:109830000011E201BC60030011E200B06142F4518A
:10984000E000B058030011E200B058070011E20038
:10985000B0580B0011E200B0580F0011E200B058F0
:10986000130011E200B058170011E200B0581B00BD
:1098700011E200B0581F0011E200B05E9B0017A477
:109880000068DE9B00ADCA01BC60030077A40192B2
:10989000DE930217A30002DE02F0000001BC6007A5
:1098A0000011E300B058030011E200B058070011A6
:1098B000E200B0580B0011E200B0580F0011E200B6
:1098C000B058130011E200B058170011E200B05870
:1098D0001B0011E200B0581F0011E200E00146F049
:1098E000106401BC60070031E300B058030011E2CE
:1098F00000B058070011E200B0580B0011E200B0B0
:10990000580F0011E200B058130011E200B05817D0
:109910000011E200B0581B0011E200B0581F001106
:10992000E20192E01B0017A30002DE02F000000239
:109930008740C3000DE101866006F01030028640CA
:10994000C3000DE300B040C70017810002DE02F043
:109950000000028740C3000DE600B05E0700103132
:109960000186E006F010300002DE02F00000006820
:1099700000A70112FB03BFDE02F00E0000025E0230
:10998000F00DEF00025E02F00E010002DE02F000B8
:1099900000006800A70112C40002DE02F00000010E
:1099A000816006093049006800A7008DF400025E5E
:1099B00002F00E110002DE02F0000000025E02F072
:1099C0000E11018160020930490002DE02F0000040
:1099D0000188E00E09304900B0412700180000B0AE
:1099E000002B0010020002DE02F0000001BC600348
:1099F0000010020182E0020F107801BC6003001029
:109A00004900B041270018000002DE02F00000000B
:109A10006800A7010E020280DE53000E0801BC6040
:109A2000130777A100025E02F000CE0190600203EE
:109A300037A200025E02F000D40002DE02F0000055
:109A400001BC60130797A100025E02F000CE0190F6
:109A5000601E0337A200025E02F000D401BC601356
:109A60000777A100025E02F000CE0190601E03376E
:109A7000A200025E02F000D40002DE02F00000014B
:109A800000DE530017A60181DE9A09304900B0417B
:109A9000270018000002DE02F000000002DE02F0E3
:109AA000000000B044670017A2017D5E8A2357A31F
:109AB00000B01C770017A100B85E84E3D7A2025A59
:109AC0005E8B000E1E0180E006F4271E01825E867A
:109AD000F2979400B05E8F00071B02001C7B000E03
:109AE0006500E85E8CE377A2006D5E88E38E65001A
:109AF000E044670287210285C523000E620020E34F
:109B0000FE090E6201BC60130997A100025E02F01B
:109B100000CE0068C067000E6201BC60131617A17A
:109B200000025E02F000CE0068C067000E6201BC59
:109B3000601309D7A100025E02F000CE0068C06782
:109B4000000E6201BC63FF1FF7A10068DE862C2EA9
:109B50006202009C7B000E560180E000E3C71E01FC
:109B6000BC60230F57A100025E02F000CE00B0409F
:109B7000670077A400B05E930017A200025E02F0B7
:109B800000D401BC601B1B57A100025E02F000CE96
:109B90000181E0060337A20186E006F457A2000225
:109BA0005E02F000D401BC601714D7A101BC6003B1
:109BB00000B7A200025E02F000D401BC6017145787
:109BC000A101BC60031877A200025E02F000D4017C
:109BD000BC601714B7A101BC600300F7A200025ECD
:109BE00002F000D401BC60171077A101BC600F0423
:109BF00017A200025E02F000D401BC60171097A10A
:109C000001BC60030017A200025E02F000D401BC98
:109C1000601710B7A101BC600B0017A200025E0222
:109C2000F000D401BC601710D7A101BC600300177D
:109C3000A200025E02F000D401BC60171017A1015F
:109C4000BC600B0037A200025E02F000D401BC60D1
:109C5000230F57A100A85E930077A200025E02F0D6
:109C600000D401BC60171017A100025E02F000CE04
:109C700002004067000E5B006CC464E42E2203BF48
:109C8000DE02F00E6201BC60171277A100025E02D4
:109C9000F000CE0068C0671FEE6201806000E3C77D
:109CA0001E01BC600300904301806000E3C71E01F9
:109CB000826002F297940180E004E3C71E01BC6059
:109CC0000300071A03BFDE02F00E650002DE02F099
:109CD00000000201C11F000E7802855EAF000E6B0E
:109CE00001856006F577AB00B0446700082500B039
:109CF000446B00082600E9446504B7A100E8C46984
:109D000004D7A200D05E870077A101E1DE8AF43794
:109D1000A200E95E862697A100E8DE8A26B7A200A7
:109D2000695E8B000E7801BC610300113300E144D1
:109D3000DAF4313600E144DEF4513701856002F592
:109D400077AB01BC600301104701BC6003005043C6
:109D50000002DE02F0000000B0451F00178100B0D5
:109D600005B70017A601BC600704106401BC6013AE
:109D700011106501BC60030017A10205DEAF000EE3
:109D80009100B0580F00178000685E842C2E990255
:109D9000005E9B000E910280DA03000E87011858C6
:109DA0001F00178200E05E0B00378201985E0AC038
:109DB000F60703BFDE02F00E8A011A581F00178251
:109DC00000E05E0B003782019A5E0AC0F60701F0E0
:109DD000DE0300378000A05E02C0578000B05E0343
:109DE00000160300A044B6F0178200B05E0B001608
:109DF0000500E05E0AC0960603BFDE02F00E990081
:109E0000B0581300178200E85E06F057A5006ADE1E
:109E100097000E9700E85816F4B6050069D81700A9
:109E20000E9701BC600300160500B058170017A577
:109E300000E05812F4B60600E0419302106400E01E
:109E4000419706D06500E05E870037A100905E9BD9
:109E50000037A60068DE87008E7E01BC600300111B
:109E6000470002DE02F0000001BC600300016C014B
:109E7000BC600300016D01BC60070A106401BC6096
:109E8000030077A100B0428F00178000A05E03019D
:109E9000F78000B05E0300016E01BC63FF1FF7A2F4
:109EA0000068DE03000EAA01BC60030017A2008850
:109EB0006006F43781002005BAF02EAF0068DE8A14
:109EC000C0CEAF00E005B300216C00B005B6F021B4
:109ED0006D00685E03000EB300205E06F00EB90050
:109EE0006EDE8AC0CEB903BFDE02F00EB4006DDEB6
:109EF0008AC0CEB900B05E870017A300B0419300BE
:109F0000016600B0581B0017A201BC600300016C81
:109F100001BC600300016D00E8419302106400E899
:109F20005E870037A10069DE87000EAA00B05E8F51
:109F30000001650002DE02F0000000B0059B001089
:109F400064006E581B002EC200E0581B0031450310
:109F5000BFDE02F00EC300E8581B00314500B0051B
:109F60009B00016200B0059700016100B0580F002E
:109F7000178500B0580700178300B0580B001784EE
:109F80000118581F00178C011A581F00178D000266
:109F9000DE02F0000000B0059700178000685E0048
:109FA0002C2EEE01BC600300111201BC60030011F5
:109FB0001500B0059B00106402004523000ED80078
:109FC000B0451F00178100E80592F03780006ADE77
:109FD00003000ED600B05E0300114503BFDE02F0A1
:109FE0000ED901BC600300314503BFDE02F00ED97B
:109FF00000B0059300114500B0058300016900B071
:10A00000058B00016A00B0058F00016B00B0058769
:10A0100000016800B005AB00106502845A1F000EF5
:10A02000E200B05E1700168301985E32D0F6870119
:10A030009A5E36D0F68701846002D0F68700B005BC
:10A040009300016000B0059B00016200B0059F0015
:10A05000016300B0059700016100B0058B0010643A
:10A0600000B0580F00178500B0580700178300B0E4
:10A07000580B0017840198581EF1978C019A581EAE
:10A08000F1B78D03BFDE02F00EEE0002DE02F0003B
:10A090000000B0058B001064006E41932A0EFB0097
:10A0A000A044B6F0B7A100B05E8700160500E058E6
:10A0B00012F43606020000F3000EF8006D419328FA
:10A0C0000EF80200DEAF000EF801BC600B02514238
:10A0D00000B05E8700016F02015EAF000EFB00B0B2
:10A0E0005E1700160301816002F577AB0002DE0205
:10A0F000F0000002014523000F060287C493000F01
:10A100000601826002F5D7AE02012C43000F030066
:10A11000E02C4B002B1201816001620B1002055EE6
:10A12000B7000F0600E02AF7002ABD01856002F59E
:10A13000B7AD0002DE02F00000020200BF000F1403
:10A1400000025E02F00F360202DEB3000F0C0020A8
:10A15000428F000C8303BFDE02F00002028881AB55
:10A16000000F1402845EFF000F0A02845EB3000F2A
:10A170000A0282DEFF000F0A02822B4F000F12003C
:10A18000682ABB000F140284DEAF000F0A02835E50
:10A19000B7000F0A00B05E870017A10002DE02F0D0
:10A1A00000000182E002F597AC0203DEFF000F1E03
:10A1B00002844523000F1E02012B4F000F1E018059
:10A1C000E006F2979400025E02F00E110180E002B8
:10A1D000F2979400025E02F00E110180E002F29705
:10A1E00094028400C7000DEA03BFDE02F00DEC020A
:10A1F0000400C7000F280284C56F000F3402844595
:10A2000023000F2502004203000F3400685E4B0458
:10A21000AF3400685E4B06AF3400685E4B062F34E7
:10A220000182E006F597AC02844523000F2B03233F
:10A23000DE02F00F2C0183E006F597AC0180E0060A
:10A24000F29794028400C7000DEA00B02AF70017C5
:10A25000A2006DDE89560DEA02872B4F000DEC023D
:10A26000005EFF000DEA0287AB4F000DEC03BFDE7E
:10A2700002F00DEA0002DE02F00000020200BF0060
:10A28000104C00682B0B000F3B00E844655857A1A9
:10A2900001BC63F71D17A2006D5E86F44F3B00E81A
:10A2A0004466F44AC2006CC465576F3D00E84467D9
:10A2B000002ABB0280456F000F740203DEB7001056
:10A2C0004C0183E002F5B7AD0202DEB3000F43019B
:10A2D0008360062B915C00025E02F00F1602835E23
:10A2E000BB000F4600E845895BF7A1006E5E85550F
:10A2F000AF5B0204DEB7000F5700E02BB7002AED7A
:10A3000001BC6003000AEF00B02BB70017A20204E3
:10A31000DEFF000F4D006D5E895DCF4D0184E002D0
:10A32000F7F7BF0206DEFF000F5700E02BE7020A37
:10A33000F900B04467000B0401182BE70017A101D6
:10A340001A2BE70017A2006E5E87000F55006DDE26
:10A35000895F4F5503BFDE02F00F5701BC60030059
:10A360000AF90186E002F7F7BF02025EFF00104C17
:10A370000068AB0B00104C00B02AE7000AC20002D4
:10A38000DE02F000000182E002F7F7BF02025EFF8A
:10A39000000F68020600C7000F6102802BF3000F58
:10A3A0006100B02B4B0017BB006E2B22F7704C02E4
:10A3B000025EFF000F6800E845895BF7A1006DDED3
:10A3C00085614F6600E844656177A1006D5E856137
:10A3D0008F6800B04467000AC20002DE02F000008D
:10A3E0000204DEB7000F6E00E8446556CABE00E006
:10A3F0002BBF002AEF00B02BC30017A1006D2BBEAE
:10A40000F42F6E01BC6003000AED0068AB1700AFCB
:10A410007100B04467000AF700B0446B000AFB000B
:10A4200068AB17012F7300B04467000B130002DE06
:10A4300002F000000203DEB7000F8001BC600300E1
:10A440000ADF006D45871F4F7800B04587000ADF9F
:10A4500000E044655BF7BB00E85EEE2C2AB902829F
:10A46000DEB300104C0203C57300103E00E84465E3
:10A470005737A1006D5E8556B04C01836006F5D755
:10A48000AE03BFDE02F0104C01BC6003000ADF0027
:10A490006D45871F4F8300B04587000ADF00E04409
:10A4A000655BF7BB00E85EEE2C2AB901836002F51C
:10A4B000D7AE0183E006F5B7AD0184E002F5B7AD94
:10A4C00001826002F7F7BF01846002F5B7AD0101B8
:10A4D000456F0017A101875E86F577AB01BC60036D
:10A4E000000B0D00E844655737A1006D5E855ECF17
:10A4F0008D006D5E8556AF9100E02B83002AE00051
:10A50000B02AB30017B301BC600300117800B04556
:10A51000E300180000B045E7000ACC01BC6003006E
:10A52000317800B045E300180000B045E7000ACDDF
:10A5300001BC600300517800B045E300180000B092
:10A5400045E7000ACE018460000600300207AB3BFD
:10A55000000F9E0184600406003000B02B3300170A
:10A56000BB012A5EEF000AC501BC60131C57BB0289
:10A570001E2B33000FA5011E2B330017A60080DE13
:10A580009AF777BB00B041B70017B3006E2B1701E5
:10A59000EFA90088600558B7BB0020DEED5D4FAC29
:10A5A00003BFDE02F00FAF00E82B170217BB0088D5
:10A5B0006006F777BB00205EED5D6FAF018460063B
:10A5C000F5B7AD020480C3000FAF0184E00561ABB5
:10A5D0000D006E2B1701EFB30088600558B7BB0064
:10A5E00020DEED5B8FB603BFDE02F00FB700E82B75
:10A5F000170217BB00886006F777BB00205EED5B93
:10A60000AFB70184600561AB0D0068AB1700AFC147
:10A6100002075EFF000FC1012C2B3B0017A3006D4A
:10A62000DE8D612FC100685E8F000FC10280AB37E5
:10A63000000FBF0183600561AB0D03BFDE02F00FA9
:10A64000C100B02BFB000AF800B0446B000AFF0207
:10A6500081ABF3000FCE0068AB17012FCE01BC60B9
:10A6600003000AE200682C4F000FCE00E844656248
:10A6700077A1006D5E85628FCB00B02C530017A2CE
:10A6800000E05E8962B7A2006DDE86F44FCD020065
:10A69000AC43000FCE0185600561AB0D03BFDE0248
:10A6A000F00FCE0180E001620B100068AB17010FC4
:10A6B000D100B02AE7000AD90187E006F7F7BF0208
:10A6C00007DEFF000FD30181E00561AB0D00682BB1
:10A6D00017002FD700682B1701EFD700682B17033F
:10A6E0000FD70068AB17008FDC01826006F7F7BF59
:10A6F00000B02AE7000AC10068AB17008FDC011A1E
:10A700002B37000AC800B02AE7000AD00202DEBBDD
:10A71000000FE20284DEFF000FDF0206DEFF000F03
:10A72000E200B02BB70017A1006DDE855DCFE2011E
:10A7300082E00561AB0D00E05ECD55B7B3018260EC
:10A7400002F5D7AE00B02C4B0017A100B02AF700DD
:10A7500017A2006D5E89560FE902855EB7000FF201
:10A7600003BFDE02F00FEB006D5E8560EFF4028147
:10A770002C43000FF200B0440B0017A300B0440FAD
:10A780000017A200E95E8E2337A300E8DE8A235774
:10A79000A200695E8B000FF40068DE8B000FF400EE
:10A7A0006E5E8EF66FF401826006F5D7AE00025E33
:10A7B00002F0115401BC60131C57BB012C2B3B0051
:10A7C00017A20080DE8AF777BB00B041B70017A25E
:10A7D00000682B17004FFD00682B17024FFD006823
:10A7E0002B17026FFD00682B17006FFD03BFDE0201
:10A7F000F0100B0184E006F5B7AD00685E8B001029
:10A800000400B05E8B000AAE0182E006F5D7AE0010
:10A81000E02BCB002AF2006E5E8961100401826099
:10A820000561AB0D00E844655737A100B0446B00EB
:10A8300017A200B044670017A30068DE8A23500403
:10A8400000E95E8EF42AB600E8DE8B000AB70184C8
:10A850006002F7F7BF0282DEB300104C0203C5733B
:10A8600000103E00B02ACB0017A200B02AD3001778
:10A87000A30068AB1700901802802BF3001018009B
:10A88000B02B230017A1006D5E855970140180E084
:10A890000561AB0D00685E8700101800682C07008A
:10A8A000101800B02C070017A200B02C0B0017A343
:10A8B00000685E8F00101E00682B0B00101E00E861
:10A8C00044655857A100E05E8EF457A2006D5E8685
:10A8D000F4501E0181600561AB0D0281AB4F001089
:10A8E0002302005EFF00102302044523001023030F
:10A8F000A0DE02F010230183E00561AB0D02808031
:10A90000BF00104C02825EBB00104C02822BF30091
:10A9100010380281AC370010380280AC3700103894
:10A9200002812C3700103802822C37001038028840
:10A9300081AB0010380282AC3700103102802B3717
:10A9400000103802832C3700103102852C3700109C
:10A950003102842C370010380284AC3700103802E2
:10A9600083AC3700103802835EB70010370204DE74
:10A97000AF0010370281DEBB0010370184E002F522
:10A9800077AB00025E02F0113D03BFDE02F0104C17
:10A990000183E0022B915C020701AB00103B0180B8
:10A9A000E00209D04E01BC600318517800B045E3C5
:10A9B000001800018060022F317900E844655737A4
:10A9C000A1006D5E8555B04C028101AB00104402C0
:10A9D0000081AB00104602842C370010460280AC88
:10A9E00037001046018360022B915C03BFDE02F04A
:10A9F000104C018360022B915C00025E02F00F217B
:10AA000002835EB700104C0184E006F577AB00E0EE
:10AA10002B47002AD103BFDE02F011250002DE021F
:10AA2000F000000184E002F5B7AD01836002F5D7C4
:10AA3000AE0182E002F5D7AE0182E002F7F7BF0176
:10AA400084E002F7F7BF01BC6003000ADB01BC60D1
:10AA500003000AD001BC6003000AC801BC60030007
:10AA60000AF201876001606B030002DE02F0000061
:10AA7000020200BF0010840283DEFF0010930183F6
:10AA8000E006F7F7BF01BC600302115D00B02AB712
:10AA900000115E018560060B705B018560060BF09E
:10AAA0005F0280456B001065018B60022B915C0199
:10AAB000BC600318517800B045E3001800018060C5
:10AAC000022F31790188600E2B515A01BC600300BE
:10AAD00037A300025E02F0116F00682ADB00106AE3
:10AAE00001846006F7F7BF01BC6003000AB60002EC
:10AAF0005E02F0104D00E8446960D7A1006EDE8769
:10AB000000307200B02BF7000AF801BC6003000AA5
:10AB1000F700682B0B00107200B04467000AC100F8
:10AB2000E84465564AC2028080BF0010780281DE88
:10AB3000BB00107F0200456F0010780283C57300D0
:10AB4000107801BC63FF1FF7A10068C586F4307F51
:10AB5000018B600E2B915C01BC600318517800B032
:10AB600045E3001800018B2B4E2F31790183E00261
:10AB7000F5B7AD0184E002F577AB03BFDE02F0115B
:10AB800030018360022B915C00025E02F00F210114
:10AB900083E006F5B7AD0184E006F577AB03BFDED1
:10ABA00002F01130018D60020BF05F0188600E2B06
:10ABB000515A028181AB00108C018B60062B915C95
:10ABC00001BC600318517800B045E3001800018013
:10ABD00060022F317903BFDE02F01090018B60021A
:10ABE0002B915C01BC600318517800B045E300185C
:10ABF00000018060022F31790183E002F5B7AD01D9
:10AC000084E002F577AB00025E02F0104D0002DE38
:10AC100002F0000000B0446B000B060202DEB3003D
:10AC20001098018360062B915C00025E02F00F1603
:10AC3000020200BF0010A80183E002F7F7BF020381
:10AC4000C5730010A1020080BF0010A1018B600E2F
:10AC50002B915C01BC600318517800B045E30018EB
:10AC600000018B2B4E2F317903BFDE02F010A501BE
:10AC70008B60022B915C01BC600318517800B045D9
:10AC8000E3001800018060022F31790182E002F5B3
:10AC900097AC01BC60030017A300025E02F0116FC5
:10ACA0000002DE02F0000001BC600300701001BC75
:10ACB00063FF1FF0C501BC63FF1FF0CB00B040472E
:10ACC0000010E500B040470010EB01BC60030090AD
:10ACD0001001BC63FF1FF0C601BC63FF1FF0CC0076
:10ACE000B040470010E600B040470010EC01BC60E7
:10ACF0000300B01001BC63FF1FF0C701BC63FF1F5E
:10AD0000F0CD00B040470010E700B040470010ED24
:10AD100001BC600300101000B0404300180001BCEB
:10AD200063FF1FF0C800B040470010E801BC60039B
:10AD300000301000B0404300180001BC63FF1FF05A
:10AD4000C900B040470010E901BC6003005010008A
:10AD5000B0404300180001BC63FF1FF0CA00B040C0
:10AD6000470010EA0002DE02F0000001BC600300B0
:10AD700037A20020E3FE0911040020E0420D9104F7
:10AD80000280420300110402844523001104039150
:10AD90005E02F011040068AB6F0011040282DEFF56
:10ADA00000110402805EFF001139020180C700110A
:10ADB000300282DEB3001104020480C70010F000EC
:10ADC000685E8B0010DC00B02BA30017A1006EABF7
:10ADD0008AF430DC0203C5730010F000682ABB005F
:10ADE00010DB00682ADB0010DC00E8446556D7A1C0
:10ADF00000E82ABAF437A1006ADE8555F0F0006A4F
:10AE0000DE855B50F000682B070010F00203DE5374
:10AE10000010DF00B02BA7000AAF03BFDE02F01165
:10AE20003001BC600302579201BC63FF1FF0C301F5
:10AE3000BC60030910E301865E8A1C70E301846034
:10AE4000061C70E300682B0F0010E60185E0061C6D
:10AE500070E301BC600303978200025E02F0110EF2
:10AE600001BC63FF1FF0C400B054130010E400E005
:10AE700043915C30E400025E02F010A901BC600363
:10AE80000010EE01BC63FF1FF0CE00E02B0F002A84
:10AE9000C303BFDE02F010FE02835EB7001104019F
:10AEA000BC60230890E600025E02F0010000B05E84
:10AEB000CF0010E400682ABB0010FB00B02AFB00A2
:10AEC00010E40280456F0010FB00E8446556D7A1EE
:10AED00000E82ABAF437A100695E870010FB00E0A1
:10AEE0005E8557D0E401BC600301D78200025E0298
:10AEF000F0110E03BFDE02F010FE00B0004700109C
:10AF00008600025E02F011B000025E02F00D2F0119
:10AF100090600A09104801846006F597AC01BC6195
:10AF2000330070800002DE02F0000002805EFF004D
:10AF300011090281DEBB001109020180C700113036
:10AF4000020480C700113001806002F7F7BF028061
:10AF5000C28F0011310201DEBB00113101BC600360
:10AF60000017A203BFDE02F010C601BC63FF1FF092
:10AF7000C001BC63FF1FF0C10285DEFF00111E008F
:10AF8000685E4B06311700B02B570017A1006DAB60
:10AF90000EF4311E01BC600301378000B02B5B0052
:10AFA00017A1006D2B0EF4311902812BF30011193A
:10AFB00001BC600301778001BC600300378100029F
:10AFC0005E02F000DB01D2DE0AA030E000B0540BDC
:10AFD0000010E103BFDE02F011240280ABF3001188
:10AFE0001701BC600301578001BC6003001781009A
:10AFF000025E02F000DB00B054070010E000885E43
:10B000000B0070E10002DE02F0000000682B13006C
:10B0100011300204DEAF00113000E844655897A4F7
:10B02000006E5E9155F13000885E930037A4006D8C
:10B030005E9155F13000025E02F0116403BFDE0242
:10B04000F0113D00E844655897A400885E930037EE
:10B05000A400025E02F0116403BFDE02F0113D02A3
:10B0600084DEAF0011340181E002F5D7AE03BFDE0C
:10B0700002F0113D00682B8700113900E044655C47
:10B080002ADB00682B8B00113800E044655B4ADB4B
:10B090000002DE02F0000001806006F7F7BF0068E2
:10B0A0002B1300113D00E844655897A400025E028E
:10B0B000F0116401846002F597AC01BC6003000AE2
:10B0C000C401BC6003000ADB01BC6003000AC301C9
:10B0D00004DEAF0017A101835E86F5B7AD0284DE02
:10B0E000AF001146018060060D906C0002DE02F098
:10B0F000000000B02AAF0017A3020400C3001149EA
:10B1000000B02ACF0017A30202DEBB00114B00B033
:10B110002AAB0017A300E04466F46ABB00B04467A2
:10B12000000B0B0183E0022B915C020701AB0011C5
:10B13000500180E00209D04E01BC60031851780034
:10B14000B045E3001800018060022F31790002DE73
:10B1500002F000000202DEB3001157018360062BEB
:10B16000915C00025E02F00F160203C57300115CD1
:10B170000284DEAF00115C0281DEBB00115C028044
:10B180005EFF00115C02035EB7001163018B600E6D
:10B190002B915C01BC600318517800B045E30018A6
:10B1A00000018B2B4E2F317901836006F5B7AD017D
:10B1B00084E002F577AB01BC6003000AC30002DE45
:10B1C00002F0000000682B7B00116600B02B7B00B2
:10B1D00017A4006D5E9156516800B02ACB0017A4E9
:10B1E00000882B270037A500E82B2AF4AACA00887C
:10B1F0005E930037A400E02B2AF48ACA00902B2B20
:10B2000000AAC900B02B27000AAF0002DE02F0003E
:10B210000002032C47001178028741D7001170010A
:10B22000BC606300107B01BC600700107A01AC6059
:10B230007F1C1075028741D700117401845E8E0E49
:10B24000D07601AC60BF1C1075028741D700117722
:10B250000002DE02F000000286410700117901BC05
:10B2600060130917A100025E02F000CE018760069C
:10B270000337A200025E02F000D400B05E87001720
:10B28000A100B05E870017A100B05E870017A10182
:10B29000876002F457A200025E02F000D401BC6095
:10B2A000130957A100025E02F000CE018060060380
:10B2B00037A200025E02F000D400E002B30020AC2E
:10B2C00001806002F457A200025E02F000D401BCCB
:10B2D00060270857A100025E02F000CE0068C06738
:10B2E00001F19101BC60030017A200025E02F000B0
:10B2F000D401BC600301F7A200025E02F000D4009A
:10B3000002DE02F0000003905E02F011A503875EEA
:10B3100002F011A50390DE02F011A50204452300FE
:10B32000119C0283C21F0011A50068A0B7001199EB
:10B3300000B0446700082D00E8446505B7A1006E21
:10B340005E877D11A003BFDE02F011A60286C03722
:10B350000011A500E0446700D7A1020640370011A4
:10B36000A5006CC466F4319E00025E02F00B1F0063
:10B37000025E02F0117901BC600300082D00025E3C
:10B3800002F00AE203BFDE02F0001301BC6003001A
:10B39000082D0002DE02F00000028042030011AF1F
:10B3A000028545230011AE0285DEB70011AC018590
:10B3B000E006F5B7AD00E0446B002B21006CC469DA
:10B3C0006431AF00025E02F011790185E002F5B749
:10B3D000AD0002DE02F00000010C81430017A10164
:10B3E000BC600300508A00685E070011B400685E0C
:10B3F000870011B400685E070011BC0190422AA1C9
:10B40000308A00685E070031BC0190422AA0108A91
:10B410000109DE030017A2018F5E8A11508A0068BD
:10B420005E8B0011BC0191E00E11508A0002DE0219
:10B43000F000000109DE030017A400E05A06F497AB
:10B44000A500905E96F497A50203DE030011C402E6
:10B4500082DE030011C401BC61EF0857A60080DE44
:10B4600096F4D7A50116DE870017A300885E870033
:10B4700077A100E15E8702D7A100E0DE8F0017A36D
:10B4800001BC60030017A2020E5E030011CB01BCD9
:10B4900060030037A200905E96F457A50080DE9608
:10B4A000F437A100E141B7FFF7A600E1DE8701F71D
:10B4B000A10080DE96F477A300E1DE860DB7A1003F
:10B4C000E0DE8F0017A3017A5E86F477A100885E24
:10B4D00086F457A100B05E870017A20287DE030042
:10B4E00011D800885E870057A103BFDE02F011E586
:10B4F00002875E030011DF01BC639B0CD7A50080AF
:10B50000DE86F4B7A100E141B7FFF7A500E0DE87D2
:10B510000017A100885E870057A103BFDE02F0116B
:10B52000E500885E870057A101BC639B0CF7A5006E
:10B5300080DE86F4B7A101BC62030017A500E141DB
:10B54000B6F4B7A500E0DE870017A100E05E840036
:10B55000D7A10002DE02F000000200200F0000135D
:10B560000282DE530011ED0188600204902400E0A5
:10B5700020AEF3082B00E820AAF3082A03BFDE025E
:10B58000F0098F01B8601604902401BC600301D05B
:10B590002503055E02F011FF0287C037000A8F0302
:10B5A00086DE02F00A9000025E02F00F3500025EB5
:10B5B00002F01192035CDE02F011EF00D8409B0113
:10B5C00017A100E05E8702379800A85E63007798B5
:10B5D0000102DE530017A10182E002F29794018874
:10B5E000DE85006803006EA0AAF311FF00E85E6329
:10B5F00001D02501B8600604902403BFDE02F000EC
:10B60000020181600500680301B8600A0490240308
:10B61000BFDE02F0000202285E8700121500B04172
:10B62000930017A400E04193007064010A5E870054
:10B6300017A200E84192F4506301185E870017A139
:10B6400000E86042F437A200885602F43600006831
:10B65000418EF4921100E8418F00306300E841937D
:10B6600000306400685E8B02120900905602F457A5
:10B67000A300B05806F4760103BFDE02F012090001
:10B68000684192F4921500E8419300306401BC6077
:10B690000300160003BFDE02F0121100B05E870047
:10B6A00017A10002DE02F000000180600286143063
:10B6B00000B050CB001065013850830017A100681E
:10B6C000DE3B06321D00E05A3300368C006EDA3263
:10B6D000F4201300B05A0B0017A200E001F700207D
:10B6E0007D00E001D2F4407401BC63FF1FF7A300AA
:10B6F000B050CF001064006EDA32F4322400B05A39
:10B70000370017A300B0581300178201BC60030074
:10B71000160401BC601B09D7B60102D0C70017A1EF
:10B7200000E04196F4306500E050CB00D06401BCED
:10B7300060030017B401BC600300178001BC600304
:10B74000003781018760040310A0009052330097F6
:10B75000A400E0418701B7B500685ED2F0524B000B
:10B76000E05EDAF690630020D802F0323F02025029
:10B77000C7001245009056030097A100E85E86F4CA
:10B7800097A1019E6002F437A1006DDE8708124583
:10B79000010A5E870017A201DA6002F437A100E017
:10B7A0005ED6F4506300886006F437A1002056028C
:10B7B000F4324500B05802F0360000E05A2B003653
:10B7C0008A006ADED2F472410068DED2F0124600CE
:10B7D000E05E0300378000685E030032460186E0C9
:10B7E000040310A003BFDE02F01246006ADED2F4AA
:10B7F000724100E05ED30037B400D05E07003781AD
:10B8000002985ED300123000E0419300306403BF21
:10B81000DE02F0123000685E0300001303BFDE0298
:10B82000F005D30282D0C700125500B02A4F00178E
:10B83000A101B82A4AF4368401025013001685018A
:10B840003C50830017A100B050A70017A4006D5A08
:10B8500032F4325E0182E0068634310288502B00D9
:10B86000125A00B05A330017A1019E5E8684F42755
:10B87000018360068634310002DE02F0000000B071
:10B8800050730017A101B8506EF436840106D0073A
:10B8900000168500B050AB0017A400D06006C0971A
:10B8A0008000E0419700D7B5010A58130017A100A6
:10B8B000E05ED6F437B500B0580F0010630116569D
:10B8C000030017810068D81300127301140063008D
:10B8D00017A10068DE870012690088013B0116800D
:10B8E00003BFDE02F0126E0068DE8700726C00A0FB
:10B8F000013BE0168003BFDE02F0126E00E05E87BF
:10B900000970620088540301168000E85A0330165B
:10B910008001BC600300168101BC60030016820137
:10B92000BC600300168303BFDE02F0127800E04122
:10B930008EC09063006EC18EC0327800E8418EC028
:10B94000306300E858030037A100E0418EF4306313
:10B95000013850A30017A50068581303F29300683C
:10B96000418EC05293006DDA0AF4B2930116560369
:10B970000017A10068DE86F03293015856030017C5
:10B98000A100E05E870DD7A200B05ED70010620074
:10B9900020DE02A0128A00E05E86D037A300E05EBF
:10B9A0008ED077A3006D5A02F45293006E5E8EF42F
:10B9B000929300E86002F4368300B05E8F00168137
:10B9C00000A05A0F00768300E05A0B00368200E890
:10B9D0005A02F4568000D05E0300378000E058130E
:10B9E00000360400E0418F003063029858130012C3
:10B9F0009000E05ED70037B5006EC18EC03279008E
:10BA0000B0580300106303BFDE02F0127900B05893
:10BA1000130017A10068DA3700129600B05E8700A5
:10BA2000168D006DDE86D1B29800B05E8700168D4F
:10BA30000002DE02F0000001BC60030017A10187D4
:10BA400060040310A001BC60030990B500B000635E
:10BA500000F0B401BC60570490B601BC60030090D4
:10BA6000B500B0006300B0B400B042D300180003CA
:10BA700017DE02F012A10397DE02F012A200B02A34
:10BA80004B00142F018EE00C0310A0006DDE02D1DC
:10BA9000B2A800E85A36F0168D03BFDE02F012AAF3
:10BAA00001BC600300168C01BC600300168D006EA3
:10BAB0005A3AF012AD01BC600300168E03BFDE02DD
:10BAC000F012AE00E85A3AF0168E00B05807001790
:10BAD000A100E0580EF01603006ED80EF432B40048
:10BAE000E85E86C017A100E8580EF4360300E85857
:10BAF0000F00360301185E030017A1006DDE03027C
:10BB000012BC00E86042F437A200905A1AF436865C
:10BB100000885A1EF457A200905A1EF4368700B0CF
:10BB20005A1AF4568603BFDE02F012BE00905A1E67
:10BB3000F4368601BC60030016870002DE02F000C6
:10BB4000000158600300102A01B8600A0490240123
:10BB5000BC60030290040189E0020D906C0002DEDB
:10BB600002F000000200DE530012E901BC6013097C
:10BB7000B7A100025E02F000CE01A560020337A269
:10BB80000199E002F457A200025E02F000D401BC69
:10BB900060130997A100025E02F000CE01A4607E4E
:10BBA0000337A20199E03EF457A200025E02F000C2
:10BBB000D401BC601316F7A100025E02F000CE01B2
:10BBC000B460020337A200025E02F000D401BC6040
:10BBD000131637A100025E02F000CE0186E00203D8
:10BBE00037A201856002F457A200025E02F000D481
:10BBF00001BC60131617A100025E02F000CE0181A5
:10BC0000E0060337A20185E006F457A2018360062F
:10BC1000F457A200025E02F000D401BC60131F576B
:10BC2000A100025E02F000CE0181E0020337A20211
:10BC30008600C70012E30181E0060337A200025E1E
:10BC400002F000D401BC60131F37A100025E02F0B5
:10BC500000CE0181E0060337A200025E02F000D4AC
:10BC60000002DE02F0000001BC60130997A100028F
:10BC70005E02F000CE01A460020337A20199E00247
:10BC8000F457A201886002F457A200025E02F0009D
:10BC9000D401BC60131617A100025E02F000CE01B1
:10BCA00081E0020337A20185E002F457A20183601C
:10BCB00002F457A200025E02F000D4020600C700A0
:10BCC00012FA01BC60131F37A100025E02F000CE21
:10BCD0000181E0020337A200025E02F000D40002FC
:10BCE000DE02F000000200DE530012E901BC601326
:10BCF00009B7A100025E02F000CE0187600203379F
:10BD0000A20181E002F457A201886006F457A20064
:10BD1000025E02F000D401BC60130997A100025E2C
:10BD200002F000CE020400C70013070188600E0372
:10BD300037A203BFDE02F01309018660060337A2B3
:10BD40000181E006F457A200025E02F000D403BFB6
:10BD5000DE02F012DE0068DE9300130F00E05E03E7
:10BD60000057A201095E8B0017A103BFDE02F0138A
:10BD7000170068DE9300331301105E030017A20062
:10BD8000E05E8B0097A103BFDE02F0131701305E67
:10BD9000030017A200E05E8B0197A1006D5E87058E
:10BDA000931701BC60030597A10002DE02F00000BA
:10BDB00000682BEB00131D00B02C130017A100E04E
:10BDC0005E8560B7A1006BDE8623331D0186E00629
:10BDD000F7F7BF0002DE02F0000000B05E8F001037
:10BDE0006400B05E870017A300B05E8B0010650092
:10BDF000B05A030017A10068419300132600025EA9
:10BE000002F000CE00B0406700160100E041930050
:10BE1000506400B05A070017A200025E02F000D47E
:10BE200000E0419700506500E85E8F0037A300688E
:10BE3000DE8F0013210002DE02F0000000B05E8FF2
:10BE400000106400B05E870017A300B05E8B001086
:10BE50006500B05A03001780006841930013340056
:10BE6000025E02F00DE100B05E0700160100E04145
:10BE70009300506400B05A0700178100025E02F080
:10BE80000DE600E0419700506500E85E8F0037A3A3
:10BE90000068DE8F00132F0002DE02F000000202B5
:10BEA00000BF0001B10203C5730001DA0000000009
:10BEB00000000000DFF287BB00000000E442030046
:10BEC000D47B010800000000232D302B2000686C7B
:10BED0004C006566674546470030313233343536AD
:10BEE00037383941424344454600303132333435E6
:10BEF00036373839616263646566000925733A2014
:10BF000025642E25642E25642E25640D0A00464ED8
:10BF100049004E414E005252450053656E642073F5
:10BF200074617475733A204F4B0053656E642073CF
:10BF300074617475733A204641494C00425554541B
:10BF40004F4E2025632050524553534544005365BE
:10BF50006E64696E6720257300546F2025752E2549
:10BF6000752E25752E2575005544502033303530FB
:10BF70003200464154414C3A2053544D333220450F
:10BF800072726F722048616E646C65720D0A0049AE
:10BF90006E6974204572726F72205072657373758A
:10BFA00072652053656E736F720D0A00496E697475
:10BFB000204572726F722048756D69646974792DBD
:10BFC00054656D70657261747572652053656E732A
:10BFD0006F720D0A00496E6974204572726F72208B
:10BFE000416363656C65726F6D657465722053653E
:10BFF0006E736F720D0A00496E6974204572726F1C
:10C0000072204D61676E65746F6D65746572205343
:10C01000656E736F720D0A005363616E6E696E67B1
:10C0200020493243206275730D0A090030782530AB
:10C030003278002E000D0A0D0A0053797374656D75
:10C040002054696D6572205468726561640047759B
:10C0500061726469616E2073656E736F72207075B2
:10C06000626C6973686572004552524F523A2047BC
:10C070007561726469616E207468726561642063C1
:10C0800072656174696F6E206661696C65642028F1
:10C09000307825303878290D0A000D0A496E697408
:10C0A00069616C697A696E6720534E5450207469D7
:10C0B0006D652073796E630D0A0009534E5450204C
:10C0C0007365727665722025730D0A004552524FD2
:10C0D000523A20556E61626C6520746F20726573F0
:10C0E0006F6C766520534E545020495020257320A4
:10C0F00028307825303878290D0A004552524F52A1
:10C100003A20556E61626C6520746F20696E6974A7
:10C1100069616C697A6520756E6963617374205317
:10C120004E545020636C69656E7420283078253039
:10C130003878290D0A004552524F523A20556E6107
:10C14000626C6520746F20737461727420756E69FF
:10C150006361737420534E545020636C69656E7430
:10C160002028307825303878290D0A004552524F62
:10C17000523A20496E7465726E616C206572726FFE
:10C180007220776974682067657474696E67206CC3
:10C190006F63616C2074696D6520283078253038B4
:10C1A00078290A0009534E54502074696D65207532
:10C1B00070646174653A2025730D0A00535543433A
:10C1C0004553533A20534E545020696E6974696147
:10C1D0006C697A65640D0A004552524F523A204705
:10C1E0007561726469616E20554450207061636BA3
:10C1F000657420616C6C6F636174696F6E20666139
:10C20000696C65642028307825303878290D0A005B
:10C210004552524F523A20477561726469616E20EF
:10C22000554450207061636B657420617373656D54
:10C23000626C79206661696C6564202830782530ED
:10C240003878290D0A004552524F523A20477561FD
:10C25000726469616E205544502073656E64206677
:10C2600061696C65642028307825303878290D0A9A
:10C270000063616E5F6661756C74007B2274797017
:10C2800065223A2263616E5F6661756C74222C22AE
:10C290007363656E6172696F223A22616C6C227DF4
:10C2A000007B2274797065223A226261645F736157
:10C2B0006D706C65222C22736571223A256C752C89
:10C2C0002274656D70657261747572655F63223A80
:10C2D00025757D004552524F523A20477561726470
:10C2E00069616E20627574746F6E206576656E7418
:10C2F00020646964206E6F74206669742055445010
:10C30000206D657373616765206275666665720D81
:10C310000A005374617274696E6720415A33313672
:10C3200036204F5441204F75746C617773207365CC
:10C330006E736F72207075626C69736865720D0A36
:10C34000004861636B6174686F6E2D5465616D2D7B
:10C3500030340044565465616D2D313233343536F6
:10C36000004E657458205458205061636B657420EA
:10C37000506F6F6C004552524F523A206E785F708A
:10C3800061636B65745F706F6F6C5F63726561741E
:10C39000652054582028307825303878290D0A0037
:10C3A0004E657458205258205061636B657420505C
:10C3B0006F6F6C004552524F523A206E785F706139
:10C3C000636B65745F706F6F6C5F637265617465DA
:10C3D0002052582028307825303878290D0A000D51
:10C3E0000A496E697469616C697A696E6720576978
:10C3F00046690D0A004552524F523A2077696669E4
:10C400005F7373696420697320656D7074790D0AB8
:10C41000004552524F523A207777645F62756666E4
:10C4200065725F696E69740D0A004552524F523A47
:10C43000207777645F6D616E6167656D656E745FAF
:10C44000776966695F6F6E0D0A00094D414320618F
:10C450006464726573733A20253032583A2530325D
:10C46000583A253032583A253032583A2530325829
:10C470003A253032580D0A00535543434553533A39
:10C48000205769466920696E697469616C697A65CB
:10C49000640D0A004552524F523A20776966695F2F
:10C4A000696E69742028307825303878290D0A00A3
:10C4B00050524900496E7465726E616C204950207B
:10C4C0004C6F6F706261636B004E65745820495009
:10C4D00020496E7374616E63652030004552524F7F
:10C4E000523A206E785F69705F637265617465208F
:10C4F00028307825303878290D0A004552524F529D
:10C500003A206E785F6172705F656E61626C652063
:10C5100028307825303878290D0A004552524F527C
:10C520003A206E785F7463705F656E61626C65203F
:10C5300028307825303878290D0A004552524F525C
:10C540003A206E785F7564705F656E61626C65201D
:10C5500028307825303878290D0A004E6574582027
:10C560004448435020436C69656E7400444843500E
:10C5700020436C69656E742054696D657200455284
:10C58000524F523A206E785F69636D705F656E61DD
:10C59000626C652028307825303878290D0A0044EF
:10C5A00048435020436C69656E74204576656E740F
:10C5B00073004552524F523A206E785F6468637040
:10C5C0005F6372656174652028307825303878297A
:10C5D0000D0A004552524F523A206E785F646863EC
:10C5E000705F737461727420283078253038782930
:10C5F0000D0A00444E5320536F636B657400444E24
:10C6000053204D7574657800444E5320436C696522
:10C610006E74004552524F523A206E785F646E73CA
:10C620005F63726561746520283078253038782919
:10C630000D0A00534E5450004552524F523A206E4C
:10C64000785F646E735F7061636B65745F706F6F4A
:10C650006C5F73657420282530783038290D0A0006
:10C660004552524F523A2043726561746520534ED1
:10C670005450206576656E7420666C61677320285F
:10C68000307825303878290D0A00534E5450204315
:10C690006C69656E7420736F636B657400534E54E0
:10C6A0005020436C69656E74205570646174652018
:10C6B00054696D6572004E65745820534E54502075
:10C6C000436C69656E74204D75746578004E6574B1
:10C6D0005820534E545020436C69656E7420457643
:10C6E000656E7473004E65745820534E5450204349
:10C6F0006C69656E7400544C53206D7574657800D8
:10C700004552524F523A20534E545020636C696543
:10C710006E7420637265617465206661696C65641E
:10C720002028307825303878290D0A004552524F9C
:10C73000523A204661696C656420746F20696E69A5
:10C74000742074686520534E545020636C69656E84
:10C75000742028307825303878290D0A0045525247
:10C760004F523A2057692D46692F6E6574776F7264
:10C770006B20696E697469616C697A6174696F6E46
:10C78000206661696C656420283078253038782906
:10C790000D0A000D0A436F6E6E656374696E672043
:10C7A000576946690D0A0009436F6E6E65637469C7
:10C7B0006E6720746F205353494420272573270D3B
:10C7C0000A0009417474656D707420256C642E2E06
:10C7D0002E0D0A00535543434553533A205769469B
:10C7E0006920636F6E6E65637465640D0A000D0ADF
:10C7F000496E697469616C697A696E67204448435F
:10C80000500D0A004552524F523A2043616E277430
:10C81000207265736F6C76652044484350206164D4
:10C82000647265737320283078253038780D0A00DB
:10C830004552524F523A20646863705F636F6E6E68
:10C840006563740D0A0049502061646472657373F6
:10C85000004D61736B0047617465776179005355D2
:10C8600043434553533A204448435020696E69740A
:10C8700069616C697A65640D0A000D0A496E697414
:10C8800069616C697A696E6720444E5320636C69F4
:10C89000656E740D0A004552524F523A206E785F11
:10C8A000646863705F696E746572666163655F7505
:10C8B0007365725F6F7074696F6E5F7265747269B1
:10C8C0006576652028307825303878290D0A0045AE
:10C8D00052524F523A206E785F646E735F73657286
:10C8E0007665725F72656D6F76655F616C6C20282E
:10C8F000307825303878290D0A00444E5320616481
:10C900006472657373004552524F523A206E785FDD
:10C91000646E735F7365727665725F61646420280C
:10C92000307825303878290D0A0053554343455354
:10C93000533A20444E5320636C69656E7420696ECF
:10C94000697469616C697A65640D0A004552524FD9
:10C95000523A20646E735F636F6E6E6563740D0A86
:10C96000004552524F523A2057692D466920636F55
:10C970006E6E656374696F6E206661696C656420B4
:10C9800028307825303878290D0A0047756172649F
:10C9900069616E20686F7374206164617074657280
:10C9A000004552524F523A20477561726469616E78
:10C9B0002055445020736F636B657420637265610A
:10C9C00074696F6E206661696C6564202830782513
:10C9D000303878290D0A004552524F523A20477597
:10C9E00061726469616E2055445020736F636B659A
:10C9F000742062696E64206661696C656420283009
:10CA00007825303878290D0A00486F7374206164E6
:10CA100061707465722061742049507634202575E8
:10CA20002E25752E25752E257520554450202575EB
:10CA30000D0A0034206661756C7473202F203573E5
:10CA400020676170730043414E206661756C74739A
:10CA500000427574746F6E20413A2072657175657D
:10CA6000737420616C6C2063616D706169676E2006
:10CA700043414E206661756C742074726163657306
:10CA80003B205544502073746174757320307825B1
:10CA90003038780D0A006261645F73616D706C6597
:10CAA0000031323020432073616D706C650062612B
:10CAB000642074656D7000427574746F6E20423A24
:10CAC0002072657175657374206F6E652D73686F64
:10CAD0007420257520432073616D706C653B205573
:10CAE0004450207374617475732030782530387821
:10CAF0000D0A004552524F523A20526566757369CD
:10CB00006E6720746F2073656E64206E6F6E2D6685
:10CB1000696E697465204854533232312074656DF2
:10CB200070657261747572650D0A007B227479708C
:10CB300065223A2273616D706C65222C22736571D7
:10CB4000223A256C752C2274656D7065726174755E
:10CB500072655F63223A25642E253032647D00457C
:10CB600052524F523A20477561726469616E207368
:10CB7000616D706C6520646964206E6F74206669F5
:10CB80007420554450206D6573736167652062752C
:10CB9000666665720D0A004552524F523A2048545B
:10CBA000533232312073616D706C65207075626C28
:10CBB000697368206661696C656420283078253067
:10CBC0003878290D0A004854533232312054454DEB
:10CBD000502F524800543A20252E326620430048F8
:10CBE000756D69646974793A20252E3266252500B1
:10CBF0004C505332324842205052455353555245BF
:10CC000000503A20252E326620685061004C534D6A
:10CC10003644534C20414343454C206D6700583AFD
:10CC200020252B2E316600593A20252B2E31660007
:10CC30005A3A20252B2E3166004C534D3644534C26
:10CC4000204759524F206D64707300583A20252BAD
:10CC50002E306600593A20252B2E3066005A3A2095
:10CC6000252B2E3066004C4953324D444C204D410B
:10CC700047206D47004854533232312074656D703F
:10CC8000657261747572652025642E2530326420CA
:10CC9000432C2068756D69646974792025642E259C
:10CCA00030326425253B2073657175656E636520A0
:10CCB000256C750D0A00302E706F6F6C2E6E7470BF
:10CCC0002E6F726700312E706F6F6C2E6E74702E27
:10CCD0006F726700322E706F6F6C2E6E74702E6FD5
:10CCE000726700332E706F6F6C2E6E74702E6F72C1
:10CCF00067004A616E00466562004D6172004170D6
:10CD000072004D6179004A756E004A756C0041757C
:10CD10006700536570004F6374004E6F7600446582
:10CD20006300414353540041555448004155544F0A
:10CD3000004243535400435259500044454E590059
:10CD400044524F50005253545200494E4954004DE2
:10CD5000435354004E4B4559005241544500524DE7
:08CD60004F54005354455000EC
:08CD6800883AFB7F0100000086
:04CD7000390A000874
:04CD7400110A000898
:10CD7800010306000500000085160008091A0008CE
:10CD8800380C01200500000065160008F11900089C
:10CD9800380C012005000000C91600083D1A0008DB
:10CDA800380C01204841434B4154484F4E004543FD
:10CDB8004C4950534520534456000000F0F0F0F021
:10CDC80005000000A5160008211A0008380C0120EB
:10CDD8000024F40000000000010000000200000030
:10CDE8000000000001000000020000000400000034
:10CDF800000102030405060700040000012C0108D5
:10CE0800E92C01088C0000200A000000FFFFFFFF4A
:10CE180002000000415500005856000000000000C4
:10CE2800000000000300000078220120C00000205C
:10CE38000000000078220120E02201204823012080
:10CE480000000000000000000000000000000000DA
:10CE580000000000000000000000000000000000CA
:10CE680000000000000000000000000000000000BA
:0CCE7800000000000000000000000000AE
:040000050800DF61AF
:00000001FF
