:020000040800F2
:10000000FFFF01205DDF00083F0200082302000817
:10001000B1DF0008B1DF0008B1DF00080000000018
:10002000000000000000000000000000270200089F
:1000300043020008000000009D020008330200088F
:10004000B1DF0008B1DF0008B1DF0008B1DF000850
:10005000B1DF0008B1DF0008B1DF0008B1DF000840
:10006000B1DF0008B1DF000849290008B1DF00084E
:10007000B1DF0008B1DF0008B1DF0008B1DF000820
:10008000B1DF0008B1DF0008B1DF0008B1DF000810
:10009000B1DF0008B1DF0008B1DF0008B1DF000800
:1000A000B1DF0008B1DF0008B1DF0008B1DF0008F0
:1000B000B1DF0008B1DF0008B1DF0008B1DF0008E0
:1000C000B1DF0008B1DF0008B1DF0008B1DF0008D0
:1000D000B1DF0008B1DF0008B1DF0008B1DF0008C0
:1000E000AD290008B1DF0008B1DF0008B1DF00086A
:1000F000B1DF0008B1DF0008B1DF0008B1DF0008A0
:1001000000000000D5200108B1DF0008B1DF0008C1
:10011000000000000000000039270008B1DF0008DF
:10012000B1DF0008B1DF0008B1DF0008C521010818
:10013000B1DF0008B1DF0008B1DF0008B1DF00085F
:10014000B1DF0008B1DF0008B1DF0008B1DF00084F
:10015000B1DF0008B1DF0008B1DF0008B1DF00083F
:10016000B1DF0008B1DF000800000000000000005F
:10017000000000000000000000000000000000007F
:10018000B1DF0008B1DF000800000000000000003F
:10019000B1DF0008B1DF000800000000000000002F
:1001A000000000000000000000000000000000004F
:1001B000B1DF00080000000000000000B1DF00080F
:0401C000B1DF0008A3
:1001D00072B61D481D4901F1040101604FF0E02095
:1001E0001B49C0F8081D1B481949096801601A48D5
:1001F000016841F0010101604FF0E02017494161C1
:100200004FF0070101614FF00001C0F8181D4FF0D9
:100210007F41C0F81C1D1249C0F8201D7047FFF730
:10022000FEBFFFF7FEBFFFF7FEBF00B55DF804EBB2
:10023000704700B500F07CF85DF804EB7047FFF7FD
:10024000FEBFFFF7FEBF000058170020C0250120A9
:1002500000000008100D0120001000E0FFA50E00B6
:100260000000FF400000000000000000000000004F
:100270004FF000002A4A1060EFF3148020F00400D1
:1002800080F3148862B64FF080504FF0E021C1F83F
:10029000040DBFF34F8FBFF36F8FFEE72148224A53
:1002A0004FF00003016891B10360EFF3098C2CE972
:1002B000F00F1EF0100F01D12CED108A1B4C4CF8E2
:1002C00004ED2568C1F808C00DB18D61236072B6D8
:1002D0001168B1B1016062B64F68144C8D6907F1C5
:1002E00001074F602560D1F808C05CF804EB1EF0F0
:1002F000100F01D1BCEC108ABCE8F00F8CF3098818
:10030000704772B61168016009B962B6F9E74FF03B
:1003100000674FF0E028C8F8047D62B6DCE770475C
:100320005C17002068FC0020CC0100207C06002027
:100330002249086800F101000860214B1A683AB1AF
:10034000A2F101021A601AB91E4B4FF001001860A9
:100350001D490868026822B11C4B4FF001021A6067
:1003600008E000F104001A4B1A68904201D1194BC1
:1003700018680860134B1A6812B914490868C8B1A4
:1003800001B51249086808B102F024FF0D4B1A6844
:1003900072B102F03BFB1048016849B90F4801688F
:1003A0000F4A13680F484FF08052994200D0026004
:1003B000BDE80140BFF34F8F70470000800600206A
:1003C0007C06002078060020E80500207406002046
:1003D000E4050020EC0500205C17002068FC0020EC
:1003E000CC01002004ED00E000000000000000004F
:1003F000026922F00702A2F144026FF002031360C7
:100400004FF0000353609360D360136153619361B5
:10041000D361136253629362D362136353634FF0E9
:10042000FF339363D1634FF080731364826070472E
:10043000704700BF00000000000000000000000046
:10044000704700BF81F0004102E000BF83F000432D
:1004500030B54FEA41044FEA430594EA050F08BF5F
:1004600090EA020F1FBF54EA000C55EA020C7FEA23
:10047000645C7FEA655C00F0E2804FEA5454D4EBA0
:100480005555B8BF6D420CDD2C4480EA020281EA6A
:10049000030382EA000083EA010180EA020281EAA2
:1004A0000303362D88BF30BD11F0004F4FEA0131F4
:1004B0004FF4801C4CEA113102D0404261EB410103
:1004C00013F0004F4FEA03334CEA133302D0524289
:1004D00063EB430394EA050F00F0A780A4F1010445
:1004E000D5F1200E0DDB02FA0EFC22FA05F280187F
:1004F00041F1000103FA0EF2801843FA05F3594165
:100500000EE0A5F120050EF1200E012A03FA0EFCE3
:1005100028BF4CF0020C43FA05F3C01851EBE3710D
:1005200001F0004507D54FF0000EDCF1000C7EEB2A
:1005300000006EEB0101B1F5801F1BD3B1F5001F68
:100540000CD349085FEA30004FEA3C0C04F1010487
:100550004FEA445212F5800F80F09A80BCF1004FB0
:1005600008BF5FEA500C50F1000041EB045141EA32
:10057000050130BD5FEA4C0C404141EB0101013CFB
:1005800028BFB1F5801FE9D291F0000F04BF0146EA
:100590000020B1FA81F308BF2033A3F10B03B3F1BC
:1005A00020020CDA0C3208DD02F1140CC2F10C024C
:1005B00001FA0CF021FA02F10CE002F11402D8BFAA
:1005C000C2F1200C01FA02F120FA0CFCDCBF41EA76
:1005D0000C019040E41AA2BF01EB0451294330BD45
:1005E0006FEA04041F3C1CDA0C340EDC04F1140422
:1005F000C4F1200220FA04F001FA02F340EA0300F9
:1006000021FA04F345EA030130BDC4F10C04C4F13E
:10061000200220FA02F001FA04F340EA030029461E
:1006200030BD21FA04F0294630BD94F0000F83F468
:10063000801306BF81F480110134013D4EE77FEA4B
:10064000645C18BF7FEA655C29D094EA050F08BF97
:1006500090EA020F05D054EA000C04BF1946104678
:1006600030BD91EA030F1EBF0021002030BD5FEABC
:10067000545C05D14000494128BF41F0004130BDE4
:1006800014F580043CBF01F5801130BD01F0004538
:1006900045F0FE4141F470014FF0000030BD7FEAAB
:1006A000645C1ABF194610467FEA655C1CBF0B46A6
:1006B000024650EA013406BF52EA033591EA030FBD
:1006C00041F4002130BD00BF90F0000F04BF0021B5
:1006D000704730B54FF4806404F132044FF00005E8
:1006E0004FF0000150E700BF90F0000F04BF002161
:1006F000704730B54FF4806404F1320410F00045C7
:1007000048BF40424FF000013EE700BF42004FEAC1
:10071000E2014FEA31014FEA02701FBF12F07F433E
:1007200093F07F4F81F06051704732F07F4208BFF5
:10073000704793F07F4F04BF41F40021704730B5FC
:100740004FF4607401F0004521F000411CE700BF48
:1007500050EA010208BF704730B54FF000050AE0CB
:1007600050EA010208BF704730B511F0004502D5CC
:10077000404261EB41014FF4806404F132045FEACE
:10078000915C3FF4D8AE4FF003025FEADC0C18BF77
:1007900003325FEADC0C18BF033202EBDC02C2F169
:1007A000200300FA03FC20FA02F001FA03FE40EAFB
:1007B0000E0021FA02F11444BDE600BF53B94AB954
:1007C000002908BF00281CBF4FF0FF314FF0FF3059
:1007D00000F00CB8ADF1080C6DE904CE14F070FB1C
:1007E000DDF804E0DDE9022304B07047704700BF84
:1007F00010F8012B11F8013B012A28BF9A42F7D0CB
:10080000D01A7047034613F8012B002AFBD1181A9F
:1008100001387047000000000000000000000000E8
:1008200001F0FF01102A2BDB10F0070F08D010F8A1
:10083000013B013A8B422DD010F0070F42B3F6D1A5
:10084000F0B441EA012141EA014122F007047FF0BE
:1008500000070023F0E80256083C85EA010586EA15
:10086000010685FA47F5A3FA87F586FA47F6A5FA51
:1008700087F68EB9EED1F0BC01F0FF0102F007025D
:1008800032B110F8013B013A83EA010313B1F8D108
:100890000020704701387047002D06BF35460338E9
:1008A000073815F0010F07D1013015F4807F02BF22
:1008B000013015F4C03F0130F0BC0138704700BF73
:1008C0004FF0FF3C06E000BF4FF0010C02E000BF1C
:1008D0004FF0010C4DF804CD4FEA410C7FEA6C5CFF
:1008E0004FEA430C18BF7FEA6C5C1BD001B050EAA2
:1008F000410C0CBF52EA430C91EA030F02BF90EA8D
:10090000020F0020704710F1000F91EA030F58BF4B
:10091000994208BF90422CBFD8176FEAE37040F0AD
:10092000010070474FEA410C7FEA6C5C02D150EA4B
:10093000013C07D14FEA430C7FEA6C5CD6D152EA06
:10094000033CD3D05DF8040B704700BF84461046CB
:1009500062468C461946634600E000BF01B5FFF7CA
:10096000B7FF002848BF10F1000F01BD4DF808ED9A
:10097000FFF7F4FF0CBF012000205DF808FB00BF6B
:100980004DF808EDFFF7EAFF34BF012000205DF8C5
:1009900008FB00BF4DF808EDFFF7E0FF94BF012012
:1009A00000205DF808FB00BF4DF808EDFFF7CEFF13
:1009B00094BF012000205DF808FB00BF4DF808ED52
:1009C000FFF7C4FF34BF012000205DF808FB00BF23
:1009D0000348044B834202D0034B03B118477047CE
:1009E0000C0100200C010020000000000548064B0F
:1009F0001B1AD90F01EBA301491002D0034B03B11D
:100A0000184770470C0100200C0100200000000076
:100A100010B5064C237843B9FFF7DAFF044B13B146
:100A20000448AFF300800123237010BD0C010020A7
:100A3000000000001864010808B5054B1BB105490A
:100A40000548AFF30080BDE80840FFF7CFBF00BF07
:100A50000000000010010020186401082DE9F74F84
:100A60005B4F5C4C00224FF0010E4FF003080E6804
:100A70000EFA02F505EA0603B54340F09B804D6887
:100A800025F01005013D5600012D08FA06FC11D88D
:100A9000856825EA0C09CD68B54045EA09058560F9
:100AA000456825EA03094D68C5F30015954045EAF8
:100AB00009054560C56825EA0C098D68B54045EA19
:100AC0000905C5604D6825F01005022D16D14FEAC5
:100AD000D20A00EB8A0A02F0070BDAF820504FEA3C
:100AE0008B0B4FF00F0909FA0BF925EA09090D697B
:100AF00005FA0BF545EA0905CAF82050056825EA0C
:100B00000C0C4D6805F00305B54045EA0C05056081
:100B10004D68EE004ED5002501957D6C45F480456D
:100B20007D647D6C22F0030606F1804605F4804565
:100B300006F59C36019502F0030C019DD6F808904D
:100B40004FEA8C0C0F2505FA0CF529EA0509224D10
:100B5000A84236D005F58065A84234D005F58065F9
:100B6000A84232D005F58065A84214BF07250325A9
:100B700005FA0CF545EA0905B5604D682668ED03F0
:100B800054BF9E431E4326604D686668AD0354BF44
:100B90009E431E4366604D68A668ED0254BF9E43A7
:100BA0001E43A6604D68E668AD0254BF26EA030303
:100BB0003343E3600132102A7FF459AF03B0BDE83C
:100BC000F08F0025D4E70125D2E70225D0E700BF4A
:100BD00000380240003C014000000240026801234E
:100BE00003FA01F1136A23EA01031362136A19433A
:100BF000116203680A4A934203D002F5806293426D
:100C000003D15A6C42F400425A6403689A6802F0B5
:100C10000702062A1EBF1A6842F001021A607047D6
:100C2000000001402F4A0368904212D0B0F1804F7B
:100C30000FD0A2F57C4290420BD002F58062904228
:100C400007D002F58062904203D002F578429042CC
:100C50003DD14A6823F070031343224A90421DD0CD
:100C6000B0F1804F1AD0A2F57C42904216D002F526
:100C70008062904212D002F5806290420ED002F55E
:100C8000784290420AD0184A904207D002F580621A
:100C9000904203D002F58062904203D1CA6823F4E7
:100CA000407313434A6923F08003134303608B6846
:100CB000C3620B6883620B4B984203D003F58063D9
:100CC000984201D10B690363012343617047074ACE
:100CD0009042E3D002F580629042DFD002F580625C
:100CE000CFE700BF00000140001800400040014075
:100CF000036A23F0100370B50362036A44688269D3
:100D00000D6822F4E64242EA05228D6823F02003B2
:100D100043EA0513104DA84203D005F58065A842AB
:100D200014D1CD6823F0800343EA05130A4DA8428D
:100D300023F0400303D005F58065A84206D1D1E930
:100D4000055624F44064354344EA850444608261D6
:100D50004A688263036270BD00000140F0B5174D20
:100D60002E68070C012F20D1746920EA0404A4B274
:100D7000B4FA84F464098C4201D0002014E0541CBD
:100D8000F0D00F4C2468E41AA242EBD200232022B8
:100D90002B6385F83D2085F83E302A6C85F83C3081
:100DA00042F020022A640120F0BDB469E443C4F398
:100DB000400484F00104E4B2DDE700BF380C0120F8
:100DC000CC0C012030B51B4B1C686269D24312F079
:100DD000020201D110461AE0626912F4806217D053
:100DE000226842F4007222601A686FF480615161D7
:100DF000002220211A6383F83D1083F83E201A6CEC
:100E000042F004021A64002283F83C20012030BD25
:100E1000451CDAD0084D2D686D1AB5F57A7FD4D906
:100E200020211A6383F83D1083F83E201A6C0A4390
:100E3000E8E700BF380C0120CC0C012030B5184B7E
:100E40001D686A6912F0800201D0002026E06C69FA
:100E500014F4806411D1421CF3D0124A1268521A61
:100E6000B2F57A7FEDD920221C6383F83D2083F808
:100E70003E401A6C42F020020BE06FF48061696121
:100E800020211A6383F83D1083F83E201A6C42F04B
:100E900004021A64002283F83C20012030BD00BF08
:100EA000380C0120CC0C012030B5164B164D1C68B7
:100EB000626912F0400201D0002012E0616911F075
:100EC00010010FD06FF01001616120211A6383F8C7
:100ED0003D1083F83E201A6C1A64002283F83C20EF
:100EE000012030BD2A68121AB2F57A7FE0D920229B
:100EF000196383F83D2083F83E101A6C42F02002FB
:100F0000EAE700BF380C0120CC0C012030B5134BB0
:100F1000DB68C3F30223DD1E042D94BFC3F1070376
:100F200004234FF0FF3488BF002504FA03F321EABD
:100F30000301AC4022EA0402A9401143421C16BF3F
:100F400000F16040054A00F561404FEA011314BF0B
:100F500080F8003382F8233030BD00BF00ED00E0A0
:100F6000044B054A9B68C3F38223D35C034A106891
:100F7000D840704700380240AC760108600000207D
:100F800013B5002201463620FFF7C0FF274B4FF470
:100F900080025A6000230193254B1A6C42F0100224
:100FA0001A641A6C02F010020192019A9A689A6807
:100FB0009A689B681F4B12F4E05F1B6831D1FFF702
:100FC000CFFF1D4C1D4B236040F2E733E3601C4B09
:100FD000B0FBF3F000232361A360A36194F83D30DC
:100FE0000138606003F0FF020BB984F83C20022353
:100FF0001449124884F83D30FFF714FE012384F8A9
:101000003D302368DA6842F00102DA609A6802F043
:101010000702062A1EBF1A6842F001021A6002B0D7
:1010200010BDFFF79DFF4000CBE700BF00E100E0EF
:1010300000380240003C0240D00C0120001000406B
:1010400040420F00D40C012010B4D0E90140A44666
:1010500010BC604710B404688068A446012310BC2B
:10106000604713B5012301AA10210446FFF7ECFFE6
:1010700050B99DF8043001AA60F383031021204683
:101080008DF80430FFF7E6FF02B010BD0023044ADC
:1010900019460133B3F5806F02F8011BF9D170478F
:1010A00010080120030630B516D43F2914D80B4B85
:1010B0000B4D1B79002B18BF82F00102CB0800EB0F
:1010C000C31001242B5C01F0070104FA01F1A242D4
:1010D0000CBF0B438B432B5430BD00BF08080120CD
:1010E000100801202DE9F04F87B0DFF894B0059388
:1010F00089469246451E15F8013F0193A3F120044D
:10110000E2B25E2A1CD8BBF8006006EB0902802A16
:1011100016DCBBF80230029303EB0A02402A0FDC14
:10112000059B0AFB04F403EB44044FF00008D04590
:1011300009D32A78019B4E449A42ABF80060DAD07A
:1011400007B0BDE8F08F34F8023B0493029B08EB34
:101150000302D3B2002703934F4502D308F10108DD
:10116000E5E7049B039903FA07F2B81912F4004269
:10117000C0B218BF0122FFF795FF0137ECE700BFAF
:1011800008080120F0B50D46B0FBF2F702FB170688
:10119000092E8CBF03F1370430243444904205F803
:1011A000014B01D2681AF0BD3846EDE7D1E90123C1
:1011B00010B593423FBF0A685C1C8C60D05410BDD0
:1011C0008B6801338B60D1E9003118472DE9F0417C
:1011D000134C144B144801250027082206212580B2
:1011E00002266780FFF77EFF0E4B0F4826800822FD
:1011F00006216780FFF776FF258008252A46094BE0
:101200000A4865800621FFF76DFF268065802A4623
:10121000044B0648BDE8F0410621FFF763BF00BF5D
:10122000080801209A7001083E00002034000020C8
:10123000D0F8EC39642B38BF6423643BC0F8EC3938
:10124000D0F8F4390133C0F8F439D0F89439022BCE
:1012500007D1D0F8B839632B8CBF643B0023C0F8AA
:10126000B839704750B141F27073984206D942F6CE
:10127000E062904201D9400870471846704770B547
:101280000023561E9E4201D800200DE00578FF2D58
:10129000FAD001330DB90130F4E744788D4223448C
:1012A00003D19A42F0D3013070BD02342044E9E703
:1012B0000346014400208B4200D1704713F8012BF4
:1012C00042EA0020F7E738B5F0301446A3F1F00207
:1012D0000D46FFF7D4FF58B10178042902D9032D38
:1012E00008D104210130FFF7E3FF2060002038BD62
:1012F0000A20FCE70920FAE7014401F8012D8142A8
:101300004FEA1222F9D1704770B5049C1646226844
:1013100081542568013525604655256801351A46F2
:10132000256031462844FFF7E7FF236833442360F4
:1013300070BD01380A44914200D1704711F8013B59
:1013400000F8013FF7E70000F8B5136814463722AC
:10135000CA54236800F580570133236097F8D02FD3
:101360000332CA54064620680D460130206003222D
:1013700028440A49FFF7DDFF206803302060D7F8D2
:10138000D02F52B106F5FE510C312844FFF7D1FFA2
:1013900097F8D02F236813442360F8BD0000002085
:1013A00010B5002302780AB9581C0EE03F2A07D86E
:1013B000541C2044CC68A04208D201331344F1E706
:1013C00002F0C002C02A01D1981C10BD0020FCE729
:1013D00038B504461546FFF7E3FF50B1CA68831CD1
:1013E00023449A4207D9235A5BBA9BB22B60002050
:1013F00038BDA620FCE70320FAE738B504461546B9
:10140000FFF7CEFF60B1CA6800F10A0323449A4295
:1014100008D90444002023895BBA9BB22B6038BDF5
:10142000A620FCE70320FAE71D4B93F83920202A79
:1014300019D193F83820012A15D000222121DA632E
:1014400083F83910174983F83820096801219984F5
:10145000D9841968DA8C92B232B90A685206FCD57E
:10146000202283F839207047DA8C013ADA849A68AE
:10147000B2F5805F0CD10A681206FCD50288C2F36F
:1014800008024A601A690AB90230E3E70130E1E76D
:101490000A681206FCD510F8012B4A60DAE700BF93
:1014A0008C0C0120CC0C01202DE9F74F694F6A4CC0
:1014B0003D680C9E9A4694F83D30202B8146884624
:1014C00093463CD165482B4619220121FFF746FC83
:1014D000002834D194F83C308B4230D0236884F813
:1014E0003C101A68D2075EBF1A680A431A60226865
:1014F000136823F400631360212384F83D30002136
:10150000402384F83E302164A4F82AA0638D226829
:101510002385534BC4F824B0E362136843F480730B
:1015200013604FF0011032462B46FFF717FC22687C
:1015300040B11368D80502D54FF40073236403B09B
:10154000BDE8F08F09F0FE03136129463046FFF72E
:1015500039FC0028F3D1236801905A6901929B69F4
:10156000019329463046019BFFF768FC40B1236C8C
:10157000042BE4D12268136843F400731360DEE7A0
:101580002368C3F81080238D8BB923685A6912F041
:10159000040231D01A6842F400721A60202384F8E1
:1015A0003D30002384F83E3084F83C30C7E72946BC
:1015B0003046FFF743FC0028D9D1636A22681B78C4
:1015C0001361606A618D431C6362238D013B0139A5
:1015D0009BB22385618551694907D4D5002BD2D0B0
:1015E00043781361636A01336362238D013B238572
:1015F000638D013B6385C6E7596911F4806117D09B
:101600006FF4806159612021226384F83D1084F8D1
:101610003E20226C42F004022264002284F83C2026
:10162000226C042A02BF1A6842F400721A6086E72C
:10163000721CABD03A68521BB2F57A7FA6D9202231
:10164000216384F83D2084F83E10226C42F0200291
:10165000E2E700BFCC0C0120380C01200200100092
:101660000000FFFF13B5064CA04205D14FF47A707D
:101670000090D520FFF718FF002002B010BD00BF7A
:10168000380C012013B5064CA04205D14FF47A70F6
:101690000090B920FFF708FF002002B010BD00BF86
:1016A000380C012013B5074CA04207D14FF47A70D3
:1016B000009041F08001BF20FFF7F6FE002002B04D
:1016C00010BD00BF380C012013B5074CA04207D154
:1016D0004FF47A70009041F080013D20FFF7E4FE66
:1016E000002002B010BD00BF380C01201FB54FF024
:1016F000FF338DF80F0000930DF10F02012300213D
:101700007820FFF7D1FE05B000BD000073B50E4D87
:10171000B0244FF0FF362046FFF7E8FF0020FFF728
:10172000E5FF01341020FFF7E1FFE4B22A460096FE
:10173000802340217820FFF7B7FEB82C05F1800503
:10174000E9D102B070BD00BF100801202DE9F043BF
:10175000954C9846954B1D6894F83D30202B87B0EA
:1017600006460F46914661D191482B461922012128
:10177000FFF7F4FA002859D194F83C308B4255D049
:10178000236884F83C101A68D2075EBF1A680A43BF
:101790001A602268136823F400631360222384F81C
:1017A0003D300021402384F83E302164A4F82A8093
:1017B000638D238522687F4BC4F82490E36213680D
:1017C00043F4806313602268136843F480731360EA
:1017D0004FF001102B464FF47A72FFF7BFFA2368DF
:1017E00030B11B68D80521D54FF4007323641DE088
:1017F00006F0FE021A6129464FF47A70FFF7E2FA0A
:10180000A0B9236805905A6905929B6905932946FA
:101810004FF47A70059BFFF711FB50B1236C042B3A
:1018200004D12268136843F40073136007B0BDE865
:10183000F083236829461F614FF47A70FFF7FEFAA0
:1018400001460028EAD12268136843F480731360CC
:101850004FF001102B464FF47A72FFF77FFA23689E
:101860000028BED146F00106F6B21E6129464FF4AB
:101870007A70FFF7A7FA0028D8D1228D2368A2B981
:1018800004925A6904929A690492049A1A6842F47A
:1018900000721A60238D002B2FD1202284F83D2066
:1018A00084F83C3084F83E30C0E7012A0BD11A6836
:1018B00022F480621A60236803905A6903929A693D
:1018C0000392039AE2E7022A10D11A6822F4806296
:1018D0001A602268136843F400631360236802905F
:1018E0005A6902929B690293029BD3E701905A695D
:1018F00001929B690193019BCCE7032B5ED8012BDE
:1019000012D12846FFF7D0FA00288FD123681A6930
:10191000636A1A70636A01336362238D013B238516
:10192000638D013B6385B5E7022B23482B464FF4BB
:101930007A724FF000011AD1FFF710FA00287FF4F5
:1019400075AF2268136843F40073136023681A6943
:10195000636A1A70626A531C6362238D013B23859C
:10196000638D013B638523681B695370D2E7FFF7E2
:10197000F5F900287FF45AAF22680F48136823F462
:101980008063136023681A69636A1A70636A01339B
:101990006362238D013B2385638D013B63854FF497
:1019A0007A722B46C8E700BF380C0120CC0C01200E
:1019B000020010000000FFFF040001002846FFF7AE
:1019C00073FA00287FF432AF23681A69636A1A70C9
:1019D000626A531C6362238D013B2385638D013B47
:1019E00063852368596949077FF554AFBCE700BF99
:1019F00010B5044CA04202D1D520FFF7A7FE00206D
:101A000010BD00BF380C012010B5044CA04202D11B
:101A1000B920FFF79BFE002010BD00BF380C01204D
:101A200010B5054CA04204D141F08001BF20FFF762
:101A30008DFE002010BD00BF380C012010B5054CF4
:101A4000A04204D141F080013D20FFF77FFE00203D
:101A500010BD00BF380C012010B52DED028B3D4CA0
:101A600086B09DF80C309B0702D12368002B67D10C
:101A7000394C02220021204613F0C9FD22460223E0
:101A800028213648FFF7E0FA354BB4F90020D3EDB2
:101A9000015A93ED006AD3ED037A93ED027A9FED3C
:101AA000310A314C37EEE55A66EE677A06EE902A37
:101AB000E5EE877A02220021F8EEE66A37EE467AF2
:101AC000E5EE267A2046C7EE876ADFED287AF4EE47
:101AD000E67AF1EE10FAD8BFF0EE667AF4EEC07A4C
:101AE000F1EE10FAD4BFB0EE678AB0EE408A13F080
:101AF0008EFD224602232A211848FFF7A5FA1C4B27
:101B0000B4F90020D3ED037AD3ED015A93ED006AC6
:101B100093ED027A37EEE55A66EE677A06EE902A82
:101B2000E5EE877AF8EEE66A37EE467AE5EE267A53
:101B3000B0EE480AC7EE870A06B0BDEC028B10BDB6
:101B40000123064803AA2721FFF77EFA2368013BF9
:101B5000236086E750000020340C01205400002050
:101B6000240C01200000C842200C012000000000CD
:101B7000100C012038B504460D462822002113F030
:101B800046FD6560EFF3108572B60B4B0B49236081
:101B90000B680B4A43B9C4E90644146001330B6077
:101BA00085F31088002038BD1268D069D461846143
:101BB000C4E90620F2E700BF4E4456448C060020DC
:101BC0009006002007B5CBB20193C1F30723009321
:101BD0000A0EC1F307430146024813F067FC03B045
:101BE00000BD00BFF7BE04080CB42DE9F04F9FB054
:101BF00028ADCDE90A01CDE91201AF4955F8042B12
:101C00001591002312A90D9514931691009392F843
:101C100000E0BEF1000F0ED1704612A9FFF7C6FA20
:101C2000DDE90A32134403F8010C00981FB0BDE847
:101C3000F04F02B07047BEF1250F79D0531C0793C7
:101C400015A9009B17937046FFF7BAFA179B0093EC
:101C5000079ADCE72B2C64D03ED8202C46D0232CCE
:101C600061D02A2C4AD102210233039119782E29FE
:101C70007FD159782A2964D10221023302914FF091
:101C8000000A1E4616F8011B682976D06C297AD006
:101C90004C297AD01E4600213378782BCED8572B8A
:101CA00077D8252B00F02D81413BDCB2062CC5D81E
:101CB000062BC3D801A454F823F000BFF31E00087C
:101CC0003D1C00083D1C00083D1C0008D71E0008F4
:101CD000C91E0008E51E00082D2C26D0302C0DD181
:101CE000069BB3FA83F35B09049302E0002F08BF5D
:101CF00020270B465C78591C002CABD100230393A2
:101D000005934FF00A0C0C78303CE6B2092E0B46D6
:101D1000ACD8059B0CFB03430593012301310393CE
:101D2000F1E72746E5E7A046E3E706940023DBE773
:101D30004FF0000813464746CDF81080CDF81880C4
:101D4000D8E72D2912D10233002102911C464FF011
:101D5000000A4FF00A0C02E001340CFB0A1A217849
:101D60003039CEB2092E2346F6D98AE70133012154
:101D7000EBE7002102918A4683E75978682906D16A
:101D80009E1C032188E7042186E7022184E70121C4
:101D900082E7583B202B3FF651AF01A454F823F0C3
:101DA000AD1E00083D1C00083D1C00083D1C00083D
:101DB0003D1C00083D1C00083D1C00083D1C00089F
:101DC0003D1C0008E91E00083D1C0008071F000814
:101DD000A11E0008CD1E0008BD1E0008DB1E000865
:101DE0003D1C0008A11E00083D1C00083D1C000809
:101DF0003D1C00083D1C00083D1C0008A71E0008F3
:101E0000F71E00083D1C00083D1C00083D1E000890
:101E10003D1C0008251E00083D1C00083D1C000854
:101E2000B31E000820240723DBB202980193049B11
:101E3000002814BF002303F0010303E003230193F0
:101E4000202400230493731C9A4207933FF4F6AEB8
:101E5000039B022B2B4608D153F8042B0592002A32
:101E6000BFBF5242059201220692029A022A06D16F
:101E700053F804AB6FEA0A02D20F52000292019AA1
:101E8000023A0A2A4CD8DFE812F056005C00DF0064
:101E90000C010C010C015E016D016D016D016D0104
:101EA00020240423C0E720240523BDE700240623C3
:101EB000BAE72024FBE700BFAD1100082024029BF5
:101EC0001BB309230193BEE70024F8E72024029BFB
:101ED00003B30A23F6E70024F9E72024029BDBB1D1
:101EE0000B23EFE70024F9E72024029BB3B10C2376
:101EF000E8E70024F9E70823019300232024029354
:101F0000A1E70123F8E70223F6E7092301934FF045
:101F1000060A98E70A23F9E70B23F7E70C23F5E70E
:101F200025228DF860201D464FF0000BD946012672
:101F3000002718AC13E01D4655F8043B8DF86030BF
:101F4000F2E71D46002655F8044B029B13B1564597
:101F500080F26282A75D002F74D1BB46B946019B17
:101F6000039A013BDBB29AB1049A002A00F0668220
:101F7000022B40F26582029A002A00F06382BAF1D5
:101F8000000F40F05F82D34514BF2022302203921D
:101F900040F6047222FA03F3DB07059B58BFAAEB55
:101FA000060AA3EB060854BF2AEAEA7A4FF0000AB1
:101FB000002F18BFA8F10108B9F1000F01D0A8F156
:101FC0000208069BA8EB0A0828EAE878002B40F0F4
:101FD0004882039B002B00F04482302B19D13FB183
:101FE000009B179315A93846FFF7EAF8179B009353
:101FF000B9F1000F00F03382009B179315A9302030
:10200000FFF7DEF815A94846FFF7DAF8179B0093AB
:102010000027B8F1000F40F01782039B302B0ED041
:10202000B9F1000F0BD0009B179315A93020FFF7D3
:10203000C7F815A94846FFF7C3F8179B00934FF060
:10204000FF381DE2013680E701391D1D032923D821
:10205000DFE801F002221722B3F90000002811DAAC
:102060004FF0000B2D27002823464FF00A0218A935
:10207000B8BF4042FFF786F84FF0000906460C460D
:102080006DE7187850B9029B1BB1BAF1000F00F050
:10209000C8814FF0010BE6E71868DFE74FF0000B4F
:1020A000E1E701391D1D03291BD8DFE801F0021A01
:1020B000181A1F88BFB9029B002B38D0BAF1000F45
:1020C00035D1019B052BD14640F0AE815646B8EB89
:1020D0000A0A18BF4FF0010A4FF0010B29E71F78D9
:1020E000E8E71F68E6E74FF0000B019B052B21D0C6
:1020F000062B14BF0A221022234618A93846FFF7E0
:1021000041F80646002F00F08281B8F1000F00F080
:102110008F81019B052B0FD100F178036B44302296
:102120004FF0000903F8182C01364F46A7E74FF08F
:10213000010BDAE70822DFE7019B062B40F07A81EA
:1021400004F15809F4E61D46102255F8040B20232B
:1021500018A9FFF717F84FF0000B06464FF0780963
:102160005F468CE7073323F00705B5EC027B0022BE
:1021700051EC170B00238DED087BFEF701FC0022CC
:1021800000284FF00003DDE9080118BF2D27FEF7F6
:10219000EDFB9DED087B8DED0E7BB0F1000B18BFC4
:1021A0004FF0010B0EA910AA0023013311F8010B07
:1021B00002F8010B082BF8D1DDE9102340F2FF7182
:1021C000C3F30A508842C3F3130311930ED11A4389
:1021D00040F02081AD4A18A90026935D002B00F045
:1021E0001681234401F8013B0136F6E7BAF1150FD9
:1021F00001DDA74AEFE700287DD043F48013119357
:10220000A0F2FF30BAF1000F02D1B8F1000F74D084
:102210000AF178036B442E220AF1010103F8182C0D
:102220000028C0F28980DDE9103E1F280646A8BFBD
:102230001F26C6F13402A6F11408C6F1140C23FAC5
:1022400002F20EFA08F82EFA0CFC42EA080242EA00
:102250000C02B0EB060C72D0C6F13308A6F11300E5
:1022600023FA08F30EFA00F0C6F113062EFA06F66A
:102270000343334303F001034FF0300E4FF00508E2
:10228000BCF1000F3BD1342018AE01EB060E4FF02D
:102290000A090E46162EACDCB2FBF9F809FB182C25
:1022A0000CF1300C092A0EF801CB06F1010648D8D2
:1022B000342800F0328140EAE07C1099119A0CF148
:1022C0000C08ACF1140E01FA0EFEA0EB0C0302FA9E
:1022D00008F2CCF1140C21FA0CFC42EA0E0201FACD
:1022E00008F142EA0C024FEAD17ED446BCF1000F5D
:1022F00033D000212FE0012082E7514690E7002AE9
:1023000005DB43EA420200230CF1FF3CB8E7162943
:102310003FF76FAFB2FBF8F601F178006844013186
:1023200000F818EC06EB8600101A1844022894BF37
:10233000002301233246E7E700221346A4E7634661
:10234000A2E74246A6E7B2F1333F00D201B302F062
:10235000010E01335208032BF5DDDB437244DB0F22
:10236000BCF1000F2FD000210DF160094FF00A08D9
:102370004FEA127E0CF1FF3C0EF1300E0CF809E032
:1023800022F07042BCF1000F19D008FB02F2EFE717
:102390000EEB4E0E02EB82028B42724403DB8E4642
:1023A00001330121D7E70CF1FF3C0CF1780EEE442C
:1023B0004FF030080EF8188C01338E4696E734281B
:1023C00004D012018C4603EAD273614618AA881819
:1023D0004FF0300C19E016293FF70BAF8E42DFBFEC
:1023E00006F178036B44013603F818CC10F8012B82
:1023F0002E2A01D10131EEE7392A13BF01323022F2
:102400000123002300F8012C0131002BE3D14FF010
:1024100000098EE51F4ADEE64FF0000BD9465F4605
:102420009DE5D146564657E656464FF0010B7FE5EF
:102430004746ECE74FF000094F467AE52022A6E533
:102440000022A4E53022A2E5009B0398179315A96A
:10245000FEF7B6FE179B009308F1FF38D9E54F460B
:10246000D7E5B9F1000F0BD0009B179315A93020C9
:10247000FEF7A6FE15A94846FEF7A2FE179B00939D
:10248000019B032B2AD100270FE000BF0ABF0408DD
:1024900012BF04080EBF0408009BE05D179315A946
:1024A000FEF78EFE179B00930137BE42F4DC069BBD
:1024B000002B3FF4CDAB039B002B3FF4C9ABB8F12D
:1024C000000F7FF7C5AB009B0398179315A9FEF784
:1024D00077FE179B009308F1FF38F0E73FB1009BB0
:1024E000179315A93846FEF76BFE179B0093BAF1B8
:1024F000000F0BD1002EDADD013E009BA05D17938B
:1025000015A9FEF75DFE179B0093F3E7009B179359
:102510000AF1FF3A15A93020E5E7BAF1000F3FF4C0
:1025200055AFD44600221FE7F0B5A7B007460E46C8
:1025300015460021842205A81C4613F068F83B4686
:10254000244A162105A8FFF74FFB3346224A234EA3
:1025500016210DF12A00FFF747FB2B46204A1621D2
:1025600010A8FFF741FB6823B922CDE90132A82367
:102570001C4A00931621C0230DF15600FFF734FBCF
:10258000194A16211BA8FFF72FFB184A184B1621D2
:10259000002C08BF13460DF18200114AFFF724FBFF
:1025A000FEF774FDFEF712FE05AC10254FF0020792
:1025B0007580083520460F4B378008220621ADB2C2
:1025C000FEF790FD402D04F11604F1D1FFF79EF8BF
:1025D00027B0F0BD38BF04084ABF0408080801202E
:1025E00052BF040855BF040864BF040826BF04088E
:1025F00016BF04089A70010810B504460CF052F991
:10260000C923B0FBF3F202FB1300632803D8C0F127
:102610006403A34202D2643C204410BD0120FCE7C5
:102620002DE9FF47154603321F4622F00302EB183F
:102630009B1A23F003030024B3F5C86F8046894634
:1026400003944FD30AF0C2FD7E1E2E44824618B179
:1026500003AA21460AF0C4FD244B1A68244B1C68C7
:1026600014BBBAF1000F04D0039903AA50460AF034
:10267000B7FDEFF305831F4A11680B4306D0EFF354
:10268000058312681343B3F1F03F2DD31A4B1A6838
:102690001A4B9A4228D000972B464FF4C162494604
:1026A000404607F0E7F816E090450BD0D2E9081352
:1026B000013B8D420B4401D39D4203D38E420ED386
:1026C0009E420CD2BAF1000F04D0039903AA5046DF
:1026D0000AF086FD0724204604B0BDE8F087526B5F
:1026E000013CBDE70924F6E71124F4E7D8170020E0
:1026F000D41700204C00002068FC0020B4FB002010
:102700000268094B9A420DD1EFF30583074A12681C
:10271000134307D1064B1B6823B1064A934201D0ED
:1027200007F006B9704700BF4B4341504C000020F2
:1027300068FC0020B4FB0020314A1368196989073E
:102740000AD5D968880707D56FF002011961012100
:102750001177996900211177196949070AD5D96854
:10276000480707D56FF004011961022111779969B3
:1027700000211177196909070AD5D968080707D513
:102780006FF00801196104211177D96900211177CF
:102790001969C9060AD5D968C80607D56FF01001AE
:1027A000196108211177D969002111771A69D107B8
:1027B00009D5DA68D20706D512496FF001021A610D
:1027C0000A6801320A601A69100605D5DA6811062E
:1027D00044BF6FF080021A611A69520605D5DA68A3
:1027E000500644BF6FF040021A611A69910605D580
:1027F000DA68920644BF6FF020021A61704700BF8A
:10280000D00C0120CC0C0120044A05491368002B90
:1028100008BF0B4618441060184670470408012092
:10282000C02301204FF0FF3070474FF400534B603E
:10283000002070470120704700207047054BD3F8F7
:10284000882042F47002C3F888204FF000629A603A
:10285000704700BF00ED00E02DE9F3412F4C304FF1
:102860000E4615468846A8EB06039D4203DC284623
:1028700002B0BDE8F08194F83A30202B16D194F8DC
:102880003830012B12D000232222E36384F83A204F
:102890003A6884F838300122A285E2850DF10603FA
:1028A000E28D92B2B2B9202384F83A300DF10600DD
:1028B000FEF7BAFD9DF806300D2B06D10A230DF167
:1028C00007008DF80730FEF7AFFD9DF8063008F8D9
:1028D000013BC8E7E28DA168013AB1F5805FE2856E
:1028E00022680ED111688806FCD52169526821B989
:1028F000C2F3080223F8022BD2E7D2B223F8012B4D
:10290000CEE711688906FCD521695268581C11B9B7
:102910001A700346C4E702F07F02F9E78C0C01202D
:10292000CC0C012073B50E4615460C46A31B9D42E8
:1029300002DC284602B070BD14F8013B019301A8E7
:10294000FEF772FDF2E70000154B5A69D20625D555
:1029500010225A6103F5484304229A61A3F580636B
:102960004FF400429A6102F1804202F5C4324FF402
:10297000005191611B69DB0610D40A490B682033B2
:10298000B3F5006FAABF40F2FF721A4613460A6001
:10299000054A4FF0804153638B639363704700BFD8
:1029A000003C0140C4F9002000040040144B5A6967
:1029B000520524D54FF480625A6103F548434FF421
:1029C00080229A61A3F580634FF000429A6102F180
:1029D000404202F502324FF0005191611A6912F43F
:1029E00080620CD107490B68203B54BF1A4613463E
:1029F0000A60054A4FF0804153638B6393637047CD
:102A0000003C0140C4F9002000040040104B1B684A
:102A1000EFF3108072B60F4A00211160ABB11A6B50
:102A20009AB90D49DA690A60196A9A6199420CD01B
:102A3000DA6ADB6B9A4208D1084B43F82210084A45
:102A4000126853F82220074B1A6080F310887047F1
:102A500068FC0020780600207C0600204001002051
:102A6000C0010020CC010020EFF3108372B6024AAF
:102A7000106883F3108870478006002003685A1E90
:102A8000033217D88269AAB9202B28BF20235A1EE7
:102A90000C4B1B6803EB82030B4A12689A429FBFE0
:102AA0009B1A0A4A12689B181A6822B9C0E90400E6
:102AB000186083617047516908615061C0E9042161
:102AC000F7E700BFE8050020E4050020EC05002042
:102AD000F8B5504B04461E68EFF3108572B6864277
:102AE0000AD1F36C013B033303D806F14C00FFF726
:102AF000C5FF494BE2691A60484A49481368013BDF
:102B00001360A36B012B7ED1D4F820E0D4F82CC045
:102B1000444F00217445A16340D0616ACEF824106F
:102B2000C1F820E057F82C10A1420CD147F82CE056
:102B3000DFF8F8E0DEF8001029B103FA0CF321EA1F
:102B40000301CEF800100368A3425CD1364E374C27
:102B5000336857F8233003602368002B3AD013689A
:102B60000133136085F31088EFF3108572B6136894
:102B7000D4F800C0013B13609CFAACF1B1FA81F1CA
:102B800057F821703668FB6BB34223D807600120E9
:102B900000FA01F12CEA010323601BE047F82C1036
:102BA00003FA0CF1DFF888C0DFF880E0DCF80030D1
:102BB00023EA0103CCF80030DEF800C0BCF1000FBE
:102BC00003D02CEA0101CEF800101749ABB920243C
:102BD0000C60036085F310881368CBB94FF0E023D5
:102BE0004FF08052C3F8042DEFF3058383B9EFF360
:102BF000108362B683F310880AE093FAA3F3B3FA62
:102C000083F30B609FE785F310880368B342E3D139
:102C1000F8BD00BF68FC00207C0600205C17002087
:102C2000CC01002040010020C0010020C401002090
:102C3000C801002038B5EFF3108372B6144A146847
:102C40001CB983F31088132038BDEFF30581114AB6
:102C500012680A43F5D1104A9442F2D010B983F3B6
:102C60001088F1E70D4A11680029EAD10425C4F85B
:102C700084101168256301252944A563E06411606F
:102C800083F310882046FFF723FFD4F88400DBE7A6
:102C900068FC00204C000020B4FB00205C170020E2
:102CA00038B5194B1C68EFF3108272B6D4F8AC300B
:102CB00082F3108813B1002120469847D4E91130DF
:102CC0009847124B1B680BB120469847EFF31085CD
:102CD00072B60F48D4F8AC200023E36403680121E6
:102CE0000B442163A163036085F31088EFF3148321
:102CF00023F0040383F314880AB12046904720464A
:102D0000BDE83840FFF7E4BE68FC00203401002035
:102D10005C170020404B98422DE9F74F79D10025F0
:102D2000DFF80CA13D4F2E46A846EFF3108172B696
:102D3000DAF80020136800930BB1C3F818D01660BE
:102D4000374ADAF800301268C7F80080043393423B
:102D5000CAF8003002BF334B1B68CAF8003081F359
:102D60001088EFF3108272B6DFF8C890009C8CB91F
:102D70003B68002B4AD12C4903230B6301238B634F
:102D80002A490B6801330B6082F310882648FFF74D
:102D90009FFECAE72369CDF804809C421BBF61698E
:102DA000596100230B61009318BFC3F818D0236842
:102DB000202B1FD9203B236001ABA3612461019428
:102DC0000023C9F8004082F310880BB128469847C9
:102DD000EFF3108B72B6019BC9F800609C4203D1DF
:102DE000A6612046FFF74AFE8BF31088EFF31082AE
:102DF00072B6BBE761682160D4E9023521B101A94F
:102E0000A16124610194DCE7A161DAE782F3108813
:102E10008BE703B0BDE8F08F4D49544174060020A4
:102E2000E4050020EC050020B4FB00205C17002026
:102E3000E805002070060020F8B5EFF3108672B6A2
:102E40008568046A25EA04041460046A25EA040714
:102E5000002C18BF3D460D420ED043693BB10369BB
:102E60002BB90C430462002086F31088F8BD8368F8
:102E700023EA01038360F6E7002B33D01A4D2C6858
:102E8000002C2FD1194C1A4F2468A1670121C4E9E5
:102E90001F21D4F8B020A7660A44E066C4F8B02029
:102EA0004269C2B90461C4E91C4442690132426109
:102EB0000722E3642B68226301221344A2632B6080
:102EC00086F310882046FFF703FEEFF3108672B6F4
:102ED000D4F88400C8E702692267516F61670C6704
:102EE0005467E2E70720BFE75C17002068FC00207A
:102EF000F531000830B40C4C0568A5420ED153B131
:102F0000EFF30584094D2D682C430AD1084C256840
:102F1000084CA54205D030BCFFF78EBF062030BC60
:102F200070470420FBE700BF4E4456444C0000208D
:102F300068FC0020B4FB00200B4B1B689BB90B4BBB
:102F40001A680B4B1B689A420DD04FF0E0234FF0EC
:102F50008052C3F8042DEFF3058323B9EFF31083F8
:102F600062B683F3108870475C17002068FC00206D
:102F7000CC01002038B5EFF3108472B61D4B1A68EF
:102F800001321A6084F310881B4A14681B4A1568C2
:102F90000022AA4201D0A0420ED1EFF3108572B6F2
:102FA0001A68013A1A6085F31088FFF7C5FFA0423E
:102FB00005D10623184638BDA4690132E9E7104B54
:102FC000104A1B6893420CBF13230023EFF30582C2
:102FD0000D4C25682A4306D0EFF30582246822436E
:102FE000B2F1F03F04D31BB9BDE83840FEF7C2BDD3
:102FF0001323DFE75C170020900600208C060020DA
:1030000068FC0020B4FB00204C000020F0B4EFF37B
:10301000108172B6D0F81CC0BCF1010F03D881F347
:103020001088F0BC70478369BCF1020F1A6F05D19C
:10303000D46ADB6A9C4238BF8261F0E7194C25688C
:10304000013525601D46D76ADE6AB74238BF134690
:1030500081F31088EFF3108172B6D0E90667AE42B3
:103060001BD1BC4519D1126FAA4214D125689A42CE
:1030700005F1FF35256009D0D3E91C546C6725673D
:10308000546FC3E91C2423675367836181F310885D
:10309000F0BCFFF751BFBC46D5E7326F354633462B
:1030A000E2E700BF5C17002083694BB102699042E0
:1030B00007D11A68824201D100221A60002383617D
:1030C0007047416951610A6119688142F6D1936183
:1030D000F3E70000F8B50446EFF3108572B6436ECF
:1030E000002B32D04C30FFF7DFFF334AA06B136860
:1030F0003249013B1360236B002854D1EBB1636B61
:10310000002B4BD123632E4EE36A56F82300002890
:103110003ED12C4F46F8234001203E6800FA03FCC4
:1031200046EA0C063E60284E37689F42C4E90844D0
:1031300003D933600E6856B90C60244B1B6885F3C5
:1031400010880968994210D1F8BDC364CDE7F76BC8
:103150009F42F2D9F36A9F4204D01D4E98403368D3
:10316000034333600C6085F310881368002BEBD1A8
:103170004FF0E0234FF08052C3F8042DEFF30583A6
:10318000002BE1D1EFF3108362B683F31088DBE705
:10319000436A1C624462C4E90803CEE70023636308
:1031A00003232363C9E7013B012BC6D9636B002BC3
:1031B000F4D1A363F5E700BF5C170020CC01002029
:1031C00040010020C8010020C001002068FC002050
:1031D000C4010020EFF3108172B6044A1368013372
:1031E000136081F310880248FFF774BF5C1700205A
:1031F000B4FB002038B5EFF3108472B61A4B826E20
:103200009A422BD1D0F8B0308B4227D1C36E2BB36A
:103210001968164A914221D15A69FAB10022826690
:103220001969F1B15A69013A5A610AB91A6105E09E
:10323000D0E91C25884255672A67F7D0036B072B16
:103240000CD10B4AC0F8843013680133136084F347
:103250001088FFF73FFFEFF3108472B684F31088F5
:1032600038BD0122DA60E9E7F53100084E445644E2
:103270005C1700202DE9F74F0446EFF3108572B676
:103280008368026AD0F824B00B43836012B122EA4B
:1032900001020262D4E90406002800F0B780012E82
:1032A00033D1D0F88010826F8F0703EA020601D570
:1032B000964200D17EB9002685F31088BBF1000F3D
:1032C00001D02046D847002E00F0A68003B0BDE80C
:1032D000F04FFFF731BEC66F3360CB0744BFA36822
:1032E00093434F4A48BFA360136800260133C4E9E3
:1032F000046613608666C0F8846085F31088FFF763
:10330000E9FEEFF3108572B6D6E7454F3A68002123
:1033100001323A602161844600910A468E4685F367
:103320001088EFF3108572B6E16829B1A06866696C
:10333000C4F80CE003436046D0F88090D0F8788061
:10334000016F019119F0020F08EA030A04D0C24587
:103350000CBFC2464FF0000A016B072910D1BAF129
:10336000000F24D0C16F19F0010F0B601EBFA168C0
:1033700021EA0808C4F80880C0F868E0C0F884E0D2
:10338000D0F8708040452AD0D0F87490C8F8749076
:103390006045C9F8708001D1D0F870C0616901F151
:1033A000FF38C4F81480EAB9026700900246013E73
:1033B00013D1216AC4F810C021B1A368266223EAA0
:1033C0000103A36085F3108892B9EFF3108572B6FC
:1033D0003B68013B3B6001266EE701989FE74FF099
:1033E000000CDBE7009900900867C0F870E0DEE7AA
:1033F000156FEFF3108172B63B6801333B6081F3C8
:1034000010881046FFF766FE2A46DDE7002E3FF4DF
:1034100052AF0123E3604EE703B0BDE8F08F00BF79
:103420005C1700200268034B9A4201D1FFF722BFCC
:10343000704700BF4E44564401480121FFF7F2BFD8
:10344000DC070120406F00F5EE5001210830FFF746
:10345000E9BF00F5EE5002210830FFF7E3BF00009E
:1034600010B5EFF3108472B6194B826E9A422BD1CD
:10347000D0F8B0308B4227D1C36E2BB31968154AF0
:10348000914221D1DA69FAB100228266DA69013A01
:10349000DA610AB99A6106E0D0E91C2151670A672E
:1034A00099698142F6D0036B0D2B0DD10A4A1D2379
:1034B000C0F8843013680133136084F31088FFF779
:1034C00009FEEFF3108472B684F3108810BD00BFBC
:1034D000613400084554554D5C1700202DE9F84330
:1034E00004460D46EFF3108272B6016B51B1D0F86D
:1034F0009830C562AB4294BFC363C56382F3108842
:10350000BDE8F883214E224F3368D7F80090D0F8F9
:103510002C80C164023333600E230126036386636B
:1035200082F31088FFF7D4FAEFF3108372B6D4F861
:103530009820E562AA4294BFE263E56383F31088B2
:103540002046FFF7C7FDEFF3108072B63A68944249
:103550000DD0236B5BB9E36AD16A8B420AD84C4524
:1035600005D1A8453C6002D20A4A42F8234080F3C4
:103570001088C5E7E26B9342F9D99142F1D2064A2D
:103580009E40136833431360F1E700BF5C170020CF
:10359000CC01002040010020C4010020F8B5034602
:1035A000EFF3108272B637489D68046805BB0121AD
:1035B000C3E902149CB11969012901BFE16A59618B
:1035C00020219962D4F8A41069B1086B0B63C3621F
:1035D000C3E90B10D4F8A0300133C4F8A03082F353
:1035E00010880020F8BDC4F8A430C3E90B33F1E71C
:1035F000D868A04202D101359D60F0E711B1224D9B
:103600002E681EB182F310881D20EBE71F4EC4E91F
:103610001A63D4F8B0600136C4F8B060DE6956BBF6
:103620009C61C4E91C44DE690136DE610D26E1645B
:103630002968266301263144A663296082F3108835
:103640001A69B24211D1996AE26A914288BF9A62BC
:10365000E36AD0F89C20934238BFC0F89C30E16AFE
:10366000C36A8B4201D9FFF739FF2046FFF730FAD2
:10367000D4F88400B6E79E692667776F67673C6772
:103680007467D0E768FC00205C17002061340008F4
:1036900010B4F0B10268124B9A421AD1114B49B1E1
:1036A000EFF305841A68224316D10F4A14680F4AB3
:1036B000944211D0EFF305841A68224306D0EFF349
:1036C00005821B681343B3F1F03F07D310BCFFF72B
:1036D00065BF1C2010BC70470420FBE71320F9E7EE
:1036E0004554554D4C00002068FC0020B4FB0020E0
:1036F0002DE9F0410446EFF31082114672B680685E
:1037000038B16A4DE3682D68AB4206D0684D2D682C
:103710001DB982F310881E2005E00138A06020B199
:1037200082F310880020BDE8F081002BF8D0D3F898
:10373000A0000138C3F8A00010B9C3F8A40007E046
:10374000D4E90B050563E862D3F8A450A542F4D090
:10375000A569206915B908B9E060E1E70128D3F847
:103760009470534D1ED129680131296082F310886D
:10377000D3F8A41020200A464AB11669012E03D1BD
:10378000966AB04228BF3046D26A9142F4D1EFF334
:10379000108172B62A68C3F89C00013A87422A60F9
:1037A00028BF0746E369012B10D92369012B0DD1EE
:1037B0002B6801332B6081F310882046FFF726FC2D
:1037C000EFF3108172B62B68013B2B60A669D6B966
:1037D0002B6801332B6081F310882023E068A362FB
:1037E000C36ABB4202D03946FFF778FEEFF310827E
:1037F00072B62B68013B2B600023E36082F31088D4
:10380000FFF79AFB8EE72369012B01BFF36A63611F
:103810002023A362D6F8A0300CBFD4F80C804FF060
:103820000008002B34D1C6F8A440C4E90B4401338E
:10383000C6F8A0300123C4E90236E369013BE36125
:1038400073BBA3610023B366C6F884302B680133D1
:103850002B6081F310882369012B15D1E3695BB1DB
:103860002046FFF7D3FBEFF3108272B6A3690BB1CA
:10387000DB6AA36282F31088D8F82C30BB4203D0F5
:1038800039464046FFF72AFE3046FFF723FC49E75A
:10389000D6F8A420106B1463C462C4E90B20C6E7F9
:1038A000336FA361726F5A671367CBE768FC002020
:1038B0005C17002090B102680A4B9A420ED1EFF3D8
:1038C0000583094A11680B4306D0EFF3058312689C
:1038D0001343B3F1F03F03D3FFF70ABF1C20704737
:1038E000132070474554554D4C0000202DE9F04FF2
:1038F00093B0CF6905460E46D0F8640C914600237C
:10390000482204A905F0FEFE834638B1D6F884317A
:103910000133C6F8843113B0BDE8F08FAB684C2298
:1039200002FB07330146D3F83887D3F834A7049B4A
:103930009C684FF49672204611F069FE012306221E
:103940002370637084F803B084F82CB084F86CB0F2
:103950000421A27060187268FDF7CEFCB2680221E3
:1039600004F10800FDF7C8FC316C99420EBF5A46BD
:103970001946802204F10A0004F10C0BFDF7BCFC8F
:10398000002204215846FDF7B7FC0022042104F16F
:103990001000FDF7B1FC0022042104F11400FDF732
:1039A000ABFC0022042104F11800FDF7A5FC5246EF
:1039B000022104F11C00FDF79FFC4246042104F1A2
:1039C0001E00FDF799FCF0237C4A0593042104F1C5
:1039D000EC000DF11408FDF78FFC4B46CDF800808C
:1039E000012235212046FDF78FFCB9F1010F40F08F
:1039F0008A80F3685A1E033206D8CDF8008004226C
:103A000032212046FDF780FCCDF800804FF0FF33D7
:103A1000042233212046FDF777FCD5F804B0BBF132
:103A2000000F1AD0FF2207A9584606F0E1FF18B18F
:103A3000049805F0C9FF6EE7059B079A03920C21D5
:103A4000E154E11803F1020A4A7004EB0A005946F6
:103A5000FDF76FFC039A52440592424621462846E0
:103A6000FDF772FCD6F888310133C6F8883105F5C8
:103A70008053D3F8DCAFBAF1000F13D0049ADDF80D
:103A80001480526904EB0803D21A013A069206AA7E
:103A9000009239464A462846D0470128C8D1069B9D
:103AA00043440593049B4FF496725A629A6802F558
:103AB0009672DA60059BFF22E254049C0133B3F551
:103AC000967F81BFA2686362D218E260B9F1030FEA
:103AD00079D17378062B73D172694C235F43D5F883
:103AE000743C07F5E5673B4423630423CDE90A32C0
:103AF000214643230AAA05F6684008F0BEFD0028C7
:103B00003FF409AF94E76B68CBB11846FF2207A9D1
:103B1000039306F06DFF039B002889D10599079A4E
:103B200003920C206054601801F1020A4270194699
:103B300004EB0A00FDF7FDFB039A52440592F3687B
:103B40005A1E03320BD87278063AD2B2012A06D92D
:103B5000CDF80080042232212046FDF7D5FB736B9F
:103B60000BB1336B43B9CDF800804FF0FF33042223
:103B700033212046FDF7C8FB7378063BDBB2012BEF
:103B800015D973695A1E033206D8CDF80080042275
:103B900036212046FDF7B8FB424621462846FDF770
:103BA000D3FBD6F890310133C6F890315FE7F26865
:103BB00004215846FDF7A0FBEEE700BF6353826384
:103BC000042B00F2E1804C23AE687B4303F5E562F1
:103BD00032443344226393F82C274FF000094FF00E
:103BE000FF3BCDE9089B002A3FF422AF93F82E3724
:103BF000002B3FF41DAFA368083BA3604FF0040304
:103C000084F82C30D6F888300133C6F88830626AE0
:103C1000D6F88C301344C6F88C30D5F8783C013394
:103C2000C5F8783C626AD5F87C3C1344C5F87C3C06
:103C3000636AA76808336362D5F8703C1B0443F0DD
:103C400043033B60626A1BBA12043B6012BA09ABC1
:103C50007A600093626A08AB1121204605F08AFC65
:103C6000C0434FF6FF7380B2484508BF18467B68D3
:103C700000BA034306F59E787B6059464046FFF73D
:103C800007FDA768636AA7F1140A1433142263625C
:103C9000C4F808A0C4F834A084F82E20D5F8941CE9
:103CA0009BB20B4343F08A4347F8143CD6F83431B7
:103CB000591CC6F83411D5F89C1C57F8140C41EA6D
:103CC000034147F8101CD5F8983C47F804BC1B0684
:103CD00043F4881300BA09BA1BBA47E9033947F815
:103CE000140C47F8101C4B46CDF8009004212046D8
:103CF00005F040FCC04357F80C3C80B200BA0343C7
:103D000047F80C3CD6F8C8373BB1012150469847DC
:103D100018B14046FFF7CEFD8AE6D6F8CC372BB176
:103D200001222146304698470028F2D110960E9481
:103D30000422236B0A924FF6FF704FF0FF32CDE959
:103D40000C021193626A5B6A9A4211D9D6F8A032CA
:103D500053B1D5F89C2CB2F5804F05D00AA89847EE
:103D60004046FFF7A7FDD6E5736D01337365D0E7D5
:103D7000736901337361636AA3F11402B369134475
:103D8000B361236BDB6BE9E74FF0FF32A5E600BFC1
:103D900070B50546EFF3108372B60D4C2268013200
:103DA00022600126D5F8A40058B1866083F31088FC
:103DB000FFF79EFCEFF3108372B6D5F8A420002A1B
:103DC000F0D12268013A226083F3108870BD00BFF1
:103DD0005C1700202DE9F74307460C4602F110005E
:103DE000042116461D46FDF763FA0028019003D111
:103DF000922003B0BDE8F08309DA00F04043B3F14C
:103E0000004F04D000F06043B3F1404FF0D1E060C8
:103E10002B4601AA01213046FDF755FA18B9019B3E
:103E2000002B47D0A3612B4601AA36213046FDF76F
:103E30004AFA70B9019B8342DAD009DA03F04042B2
:103E4000B2F1004F04D003F06042B2F1404FCFD145
:103E500063612B4601AA33213046FDF734FA68B975
:103E6000019B581C1BBF64225343C4E90B335A08FF
:103E70001EBFE362A3EBD303226363632B4601AA55
:103E80003A213046FDF71FFA40B9019BE26A9A4297
:103E900004D3591C1CBF6422534323632B4601AA3D
:103EA0003B213046FDF70FFA30BB019B5A1C1AD15B
:103EB000636321E0BF68D4F81C904FF0FF3107F531
:103EC0009E70FFF76BFBEFF3108372B64C2207F581
:103ED0009E7002FB0977D7F84027A26183F3108810
:103EE000FFF706FC9FE764225343E26A0193934283
:103EF00002D8226B9342DBD26378042B02D0063BBC
:103F0000012B17D82B4601AA03213046FDF7DBF918
:103F100080B9019B83423FF46BAF0ADA03F0404261
:103F2000B2F1004F05D003F06042B2F1404F7FF490
:103F30005FAF2361A5F1F002B2F59C7F28BF4FF47B
:103F40009C72C4F8802106F1F00104F1480011F0E0
:103F5000E4FB00204DE72DE9F843054600F5EC565B
:103F6000143605F58054884630464FF0FF31FFF790
:103F70008FFB94F81C3E002B6CD0D4F8383E98454B
:103F800068D1D4F8283EF3B1AF684FF0FF3107F5A0
:103F90009E70FFF703FBEFF3108372B64C2207F518
:103FA0009E7002FB0877D7F83C7783F31088FFF701
:103FB0009FFBD4F8283EBB4205D10023A8681A46CF
:103FC000414605F052FBD4F82C3E43B3AF684FF0A6
:103FD000FF3107F59E70FFF7E1FAD7F80880B8F1D6
:103FE000000F07F59E7014BF00274E27FFF780FBD8
:103FF000AFB9D4F82C3E434511D1AD684FF0FF3135
:1040000005F59E70FFF7CAFAEFF3108372B6C5E9A3
:10401000027783F3108805F59E70FFF769FB002394
:104020004FF0FF32C4F8283EC4F8303EC4F82C3EAE
:10403000C4F8343EC4F8603EC4F8503EC4F84C3E68
:10404000C4F8482EC4F8243EC4F83C3EC4F8403EB0
:1040500084F81D3E3046BDE8F843FFF72BBC2DE940
:10406000804800F5EC5909F11409054689B04FF074
:10407000FF314846FFF70CFB05F5805405F5EE537C
:10408000083301934846FFF715FC4FF0FF331946FC
:1040900004AA0198FEF72EFF4FF0FF314846FFF7C4
:1040A000F7FA049BDA0740F14581002205A905F6DD
:1040B000684006F029FB002840F03C81059E96F8F8
:1040C0002C30042B03D0304605F07EFCEDE7336B3B
:1040D00013B3DB7994F81C2E002AF4D0D4F8388E70
:1040E0009845F0D1736AF02BEDD9AB680093482264
:1040F000D5F8640C002306A905F004FB024600284D
:10410000E1D10698D6F824B083684169C91A5945A7
:1041100005D205F059FCD6E74FF0FF33DAE7BBF1E3
:10412000000F08D0374637B1D7E90210401A904245
:1041300002D989182CD1FEE77F68121AF3E7BAEB8F
:10414000020AB96813440ED0FA680293521A524513
:1041500028BF52461846039211F0DFFA7F68DDE966
:104160000232002FEBD1069B3046C3F824B005F095
:104170002BFC069F009BBE684C2202FB0832B38BCF
:10418000D2F834175BBA9BB2994203D038469BE70A
:10419000DA46D9E7D6F81E30D2F838271BBA9A4249
:1041A000F4D104217018FDF783F8D4F8203E98422A
:1041B000ECD194F81DBE05F5F05AABF103030AF1FA
:1041C0001C0A042B5AD8DFE803F0032E5972720040
:1041D0007B6A07AA35213046FDF775F800284DD1D6
:1041E000079B022B4AD1D4F8A83F0133C4F8A83F5B
:1041F0007B6A324651462846FFF7ECFD00283DD148
:10420000032251462846FFF771FB4FF4C870C4F8EB
:10421000400EC4F83C0EFEF7EFF90423C4F83C0E40
:1042200084F81D3E2AE07B6A07AA35213046FDF757
:104230004AF818BB079B052B65D1D4F8B03F013372
:10424000C4F8B03F7B6A324651462846FFF7C2FDAC
:10425000A0B94146D4F8343ED4F8282E009805F091
:1042600004FAD4F82C1E11B1A86805F0DCF9052376
:1042700084F81D3ED4F84C3EC4F83C3E069805F048
:10428000A3FB94F81D1E8B453FF40FAFD4F8D43F29
:104290000BB128469847D4F8D83F002B3FF405AF20
:1042A00094F81D2ED4F8381E28469847FDE67B6A00
:1042B00007AA35213046FDF706F80028DED1079B16
:1042C000052B20D1D4F8B03F0133C4F8B03F7B6A4E
:1042D000324651462846FFF77DFD0028CED14146A3
:1042E000D4F8343ED4F8282E009805F0BEF9D4F85E
:1042F0002C1E11B1A86805F096F9D4F84C3EC4F80C
:104300003C3E05238CE7062BB8D1D4F8B43F00908F
:104310000133C4F8B43FD4F8381E2846FFF71BFE1B
:104320000223009A84F81D3E6423C4F83C3EC4F87E
:10433000402EA3E7049B9B077FF5A4AE94F81C3E98
:10434000002B3FF49BAED4F8243E0133C4F8243E46
:10435000D4F83C3E002B3FF491AE642B03D9643B70
:10436000C4F83C3E8AE694F81D6E05F5F051002332
:10437000B21E1C31C4F83C3E052A2DD8DFE802F0FD
:104380000342494B6280C4F8243ED4F8283E9BB1D6
:10439000D4F8603E83B103222846FFF7A7FA04232E
:1043A000D4F8400E84F81D3E60B14000B0F5C85FFF
:1043B00028BF4FF4C85007E001222846FFF796FABD
:1043C0000323EDE74FF4C870C4F8400EC4F83C0E68
:1043D000FEF712F9C4F83C0E94F81D1E8E423FF40D
:1043E0004DAED4F8D43F0BB128469847D4F8D83F07
:1043F000002B3FF443AE94F81D2ED4F8381E284607
:1044000098473BE601222846FFF770FAD4F8400EA1
:10441000CBE70322F7E7C4F8243E062384F81D3EC9
:1044200028460322FFF762FAD4F8500ED4F84C3E27
:10443000C01AC4F8540EFCF715FFC4F83C0EC4F8BB
:10444000400EC9E7D4F8540ED4F8403E98422CBF31
:10445000C01A0020C4F8540EFCF704FFC4F83C0E48
:1044600060BB072384F81D3E28460322FFF73EFA6F
:10447000D4F8480ED4F8503EC01AC4F8580EDAE703
:10448000D4F8580ED4F8403E98422CBFC01A0020F1
:10449000C4F8580EFCF7E6FE0746C4F83C0E68B9AF
:1044A000D4F8381E2846FFF756FD022384F81D3E37
:1044B0006423C4F83C3EC4F8407E8DE703222846BE
:1044C000FFF714FAD4F83C3EC4F8403E84E70000FD
:1044D0002DE9F84FDDE90A5604468B469246EF2156
:1044E00032462846DDE90C97984611F090F8B42240
:1044F0000021204611F08BF80E9B6661C4E906335B
:104500002023C4F89C3003232363013E2E4BE56037
:104510003544C4E911A8C4E915342C49C4F828B0BD
:10452000C4F82C90C4F894902561E763C4F898709F
:104530002046FBF75DFFEFF3108172B6244B254850
:1045400023600368244A1BBBC4E92244146001337E
:104550000360224B1A6801321A600F9A012A26D191
:10456000EFF305821E4B1B681343B3F1F03F19D3E1
:104570001C4B1D68CDB1EB6AEE6BEB6381F31088C9
:104580002046FEF7A7FD05B1EE630020BDE8F88FD9
:104590001268D2F88C50C2F88C40C5F88840C4E943
:1045A0002225D4E700263546E8E72E46E6E781F3E4
:1045B0001088EFF3108172B61A68013A1A6081F31D
:1045C0001088FEF7B9FCE0E7455A0008A12C000866
:1045D00044524854380100203C0100205C17002060
:1045E0004C000020CC0100202DE9F04F85B0DDE922
:1045F0000E460393129B0293DDE91079DDE913A3C4
:10460000904620B90E23184605B0BDE8F08FB42BB4
:10461000F8D1EFF3108572B63C4A1368013313608A
:1046200085F310883A4B1D683A4B1B68019306F1DD
:10463000FF3C0023A4449E46019A9A4201D0854241
:104640003FD1EFF3108C72B6304A1368013B136010
:104650008CF31088FEF770FC8542D3D0002C49D033
:10466000B8F1000F46D0C72E46D91F2F46D84F4568
:1046700046D3BAF1010F45D8274B284A1B6893420D
:104680000CBF13230023EFF3058C254A156855EA68
:104690000C0506D0EFF3058512682A43B2F1F03F0E
:1046A00032D38BBB029BCDF84CA0CDE91193039B79
:1046B0000E944246CDE90F6705B0BDE8F04FFFF715
:1046C00007BFBEF1000FBCD1D5F80CB0A34505D88B
:1046D0002A69A24284BF4FF0010E0024E34505D8A9
:1046E0002A69624584BF4FF0010E0024D5F8885036
:1046F0000133A1E7032386E7052384E70F2382E73D
:10470000182380E710237EE713237CE75C17002043
:104710003C0100203801002068FC0020B4FB002090
:104720004C0000202DE9F04F2DED028B714B7249AA
:104730001A68724C42F40072B1B01A601A6842F4FE
:1047400080621A601A6842F480721A60CA686C4B00
:1047500022F4E0621204120C1343CB600F20FCF72A
:104760000FFC002211464FF0FF30FCF7CFFB0E226A
:1047700011460A20FCF7CAFB4FF480630E22114653
:1047800023602820FCF7C2FB5E4A00214FF48073AF
:1047900063601291136C43F080531364136C03F045
:1047A00080531293129B584B1191196841F4404168
:1047B00019601B6803F440431193119B936803F045
:1047C0000C03042B514B07D0916801F00C01082910
:1047D00059D15268550256D54A4A1268494A116C55
:1047E00011F0805160D11391116C41F0805111642E
:1047F000126C02F080521392139A0120424A1168FF
:10480000C90553D53F4A116F41F0010111671C687A
:1048100041F28835116F8E0755D518B1116C21F012
:1048200080511164926802F00C02082A38D0384A8C
:1048300000211166186833490D6815F0007547D1DD
:10484000344A4A60324A0121116618682D4A1168BB
:104850008C0142D52749086800F00F00022841D991
:10486000916841F4E0519160916841F46041916038
:10487000916821F0F0019160116889014ED42648B9
:1048800010F014FEFEE71F4A116841F480311160F8
:10489000186811688C03A1D41968091A6429F8D919
:1048A0001D4810F003FEFEE70020A7E7116841F461
:1048B000807111601C681168CF05A3D41968091BA9
:1048C0000229F8D9ECE71968091BA942A2D9E7E740
:1048D0001A68121A022AAFD9E2E71968091A0229DE
:1048E000B5D9DDE703200870096801F00F018142A6
:1048F000C5D1B5E7003C024000ED00E000E100E07A
:104900000003FA050038024000700040CC0C012082
:10491000000047420D1840246EBF0408916821F042
:10492000030141F0020191601868B64941F28834F0
:104930008A6802F00C02082A40F0F785B24B1A6828
:1049400012F00C0F40F0F8858B6823F4E05343F429
:1049500080538B608B6823F460438B608B6803F01B
:104960000C03042B00F00E86082B00F0EF85A748FF
:10497000A44FA74ABB68A74EA74CC3F30313D35C4D
:1049800020FA03F81020C6F80080FCF7F9FA0C2290
:10499000DFF8A0C262614FF4E13394F83920C4E932
:1049A00000C30023C4E902332361A361E36102F081
:1049B000FF0312BB159384F838307A6C42F0200262
:1049C0007A647A6C02F020021592159A14933A6B6D
:1049D00042F001023A633A6B02F0010214924FF482
:1049E000C050149A0222CDE92002CDE922338B482F
:1049F000082320A92493FCF731F82768242384F89E
:104A00003930FB6823F40053FB603B69E26823F410
:104A1000405313433B612169A368FA680B43616902
:104A20000B43E16922F4164222F00C020B431343BC
:104A3000FB607B69A26923F4407313437B61E369E4
:104A40006268B3F5004F764B40F0A48512EB020983
:104A50004FF0000A4AEB0A0A9F4204D003F5806334
:104A60009F4240F09285674B6E4A9B68C3F3423386
:104A70001920D15C28FA01F14A465346A0FB0101F6
:104A8000FBF79CFE6422B0FBF2F102FB1103DB009A
:104A90003233B3FBF2F303F007025B0002EB0112C7
:104AA00003F4F8731344BB603B6923F490433B6108
:104AB0007B6923F02A037B61FB6843F40053FB60AE
:104AC00020220023E36384F8392084F83A204D4AF9
:104AD0001093116C41F001011164116C01F001019E
:104AE000109110990F93116C41F002011164126C36
:104AF000229302F002020F920F9A4FF080412D2272
:104B0000CDE9201240F2FF72CDE92323CDE9253310
:104B10009DF8BD3003F0FF020BB98DF8BC204FF0BB
:104B2000020821A94FF080408DF8BD80FCF77AF88B
:104B3000602319939DF8BC3001270024BB42CDE9C6
:104B40001C44CDE91E448DF8BD701B941A9418D0F6
:104B500020988DF8BC7019A98DF8BD80FCF7C8F8B5
:104B6000836943F400638361836923F48063836111
:104B700083691D9A43EA022383618DF8BD708DF825
:104B8000BC40042120A8FCF729F8274B20939DF86E
:104B9000BD3003F0FF020BB98DF8BC20224802247F
:104BA00021A98DF8BD40FCF73DF89DF8BC200123FC
:104BB0009A428DF8BD305CD08DF8BC30209B8DF8CA
:104BC000BD401A6A22F001021A621A6A586899698D
:104BD000199C21F0730121431B9C22F00202224305
:104BE000124CA34202D0124FBB422BD11C9F22F089
:104BF00008023A43A34222F004021DD00C4CA34207
:104C000020D119E000380240003C02400024F400AA
:104C10008A760108600000208C0C01200000024010
:104C200000100140AC760108000400400000014083
:104C30000004014000140140DDE91E4720F44070EB
:104C40003C432043586099611A9959631A629A69E2
:104C500042F008029A619A6922F004029A619A6904
:104C60001D990A439A6101238DF8BD3000238DF808
:104C7000BC30002120A8FBF7B1FF9DF8BC30012B10
:104C80001BD020980223012419A98DF8BD308DF87E
:104C9000BC40FCF72DF8836943F4006383618369AA
:104CA00023F48063836183691D9A43EA022383614D
:104CB00000238DF8BD408DF8BC304FF00008C14F87
:104CC000C14CDFF83CB320A80421FBF787FFCDF8E7
:104CD00038803B6B43F001033B633B6B03F0010304
:104CE0000E930E9BCDF834803B6B43F002033B6385
:104CF0003B6B03F002030D930D9BCDF830803B6BB3
:104D000043F004033B633B6B014603F00403AF48ED
:104D10000C934FF0010A4FF004090C9BCDE9209A47
:104D2000CDE92288FBF79AFE4FF40043A0F580609E
:104D30002093FBF793FE4FF4005300F5006020939F
:104D4000FBF78CFEA24B4FF4826CA0F50060CDE91E
:104D500020C3CDE92288FBF781FE4FF0100E02231D
:104D600000F58060CDE920E32493CDE92288FBF7AC
:104D700075FE802300F580602093FBF76FFE08230B
:104D8000A0F580602093CDF890A0FBF767FE914BD3
:104D9000C4F8088040F20F32C4E900B34FF4404336
:104DA000C4E9032394F83D20C4F81480FF23C4E928
:104DB0000638C4F820801340002A32D1189384F8B2
:104DC0003C303A6B42F002023A633A6B02F0020264
:104DD0001892189A17933A6B42F002023A633A6BB0
:104DE00002F002021792179A16933B6C43F40013D9
:104DF0003B643B6CCDF888A003F400131693169B1C
:104E00004FF480771223CDE920730323CDE92339B2
:104E1000FBF724FE4FF400732093CDF89090FBF73E
:104E20001DFE2268242384F83D30136823F001031B
:104E300013602268136843F4004313602268136808
:104E400023F400431360FCF78BF8634B62689A42CB
:104E500094BF624B624B984240F2028423686149DE
:104E60005A68B0FBF1F122F03F020A435A60DFF8C2
:104E700068C162681F6A624584BF4FF4967C0CFB70
:104E800001F127F03F0784BF4FF47A7CB1FBFCF1BE
:104E9000013139431962D9694F4F21F44F41BA4268
:104EA00021F0FF0100F1FF3000F2BE835200B0FBA1
:104EB000F2F0421C40F6FC70024200F0CD83C2F3D7
:104EC0000B021143D961D4E907201968464F024308
:104ED00021F0C0010A431A602368D4E903029968EB
:104EE00021F40341024321F0FF010A439A60D4E90F
:104EF0000520D968024321F0FF010A43DA601A68ED
:104F00003A4842F001021A600023202223643B70D9
:104F100084F83D200F2123633A4684F83E30012374
:104F2000FCF792F83B78B12B40F09E832F48012389
:104F300020AA1121FCF788F850B99DF880302B4841
:104F400043F0040320AA11218DF88030FCF782F889
:104F5000274F2648012320AA1121FCF775F89DF858
:104F60008030C3F380023A705A07F2D41F48FCF72E
:104F700078F81E48012320AA1021FCF765F858B9DB
:104F80009DF880301948022262F30613102120AAEE
:104F90008DF88030FCF75EF8164F174800233B7001
:104FA0003A4601230F21FCF74FF83B78BC2B40F029
:104FB0005F83022320AA36210F48104FFCF744F8E4
:104FC00020E000BF00380240380C012000040240FD
:104FD00000003110801A0600A08601007F841E00A8
:104FE000FF083D0040420F0029010020080000207A
:104FF000280100202A01002054000020240C012058
:10500000005400409DF881209DF88030BD4803EB9E
:1050100002231BB207EE903AF8EEE77A012320AAAA
:105020003021C7ED007AFCF70FF89DF88030B548C5
:1050300007EE903AF8EEE77AB6EE008A67EE887AE5
:10504000022320AA3A21C7ED017AFBF7FDFF9DF864
:1050500081209DF88030AB4803EB02231BB207EEA2
:10506000903AF8EEE77A012320AA3121C7ED027ABF
:10507000FBF7EAFF9DF88030A24807EE903AF8EE81
:10508000E77A022367EE887A20AA3C21C7ED037AEB
:10509000FBF7DAFF9DF881209DF880309A4F994800
:1050A00003EB02231BB207EE903AF8EEE77A0123F6
:1050B00020AA3221C7ED007AFBF7C6FF98B9012379
:1050C00019AA90483521FBF7BFFF9DF864209DF891
:1050D000803002F0030203EB022307EE903AFAEE6F
:1050E000EE7AC7ED017A022320AA3E218548FBF71C
:1050F000ABFF9DF881209DF88030824803EB0223AE
:105100001BB207EE903AF8EEE77A012320AA33218A
:10511000C7ED027AFBF798FF98B9012319AA7948DD
:105120003521FBF791FF9DF864209DF88030C2F394
:10513000810203EB022307EE903AFAEEEE7AC7ED16
:10514000037A7048012320AA2021FBF77DFF50B984
:105150009DF880306B4843F0040320AA20218DF88D
:105160008030FBF777FF6748012320AA2021FBF757
:105170006BFF58B99DF880306248012262F3010349
:10518000202120AA8DF88030FBF764FF5D480123C1
:1051900020AA2021FBF758FF50B99DF880305948CC
:1051A00043F0800320AA20218DF88030FBF752FFC6
:1051B000564F574800233B703A4601230F21FBF717
:1051C00043FF3B786A2B40F057825148012320AAC5
:1051D0001221FBF739FF50B99DF880304C4843F05D
:1051E000010320AA12218DF88030FBF733FF494FCD
:1051F0004748012320AA1221FBF726FF9DF88030A3
:10520000C3F30002DB073A70F2D44148012320AA1D
:105210001221FBF719FF50B99DF880303C4843F04C
:10522000400320AA12218DF88030FBF713FF384885
:10523000012320AA1021FBF707FF58B99DF8803001
:105240003348012262F30713102120AA8DF8803021
:10525000FBF700FF2E48012320AA1121FBF7F4FEE3
:1052600058B99DF880302A48012262F307131121B2
:1052700020AA8DF88030FBF7EDFE2548FBF7F1FE04
:105280002348012320AA1121FBF7DEFE58B99DF81F
:1052900080301F48062262F34303112120AA8DF8B3
:1052A0008030FBF7D7FE1A48012320AA1021FBF714
:1052B000CBFE50B99DF88030154843F0010320AA79
:1052C00010218DF88030FBF7C5FE1148012320AA7C
:1052D0001721FBF7B9FE60B99DF880300C4803F048
:1052E000130363F0570320AA17218DF88030FBF7D2
:1052F000B1FE0748012320AA1621FBF7A5FE0028CE
:105300003DD109E054000020100C01202C010020A8
:10531000180000202B0100209DF88030B44823F0B5
:10532000700343F0600320AA16218DF88030FBF74C
:1053300091FE20BBAE48012319AA1521FBF784FE7C
:10534000E8B99DF8643019AA60F301031521A84853
:105350008DF86430FBF77EFE88B9A54801230BAABF
:105360001321FBF771FE50B99DF82C30A04843F093
:1053700002030BAA13218DF82C30FBF76BFE9D4F17
:105380009D4800233B703A4601234F21FBF75CFE0A
:105390003B78402B40F07481984B974805221A6067
:1053A0006021012320AAFBF74FFE50B99DF8803001
:1053B000914843F0200320AA60218DF88030FBF74C
:1053C00049FE8F4F8C48012320AA6021FBF73CFE49
:1053D0009DF88030C3F3401298063A70F2D48648A4
:1053E000012320AA6221FBF72FFE50B99DF88030DF
:1053F000814843F0100320AA62218DF88030FBF72A
:1054000029FE7D48012320AA6021FBF71DFE50B92B
:105410009DF8803020AA60F38303602176488DF8E0
:105420008030FBF717FE7448012320AA6121FBF7A7
:105430000BFE58B99DF880306F48012262F3420399
:10544000612120AA8DF88030FBF704FE6A48012311
:1054500020AA6021FBF7F8FD50B99DF8803066481E
:1054600043F0800320AA60218DF88030FBF7F2FD25
:105470006148012320AA6021FBF7E6FD50B99DF8A1
:10548000803020AA60F3010360215B488DF88030F2
:10549000FBF7E0FD5B485C4F10F008F8D7F800A080
:1054A00094F83D20202A3ED1584853461922012124
:1054B000FBF754FC002836D194F83C208A4232D0C5
:1054C000226884F83C101168C9075EBF116841F07A
:1054D0000101116021680A6822F400620A60242236
:1054E00084F83D20002222646B00A2F58032E26243
:1054F00009934FF001094FF0A00B21680A6842F4AC
:1055000080720A60534600210A224FF00110FBF717
:1055100025FC2168002800F0B7800B68DB0502D568
:105520004FF4007323643A48EAE01A68121AA24260
:105530007FF6FEA9FFF7A3B903221A701B6803F0D8
:105540000F0393427FF49BA9FFF7FEB94A684B68AB
:10555000496813F4800314BF2E482F48C1F3881103
:1055600018BF002302F03F02A1FB0001FBF726F960
:105570002A4B5B68C3F3014301335B00B0FBF3F0DC
:10558000FFF7F6B92348FFF7F3B9FBF7E9FC192158
:10559000FFF772BA9F424FEA92714FEA820902D036
:1055A0001F4B9F421BD11D4B1E4A9B68C3F34233C6
:1055B0001920D35C28FA03F84A460B46A8FB0001E1
:1055C000FBF7FCF86422B0FBF2F102FB11031B01B4
:1055D0003233B3FBF2F303EB0113FFF764BAFBF7CB
:1055E000BFFC4FF0190C0B464A46A0FB0C01E7E745
:1055F000180000202E010020280000202400002098
:105600002D01002014C00408CC0C01200200100061
:105610002FC0040880BA8C010024F4000038024036
:1056200000140140AC760108A76857B902EB4202AA
:10563000B0FBF2F20132C2F30B027AB142F4004243
:105640003FE419277A43B0FBF2F20132C2F30B02B6
:1056500022B142F4404234E4042232E4012230E434
:10566000B7480FF023FFFEE7B6480FF01FFF93E4A3
:10567000B5480FF01BFF9BE5B4480FF017FF7EE61F
:10568000B3480FF013FF05E7099B0B61D7F800A0A3
:105690004A69486994F83DC0BCF1A00FC2F34002CA
:1056A000C0F3802003D00243D00740F140814FF087
:1056B000200884F83D804A6912F0020F0A6842F41B
:1056C00000720A6000F0A681002219922268A148A7
:1056D0005169199192691992199A53461922012117
:1056E000FBF73CFB00287FF41EAF84F83C009A4A8D
:1056F00084F83D802B46402120A80FF0E9FE20A829
:1057000001350FF0D3FE802D7FF4C8AE93480FF023
:10571000CDFE3A683B689B1A642BFBD9AE20FBF7A1
:10572000E5FF2020FBF7E2FF0020FBF7DFFFB020C2
:10573000FBF7DCFFC820FBF7D9FF0020FBF7D6FF03
:105740001020FBF7D3FF4020FBF7D0FF8120FBF7B1
:10575000CDFFFF20FBF7CAFFA120FBF7C7FFA62064
:10576000FBF7C4FFA820FBF7C1FF3F20FBF7BEFFFC
:10577000A420FBF7BBFFD320FBF7B8FF0020FBF70B
:10578000B5FFD520FBF7B2FFF020FBF7AFFFD92024
:10579000FBF7ACFF2220FBF7A9FFDA20FBF7A6FFFF
:1057A0001220FBF7A3FFDB20FBF7A0FF2020FBF775
:1057B0009DFF8D20FBF79AFF694D1420FBF796FFA4
:1057C0000127AF20AF71FBF791FFFBF75FFCFBF701
:1057D0009DFF6F71634F3B68002413F10F3F2C80D6
:1057E0006C806ED04FF0F0333B60FAF7F1FC5E4B0B
:1057F0005E481C605E4BDFF818821C600422214664
:105800000FF005FF042221465A485B4D0FF0FFFEC2
:105810005A4B5B4820221A60214680220FF0F7FE87
:10582000584B594A1C60594BC8F800401C60584BF3
:105830001C60136843F080731360564B1C60564B1A
:105840001C60564B1C60564B1C60564B80222146F8
:1058500028461C600FF0DBFE534B544A1D60544B2E
:1058600054491D60544B554880351D60544B13609E
:105870004FF480620A6053490C60CDE90032CDE9F3
:105880000444514B514A5249CDE90244FEF720FEEF
:10589000504B1C60504B1C60504B1C60504B1C60AC
:1058A000504B1C60504B1C60504B1C60504B1C609C
:1058B000504B1C60504B1C60D8F800300133C8F8C6
:1058C00000304FF0E0224FF0F0333B6013694B485B
:1058D00023F00103136133686421B3FBF1F3013B4F
:1058E000536100239361116941F0010111610122AB
:1058F000B421CDE905210422CDE902224FF48052E2
:1059000001923F4A3F49009204933F4AFEF76CFEE2
:10591000014610B13D480FF0C9FD00243C60FAF784
:10592000A7FC204631B0BDEC028BBDE8F08F3A6891
:10593000A2EB0A020A2A88BF84F83DB0A8E600BF9D
:105940006EBF04088BBF0408A8BF0408D1BF0408B9
:10595000F3BF04080200100028C0040831C0040886
:10596000080801204C00002068FC0020C80100202D
:10597000CC010020C4010020F0050020C00100205F
:10598000400100203C0100203001002038010020AF
:1059900034010020800600207C06002078060020CC
:1059A0007406002070060020EC050020E0050020B1
:1059B000E8050020DC010020E4050020B4FB002005
:1059C000E0010020D80100204D495441152D000868
:1059D00036C00408D4010020D0010020A006002019
:1059E0009C060020980600209406002090060020C7
:1059F0008C0600208806002084060020A4160020C3
:105A0000A40600204AC00408516E000864C00408BF
:105A10005C17002022680A486FF480615161534688
:105A200019220121FBF79AF900287FF47CAD894403
:105A30004D453FF662AD84F83D8084F83C0072E548
:105A40000200100010B4EFF3108472B6026B042A47
:105A500008D1094A13680133136084F3108810BC1D
:105A6000FDF738BB826ED0F8B01084F310880AB10D
:105A700010BC104710BC70475C1700202DE9F04F98
:105A8000DFF8D082DFF8D092D8F800204A458DB0F8
:105A900040F0DF80EFF30582A34909680A4340F034
:105AA000D880A24A1268002A00F0D380A0498A4216
:105AB00000F0CF804FF0FF3108F59E70FDF76EFDCE
:105AC000D8F80C24D8F898140A4320D198F82C2739
:105AD00092B10322049208F5E5620B9204A8D8F86B
:105AE0006427CDF82880904711220492CDF82880B1
:105AF000D8F8642704A89047EFF3108172B6D8F85D
:105B000018278C48424509D1002202600FE008F5B1
:105B10009E700DB0BDE8F04FFDF7EABDD8F81C4708
:105B2000C2F81C47C4F8182704684445EDD08248E1
:105B3000824C0268D8F87C330193013A02602268F3
:105B4000D8F8683302930025D8F8AC34D8F880B17F
:105B5000D8F874A1D8F8E476D8F81067C8F8885156
:105B60000132C8E96055C8E95D552260C8F87C5328
:105B7000C8F86853C8F8E456C8F8E856C8F810578B
:105B8000C8F814570393C8F8AC54C8F8B05481F35C
:105B900010886B48FDF7ACFD6A4807F03BFC69488C
:105BA00007F088FCD8F8281639B1674807F032FCAE
:105BB000654807F07FFCC8F82856644807F05AFB90
:105BC0005F4807F0ADFA624807F032FA5F4807F025
:105BD00007FABBF1000F02D0584603F055FFBAF1A7
:105BE000000F02D0504603F04FFF019B13B118463F
:105BF00003F04AFF039B13B1184603F045FF17B1AA
:105C0000384603F041FF16B1304603F03DFF029BDA
:105C100013B1184603F038FF0025D8F89061DEB9BB
:105C2000D8F88053002D46D1D8F8A022002A40F0A1
:105C30009580484804F010FF0022C8F80020EFF3D8
:105C4000108272B62368013B236082F31088FDF74F
:105C500073F90DB0BDE8F08FF26EEFF3108072B6FD
:105C6000B16E29B322B31168494521D1316FB566B0
:105C70008E421FBFC2F89011776F4F67316F18BF08
:105C80003967D2F8941108BFC2F890510139C2F8AF
:105C90009411326B0C2A0BD10122C6F884202268A1
:105CA0000132226080F310883046FDF713FAB4E722
:105CB00080F31088B1E7EA6EEFF3108072B6A96E38
:105CC00071B36AB3116849452AD12F6FAE66BD42E0
:105CD0001AD1C2F88063D2F884130139C2F8841350
:105CE000296B0C291CD12921C5F88410D2F8F81091
:105CF0000131C2F8F81022680132226080F3108866
:105D00002846FDF7E7F98BE7D2F880138D4208BFEC
:105D1000C2F88073D5E91C174F67296F3967DAE736
:105D200080F310887CE700BF4C00002068FC002056
:105D3000B4FB0020D0170020CC1700205C170020F7
:105D400040F2002078F3002030F700209CF2002081
:105D500050F3002004F10020202050494FF0FF3183
:105D60001648FDF71BFCEFF3108272B6D8F8B0723C
:105D7000D8F8B862C8F8A852C8E9A855C8E9AC551F
:105D8000C8E9AE5582F310880C48FDF7B1FC77B92D
:105D90004FF0AA35002E3FF44CAFF7693046366A13
:105DA000056203F011FE002EF8D13E46F2E7FD69D0
:105DB000384603F009FE2F46E9E700BF40F2002015
:105DC00073B5444C44484FF0FF31FDF761FC636903
:105DD00033B904F1CC0002B0BDE87040FDF76ABDF4
:105DE00000256561C4F8AC59C4F8985907F0EEF97C
:105DF00001AA294607F094FD2369012B2BD1002627
:105E000070223146354826610FF001FC7022314680
:105E100033480FF0FCFB334807F042FE324807F0EE
:105E200099FDA269314B9A4207D1EFF3108372B604
:105E3000A26C032A1BD883F310882D4804F024FD9C
:105E400007F0C4F9019901AA07F06AFD2248FDF79D
:105E500031FD02B070BD2048FDF72CFD0120FCF79C
:105E6000E9FE4FF0FF311C48FDF712FCC4E7042A9D
:105E7000204D13D10322A2641A22C4F89C20C4F836
:105E800080602A6801322A6083F31088D4F89C303D
:105E90001A2B16D11448FDF71DF9CEE7D4F880600F
:105EA000002EEED00322A2641A22C4F89C202A6895
:105EB000D4F8C81001322A6083F310880A48B0472A
:105EC000E4E7EFF3108272B62B68013B2B6082F39C
:105ED0001088B2E76CFC002038FD00204407012048
:105EE000640601202C06012084FC00204452485402
:105EF000740501205C1700202DE9F04FBBB0002491
:105F00009E480F940FF0D2FA9D4B1C609D4C9C4E06
:105F10003368042B47D89C4D9C4855F823100FF04C
:105F2000C5FAFFF74DFF336855F823300393002B74
:105F300000F05E83964F974A3B68934240F05B8344
:105F4000EFF30583944A1268134340F05783934B51
:105F50001B68002B00F05283914A934200F04E835D
:105F60004FF4FA7107F1B800FDF792FB814668B96A
:105F7000014604222BA80FF04AFB3B69002B52D1AB
:105F800007F1B800FDF796FC4FF0A1097C4B85485E
:105F900019687D4B4A4653F821100FF087FA784A6A
:105FA00013680133136000230F937F484FF47A7313
:105FB0000FAA0121FCF79EFF0F9E16F00106A6D046
:105FC0004FF0FF317948FDF763FB7848FDF772FC2D
:105FD000EFF30581704B1B6851EA030840F07B83A7
:105FE0006E4B1B68002B00F076836D4A934200F0E5
:105FF00072836F4D634FFCF737FD0FCD1EAC0FC49E
:106000000FCD0FC495E80F0084E80F00D7F8483B88
:10601000002B40F089832AA966480FF047FA6648AA
:106020000FF044FA5BE3494607F1400004F036FA0A
:10603000002800F0CE82814607F1B800FDF73AFC57
:10604000A4E7F86B6423482210A903F05BFB8146A8
:1060500090BB109D08F026FC0646E868330A4FF016
:1060600001080370467080F8028080F803900822CF
:10607000494604300FF0CBFA6B6A7E81EE68A7F8D0
:1060800008800C3306F10C080398C5F80C806B628D
:10609000FF221EA904F0ACFC30B91E9B9A1D6B694F
:1060A000A3EB08039A4215D9284603F08DFC1098FB
:1060B00003F08AFC4FF0AA09009B002B40F0B88443
:1060C000B9F1370F53D03D4804F0DEFB3C48FDF7F3
:1060D000F1FB4CE0039B307306F10D0203F1FF3C32
:1060E0001CF8013F73BB1370E868961BA6F10B0206
:1060F0008118835401224A70E868A6F1090100EB77
:10610000010C43548CF801206B6AAA68073E3344A3
:106110006B62EB683344EB6093885BBA0133190A16
:10612000117153716B6A002BC1D0049A10992348E6
:106130003523103206F0A1FA8146A0B1109803F081
:1061400043FCB9E7511C2E2B1BBF01F8013C98F80A
:10615000003001F8010C42461CBF013388F80030C2
:1061600090460A46BCE7009B63BB4FF03709019B92
:10617000002B3FF40BAF04232A9303E196C00408DD
:10618000D80701206CFC00209C760108B6C00408EA
:10619000C8FA002020534E444C00002068FC002028
:1061A000B4FB0020C8C00408DC07012038FD002033
:1061B00030640108A0C10408B8C1040808FB00202D
:1061C00080FB0020FCF750FC009E8046A24832462F
:1061D00011A904F099FA029070B9119D6A6A012A16
:1061E00007D9A96878890B885BBA9BB2984200F0FE
:1061F0001784284603F0E8FBFCF736FCA0EB080305
:10620000804588BF03F1FF339E4240F21184F61AA5
:10621000DCE74B885BBA23F4FF4222F07D0292B2A6
:1062200048F20200824200F000846FF30E139BB22A
:10623000B3F5004F40F09580CB8809935BBA9AB2D2
:106240000B920A890A9252BA1FFA82FA4A891AFAFA
:1062500083F352BA13449BB20893002B00F0818061
:106260008B88B3F5807F01F10C0800F0C1804646B1
:106270000B9B53444FF000090DF1AC080C93099BA4
:106280001BB10B9B4B4500F253810A9B002B00F086
:1062900052810C9B4B458CBF4FF0020B4FF0030B10
:1062A000D5F80CA0B2455CD912AA29463046FBF7B6
:1062B0008FF8002855D1129B0793012B40F03E81A7
:1062C00014AA3046FBF784F800284AD1BBF1030F2B
:1062D0002BD0624B1A89149B9A4242D11EAA304697
:1062E000FBF78BF800283CD11E9B042B39D130469C
:1062F000FBF756F8002834D00A3033189A4530D9C5
:106300007BB304339A452CD333581BBA159308F149
:10631000040A2CAB9A4524D84046042215A90FF054
:10632000FCF9019B01330193D046029B33B94B4BDF
:10633000079A1B89991A4B424B4102931EAA294680
:106340003046FBF75AF860B93046FBF729F840B100
:106350001E9B0A3303441E44089B09F10109994519
:106360008DD3284603F030FB029B002B00F06083A6
:10637000394804F089FA3A48FDF79CFA019B002B52
:106380007FF4F9AEEFF30581DFF8EC80D8F8003048
:10639000194340F03681334F3B68002B00F03181C8
:1063A000314DAB4200F02D81304B3148C4F8B83943
:1063B0000822C4F8BC190FF02AF92B9BC4F8B43991
:1063C00004220126C4F804390223C4F8B029C4F811
:1063D0000029C4F89439C4F8AC69C4F89069EFF3A3
:1063E0000583D8F80020134300F01081112522E125
:1063F000DDF808E01F4876464346D5F80C909945ED
:1064000040F213831A78002A56D0FE2E00F20D8334
:106410003F2A944632D80133EA689A4240F2058313
:1064200093F80090B9F1000F00F0FF820246FE2EB3
:1064300002F8019B03F101030CD0BCF1010C06D161
:106440004FF02E0C023082F800C00236D5E701363C
:106450001046E1E7FE26F3E708FB0020C8FA00201B
:1064600080FB002068FC0020B4FB0020407E05007B
:106470006C050120C8F900204C00002002F0C00C7F
:10648000BCF1C00F40F0D18203F1010CE14540F2B4
:10649000CC825B78120202F47C5213446A6A934203
:1064A00080F0C3820B449C4500F0BF820EF1010EC8
:1064B000BEF1100FA1D9B8E2002E00F0B68210F89C
:1064C000013C2E2B2FD002700398324613A904F002
:1064D0008FFA002840F0A982139BB34240F0A582B6
:1064E0008249039832460FF069F8002840F09D82F7
:1064F00029464046FAF754FFEB68061D46449E4283
:1065000080F0938238F80030794A5BBA12899BB2E6
:106510009A4240F08A828044B8F80230B3F5807F16
:106520003FF4A6AE81E2013E00F8012CCCD17CE222
:106530004FF0010BB4E64FF0030BB1E6079B1C2BA9
:106540007FF4F3AE15AA3046FAF742FF00287FF435
:1065500008AFBBF1030F3FF4E8AE654B1A89159BFA
:106560009A427FF4FEAE1EAA3046FAF746FF8346F3
:1065700000287FF4F6AE1E9B102B7FF4F2AE08F1DC
:1065800010032CAA93423FF6ECAE30460D93FAF777
:1065900007FF00283FF4E5AE0A30304482457FF61D
:1065A000E0AE00283FF4DDAE00F1100292450D9BF5
:1065B000FFF4D7AE50F80B2012BA48F80B200BF1BD
:1065C000040BBBF1100FF5D1019A013201929846EC
:1065D000ABE64FF4FA7301900690009341E2454810
:1065E00004F052F94448FDF765F94FF0A309BEE500
:1065F0004FF00709CAE44FF0A809C7E44FF01109AA
:10660000C4E43E4811210EF051FFC8E43B68002B62
:106610003FF4ECAEAB423FF4E9AE39484FF0FF3106
:10662000FDF736F8054630B963693BB13448FDF7EC
:1066300041F940F60C5533482946E4E7D4F8AC2933
:106640002AB92F48FDF736F940F60155F3E7C4F8AB
:106650008C392D4BD4F8C029C4F8EC392B4BC4F835
:1066600080699A4204D02648FDF724F91525E2E70F
:10667000EFF3108572B6D4F8E0392BB9D4F8C839E5
:1066800013B12348FCF7FAF985F3108821487B21E0
:1066900003F004FF054630B11F4807F001FA18481F
:1066A000FDF708F9C7E7A2691C4B9A4208D11C48BC
:1066B00007F01AFA054628B1164804F0E5F8EBE7AA
:1066C0000E25F9E70123C4E90403C4F8B8090C480E
:1066D000FDF7F0F863E4134811210EF0E7FEFFF731
:1066E0006FFB00203BB0BDE8F08F00BFC8F9002071
:1066F000C8FA002008FB002080FB0020F7C0040837
:1067000038FD002032C1040880FC0A004D49544184
:1067100034060120740501202C06012044524854FF
:1067200084FC002068C104084146242215A80EF00C
:106730006EFFDFF8E482D7F8483BDFF8E0C2AD4CEB
:10674000984440F2DF75A5F2CD739B08A5F2CF7196
:10675000AA070CFB1382A1EB03030CBF6046204683
:1067600004FB13220CBFB6464FF0000E824200F22B
:10677000D880A14B15959A42CDF874E080F0D38073
:106780000123169313469D4CB3FBF4F204FB123421
:106790004FF461632AAEB4FBF3F803FB18443C23C7
:1067A00002F10109B4FBF3FA314603FB1A44D7F8AE
:1067B0004C0BCDF85C90CDF86080CDF864A01A94B5
:1067C00002F01EFC2A9A4FF47A71B2FBF1F301FB3E
:1067D0001322B2F5FA7F28BF01331B93169B013BAE
:1067E0000B2B3FF618AC3AAA02EB8303202753F891
:1067F000703C1A788DF8A8205A788DF8A9209B78DB
:106800008DF8AA303B222BA948468DF8AB7004F0D6
:10681000FFF800283FF4FFABA0F13A03012B7FF60D
:10682000FAAB00F1E8036B442C2200F1060903F8EF
:106830003C2C03F83B7CC0F1390206EB09012846E9
:1068400004F0E6F800283FF4E6AB09EB00023F2A2B
:106850003FF4E1AB02F1E8036B44551C03F8407CC4
:10686000C2F13E027119404604F0D2F800283FF40C
:10687000D2AB2A183F2A3FF4CEAB02F1E8036B44B7
:10688000551C3A2703F8407CC2F13E02711950466C
:1068900004F0BEF800283FF4BEAB2A183F2A3FF4AC
:1068A000BAAB02F1E8036B44551C03F8407CC2F11B
:1068B0003E027119204604F0ABF800283FF4ABAB60
:1068C0002A183F2A3FF4A7AB02F1E8036B44541C9B
:1068D0002E2103F8401C1B98C2F13E02311904F02E
:1068E00097F800283FF497AB2044A0F13B03042B1A
:1068F0007FF691AB00F1E8030DEB03005522202356
:1069000000F83F2C542200F8403C00F83E2C00F8E0
:106910003C3C4322002300F83D2C00F83B3CFFF7B1
:106920007ABB01350FE702231693A2F52313A3F5D3
:10693000F453BEF1000F0CD031498B42FFF423AF6A
:10694000A2F59E02A2F5D0522B498A420AD2032315
:1069500017E72C498B42FFF416AFA2F59B02A2F574
:106960009142F1E72848A2F52313A3F5F45383429B
:1069700002D80422169206E7A2F5A003A3F5D74396
:106980008B4201D20522F5E7A2F5F203A3F5944369
:10699000834201D80622EDE7A2F52003A3F5574371
:1069A0008B4201D20722E5E7184BD3188B4201D264
:1069B0000822DFE7A2F57203A3F51443834201D84E
:1069C0000922D7E7A2F18D73A3F504538B4201D2BC
:1069D0000A22CFE70E4BD318834201D80B22C9E716
:1069E0000C2316930B4BD3188B427FF6CCAEFFF7DC
:1069F00012BB00BF8033E10180DE2800805101001E
:106A0000803B260000EA2400FF8C2700804A36FFE6
:106A10008000BDFE807395FE8071C9450085E2014E
:106A20006B6813B90C2A3FF6F4AB284602F0CCFF92
:106A3000059B01330593049B08330493059B052BA9
:106A400004D0049B1B69002B7FF4FBAA009BB3F5C9
:106A5000486F94BF5B004FF4C8530093069B01330B
:106A60000693BB6B069A9A42BFF4B9AD024B0493EE
:106A700000230593E5E700BFC8FA002070B4B0B169
:106A800005680E4CA54212D189B1940712D15BB1B1
:106A90000B4C246884B1EFF305850A4E3668354304
:106AA0000AD1094DAC4207D070BC02F02BBE0720C2
:106AB00070BC70470A20FBE71120F9E74B434150B7
:106AC00068FC00204C000020B4FB002010B50446F8
:106AD000006808B9072010BD0368002BFAD01A68B7
:106AE0000A4B9A42F6D1826803699A4209D3C26876
:106AF00043699A4207D802F067FF0028EAD1206074
:106B0000E9E70220E7E70320E5E700BF4B434150F8
:106B10002DE9F047524D86B0002303938246894603
:106B20004FF0FF33482203A92846FFF7A7FF04468A
:106B300038B101464B480EF0B9FC204606B0BDE81E
:106B4000F0872A68484B9A422CD1039850B3B9F188
:106B5000000F29D0826803699A4227D3C26843692B
:106B60009A4225D8414F3B6823B3EFF30582DFF803
:106B70001881D8F800100A431CD13D4EB34219D0F9
:106B80004FF0FF3300934A462B46514603F0D0F8AE
:106B9000044688B1374821460EF088FC03A8FFF769
:106BA00095FFCAE70724F5E70924F3E70224F1E794
:106BB0000324EFE71124EDE70822014604A80EF0B4
:106BC00026FD2D4B2D480422CDE9042302682C4BD1
:106BD0009A423ED1039900293BD00B6AB3F1AA3FF8
:106BE00037D1C368D3F81024002A34D08A680C69DE
:106BF000121B1B2A0BDCD3F898200132C3F8982013
:106C0000036A0133036202241E482146C4E7CC68AC
:106C10004A69944209D9D3F898200132C3F89820E0
:106C2000036A013303620324EEE7EFF30583D8F828
:106C30000020134311D13B687BB1B3420DD047F222
:106C4000267304AA05F019FD044600283FF475AF29
:106C5000DAE70724D8E71424D6E71124D4E700BFE5
:106C60004CF90020D4C104084B43415068FC00207B
:106C7000B4FB00200CC20408B968A8C0D4F80020F6
:106C80002050445542C204084C00002010B50C4668
:106C9000A0B00E49F9F7ACFD68B90D4A80216846ED
:106CA0000EF016FC7F2801460CD90A480EF0FEFBB8
:106CB000092020B010BD084A2346802168460EF006
:106CC00007FCEFE76846FFF723FFF2E76DC2040811
:106CD00077C20408C7C20408A7C2040810B50F4C45
:106CE0000F4B22689A4217D1EFF305830D4A1268C1
:106CF000134311D10C4B1B6873B10C4A93420BD058
:106D000004F1400003F0CEFC30B904F1B80006F005
:106D100067FC08B92060E06010BD00BFC8FA002021
:106D200020534E444C00002068FC0020B4FB00209F
:106D3000F8B53C4D3C4B2A689A4260D1EFF305828E
:106D40003A4B1F6817435AD1394B1B68002B56D05A
:106D5000384A934253D005F5805437484FF0FF31FD
:106D6000FCF796FC94F81C3ECBB14FF0FF3104F6D3
:106D70009450D4F8386EFCF78BFC94F81C3E002B32
:106D80003ED0D4F8383E9E423AD128463146FDF7EF
:106D9000E2F884F81C7E04F69450FCF78BFD27483B
:106DA00006F0D8FD254806F009FE244806F0A2FDAD
:106DB000234806F0A1FB234806F072FE214806F0A6
:106DC00079FE214803F060FD1F4803F06BFCD5F805
:106DD000640C02F0ADFD1848FCF76CFD164806F097
:106DE000FFFBEFF3108172B6184A00232B60136883
:106DF000AB4207D1D4F8E03F136081F31088F8BDAF
:106E00000D48CAE71A4603F58053D3F8E03F002B3C
:106E1000F3D0AB42F6D102F58052D4F8E03FC2F88D
:106E2000E03FEAE7F0D00020504348444C00002007
:106E300068FC0020B4FB002084EE0020D0DD0020A0
:106E4000B8EE0020E0EE002058DD0020BC17002046
:106E50002DE9F04F2DED108B0023BDB05148524E5F
:106E6000524C534D534FCDE90F330EF01FFB524B95
:106E70003360524B524A1A605249534B534A1A607C
:106E80000A6823681343524A10680343286803437F
:106E90003868034313D14F4B002018604E4B1860E5
:106EA0004E4B18604E4B18604FF0004323604D4B23
:106EB0000B604D4B13604D4B2B604D4B3B604D4D6C
:106EC0004D4A4E494FF4C8432846FBF7A9FB0446F8
:106ED00020B101464A480EF0E9FA23E0494A4A49FE
:106EE0004FF4964305F13C00FBF79AFB044628B1AA
:106EF0002846FBF705FC45482146ECE744480EF0E0
:106F0000D5FA33681B78B3B942480EF0CFFA394846
:106F1000FBF7F6FB4048FBF7F3FB404843210EF03C
:106F2000C5FA43243E4821463DB0BDEC108BBDE878
:106F3000F04F0EF0BBBA284607F070F808B1394898
:106F4000E3E745F6580007F06FFD064608B13648FE
:106F5000DBE701461CA80AF0A5F89DF875300293FE
:106F60009DF8743001939DF873309DF871209DF861
:106F7000701000932D489DF872300EF097FA2C484F
:106F80000EF094FA2A682B4B16969A4256D0072494
:106F90001848FBF7B5FB2048FBF7B2FB2648214613
:106FA00099E700BF05C30408E0F00020EC170020BB
:106FB000E0170020DC17002034C30408D8F00020BC
:106FC00046C30408E8170020DCF00020040040005D
:106FD000E4170020D8170020D4170020D017002075
:106FE000CC1700200A0064004B010A054A12201C3D
:106FF000140A0A074CF90020F06C002054C304085E
:1070000068C30408F021002093C30408A7C3040840
:10701000D2C30408E8C3040888F9002087C4040820
:1070200050C7040804C404081DC404083DC404086F
:107030006BC404084B434150CFC4040806F0C6F8A3
:10704000044618B116AA314606F0CAF8DFF8E8A2DD
:10705000A14FA248DAF800303A68DFF88CC200F29B
:10706000FF76002A40F0BB8024B1169916AA20466C
:1070700006F0B6F8EFF30583994E3268134307D054
:10708000EFF3058332681343B3F1F03FC0F0CB80D8
:10709000DFF8A892934BD9F800209A4200F0C38001
:1070A000914C4FF0000B4FF4FA6259462046CDF850
:1070B00070B00EF0ACFA6FF0FF03C4F840378B4BA2
:1070C000C4F864378A4BC4F828378A4BC4F874373D
:1070D000894BC4F888374FF07F43C4F88C374FF0A2
:1070E000FE43C4F890374FF6FF738449C4F89837CD
:1070F0005A46834BC4F878374FF0010804F59E7068
:10710000C4E94D85616084F82C87C4F83CB7C4F8A5
:1071100044B7C4F868B784F82FB7C4F8B0B705F01F
:10712000CFFF764904F51370FAF724FD06F04EF808
:10713000054618B11CAA414606F052F84FF4006308
:107140000193664B0093684B6E4A6C494FF00108FF
:10715000CDE90488CDE9028803F5CC70FDF7B8F9D4
:107160006423CDE90033604B674A6449CDF8088059
:1071700003F51D7006F018F9644BC4F8C037EFF33F
:10718000108172B6DAF80030DFF8B481C4F80080FC
:10719000002B41D0D3F81C27C3F81C47C2F818476E
:1071A000C4F81C27C4F818373B6801333B6081F3EF
:1071B000108825B11C991CAA284606F011F84A4DE2
:1071C0002B68434531D00724FEF758FC5048FBF7A5
:1071D00097FA5048FBF794FA4F4821467BE66345FF
:1071E0000DD0D3F8A4E1864503D8D3F8A811814285
:1071F00005D8B6450CD8D3F8A811B14208D9002C4F
:107200003FF4C5AE169916AA204605F0E9FFBEE682
:10721000D3F81837013A24E7CAF80040C4F81847F1
:10722000C4F81C47C0E71124B2E6D5F8EC36002BB1
:107230004DD1EFF305833268134306D0EFF3058396
:1072400032681343B3F1F03F43D3264FD9F80030EF
:10725000BB423ED04FF40072002130480EF0D7F907
:107260002E4B082219461846013A03F13403C36035
:10727000F9D12B4BC1F8AC111846343B8B425B64FF
:10728000FBD11861C5F8DC36C5F800370923C5F80D
:107290000437244BC5F8F036234BC5F8F436234B9E
:1072A000C5F8F836224BC5F8EC362B68002143456B
:1072B000C5F8D81646D00724FEF7E0FB1448FBF7C4
:1072C0001FFA1448FBF71CFA1A48214603E6152456
:1072D0007AE7112478E700BFCC170020F0190020CE
:1072E0004C000020B4FB002004F100207DE20008E7
:1072F000A3C40408A7C404080100007FBCC4040898
:10730000010001019D9A000893890008D9C800086E
:107310004CF9002088F90020EEC40408F017002082
:10732000901900203B9E00081D9F0008C59700088B
:1073300031A200080EC50408D017002068FC002008
:1073400020205049D5F89C34002B50D1EFF3058311
:1073500031680B4306D0EFF3058331680B43B3F17B
:10736000F03F46D38D4BC5F8203624330132092A2D
:1073700043F8083CF9D10023C5F81836884BC5F806
:10738000A834884BC5F8A034874B884AC5F8A43484
:10739000874BC5F824370A231360864A14211160ED
:1073A000854A45F6C0511160D5F828266AB94FF0D4
:1073B000010ACDE9013A0093804B814A696803F2E2
:1073C0002C6005F0F1FFC5F828A67E4BC5F89C346B
:1073D0002B6843450FD00724FEF750FB7A48FBF794
:1073E0008FF97A48FBF78CF97948214673E5152423
:1073F00062E7112460E7D5F81034EBB9EFF30583A9
:107400003268134306D0EFF3058332681343B3F1B8
:10741000F03F13D36F4BC5F81034D5F870337BB100
:107420001524FEF72BFB6848FBF76AF96748FBF762
:1074300067F9694821464EE51524CDE71124CBE7CD
:10744000EFF305833268134306D0EFF30583326808
:107450001343B3F1F03F48D3D9F80030BB4244D0D6
:107460005E4D5F4BC4F874335E4BC4F8703341F625
:10747000E8725D4BC4F87833002128460EF0C7F857
:107480005A4BAC606B6005F10C0440F61C43009352
:10749000574905F148034FF41B72204602F0EAF900
:1074A0005349C5F8644C04234FF4804205F6684004
:1074B00003F0ACF8EFF3108372B64E4AC5F8D82C3F
:1074C00083F310884C4A4D494D48C5F8DC5C2B4687
:1074D00006F08AFA044650B105F6684003F0E2F877
:1074E000D5F8640C02F024FA14E0112499E702465E
:1074F0003F494448342306F019F80446A8B105F67C
:10750000684003F0CFF8D5F8640C02F011FA3C485B
:1075100006F0D0FAFEF7B2FA2B48FBF7F1F82B4849
:10752000FBF7EEF838482146D5E4B423CDE905034E
:107530004FF001090323CDE90339029305F6945670
:107540004FF480530193314A294900962B4605F5A3
:107550004E60FDF749F8044630B106F5805006F05C
:107560003FF8A6F59670CCE729492A48FBF702FDBB
:107570000446002850D005F54E6006F01FFA05F5C8
:107580004E6006F0B7F906F5805006F029F81C4861
:1075900006F090FAA6F59670A0E700BFBCF50020B3
:1075A00049C60008158900088DB80008C8170020D2
:1075B000958D0008C4170020C017002004F100209A
:1075C0009D890008C1C500084CF9002088F90020F9
:1075D0002EC5040885CC000871C50408F0D0002031
:1075E00035A40008C5A300085DAE000834C3040834
:1075F0004EC5040845340008533400085FC504082C
:10760000E0EE002084EE0020A5C504085F400008DD
:1076100092C50408B8EE0020EFF3108272B69A4BC0
:10762000DFF8B8821968C5F8008005F5805A1D603A
:10763000CAF8E01F82F310884FF0FF3106F5805042
:10764000FCF726F89AF81C3E012B1ED0AA688AF88F
:107650001C9E4FF0FF33CAF8384ECAF8284ECAF8BD
:10766000304ECAF8504ECAF84C4ECAF8483ED2F8CE
:107670003437D2F8382783EA020907F013F989EA88
:107680000000CAF8200ECAF83C4E06F58050FCF700
:1076900011F92B68434540F09980EFF30583DFF83B
:1076A00040B2DBF80020134340F09280774B1B6818
:1076B000002B00F08D80BB4200F08A8074484FF0B0
:1076C000FF31FBF7E5FF9AF81C3E012B2DD17048E6
:1076D000DAF8384E4FF0FF31FBF7DAFF9AF81C3E2C
:1076E0001BB1DAF8383E9C4203D06948FCF7E2F857
:1076F0001BE09AF81D3E6BB16548FCF7DBF8654E60
:107700006348DFF8E081FCF7D5F83368434561D082
:10771000072487E06048442102F0C0FE0446B0B16F
:107720005B48FCF7C7F8932CE9D05948FCF7C2F83E
:10773000A624FFF7FDFAFEF7A1F95848FAF7E0FF93
:107740005748FAF7DDFF57482146FFF7C4BBD5F885
:10775000E02C554B9A4203D04F4803F095F8C4E70C
:10776000524806F0C1F9524BC340D907F4D5DAF8B4
:10777000F02D504B9A42EFD1EFF3108472B6DAF845
:10778000105EEDB9DAF8F83DD3B14B48FBF776F966
:1077900084F310886423CAF83C3EDAF8D43FCAF870
:1077A000405E02218AF81D1E6BB9DAF8D83F002B23
:1077B000A2D09AF81D2EDAF8381E404898479BE769
:1077C00084F31088C8E73D489847EEE70724B0E700
:1077D0001124AEE73A4D3B4F2B68BB4298D0EFF3F4
:1077E0000584DBF800301C434BD1284B1B68002B71
:1077F00047D0DFF8F4904B4543D0334905234FF48D
:10780000804205F1400002F001FF22462F49342357
:1078100005F1B80005F08AFE044688B105F1400084
:1078200002F040FFFFF784FAFEF728F91B48FAF749
:1078300067FF1B48FAF764FF25482146FFF74BBB5B
:107840002846244B40F8107B282221466B60EE60CE
:107850000DF0DDFE0323AB63D6F83831002B45D1A4
:107860000724FFF73BFAFFF763FAFEF707F90B4827
:10787000FAF746FF0A48FAF743FF17482146FFF791
:107880002ABB1124CEE700BFBC17002068FC0020F3
:1078900084EE002004F1002058DD00204CF9002087
:1078A00088F90020C6C5040844524854D0DD0020A1
:1078B000010000024D495441E8EE0020F0D00020C4
:1078C000C8FA002020534E44E6C50408F1C5040858
:1078D00006C60408FBC504082BC6040850434844E8
:1078E0004C00002020205049B4FB00209A6AB2F5D9
:1078F000127F4BD3B749B848EB63FBF73BFB044619
:10790000002845D13368434540F02481D6F83841FA
:10791000002C00F01F81B14DB14F2B68BB4200F02D
:10792000198140F66C32002128460DF070FEA36AE2
:10793000C5E900764B2B4FF00007AF6040F20C8199
:10794000A849EC6005233A4605F6081002F05EFEF1
:10795000EFF3108372B6A44AC5F8782983F3108830
:10796000A24AA349C5F85C7B2B4605F51C60C5F807
:10797000607BC5F8647B06F037F80446F0B105F685
:10798000081002F08FFE9B48214603E0A82468E718
:10799000014699480DF08AFD214698480DF086FD74
:1079A000FFF79CF9FFF7C4F9FEF768F89448FAF777
:1079B000A7FE9448FAF7A4FEFFF7B4BA024692492C
:1079C000342305F1CC0005F0B1FD044640B105F6C5
:1079D000081002F067FE05F51C6006F06BF8D2E7B0
:1079E0008A498B48FBF7C6FA044660B105F60810D1
:1079F00002F058FE05F51C6006F05CF805F1CC00BD
:107A000005F0EEFDBFE7B423CDE90503012702230E
:107A1000CDE90337029305F5807A4FF400630193B3
:107A20007C4A7D49CDF800A02B4605F11800FCF7F3
:107A3000DBFD044600287DD1784B7949C5F8480B19
:107A40000246C5F84C0BC5F8F4097648C5F8683B02
:107A500005F036FB212221461CA80DF0D8FD20465A
:107A600009F066FB002843D06F48704D0DF01EFDF5
:107A7000384608F0EFFA204609F0F2F820466C4C40
:107A800008F0E8FA2068F8F7BDFE21688DF870006C
:107A9000C2B20DF171000DF040FE216865480DF095
:107AA00005FD394664480DF001FD4FF0FF31634894
:107AB000FBF7EEFD624B2C68D3F800A05046F8F7B8
:107AC000A1FE0022C3B22146CDE900221CA85246E5
:107AD00008F0B6FB04465948FBF7ECFE4FF4FA7089
:107AE0000137FBF7A7F8002CDBD156480DF0DEFC80
:107AF00055480DF0DBFC3368434530D1EFF3058387
:107B0000DBF80020134337D1504B1B68A3B34B4520
:107B100032D040F6B833D6F83C47002C40F05C85B4
:107B20006BB3012B18BF03F1FF340120FBF782F880
:107B30002346F0E7AAF1340005F052FD0AF60800EA
:107B400002F0B0FD0AF50C6005F0B4FF304805F016
:107B5000D3FC18E7072416E740F62A5413E74FF042
:107B6000070A3B4851460DF0A1FC3A480DF09EFC37
:107B700039485146FFF7D8B94FF0110AF1E74FF0F5
:107B8000430AEEE794F81D3E042B07D804F6945000
:107B9000FBF790FE4FF0940A00F0A5BDD4F89C2F9F
:107BA0002E480621F9F76BFB38B904F69450FBF721
:107BB00081FE4FF0970A00F096BD90F800A0BAF150
:107BC000180F65D904F69450FBF774FE4FF0950A30
:107BD00000F089BD26C60408DC0701206CFC0020EB
:107BE00060544E537DC6040809DD000831120008B8
:107BF00090C60408F3C6040853C604081FC7040847
:107C00004CF9002088F90020A9C60408C0C6040861
:107C10009417002025DD0008D8C604083934000870
:107C2000E9C604086017002086C70408DCF00020BD
:107C3000E0F000209AC70408B5C7040840F200200D
:107C4000D8F00020C7C70408E1C7040868FC00207A
:107C5000F7C7040823C8040854C9040854EF0020D7
:107C60000421A019F9F724FB47F8040B0436B245A8
:107C7000F6D29C4C9C48DFF8A8B2FBF71BFE2368A9
:107C80005B4510D04FF0070A9848514600F02DBDD3
:107C900016AFC41EEAE74FF0070A00F024BD4FF00C
:107CA000110A00F020BDEFF305832A6813432DD19C
:107CB000D8F8003053B3DFF86C924B4526D04FF024
:107CC000FF3104F1B800FBF7E3FC064608BB0146B0
:107CD000282204F110000DF09AFC04F1B800FBF723
:107CE000E9FD4FEA9A0316AF0993099BB34213D1FA
:107CF0007F4E80480DF0DAFBFEF7FEF832687E4BCF
:107D00009A4276D007217D48FFF70EB94FF0110A4D
:107D1000BAE74FF0A00AB7E7D7F800A07848514675
:107D2000F9F750FF23685B455AD1BAF1000F5AD0DA
:107D3000EFF305812B68194358D1D8F80030002B98
:107D400054D04B4552D0082214A80DF060FC0423F7
:107D50006C484FF0FF31CDE9143AFBF799FC8246AD
:107D600078B9DDE914025F4B196904290DD10428A3
:107D70001BD15969914218D16248FBF79BFD4FF026
:107D8000AF0A6148514600F0B0BC062907D006286A
:107D900018D15C48FBF78EFD4FF0B30AF1E7594864
:107DA000FBF788FD4FF0A80AEBE70AF1010ABAF1E8
:107DB000050F03F10803D7D15248FBF77BFD4FF0C5
:107DC000170ADEE70AF1020A04EBCA034D485A60BB
:107DD000042344F83A300437FBF76CFD013684E79E
:107DE0004FF0070ACDE74FF0A40ACAE74FF0110A97
:107DF000C7E7EFF305832A68134306D0EFF3058343
:107E00002A681343B3F1F03F2AD3D8F800304B452A
:107E100026D03E484FF0FF31FBF7C0FBD6F80C44AC
:107E2000D6F808343A4A94B93848FBF761FCD6F8DA
:107E30001034BBB1364E3749374F04232246304603
:107E400002F0E4FB3368BB420ED0072122E09342EC
:107E500003D12E48FBF74CFC54E79B6E013CE2E754
:107E6000112150E714214EE7F368D3F81034002BAA
:107E700033D0EFF305832A68134330D1D8F80030AC
:107E80006BB34B452BD02146304602F007FB014631
:107E9000002849D021480DF009FB3368BB4240F06F
:107EA0002984F368D3F81034002B00F02384EFF317
:107EB00005832A68134340F01D84D8F80030002B56
:107EC00000F018844B4500F0158411483DB0BDEC1E
:107ED000108BBDE8F04F02F0E5BB1421DAE7112169
:107EE000D8E700BFC8FA002084EE0020C2C804080A
:107EF00004F100201DC904082020504994C9040839
:107F0000EDC8040880FB0020F9C8040840F20020F6
:107F1000D4F800207EC9040820504455CAC904087A
:107F200020534E44B4FB0020B92347F22672CDE91A
:107F300000326548DFED659A6823A822C0210DF064
:107F4000B5FAFAF791FD274609900D94A3460E94D1
:107F5000A246A0460A9481460126FAF785FD5C4BAD
:107F60001B69C3F3001383F00103BB42054668D1CC
:107F7000022C98BF0134032C19D10D9BBB4216D0A3
:107F8000002F61D031465348FEF780FEB0FA80F3EF
:107F90008046514A51495B094120FAF7C5FA4146EA
:107FA0004F480DF083FAB8460D970A950136484BB5
:107FB0001B69C3F3802383F00103534546D1BBF112
:107FC000020F98BF0BF1010BBBF1030F1CD10E9BED
:107FD000534519D0BAF1000F3CD031464148FEF765
:107FE00055FEB0FA80F380463F4A40495B09422083
:107FF000FAF79AFA42463E4878210DF057FAD046F1
:10800000CDF838A00A950136099BEB1A092B4AD9FD
:10801000F9F722FDDFED377A8DED160AB0EEE07A42
:10802000B4EE677A731CF1EE10FACDED170A0B93DC
:1080300013D931480DF03AFA4D2130480DF036FA97
:108040002FE001241F46B2E70D97B0E74FF0010B78
:108050009A46D9E7CDF838A0D6E760EEA90A6421A0
:10806000FDEEE07A1CA817EE903A93FBF1F201FBCB
:108070001233002BB8BF5B42CDE900238021204A98
:1080800033460DF025FA7F28014604D91D480DF02E
:108090000DFA0921D1E71CA8FEF73AFD0146002898
:1080A000CBD10B9E0995A5EB0903632B40F292827D
:1080B000B8F1000F05D00A9BEB1AB3F5967FC0F01C
:1080C0008781DFF8448031E0FCC904080000C84221
:1080D000000002406DC2040826CA040834CA04081D
:1080E0003ECA04087ECA040889CA040896CA04085D
:1080F0009FCA0408FFFF7F7FDBCA04087FCB040808
:1081000013CB040847CB0408040000200123C24815
:108110001CAA2721F8F798FF9DF8703003F001039F
:108120001093D8F80030013BC8F80030109B1BB901
:10813000D8F80030002BE9D1DFF8088304220021B1
:1081400040460DF064FA032342462821B248F8F76E
:108150007BFFD8ED00CADFF8F08202220021404602
:108160000DF055FA424602232B21AB48F8F76CFF7D
:10817000B8F90030DFF8D4820DEE103AF9F76CFC54
:108180008DED160ACDED170A9DF870305B0704D10E
:10819000D8F80030002B40F0B380DFF8B48206221C
:1081A000002140460DF033FA4246062328219B4821
:1081B000F8F74AFFB8F900300CEE103AB8F902307F
:1081C0000BEE903AB8F90430DFF8888206220021DD
:1081D000404608EE103A0DF01AFA424606232221D4
:1081E0008E48F8F731FFB8F9003009EE103AB8F9C7
:1081F000023008EE903AB8F90430DFF85C820222CF
:10820000002140460AEE903A0DF001FA0223424660
:1082100082482021F8F718FFB8F90030DFF83C82D7
:108220000BEE103A0F9B1BB9D8F80030002B73D11E
:10823000DFF82C820622002140460DF0E8F9424684
:10824000062368217648F8F7FFFEB8F900300AEEF9
:10825000103AB8F902300FEE103AB8F90430DFF8EE
:1082600004820222002140460EEE903A0DF0CFF932
:10827000424602236E216A48F8F7E6FE9DED17EAB2
:10828000DDED16DAB8F900806EEE297A6423FDEE92
:10829000E77A1CA8CDED0B7A0B990B9A92FBF3F2BF
:1082A0006DEEA97A03FB1212FDEEE77A82EAE27123
:1082B000A1EBE271129117EE902A17EE901A92FB41
:1082C000F3F203FB121282EAE273A3EBE2730021E2
:1082D0007822119306F1FF39CDED0C7A0DF097F964
:1082E0000523B9FBF3F303EB8303A9EB0303032B90
:1082F00000F23581DFE813F021007100BA000001BF
:10830000012346481CAA1E21F8F79EFED8F800302B
:10831000013BC8F8003037E7012341481CAA672118
:10832000F8F792FE9DF87030C3F3C0030F93D8F8AE
:108330000030013BC8F8003074E73A4A14211CA809
:10834000F9F752FC1EEE100AF8F7E0F9364ACDE9CB
:108350000001142121A8F9F747FC1DEE900AF8F757
:10836000D5F9CDE90001314A142126A8F9F73CFCE2
:108370004FF01008F8F78AFEF8F728FF1CA82C4BDE
:1083800013904FF002021A80A3F802800822294BB2
:10839000062108F10808F8F7A5FE1FFA88F81398D7
:1083A000B8F1400F00F11400E9D1F9F7AFF9119BD2
:1083B0000B98009364210C9B129A93FBF1F3CDF878
:1083C000049090FBF1F11C480DF070F84FF000089C
:1083D0000A20FAF72FFCA946BFE5F8EECD7AFAEEAF
:1083E000CACAC7EEA98A154A14211CA8F9F7FCFBD2
:1083F0001CEE900AF8F78AF9114ACDE90001142120
:1084000021A8F9F7F1FB18EE900AF8F77FF9064A70
:10841000CDE90001A8E700BF0800002018000020F7
:1084200028000020AECB0408BDCB0408C7CB04084D
:10843000080801209A7001085DCC0408D8CB040814
:10844000E9CB0408E8F00020E4F00020140000204C
:10845000F4F00020EEF00020ECF0002024000020DA
:10846000FCF00020FAF0002023DB793D5FED027A7A
:10847000A34AB8EECC9AF8EEEB8A29EE279AB8EE2A
:10848000C88A14211CA868EEA78A28EE278AF9F763
:10849000ABFB19EE100AF8F739F99A4ACDE9000159
:1084A000142121A8F9F7A0FB18EE900AF8F72EF98D
:1084B000954ACDE90001142126A8F9F795FB18EE9D
:1084C000100AF8F723F9914ACDE9000114212BA8ED
:1084D000F9F78AFBF8EECB7ADFED8D6AB3EE097A15
:1084E000A7EEA67A17EE100AF8F710F9894ACDE937
:1084F0000001142130A839E7DFED877A874AB8EE0A
:10850000C99AF8EEE88A29EE279AB8EEEA8A142189
:108510001CA868EEA78A28EE278AF9F765FB19EEF2
:10852000100AF8F7F3F87E4ACDE90001142121A8DA
:10853000F9F75AFB18EE900AF8F7E8F8794ACDE90E
:108540000001142126A8F9F74FFB18EE100AF8F7DE
:10855000DDF8754ACDE9000114212BA806E7B8EE35
:10856000CA9AF7EE087A29EE279AF8EECF8AB8EE83
:10857000EE8A6E4A14211CA868EEA78A28EE278A84
:10858000F9F732FB19EE100AF8F7C0F85D4ACDE9A9
:108590000001142121A8F9F727FB18EE900AF8F73B
:1085A000B5F8594ACDE90001142126A8F9F71CFBBA
:1085B00018EE100AF8F7AAF8544ACDE90001142180
:1085C0002BA8F9F711FB07EE908AF4EE006AF8EE9B
:1085D000E77A83E74D46FBE63368434523D1EFF363
:1085E0000583534A11680B4306D0EFF305831268E5
:1085F0001343B3F1F03F19D34E4B1B684B4515D0D5
:108600004FF0FF314C48FAF7C9FFEFF3108372B611
:10861000D6F83C270B92D6F84027099283F31088AE
:108620004548FBF765F8336843451AD1EFF30583F6
:108630003F4A11680B4306D0EFF3058312681343DA
:10864000B3F1F03F0DD33B4B1B684B4509D03A4883
:108650004FF0FF31FAF7A2FFB36837480A93FBF7F0
:1086600047F80B993548364CF9F7ACFA0999354873
:10867000F9F7A8FA0A993448F9F7A4FA33480CF044
:1086800015FF1822002116A80CF0C1FF30480CF08D
:108690000DFF22682F4B9A427FF4FDAAEFF305836A
:1086A000234D2A6813437FF4FAAADFF88880D8F8AC
:1086B0000030002B3FF4F3AA4B453FF4F0AA04F539
:1086C000805425484FF0FF31FAF7E2FF94F81C3E42
:1086D00023B1D4F8386E002E3FF454AA1E48FBF79D
:1086E000E9F84FF0A40A1D4851460CF0DFFE1C4883
:1086F000FFF73CBA3DB0BDEC108BBDE8F08F00BF7A
:10870000F5CB040806CC04080FCC040818CC0408E8
:108710000000803BBDCB040800008C4221CC040843
:1087200033CC04083CCC040845CC04084ECC0408E7
:108730004C00002068FC002040F2002039C80408EA
:10874000F0D0002044C8040849C8040851C80408EF
:108750006DC804085043484484EE002089C80408CA
:108760003FC90408431E073013F8012F1AB983428A
:10877000FAD1012070470020704700002DE9F04336
:1087800000241C6001F07044B4F1604F01D04C1C17
:1087900019D1196013682BB990F82E3713B100F571
:1087A000E5601060BDE8F08390F82E474CB3D0F838
:1087B0003C47A14225D1156800F5E5640DB1AC42F6
:1087C0001FD1146032E090F82C97B9F1000FEBD173
:1087D00000F5E56590F878E700F27474BEF1000FDB
:1087E00026D090F87A671EB3D0F88C67D0F89077CF
:1087F0000E40BE421CD110680028E2D1254615600B
:1088000014E000F5E565B9F1000FE3D090F82E47CC
:10881000002CDFD0D0F84047D0F844670C40B44279
:10882000D8D11468002CEAD0A542D3D11960B9E799
:10883000374E4FEA114C4FEA0C4CB4450FD1166835
:108840002EBBB9F1000F03D090F82E67002E5CD13B
:10885000BEF1000F03D090F87A67002EB1D1D0F8A6
:1088600008C0BCF1000F1FD0C668EEB196F80680B4
:10887000B8F1000F18D0B1690CEA010CF16961453B
:1088800090D1116861B9166082681A608AE796F81B
:1088900004C0BCF1000FE2D0B679002EDFD0C5E7EE
:1088A0008E427FF47FAFEFE71668F6B9B9F1000F9B
:1088B00009D090F82E6736B1D0F83C67144F6FF3AB
:1088C0000F06BE4221D0BEF1000F3FF46BAF90F80F
:1088D0007A57002D3FF466AFD0F888070C4D6FF340
:1088E0000F00A8427FF45EAF6BE73279002A3FF4B5
:1088F00059AFB279002A3FF455AF726904486FF35B
:108900000F0282427FF44EAF90E72C4659E700BF3A
:108910000000FEA9704770470346002010601878D9
:1089200002280AD15978042917D199781160DB7887
:1089300043EA01231360012070470028FBD001287F
:1089400004D1013301390329E9D8F4E7587828B173
:10895000884202D80344091AF5E70020704738B569
:10896000D0F8F839044663B100F6F811702200F629
:10897000D8200CF0D2FE7022002104F6F8100CF082
:1089800046FE04F668207022BDE8384000210CF055
:108990003EBE012100F51370FAF76CBC4FF48071F4
:1089A00000F51370FAF766BC10B4C36EEFF31081D4
:1089B00072B6826E32B32BB31C68144A944221D132
:1089C000026F00248242846612D1DC621A6B013A83
:1089D0001A63036B0C2B15D10D4A0123C0F88430A8
:1089E00013680133136081F3108810BCFAF772BB6F
:1089F000DC6A844208BFDA62D0E91C426267046F15
:108A00001467E3E781F3108810BC70474B43415073
:108A10005C17002030B4EFF3108272B6C36E1BB146
:108A20001C6826498C4203D082F3108830BC704702
:108A3000816E0029F8D0EFF30581214C2468214391
:108A400004D1204C2568204CA5420CD11F498166D9
:108A5000D3F8A00082F310884FF4805130BC00F5A9
:108A60001370FAF707BC046F8166A0421FBFC3F8FA
:108A7000F440416F6167046F14BF0C67C3F8F410D2
:108A8000D3F8F8100139C3F8F810016B0C29CBD1D9
:108A9000996B052910D1D3E92F31994234BF39237D
:108AA00049230B49C0F884300B6801330B6082F313
:108AB000108830BCFAF70EBB3823F2E7205043543D
:108AC0004C00002068FC0020B4FB0020178900083F
:108AD0005C17002010B4C36EEFF3108472B6826E80
:108AE0002AB323B31968144A914220D10021596551
:108AF000026F81661B6D82421FBF1A66416F51670C
:108B0000026F18BF0A675A6E08BF1966013A5A66A3
:108B1000036B0C2B0BD1094A2323C0F88430136854
:108B20000133136084F3108810BCFAF7D3BA84F3CE
:108B3000108810BC704700BF205044555C170020BF
:108B400010B4C36EEFF3108172B6826E1AB313B312
:108B50001C68134A94421ED1026F0024824284662C
:108B60001FBF9A65446F5467026F18BF2267DA6DA2
:108B700008BF9C65013ADA65036B0C2B0BD1094ADF
:108B80000123C0F8843013680133136081F3108827
:108B900010BCFAF79FBA81F3108810BC704700BF71
:108BA000205044555C17002030B4EFF3108172B6AA
:108BB000C36E1BB11C68204A944203D081F3108815
:108BC00030BC7047826E002AF8D0EFF305821B4C50
:108BD000246822430CD01A4AD3F8A030826681F36D
:108BE00010884FF4805130BC03F51370FAF742BB84
:108BF000144C2568144CA542EDD08266C3F8FC20C5
:108C0000C3F8CC209A6882B101229A63036B0C2BC3
:108C1000D4D10E4A3823C0F884301368013313606E
:108C200081F3108830BCFAF755BA02229A631A6CA5
:108C3000013A1A64EAE700BF205043544C00002078
:108C40001789000868FC0020B4FB00205C17002096
:108C500070B40346EFF3108272B6C46E1CB125687F
:108C600019498D4203D082F3108870BC7047816E21
:108C70000029F8D0EFF30581144D2D68294304D164
:108C8000134D2E68134DAE420CD113499966D4F89A
:108C9000A00082F310884FF4805170BC00F513706F
:108CA000FAF7E8BA8166C4F80011016B0C29DAD131
:108CB0004121C0F8841009490B6801330B6082F32D
:108CC000108870BCFAF706BA205043544C000020BC
:108CD00068FC0020B4FB0020178900085C17002006
:108CE00030B4EFF3108272B6C36E1BB11C68234917
:108CF0008C4203D082F3108830BC7047816E00290B
:108D0000F8D0EFF305811E4C2468214304D11D4C9B
:108D100025681D4CA5420CD11C498166D3F8A000E2
:108D200082F310884FF4805130BC00F51370FAF7CD
:108D3000A1BA046F8166A0421FBFC3F8EC40416F27
:108D40006167046F14BF0C67C3F8EC10D3F8F01020
:108D50000139C3F8F010016B0C29CBD19B6B0C4986
:108D6000052B0CBF01233823C0F884300B68013376
:108D70000B6082F3108830BCFAF7ACB92050435432
:108D80004C00002068FC0020B4FB0020178900087C
:108D90005C1700202DE9F8434B4ED0F89454D0F8DE
:108DA0009874DFF838810FB9BDE8F883D5F80891D9
:108DB000013FB9F1000F2DD0D5F80441A36EB342A5
:108DC00024D1EFF3108272B6E16E11B10B68434506
:108DD00002D082F3108819E0A36E002BF9D0EFF3D4
:108DE00005833A480068034305D13948D0F800C0EC
:108DF0003848844541D1A666D1F8A00082F3108896
:108E00004FF4805100F51370FAF734FAB9F1010903
:108E1000246FD3D1D5F8FC0020B1836EB34201D1C9
:108E2000FFF7C2FED5F8000120B1836EB34201D135
:108E3000FFF70EFFD5F8F04064B1D5F8EC90D9F803
:108E40006830B34202D14846FFF74AFF013CD9F8E7
:108E50007090F4D1D5F8F84064B1D5F8F490D9F811
:108E60006830B34202D14846FFF7D4FD013CD9F83F
:108E70007090F4D1D5F80C5195E7C1F8E830206F27
:108E8000A366D1F8E41084421FBFC1F80401636FE8
:108E90004367206F14BF1867C1F80431D1F8083157
:108EA000013BC1F80831236B0C2B92D10A492323D3
:108EB000C4F884300B6801330B6082F310882046BD
:108EC000FAF708F9A2E700BF178900084C00002054
:108ED00068FC0020B4FB00205C17002020504354A5
:108EE00010B4EFF3108172B60368C3B11A6F0E4C61
:108EF00093421DBF0260586F506700220EBF026090
:108F00001A6F02672268002001329866226081F39E
:108F10001088C3F8840010BC1846FAF7DBB881F358
:108F2000108810BC704700BF5C17002010B5D0F847
:108F3000F430044623B3D0E91532934209D9C16E07
:108F4000013901299CBF016A02EB4102934228BF0B
:108F50001346E26D9A4213D2D4E92F329A420FD2CD
:108F6000D4F830310BB120469847D4F8F830013BA3
:108F7000C4F8F83004F1F400BDE81040FFF7B0BFCA
:108F800010BD000010B5EFF3108472B6194B826E5D
:108F90009A422BD1D0F8B0308B4227D1C36E2BB37D
:108FA0001968154A914221D11A69FAB100228266E4
:108FB0001A69013A1A610AB9DA6006E0D0E91C219F
:108FC00051670A67D9688142F6D0036B062B0DD131
:108FD0000A4A0D23C0F8843013680133136084F308
:108FE0001088FAF777F8EFF3108472B684F31088DC
:108FF00010BD00BF858F0008414D45535C17002010
:1090000070B50022022443F6095620FA04F39509AC
:1090100003F03F03920604F1060448BF0135734391
:10902000202C05EB0302F0D10A6070BD2DE9F34757
:1090300099460C680368A3428BBF1C1BE41A0023EB
:109040000123C9F80030234B9C4280460F46164648
:109050003CD8406801A9FFF7D3FFDDF804A0786889
:109060004FF47A73BAFBF3F503FB15A3B3F5FA7F5C
:10907000694628BF0135FFF7C3FF009AD8F8000002
:109080004FF47A73B2FBF3F103FB1123B3F5FA7FCC
:109090003B6828BF013198420BD1924591BF491BD3
:1090A0000023691AC9F800303160002002B0BDE821
:1090B000F0874FF47A7303FB04F435BF641B2B195C
:1090C00064185B1A34BF34603360EEE740F6325008
:1090D000ECE700BF378941002DE9FF41D0F8D83ACD
:1090E0000446A3B300F60C31082200F62C200CF045
:1090F00065FA60BB082204F6043104F624200CF063
:109100005DFA20BB082204F6FC2104F61C200CF0BA
:1091100055FAE0B9082204F6F42104F614200CF004
:109120004DFAA0B9042204F52F6104F521600CF07A
:1091300045FA60B9D4F8082AD4F8E83A9A4206D138
:10914000D4F80C2AD4F8EC3A9A4200F08E81D4F884
:10915000F869D4F8943906F00702042A04D0022BE7
:1091600000F08681052A02D0012B00F08181C6F330
:10917000C202032A07D0022B00F07D81022A02D806
:10918000012B00F07881C6F38116032E00F0768162
:10919000D4F8FC39002B40F0B280D4F8603B002BAF
:1091A00000F06F8104F52165B749042228460CF0D0
:1091B00005FA00287CD0B549042228460CF0FEF9B7
:1091C000002878D0B249042228460CF0F7F900288C
:1091D00074D0B049042228460CF0F0F9002870D071
:1091E000AD49042228460CF0E9F900286CD0AB49BF
:1091F000042228460CF0E2F9002868D0A84904228D
:1092000028460CF0DBF9002864D0A6490422284641
:109210000CF0D4F9002860D0A349042228460CF0B1
:10922000CDF900285CD0A149042228460CF0C6F9EB
:10923000002858D09E49042228460CF0BFF9002887
:1092400054D09C49042228460CF0B8F9002850D08C
:109250009949042228460CF0B1F900284CD09749CE
:10926000042228460CF0AAF9002840F60E7118BF17
:109270004FF47061D4F8603B20469847002840F0D6
:10928000E480D4F89439022B40F0E780D4F8483BCE
:10929000EBBB04F62420FFF765FA012805D004F69D
:1092A0002C20FFF75FFA012838D140F62950CCE096
:1092B00040F60171DEE740F60271DBE740F603712C
:1092C000D8E740F60471D5E740F60571D2E740F6DD
:1092D0000671CFE740F60771CCE740F60871C9E7A1
:1092E00040F60971C6E740F60A71C3E740F60B7114
:1092F000C0E740F60C71BDE740F60D71BAE713F018
:10930000F00F01D1032BBCD940F625509DE004F6A7
:109310001C20FFF727FA0128BBD1C6E702AB01AA40
:1093200004F5266104F65820FFF780FE002840F07F
:109330008A80029B002BB8D0731E012B05D8D4F86D
:109340005C3B13B1314620469847D4F88019012977
:1093500000F0BE800023C4F88C39082204F5266191
:1093600004F535600CF0D9F9D4F88039012B40F0C0
:10937000DA8004F64837082204F5266138460CF0F6
:10938000CCF94F4B4F4A1B681268D4F8486B4FF426
:109390007A759B1A6B430020632B4FF06408C4F866
:1093A000F409B3FBF8F8B8FBF5F540F2D88015FAEC
:1093B00086F3C3F3004303EB1643D80300F1CC80DC
:1093C0004FF47A73B8FBF3F603FB168616FB03F62D
:1093D000D4F8483BD4F84C0B1D44C4F8485B01A9B1
:1093E000FFF70EFE019BF34206D5013D03F5742302
:1093F000C4F8485B03F51073334A334493420CDDE1
:10940000D4F8482B511C00F0A7800132C4F8482B37
:109410002E4A93FBF2F102FB113340F67A71594365
:109420000A0B41F2C60000FB03230A0500D50133F5
:10943000C4F84C3BD4F8683B1BB1394604F6F8102D
:109440009847002006E040F63250D4F88C390133BA
:10945000C4F88C3904B0BDE8F08104F62C20FFF785
:1094600081F901287FF468AF1FE740F62850ECE748
:1094700040F62250E9E740F62150E6E740F6125068
:10948000E3E740F61350E0E70ACD04080FCD0408E7
:1094900014CD040819CD04081ECD040823CD0408FA
:1094A00028CD04082DCD040832CD040837CD04089A
:1094B0003CCD040841CD040846CD04084BCD04083A
:1094C000180D0120140D01203F420F0040420F00F3
:1094D000D4F89439022B7FF43DAFD4F80C2A002A3B
:1094E0003FF438AF214E130C73434CF2503083429B
:1094F00002D940F62650ADE792B2C4F80C2A4FF4D8
:10950000004026FA01F502421D4401F1010118BF95
:109510002B4611294FEA5000F3D14CF250329342BE
:109520007FF618AFE5E7D4F8F429D4F8483B1344A4
:109530000293D4F84C3B03936A4601AB04F53561C2
:1095400002A8FFF773FD38B9094B009A9A427FF6DB
:1095500010AF4FF453607DE740F632507AE70BF0DE
:109560003FFEB0427FF62CAFF3E700BF40420F0052
:1095700020BF0200F0B51129059D01D0062927D191
:1095800003B105B9FEE72C880C44698814440C44E7
:1095900019885B880C44234499B201EB13418BB2C8
:1095A00003EB11435BBA9BB2D0E902156C1AA242DD
:1095B00010D8D41E0C448C4210D812B34068D8B1D5
:1095C00005F00305022D02BF0988023A5B18EBE79C
:1095D0000023E9E725F003048C42EFD9E61C0A4496
:1095E00026F00306921BA142E7D251F8046B370C18
:1095F00017FA86F63344F6E7012A0BD148700A8839
:1096000013449AB202EB134398B200EB134040BAF2
:1096100080B2F0BD032AF2D10A4632F8024BC8707C
:1096200023441146EBE770B504460E4600F59E70E4
:109630004FF0FF31F9F7B2FF94F82C377BB1D4F833
:109640004037D4F844273340934208D1EFF31083D6
:1096500072B604F5E562A660E26083F3108804F553
:109660009E70BDE87040FAF743B82DE9F74F1D46EC
:1096700000F59E7304460F4618464FF0FF3116461C
:109680000193F9F78BFFEFF3108072B64C2202FBC7
:109690000742D4E9B0B106EA050CD2F83CA7D2F8EB
:1096A0004097D4F8C882C2F83C67C2F84057C2F865
:1096B00044C700220091C4F80827C4F80C2780F39F
:1096C00010880198FAF714F8BBF1000F06D0B245E4
:1096D000009901D1A9450BD02046D847B8F1000F19
:1096E00006D0B24501D1A94502D000212046C0478D
:1096F0004C2303FB07440023C4F8683703B0BDE8DC
:10970000F08F000070B5846A944253D300240C603B
:10971000EFF3108672B68568CDB1C369013D8560EF
:10972000DD69C5611869DC610244C3E902224FF0BA
:10973000AA321A6204225C609C615C621C639A8596
:1097400083F82E4020460B6086F310882BE00469D6
:1097500001340461002B2BD04469174D013444615E
:10976000164C2468C4E91A50C4E91E21C26ADAB151
:109770002267526F6267C26A526F1467C26A546787
:10978000026B0F49013202630C2222630122A263A1
:109790000A68E36401320A6086F310882046F9F70C
:1097A00097F9D4F8840070BDC462C4E91C44E7E7AB
:1097B0000120C9E74D20F6E7A989000868FC0020D0
:1097C0005C170020F0B506468BB00F46144602B970
:1097D000FEE7D0F838010023482201A9FFF792FFE5
:1097E00000283FD1019ADFF888C01463F36E01337B
:1097F000F3661C2353629368A3F11C0191601A4A1B
:109800004FF4843143E90712E268658A45EA02456C
:1098100043F8145C2169E28A42EA014243F8102CC1
:10982000616943F8080C1148090443E907C02DBADF
:1098300012BA09BA3FBA43F8145C43F8102C43F843
:109840000C1C43F8047C05230293019B06934FF6FE
:10985000FF7E4FF0FF33CDE904E30896E36B0994F4
:1098600002A898470BB0F0BD0100040606040001F1
:10987000000108002DE9F84F92460A9ADD1C9E1857
:109880008B463C220021044625F003050BF0BFFE69
:109890000AF138080023761B08F10307C4E90B33EB
:1098A00026F0030627F00307C4E90856A946C4F8C2
:1098B00004B0C4F828A02E44EA1919464FF0FF302E
:1098C000B2421BD9ED1BE961C4E90233C4F81C9014
:1098D000EFF3108172B6134B134A23601368EBB198
:1098E0009A6B9C635463C4E90D32104A13680133C8
:1098F000136081F310880020BDE8F88F05F1380C63
:10990000C5F810C008EB050CEA61C5E90041286202
:10991000C5F814C001333A443D44D1E7C4E90D44CD
:109920001460E2E74B434150D8170020D4170020C1
:109930002DE9F0410446EFF3108072B61F4A136818
:10994000013B1360626B1E4B00219442216018D1D1
:1099500019601C4D2B6801332B6080F31088E66A78
:1099600000274FF03008236BA3B9EFF3108272B6D3
:109970002B68013B2B6082F31088BDE8F041F9F7BA
:10998000DBBAA16B9163626B4A6319688C4208BFB2
:109990001A60DEE7EFF3108272B62B68B766013308
:1099A0002B6082F31088C6F88480366F706FF9F7E9
:1099B00091FB236B013B2363D5E700BFD417002045
:1099C000D81700205C170020F8B52D4D03464FF046
:1099D000FF3600240BB918460DE01A6AB2F1AA3F0F
:1099E0000AD01B6833B1274A1968914202BF9A69AD
:1099F00001329A610720F8BD5F68EFF3108C72B6F0
:109A00001A68D06A002830D0016F81421FBFD1622E
:109A1000D0F874E0C1F874E0016F18BFCEF8701090
:109A2000116B08BFD462013911632A688466013260
:109A30002A608CF31088DC615C609C615C62816FE1
:109A40001A691C630A44C3E902224FF0AA321A625F
:109A50004FF000029C8583F82E20C26F1360C0F87F
:109A60008440F9F737FB3B46B4E71E62D169D96100
:109A7000D3619368013393608CF31088F3E700BFE0
:109A80005C1700204B43415010B504462046E46962
:109A9000FFF79AFF002CF9D110BD000080B50446F5
:109AA00094B04FF0FF3100F59E70F9F777FD94F810
:109AB0002C370126C4F87061CBB1D4F86437B3B148
:109AC0001322049204F5E5620B9204A884F82E6731
:109AD0000A949847D4F864370A9404A804969847DF
:109AE000022304930A94D4F8643704A8984704F531
:109AF000E56604F59E70F9F7FBFD4FF0FF3319465C
:109B000002AA04F51370F9F797F94FF0FF3104F545
:109B10009E70F9F743FD029B180700F1C4801906F7
:109B200009D5D4F8A83420469847029B23F0800337
:109B30000293002BDDD0DA050AD5D4F8A4340BB19A
:109B400020469847029B23F480730293002BD0D0C9
:109B5000DF071ED5D4F8F0360BB120469847D4F86D
:109B600008370BB120469847D4F860330BB1204634
:109B70009847D4F8A8320BB120469847D4F8A034BF
:109B80000BB120469847029B23F001030293002B60
:109B9000AFD0DD0604D5D4F8F4360BB12046984793
:109BA000029B980604D5D4F80C370BB12046984791
:109BB000029B590603D5D4F8643320469847029B8C
:109BC0005A0500F1A080029B9B077FD4029B580797
:109BD00003D5D4F8743320469847029B190500F149
:109BE0008280029BDA0479D4029B5B0481D5D4F88D
:109BF000C437002B3FF47DAF94F82C370027002B9F
:109C00003FF477AF94F83037002B3FF472AF0A235C
:109C10000C9304F5E563139303AB11930CA8D4F8EC
:109C2000643784F8307712949847D4F8C437039A8D
:109C30003946204698475CE7EFF3108272B6D4F8B5
:109C40007471FB69C4F874310BB9C4F8783182F3CC
:109C50001088E3690133E3613B6B03B93E63B86885
:109C600090F8008078634FEA181887F82C80D4F8B1
:109C7000C83733B10021984718B13846FFF7A4FE22
:109C800011E0D4F8CC372BB1002239462046984752
:109C90000028F2D1B8F1040F11D1D4F8C03773B154
:109CA000394620469847D4F87431002BC4D1029B22
:109CB00023F008030293002B3FF41BAF2FE7636BE5
:109CC00001336363E36C0133E364D6E7D4F8A43271
:109CD000002B3FF47BAF2046984777E7D4F8243732
:109CE0002046984780E794F82C37002B3FF479AF53
:109CF0001223049301AB09930A94D4F864370B96AA
:109D000004A898476DE794F82C37002B3FF45BAF1D
:109D100008230493054B0A944FF48077CDE906732A
:109D20000B96D4F8643704A898474CE70100005E0E
:109D30002DE9F74F85690746884616469A46F5B1DC
:109D40004FF000096B69EA689B1A99442B466D68CD
:109D5000002DF7D101951D46B14526D200240C9B5C
:109D6000002201A95046FFF7CDFC834660B114B133
:109D70002046FFF729FE584603B0BDE8F08F426940
:109D8000C368A2EB0309E7E7019B002C2DD0A26971
:109D900042B35360A3615A69DB68D31A99444E45B4
:109DA000DDD825B36C600023A3617B6A33447B62FA
:109DB000BB69002B08BF3B46019386B1019BD86865
:109DC0005C69241AB44228BF3446224641460BF04F
:109DD000A4FC019BDA68361B2244DA6009D14FF0FB
:109DE000000BC8E7A3616360D5E71C46D3E77C603E
:109DF000D9E75B680193A044BB61DFE7EFF3108212
:109E000072B6036AB3F1AA3F01D0013303D182F3E2
:109E10001088FFF7D9BD4FF0DD3390F82E10C361E5
:109E200083680B448360436A5B1A4362002380F8B3
:109E30002E3082F31088184670472DE9F843D0F889
:109E4000DC46054600270A26D5F8E036BB420AD88C
:109E500095F82C372BB1D5F8683713B1013BC5F80D
:109E60006837BDE8F8836368002B36D0013B636038
:109E7000002B32D1A268122A47D1EFF3108172B6BB
:109E8000E26952B16069A0422AD11360D5F8E03688
:109E9000013BC5F8E0360023E361E268A24214D03A
:109EA00023691361E268DA60D5F8DC36A34204BFA7
:109EB0001346C5F8DC26E3601B692361D5F8DC3660
:109EC0001B69DC60D5F8DC361C614FF00008206BA4
:109ED000C4F8308081F3108860B9E4680137B3E7D3
:109EE0001368A34208BF1060D4E905239361626937
:109EF0005A61CBE7D0F81C90C0F81C806B6D013321
:109F00006B65FFF77BFF4846E6E70132C4E9016273
:109F1000216AE26A2846FFF755FCDEE72DE9F04F9B
:109F200097B000F5E56304460493D4F8E43613B91A
:109F300017B0BDE8F08FEFF3108272B6D4F8E45694
:109F4000EB69C4F8E4360BB9C4F8E83682F310883C
:109F50006B6A1B2B08D8D4F880300133C4F88030EA
:109F60002846FFF731FDE0E7AB68586859699A6801
:109F7000DF681E6900BA09BA59611FFA80F8996949
:109F8000586008F1FF3012BA3FBA36BA09BA012850
:109F90009A60DF601E619961DDD8360C4FEA17497F
:109FA00046EA07462F6B4FEA124A49EA02490FB9BF
:109FB000049F2F637869C0B97A6C002A38D0964222
:109FC00003D0002E34D1914232D1FB689A4502D1A0
:109FD0003B699945C4D0BE6C002EC1D0F979CDF84B
:109FE000009053462046B047BAE70EB386421FD1D1
:109FF000FB689A4502D13B699945B1D03B6C33B9B6
:10A000000A233B642A6B31462046FFF7DBFBBE6C1C
:10A0100036B1F979CDF800907A6C53462046B047B6
:10A02000D4F8FC36002B9BD02946204698477CE785
:10A03000B8F1010F6ED1226F814202F10102226755
:10A040006BD1626F0132626759686FF30F0141F0A3
:10A05000020159602A6BD068B2F812C04CEA004C79
:10A06000C3F808C02A6BD2F810E0D08A40EA0E404C
:10A07000D8602A6B52694AEA024212BA1A6109BAD6
:10A0800099FA89F259605A6100BA9CFA8CF132BA95
:10A09000D86099609A611C236B62AB681C33EB60DB
:10A0A000062306932B6B0D93CDE908A9DB6B0C946B
:10A0B0000A9506A8984706EB162B0BF01F0303938F
:10A0C000002E00F0868003F5CB7354F823B0039B79
:10A0D00003F5CB72BBF1000F55D0DBF820108E4298
:10A0E0004BD1DBF8002082B9CBE909A9CBE90122E9
:10A0F000CBF82C70EFF3108172B6DBF8300008B1AA
:10A10000CBF8302081F3108850B9B8F1000F7FF4FC
:10A110000CAF3CE0A36F0133A3674FF00008CAE720
:10A12000C36905930023C361DBF82C100163DBF8DE
:10A1300024201092DBF8282011921591426A496A76
:10A1400014948A420E9312900CD9D4F8A02212B122
:10A150000EA8904704E0626D01326265FFF74EFE83
:10A160000598D1E7626901326261A269416A143AD5
:10A170000A44A261026BD26BEAE7DBF814B054F830
:10A1800022108B45A6D1B8F1000F07D1C34628464F
:10A19000FFF71AFCBBF1000F7FF4C7AE002E3FF4AF
:10A1A000C4AE039B03F5CB7B0022D4F8EC3604EB62
:10A1B0008B012046984700287FF4B7AE54F82B3027
:10A1C0009B69C3E9086AC3E90100C3F82890DF620C
:10A1D000ABE6B3467BE7CB6970B50446A3B1EFF3BA
:10A1E000108672B64A69CB6991420ED100221A607C
:10A1F0000025CD61D4F8E036013BC4F8E036086BA9
:10A200000D6386F3108850B970BD1868814208BF8D
:10A210001A60D1E9052393614A695A61E8E7C66982
:10A22000C561636D01336365FFF7E8FD3046EAE71A
:10A23000F8B5D0F8DC3605460E461746002B56D04A
:10A240001C692146FFF7C7FFEFF3108272B633682F
:10A25000E66123B3336863619B69A3615C61336822
:10A260009C61012F2AD1E168A1421FBF23690B61C4
:10A27000E168D96004BF0023C5F8DC36D5F8D836CC
:10A280008BB9C4E90344C5F8D846D5F88430013306
:10A29000C5F88430276082F310880020F8BDC4E937
:10A2A00005443460DDE7E3601B692361D5F8D836E7
:10A2B0001B69DC60D5F8D8361C61E6E7D5F8DC36DA
:10A2C000A3420ED0D4E903130B61E168D960D5F83D
:10A2D000DC36E3601B692361DC60E3681C61C5F860
:10A2E000DC46D5F8E0360133C5F8E036D2E7172072
:10A2F000D4E72DE9F0418268866B00239A420CBFB7
:10A30000022201228263D0F8C020C361C0E9053374
:10A31000044680F89C30C0F8CC30C36680F89E308C
:10A32000D2B1D0F8C450C0E931334FF0AA37EFF3BF
:10A33000108372B628462D6AC2690762B2F1DD3F0A
:10A3400028D183F31088FFF73FFBD4F8C030013BDE
:10A35000C4F8C030002BEAD1D4F8EC00E8B9D4F846
:10A36000F400E8B9D4F8FC0008B1FEF71DFCD4F8FD
:10A37000000108B1FEF76CFC052E04D1D4F8283199
:10A380000BB120469847D4F8203163B12046BDE890
:10A39000F041184783F31088D7E7FEF7A1FCDBE70D
:10A3A000FEF738FBDBE7BDE8F081D0F8783303B186
:10A3B0001847D0F8EC300133C0F8EC300846FFF70E
:10A3C00003BB000030B4D0F8E4400134C0F8E440EE
:10A3D0004C6A072C03460A4608D8D0F8EC10013125
:10A3E000C0F8EC1030BC1046FFF7EEBAEFF305856D
:10A3F0000E4C24682C4305D10D4D2D6800F5CC740E
:10A40000A5420FD0EFF3108172B6D3F87C03D06170
:10A41000C3F87C2381F31088042130BC03F513704A
:10A42000F8F728BF30BCFFF7C0BF00BF4C000020CA
:10A4300068FC002070B50446EFF3108372B6002567
:10A44000D0F87C13C0F87C5383F3108801B970BD39
:10A45000CE69CD612046FFF7A8FF3146F6E730B45C
:10A46000436A8B420CD9591A4162D0E90242151B4A
:10A470008D4203462144406804DA891A0028F4D149
:10A4800030BC70470022D9605A600028F8D04FF0E5
:10A49000AA33036230BCFFF797BA00002DE9F843F6
:10A4A000C668054606F59E770C4638464FF0FF31E4
:10A4B000F9F774F8EB6C0BB96B6D2BB13846F9F703
:10A4C00017F92220BDE8F883B4BB04F0EBF9C0F320
:10A4D0000D0909F540494C464FF0FF313846F9F770
:10A4E0005DF804EB142303F01F03E23356F8233026
:10A4F00033B11A4691688C4214D0D26C9342F9D190
:10A500004FF000083846F9F7F3F8B8F1000F13D010
:10A510000134B4F5803F08D1B9F5404F07D04FF46E
:10A520004044D9E74FF00108ECE7A145D4D13846C3
:10A53000F9F7DEF84520C5E704EB142303F01F0309
:10A5400006EB8302AC60D2F888130B46002936D0A4
:10A550009868A04205D0DB6C9942F9D19968A14274
:10A560002DD1EFF3108172B6254A1468254AC4E94B
:10A570001A25C5E914341A6E002A3CD02267526F9E
:10A5800062671A6E526F14671A6E54675A6E013200
:10A590005A661D4A0C2323630123A3631368013306
:10A5A00013604FF0FF33E36481F310883846F9F706
:10A5B0009FF82046F8F78CFAD4F8840082E7EFF38E
:10A5C000108172B693B1D2F88833EB641B6D2B65A2
:10A5D000D2F888331B6DDD64D2F888331D6581F3B2
:10A5E00010883846F9F784F800206BE7C5E9135561
:10A5F000C2F88853F3E71C66C4E91C44C6E700BFF1
:10A6000068FC0020D58A00085C1700202DE9F04185
:10A610000446214D88461746002178221E460AF03E
:10A62000F6FF00228023C4E91322C4E91822C4E9FA
:10A630000F26C4E91122E560C4F80480E262676372
:10A64000236384F83820626522674FF0FF3105F5F7
:10A650009E70F8F7A3FFEFF3108172B60F4B2360E3
:10A66000D5F808349BB1DA6EDC669466E266D5F8FC
:10A670000834A366D5F80C340133C5F80C3481F3E3
:10A6800010880748F9F734F80020BDE8F081C5F8D4
:10A6900008442346E466ECE704F1002020504455CA
:10A6A00040F2002070B5C56804464FF0FF3105F553
:10A6B0009E70F8F773FFE36C2BB105F59E70F9F708
:10A6C00017F8422070BDEFF3108072B6A16E2360C0
:10A6D000A14202D1C5F8083407E0E26ECA66A36E53
:10A6E0009366D5F80824A242F4D0D5F80C34013B87
:10A6F000C5F80C3480F3108805F59E70F8F7F8FF64
:10A70000F8F71AFC0020DDE72DE9F3470023DFF816
:10A710006C91DFF86CA1DFF86C810B6004460E468B
:10A720001746EFF3108372B6E26C2AB983F31088F0
:10A73000242002B0BDE8F087626C02B33260D269B7
:10A74000626402B9A264E26B013AE26383F31088A7
:10A75000306894F83820856890F82C3012B9A988B0
:10A7600000293CD1062B00F085803268536A083BF3
:10A77000536232689368083393600020D9E74FB37F
:10A78000D9F80050C5E91AA4EE67A26DF2B12A67A4
:10A79000526F6A67A26D526F1567A26D5567E26DC1
:10A7A0000132E2650C222A630122AA63D8F8002054
:10A7B000EF640132C8F8002083F310882846F8F7C8
:10A7C00087F9D5F884000028C2D0B2E7A565C5E9AD
:10A7D0001C55E4E783F3108801203760A9E7042BB8
:10A7E00049D1426B02F10C031032296809BA296081
:10A7F000696809BA69600092426A1121FEF7BAFEDF
:10A800002B681BBA2B606B681BBA6B604FF6FF732B
:10A810009842AAD0EFF3108272B6E168D1F8A43062
:10A820000133C1F8A430E168D1F898300133C1F8A0
:10A830009830A36AE1680133A362D1F89030013BFC
:10A84000C1F89030E1683068D1F89430406A08333C
:10A850001B1AC1F89430A369013BA3613168E36915
:10A86000496A08335B1AE36182F310883068FFF7A6
:10A87000ABF856E700221346B7E700BF68FC00209C
:10A88000418B00085C1700202DE9F84FC66804468C
:10A8900006F59E784FF0FF314046F8F77FFEE16CF9
:10A8A00041B9606D08B1FEF715F94046BDE8F84FB3
:10A8B000F8F71EBFA76807EB172707F01F07EFF38E
:10A8C000108172B6E26C944222D107F1E2030022B9
:10A8D00046F82320E26481F31088D4F83C90B9F163
:10A8E000000F24D00023656CC4E911332846ED69BC
:10A8F000FFF76AF8E36B013BE363002BF6D1EFF35C
:10A90000108172B6256E002D33D181F31088CCE70B
:10A91000236D1365E26CDA6406EB8703D3F88803D2
:10A92000844208BFC3F888230023E364D3E7E36DC0
:10A93000002BE4D0DFF8B4A0A56DC4F858904FF018
:10A94000260BEFF3108272B6DAF80030C5F8689083
:10A950000133CAF8003082F31088C5F884B02D6F37
:10A96000686FF8F7B7FBE36D013BE365002BE8D1B7
:10A97000C5E72B6F9D421FBF23666A6F5A672B6F17
:10A9800012BF136700232366636E013B6366EB6EA1
:10A9900000205865226E1A6606EB87062066D6F8F8
:10A9A0008823EAB1DA64126D1A65D6F88823126D2D
:10A9B000D364D6F8882313650C480368002201335A
:10A9C000AA66036081F31088C5F884204046F8F732
:10A9D0008FFE2846F8F77EFBBDE8F84FF8F7ACBAD3
:10A9E000C3E91333C6F88833E6E700BF5C170020DD
:10A9F00010B548B10024035D13B90C60184610BDB2
:10AA0000A24203D00134F6E70720F8E70920F6E771
:10AA100070B504461046F2B10023013A0A2593426C
:10AA200013D2C81803E010F8016C00F801698842DD
:10AA3000F9D1B4FBF5F605FB16403030092C08704F
:10AA400003F1010304D93446E9E7002C18BF0023C1
:10AA50000022CA54184670BDF8B505464FF0FF31C4
:10AA600000F59E70F8F79AFDD5F8DC46002764B132
:10AA7000D5F8E0364BB121462846FFF7ACFBE7623C
:10AA8000D5F8DC36E4689C42F1D105F59E70F8F704
:10AA90002FFE0020F8BDEFF3108372B6D0F87421BA
:10AAA0004AB1D0F87821D1610022CA61C0F878118A
:10AAB00083F310887047C0E95D11CA6183F3108881
:10AAC000082100F51370F8F7D5BB2DE9F0431646C1
:10AAD000026901328DB002610A6BDDF858800546CB
:10AAE0000C469C4652B9836B013383638B68143BDD
:10AAF0008B604B6A14334B6220461BE1A768516997
:10AB00002369626AA7F1140014329842A06062625D
:10AB100000D2FEE7606394F82E00143084F82E0013
:10AB200094F82D00012831D092B242EA0C0242F092
:10AB30008A4247F8142CD5F834315A1CC5F8342110
:10AB400057F8142C48EA034312BA1BBA47F8142CDE
:10AB500047F8103CDDE9142343EA02631BBA47F8C7
:10AB60000C3C33BA47F8043C09BA002347F8081CE8
:10AB70001422009304212046FEF7FCFCC04357F842
:10AB80000C3C80B200BA034347F80C3CD5F8C837F8
:10AB900023B1A068012198470028ADD1D5F8CC3762
:10ABA0002BB101222146284698470028A4D1179F9F
:10ABB00097B9D5F830313BB1224617AB42F8307F18
:10ABC00031462846FDF7DAFD236B0BB1179F1FB9FD
:10ABD000AB6B0133AB638FE7236B0A9500220894BC
:10ABE0000B9304925A79002A00F0CD80701C0AD091
:10ABF0009A69D96906EA0200814211D1D14326EA55
:10AC0000020291420CD1042304934FF6FF714FF0DE
:10AC1000FF33CDE906130B9B002B40F0BE806BE7A2
:10AC20005A69964225D100230B93636AD3B1D5F8B4
:10AC3000387100231A4603A93846FEF763FD034620
:10AC400080B90398226B0263D4E903210093521A5E
:10AC50003B46FFF76DF82646002800F0AD800398CC
:10AC6000FEF7B2FE6B6D01336B656B6C01336B6489
:10AC7000D1E706F07042B2F1604F18D1002205F51D
:10AC80003371142707FB02F3C858864200F0CE80C8
:10AC90000132072AF6D10023C6F316064FF480725C
:10ACA00046F0BC4606920796002BB4D0BDE707EBF2
:10ACB000172101F01F0105EB8109D9F85806064656
:10ACC0006EB9626A5B6A9A4212D9D5F8A03213B1A2
:10ACD000B8F1000F0CD06B6D01336B650CE7326A75
:10ACE000974200F0AA807669B042E9D10026E8E7F1
:10ACF0002EB3EFF3108272B60023E361336BE3B936
:10AD0000346382F310880DB0BDE8F08301300B4648
:10AD1000D9690029FAD10328DC61F2D9306BC36903
:10AD20003363C1616B6C01336B646B6D01336B65B5
:10AD300082F31088FFF762F8E5E70120E8E7D5F82D
:10AD4000EC361BB96B6C01336B64C4E701F5CB7156
:10AD5000324605EB8101284698470028F2D1D9F800
:10AD600058369B690A22C3E90876C3E901269E6228
:10AD7000226BDA62E6611C63D5F8F836226B39463D
:10AD800028469847BFE706F10142B2F1807FFFF401
:10AD90004AAF5B699E423FF446AF236B626A5B6ACF
:10ADA0009A4235D9D5F8A032002B94D0B8F5804F0F
:10ADB00091D004A89847A6E7766846B1D6E9021272
:10ADC0003B460090521A0398FEF7B2FF44E70399FE
:10ADD0002369A0680A69C01A13188B604B6A1B1A92
:10ADE0004B62606B2669801B02444A63626A93422D
:10ADF0000CD16B6901336B61636AA3F11402AB6917
:10AE00001344AB612846FFF746FE04E7084627E7F0
:10AE10006B6901336B61636AA3F11402AB6913447C
:10AE2000AB61236BDB6B002BC3D1FEE72B44D3F864
:10AE3000DC32003B18BF01232EE7D6E909020243AA
:10AE40003FF43FAFEFF3108372B6726A0692B26AB4
:10AE50000792C9F8586683F31088DCE6F0B587B02E
:10AE600000268F6800960D464A6A334604464FF422
:10AE700080312846FEF77EFB4FF6FF7398420FD0D5
:10AE8000D4F8EC300133C4F8EC30D4F8E8300133B6
:10AE9000C4F8E830284607B0BDE8F040FEF794BD9E
:10AEA0003B78002B5ED1D4F80031AA680133C4F896
:10AEB0000031D3885BBA9BB2EFF3108772B6494E6C
:10AEC00031680131D4E9E002316087F3108842B97A
:10AED000D4F8EC300133C4F8EC302846FEF774FDAA
:10AEE00024E0B0F878108B4239D1EFF3108172B6BC
:10AEF000036F984227D10023C4F88033D4F88433F9
:10AF0000013BC4F884333368002201338266336026
:10AF100081F310886B6A083B6B62AB680833AB60E7
:10AF2000C36F1D60C0F88420F8F7D4F8EFF31082E7
:10AF300072B63368013B336082F3108807B0BDE816
:10AF4000F040F7F7F9BFD4F88023904208BFC4F867
:10AF50008033D0E91C235367026F1A67CEE7006F76
:10AF6000013AB4E7082B37D1D4F80431AA686F6BE3
:10AF700005960133C4F80431538816705BBA9BB24E
:10AF800083F47F4383F0FF0303F57743FF3399B2E4
:10AF900001EB13418BB203EB1143DB435BBA5380EC
:10AFA000F96805AB05F130022046FDF7E7FBD4F860
:10AFB00008310133C4F80831059B4FF48032CDE9E4
:10AFC00002638023CDE900322946FA6833462046E1
:10AFD000FFF77BFD07B0F0BDD4F8F0300133C4F8C3
:10AFE000F03057E75C1700202DE9F04F89B0D0F81A
:10AFF000A070D0F874A0059211F4003B04460E46F0
:10B000009846D7F838014FF000034FF0400207A9E7
:10B0100014BF4FF0E0494FF0A049FEF773FB38B979
:10B020000798856843695B1B1C2B04D8FEF7CCFC92
:10B0300009B0BDE8F08F636980F82C306369042B98
:10B0400004BFA36A036305F11403C36014234362BE
:10B05000E268E36943EA02432B60059B46EA0A067D
:10B06000C5E9013846EA09060023EE602B61636FEB
:10B07000C4F84480A3672B681BBA2B606B681BBAAB
:10B080006B60AB681BBAAB60EB681BBAEB602B69FB
:10B090001BBA2B61149B53B1079AD368591CD1601A
:10B0A000149A12781A70079A536A01335362BBF1EB
:10B0B000000F0FD0129B19BA139B1ABA079BDB68BB
:10B0C0001960079BD9684A60DA680832DA605A6A00
:10B0D00008325A6263690798042B0ABFA36A0022E8
:10B0E00004F11802009214BF13461433426A062179
:10B0F000FEF740FAC043000400BA28616369042BDC
:10B1000096D1E36A0393D4F8AC3002934FF4C02392
:10B110000193D4F8A8300093D4F8A430A269079919
:10B120003846FFF7D2FC83E71FB50023CDE9013392
:10B130000A4600934FF48011036C0446FFF754FF56
:10B14000024B1B68A36404B010BD00BFC4170020ED
:10B150002DE9F04FD1F808A04A6ADAF80C60DAF865
:10B160000470036CD0F8A09085B0360FA2EB860671
:10B1700004460D46009307EB0608002E38D0DB1B73
:10B18000002B26DD9A421BD900993A44521A6A6272
:10B190000AF11402AA609B462846D0E902C2A2EB3B
:10B1A0000C0EF3450BEB0C0155D9854243D1C5F884
:10B1B0000CC0B1EB020B6868EFD1AA68143AAA6020
:10B1C000DAF804201A44009BCAF80420FF1A3E440F
:10B1D0001F46226C636F02EB030BA8EB0B010029E7
:10B1E00006DD2846FFF73BF9ABEB08084644D84696
:10B1F000DAF80C30DB0306D5DAF804303344E364C4
:10B200000123A4F85030002E35D1A36B052B0ED1AD
:10B21000D4F8B0305BB9236CDAF80420934206D03E
:10B22000013B9A4203D0E16B2046FFF77DFF0020EF
:10B2300005B0BDE8F08F019343686B600023436065
:10B240004FF0AA330362CDE90221FEF7BDFBDDE931
:10B250000221019BADE785420BD1AEEB0B026046AC
:10B2600001930AF0BBF9EA68019BA2EB0B02EA60CA
:10B27000A3E78160A1E70023EB61D4F8B800236C59
:10B28000002847D0D0F808C0416ADCF804200A44FE
:10B29000DCF80C10090FA2EB8102DAF804109942D5
:10B2A00040D19A423ED14FF0BB33EB61A0B305626F
:10B2B000C4F8B850D4F8B0300133C4F8B0304FF00F
:10B2C000EE332B62D4F8B050C4F84080D9F8B030D7
:10B2D000009A0133C9F8B030D9F8B4303344C9F812
:10B2E000B430D4F884300133C4F88430D4F88830D2
:10B2F0003344C4F88830236C934206D0D31A626F6B
:10B300001A446267A26F1A44A2674FF0AA374FF03F
:10B31000000801E11A46C0E78F4B1B68A364C4E92B
:10B320002D55C7E7D4F8B4A0BAF1000F10D1E16BE6
:10B330002046FFF7F9FE0123C4F8B030864B1B68A6
:10B34000A3644FF0EE33C4E92D552B625546BDE79B
:10B35000FB1A002B03DDE16B2046FFF7E5FED4F876
:10B36000B4A00023BAF1000F60D0BAF1EE3F00F0B4
:10B37000A680DAF80820DAF82400D2F804B0D268FF
:10B3800000EB0B0E4FEA127CCEEB8C017A1802D444
:10B39000DAF820203EE0BBEB0800019046D5AEEB8A
:10B3A0008C00A0EB080EA7EB0B0C5CEA0E0C7FF5F3
:10B3B0003AAFABEB070CBCF1000F6FDB18EB010FE2
:10B3C0002BD4CDE902314FF0AA33DAF82020CAF8A5
:10B3D0002030D4F8B00001920138C4F8B0005046D3
:10B3E000FEF7F2FAD9F8B00003990138C9F8B000B5
:10B3F000D9F8B4008B445844C9F8B400D4F8840098
:10B400000138C4F88400D4F88800DDE9012A5844E2
:10B41000C4F8880053469246A4E7A8EB0B012846DF
:10B420000293FFF71CF8019B1E44029B002B49D19D
:10B43000C4F8B450BAF1000F03D1C4F8B8504FF0BB
:10B44000EE3AC5F820A0D4F8B030D4F8B420206C7F
:10B450000133C4F8B03000254FF0BB37D2F808C034
:10B46000DCF80430C11A0029FFF630AF516A0B44F2
:10B47000DCF80C10090FA3EB8103191A0029C4BFD3
:10B480002364D761126AC8BF1846B2F1EE3F05F1D6
:10B4900001053FF41BAF002AE0D117E7C11B50465E
:10B4A0000192FEF7DCFFD9F8B430019A1344C9F8D1
:10B4B000B430D4F888301344C4F8883068E74FF0CB
:10B4C000000AB3E71D62B5E7D4F8B4301A6AC4F8CD
:10B4D000B420C3E90787D4F8B020013AC4F8B020FB
:10B4E0009968CA68120F01EB82019960596AA1EB51
:10B4F00082015962D4F8EC20D26F13605B6A626FEC
:10B500001A44D4F8F0306267013BC4F8F03004F11B
:10B51000EC00013DFDF7E4FC1DB1D4F8EC30002B4C
:10B52000D2D1D4F8B0300BB9C4E92D33D4E91D32EF
:10B530009D1A236C009A266F934204D0D4F82C31C4
:10B540000BB120469847B5EB560F03D3E16B20466D
:10B55000FFF7EAFD01206BE6C417002030B5436910
:10B560000269042B05BF836A5B6A0023283B9BB2F8
:10B570009A4285B004460D4602D2002A18BF1346EF
:10B58000A06B1349042843F001720FD1606A834213
:10B5900028BF034623625B4323630023CDE90113E5
:10B5A0000092236C2A464FF4901109E0032823628D
:10B5B000F3D10023CDE9011300924FF400312A4664
:10B5C0002046FFF711FDC4E9185505B030BD00BF96
:10B5D000000101011FB5CA6812F48012044611D09F
:10B5E0000023CDE9013300938A684FF48021FFF7EF
:10B5F000FBFCD4F8A020D2F8E0300133C2F8E030F0
:10B6000004B010BDCDE9012200924B684FF4A011A7
:10B61000EDE7F0B50E46D1B00746154600214FF4D0
:10B620009E7201A809F0F3FF96F82C302997042B9D
:10B630000CD1726B0693336BD1680B9300230C9380
:10B640000BAA0CAB38460791FDF798F82B689AB215
:10B650000492EA681B0C0893D3020AD4716A6B68DF
:10B660000B44110FA3EB810312F4403F18BF0133C9
:10B670006B608023294601A82B93FFF7ABFF51B0E5
:10B68000F0BD00002DE9F04F8046486DD1F8C45060
:10B6900089B00C4600284AD1002D41D0AB68DA6849
:10B6A00011BAD960596809BA5960A968C2F303127E
:10B6B00011F8222084F89D20012284F89C205A68E9
:10B6C000C4E925025A6812BA5A60DA6812BADA6016
:10B6D000D4F89420D4F8D4300132C4F8942094F8EB
:10B6E000DC200133C4F8D4305A43D4F8D03093402E
:10B6F000C4F8CC3094F89D308DF81F300DF11F0345
:10B7000002930023CDE900334FF48011236CD4F869
:10B7100098202046FFF768FC5B4B1B68A36403E09E
:10B7200091F89C30002BD3D109B0BDE8F08F91F88F
:10B730009C30D1F8D400012B04BF002381F89C3049
:10B740000130012AC1F8D40002D091F89E30A3B98B
:10B75000236AE16D5E004908B14238BF3146012AD3
:10B7600001BF9B195B18A365E36B616309BF03F11C
:10B77000FF33A36584F89E20236694F8DC20D4F878
:10B78000D030A76D42439340C4F8CC30002DCBD0CD
:10B79000EB69B3F1DD3FC7D1D5F824A01437BA4522
:10B7A000C2D86369AE68D5F82090042B08BF85F82D
:10B7B0002C30B2680492F2680592226C08BFA36A2A
:10B7C000D6F810B012BAB260626F42F0A04242F4F2
:10B7D000C01212BAF2609BFA8BF23261226C626480
:10B7E000626FA267328A14BF002104F1180112BAF5
:10B7F0003261009114BF0B4614336A6A0621284651
:10B80000FDF7B8FEC343326904991B041BBA134306
:10B81000B26833618A4208D1F26805998A4204D13C
:10B820005B4504BF012385F82D30D8F8D8300133AB
:10B83000C8F8D830D4F88C300133C4F88C300023E9
:10B84000EB616369042B11D1E36A0393D4F8AC3044
:10B8500002934FF4C0230193D4F8A8300093D4F896
:10B86000A430A26929464046FFF72FF9B9F1EE3F0F
:10B870003FF45AAF94F89E30012BA7EB0A073FF430
:10B8800053AF4D4682E700BFC4170020F0B5524BBE
:10B89000D0F898641D68D0F8944485B007460EB976
:10B8A00005B0F0BDA36B042B06F1FF360ED9D4E929
:10B8B00010239A4203D1D4E91D329A4206D2A36CD6
:10B8C000AB420ED8E16B2046FFF72EFCD4F8CC300B
:10B8D00023B1AB4208D95B1BC4F8CC30D4F80C417F
:10B8E000DDE75B1BA364F1E7D4E93532934202D371
:10B8F00094F89C1039B1D4F894108A4207D894F87F
:10B900009C20012A03D12046FEF7F3FCE6E7A26B58
:10B91000D11E012910D85A1C94F8DC30C4F8D42068
:10B920005343D4F8D020E16B9A40C4F8CC200139BD
:10B930002046FFF713FED1E7D4F8C41019B9616DA2
:10B9400079B9062A0DD8E36B013B23660022214614
:10B950003846FFF797FE002384F89E30636BA3659B
:10B96000BCE7073A042AB9D801A151F822F000BF78
:10B9700085B90008DDB8000885B90008B5B9000828
:10B9800085B9000894F8DC200133C4F8D4305A4358
:10B99000D4F8D0309340C4F8CC300023E26B00934D
:10B9A000CDE90133013A236C4FF488112046FFF7AB
:10B9B0001BFB93E70023C4E90533E36184F89C3063
:10B9C000C4F8CC30E36684F89E30A36813B1012339
:10B9D000A36383E70223FBE7C81700202DE9F04F9C
:10B9E00091F82C2093B00023042A04468A460B9336
:10B9F00024D14E6B4FF406730B930B6B039306F13C
:10BA00000C09103600964B46DAF8242006215046E1
:10BA1000FDF7B0FD4FF6FF73984213D0D4F8B8305D
:10BA20000133C4F8B830D4F8C0300133C4F8C030A2
:10BA3000504613B0BDE8F04FFDF7C6BF03931E4656
:10BA40009946DFE7DAE90283A3EB0803132B05D855
:10BA5000D4F8B8300133C4F8B830E9E7D8F8043086
:10BA6000D8F80070D8F810201BBAC8F80430D8F8FD
:10BA700008301BBAC8F80830D8F80C3093FA83FBAA
:10BA8000C3F303133FBA12BA053BC8F80070C8F8F5
:10BA90000CB0C8F81020DBD4DAF80800DAF80C2073
:10BAA0009900121A01F11405AA42D1D36BB10BAA65
:10BAB0001430FCF731FF48B10B9B33B99AF82C30A6
:10BAC000042B04BF4FF406730B930120BBB2049305
:10BAD0003B0C07EB172707F01F0704EB87070593BD
:10BAE000D7F81414002900F00A840D46EB68049A74
:10BAF000934240F0FF83EB69059A934240F0FA834A
:10BB00009AF82C206B69934240F0F483042B40F0A8
:10BB1000F183AA69D9F800309A4240F0EB83C7F864
:10BB20001454D8F80C30D5F838C013F4003F09D0BD
:10BB30000B9A2B696A629A4235D9002B33D02B625B
:10BB40005B432B63DAF8087000233E460C930FCE5C
:10BB50000DAC0FC4FF68336823603B0F9B00BCF142
:10BB6000030F0C461646039340F2D1816A6FDAF850
:10BB700024300492039A296CB3EB020807F4802066
:10BB80002CD1049BC3B9A14248D0002847D1BA02A6
:10BB900050D407F4B813B3F5801F4BD0E96B284697
:10BBA000FFF7C2FA12E0BCF1030F02D12B6A9A42EE
:10BBB000C6D22A621346C3E7631A002B04DB049B38
:10BBC000CB181B1B002B29DC0028E7D0D5F8A020C0
:10BBD000D2F8BC300133C2F8BC3029E7049A002AFD
:10BBE000F2D0A4EB010EBEF1000F06DB01EB020E5A
:10BBF000AEEB040EBEF1000F10DC04F1FF3EC644B4
:10BC0000AEEB010EBEF1000FDEDB039AC3F10103C0
:10BC10001B1B1344049A0B441344D3E750B1D5F8CB
:10BC2000A020D2F8DC300133C2F8DC302846FEF721
:10BC300060FBFDE6BB0306D501340DA928460E9432
:10BC4000FFF7C8FCF2E7BCF1040F00F09984FA0298
:10BC50007FF5EEAEEB6B069395F89C30002B5FD032
:10BC6000069B03F10109D5F8B820002A5BD092F8B1
:10BC70002C30042B7FF4DCAED2F834809068D8F8F6
:10BC80001830526A0344134408F114029B1AD8F87E
:10BC90002020120FA3EB82030993EB6D0893089AFF
:10BCA000069BB145A3EB020305933ED1D5F8C830FE
:10BCB000D5F8C0B00793BCF1060F02D90123A5F84F
:10BCC0005230BBF1000F00F0B28095F89E002B6E51
:10BCD000012807D1F21A002AC1BF6A6BAA650020A9
:10BCE00085F89E00C6F10202DA4244BFB31E2B66FD
:10BCF0000023EB66059B6B66089B9A19069B01283F
:10BD0000A2EB0301AB6D40F02D81069803449B1A12
:10BD10002A6AAB65914240F292801344AB658EE093
:10BD2000DDF818909FE70991B7E7D5F8C480B8F11E
:10BD3000000F64D0D8F81C30B3F1DD3F5FD1059B14
:10BD4000B34219D1EB6E0133032BEB664DD12A6E52
:10BD5000731E9B1A002B06DDD5F8A0000122294690
:10BD6000FFF790FC08E02A6AAB6D934204D96B6E32
:10BD7000F31AB3EB8203EFD4059B4B4534BF00208D
:10BD800001204FF0000BCDF81CB0B8F1000F1FD010
:10BD9000D8F81C20D8F80830D8F82410B2F1DD3FCC
:10BDA0001BBF98F82EC0D8F834209C4694440B440E
:10BDB000DCF8042012BA13449CF80C20A3EB0C030B
:10BDC0001209A3EB8203E0B9B34201D8B14523D2F3
:10BDD000BBF1000F7FF479AFA6EB09035B452EDDC5
:10BDE00049462846FFF7A0F922E6C5D995F89E30C6
:10BDF000012B01BFAB6D2A6A9B18AB65BCE7002025
:10BE0000BFE7059A9A4204D9B242E1D9B34203D9B5
:10BE1000DEE7059AB242F9D9D8F82030CDF81C8077
:10BE2000B3F1EE3F0BF1010BD2D09846ADE7049B86
:10BE30002BB9A14203D131462846FFF775F9089B7B
:10BE4000069A33449B1A002B04DDA6EB0909B9F1CD
:10BE5000000F08DD099AA21A002A04DC099AA242FE
:10BE600003D1002B01DBBBB26B65696DEB6D9942B1
:10BE700006D8D5F89830B3429CBF0023C5F894305B
:10BE8000BBF1000F43D0D5E93183079A9A427BD0AA
:10BE9000136AC5F8C430D5F8C030A3EB0B03C5F85E
:10BEA000C030D5F8D030C5F8CC300023C5F8D43038
:10BEB0004FF0AA3940460BF1FF3BD8F82080EFF352
:10BEC000108172B6C369C0F82090B3F1DD3F76D11E
:10BED00081F310888368416A1A7BEB6D1209A1EB2C
:10BEE000820C634586BF5B1A03EB82030023EB657C
:10BEF000FDF76AFDBBF1000FDCD195F89E30012BF8
:10BF000005D1D5F8A0005A462946FFF7BBFB039B95
:10BF1000142B6FD9DAF80800039B0CAAA3F11401C3
:10BF20001430FCF7F9FC002864D1F80208D4DAF8E0
:10BF30002430039A23449C1A17F4403F18BF01345D
:10BF40000DA92846CDE90E461097FFF743FB28467A
:10BF5000FEF7CFF9D5F8A020D2F8B8300133C2F8F7
:10BF6000B83065E56A6B9A4208D82A6B9A4234BFAA
:10BF70000122B2FBF3F21A44AA6560E72A6A9142F1
:10BF8000F9D21944A9655AE7A86B00220B28C5E924
:10BF90003122C5F8C0200BD84FF42863C340DB071B
:10BFA00006D5D5F8D030C5F8CC30C5F8D4207FE719
:10BFB00000293FF47DAF0023C5F8CC3078E7426B11
:10BFC00090F82E30D0F808C0406AD5F85CE01344F1
:10BFD00060441A7BA0EB030C1209ACEB820CF44515
:10BFE0003DBF1B1A734403EB82030023EB6581F30F
:10BFF00010887FE7AB6B033B082B10D8DFE813F00A
:10C000000900C402A100CC00FB00450155010F004E
:10C01000D00017F4802207F4801324D06BB90024D9
:10C02000BA0204D5D5F814310BB128469847002C34
:10C030003FF4FEAC13B0BDE8F08FEB6BB342EED132
:10C04000D5F8A020D2F8DC300133C2F8DC30284625
:10C05000FEF74FF9AB6B052BE1D151462846FFF7B0
:10C0600077F80446DCE7B90350D5E96B83B38E4219
:10C0700051D1BBB26B656B63D5F8D430EA6501343E
:10C080002A6A2C64B3B1AA652846FFF74DF8052348
:10C09000AB630023C5F8CC30D5F81C310BB1284672
:10C0A0009847D5F8FC30002BD4D005F1FC00FCF704
:10C0B00017FFCFE7B2F5896F4FEA820301D2AB6574
:10C0C000E2E740F68E009B1A824288BF9B1AF6E791
:10C0D0002A6ABBB20134B2F5896F6B656B632C645D
:10C0E0004FEA82030BD2AB6504220023EB65AA63FF
:10C0F000C5F8CC3001392846FFF730FAAAE740F6F8
:10C100008E009B1A824288BF9B1AECE7002B86D0D8
:10C11000EB6BB34283D00DA92846CDE90E461097AC
:10C12000FFF758FA96E7B2F5896F4FEA820301D21A
:10C13000AB653AE240F68E019B1A8A4288BF9B1A91
:10C14000F6E751462846FFF703F8B5F850300446A5
:10C15000DBB1EA6C2B6C9A4217D1D5F8A020D2F84B
:10C16000D0300133C2F8D0300623AB632B6C0133DF
:10C170002B64D5F8EC0060B9E96B2846FEF7D4FFD4
:10C18000D5F828310BB1284698472846FCF7CEFE53
:10C1900046E7FCF7A5FDECE72846FCF7C7FE3EE7BF
:10C1A000F8027FF53CAFEB6BB3427FF438AF2B6CFA
:10C1B000A3427FF434AF0023C5E90533EB6185F872
:10C1C0009C30C5F8CC30EB6685F89E30AB68002B10
:10C1D0000CBF02230123AB63D5F800311BB105F579
:10C1E0008070FCF77DFED5F82031002B3FF417AFAF
:10C1F0002846984713E751462846FEF7A9FFB5F8A9
:10C200005220B5F85030044672B323B90822AA630D
:10C21000C5F8CC3004E72A6CEB6C934227D10A2294
:10C22000AA63994AE96B1268C5F8CC2001332B64E4
:10C230002846FEF779FFD5F800311BB105F580706F
:10C24000FCF74EFED5F828310BB128469847D5F8B3
:10C2500024310BB128469847D5F82031002B3FF404
:10C26000DFAE28469847DBE6002B3FF4D9AE2A6CB8
:10C27000EB6C93427FF4D4AE09220133E96BAA63DD
:10C280002B642846FEF750FFCAE651462846FEF7C3
:10C290005FFFB5F850300446002B3FF4C1AE2A6C66
:10C2A000EB6C93427FF4BCAEB9E7F9027FF5B7AE11
:10C2B000EB6BB3427FF4B3AE2B6CA3427FF4AFAE13
:10C2C0000A23AB63704B1B68C5F8CC30D5F800313E
:10C2D0001BB105F58070FCF703FED5F828310BB1D2
:10C2E00028469847D5F82431002B3FF47CAF2846E8
:10C2F000984778E7D5F8E050A9427FF4F7AB30B91A
:10C30000424651462046FFF784F9FFF7A1BB1BF4D4
:10C31000801F40F01C81D4F82416002900F01781FA
:10C320009AF82C30042B23D1D9F80030326893428C
:10C3300004D1DDE9042082423FF48AAB03F070426D
:10C34000B2F1604F3FF484AB039A03989269C069DD
:10C3500003EA0205854205D1D54323EA020295424C
:10C360003FF476AB83423FF473AB01333FF470ABE1
:10C370000E463368049A934240F0E5801BF4003F78
:10C3800009D11BF4802F10D1D4F8BC300133C4F88C
:10C39000BC30FFF74DBBD4F8C8300133C4F8C83007
:10C3A000D4F8C4300133C4F8C430D8F80C30B568C0
:10C3B00003F48023002D69D0002B67D1D5F8183104
:10C3C0002BB151462846984701287FF431AB002213
:10C3D000B2609AF82CB0BBF1040F10D1039BAB6292
:10C3E0002B46204643F82C2F05F12802D9F80010DF
:10C3F000FCF7C4F9C5F814B0D9F80030AB61059B5F
:10C40000EB61D8F804302B640B9B6B62AB656A6DF3
:10C410006A630023EB65D7F8143483B3C5F8E030C2
:10C42000D3F8E430C5F8E430D7F81434D3F8E43066
:10C43000C3F8E050D7F81434C3F8E4505046746899
:10C44000FDF7C2FAAB6B042B0FD12B6CE96B0133F8
:10C450002B644B1CEB63D5F8D030C5F8CC300023EF
:10C46000C5F8D4302846FFF779F8002C3FF4E2AD48
:10C4700004992846234613B0BDE8F04F1847C5E994
:10C480003855C7F81454D9E7C0170020D6E904E19D
:10C490000F460846BEF1000F2AD1002B7FF474AF7F
:10C4A000CAF81C307369002B4AD0B369C3F81CA0CA
:10C4B0003369F268C6F818A00133934233617FF6FE
:10C4C000B9ADD4F8D4300133C4F8D430D4F8C43082
:10C4D000013BC4F8C430D4F8BC300133C4F8BC30DC
:10C4E0007069C36973613369013B3361FFF7A1BAB6
:10C4F00090F82C20042A1ED1D0F808C0D9F80020CA
:10C500005CF8085C954216D1BCF80220059D954266
:10C5100011D1002B3FF438AFC369884214BFFB61CF
:10C520007361B369834208BFB761FDF74DFA3369A0
:10C53000013B336128E707460EF1FF3EC069A9E7DA
:10C54000C6F814A0B4E7F669B1427FF412AF1BF449
:10C55000003F1EBFD4F8D4300133C4F8D430D4F82F
:10C56000BC300133C4F8BC30D8F80C305B033FF565
:10C570005FAA424651462046FFF74BF8FFF758BAEC
:10C58000039B142B3FF6C6ACFB027FF548ADEB6B6B
:10C59000B3427FF4C0ADBBB26B656B63D5F8D430EA
:10C5A0002A6A002B3FF4BFADAA650523AB63D5F81B
:10C5B0001C310BB1284698472B6C6B6471E500BFAA
:10C5C00030B44C6A132C03460A4608D8D0F8B81089
:10C5D0000131C0F8B81030BC1046FDF7F5B9EFF3E3
:10C5E0000585174C24682C4305D1164D2D6800F5A0
:10C5F000CC74A54220D0EFF3108072B6D3F8AC14FF
:10C6000099B1D3F8B014CA610021C3F8B024D16144
:10C61000D3F8B4240132C3F8B42480F31088802105
:10C6200030BC03F51370F6F725BEC3F8AC24C3F88D
:10C63000B024D1610122EEE730BCFFF7CFB900BFD3
:10C640004C00002068FC002070B50446EFF3108316
:10C6500072B60025D0F8AC14C0F8B054C0F8AC5491
:10C66000C0F8B45483F3108801B970BDCE69CD61B0
:10C670002046FFF7B3F93146F6E72DE9F04387B0DE
:10C680001746002205460C4699460592EFF31083A3
:10C6900072B6C16C29B983F31088242007B0BDE8B5
:10C6A000F083C66883F310883B68042B6CD105AB1C
:10C6B000796804F130023046FCF760F8236B002BF8
:10C6C00064D03A1D1433A1680839A160396884F830
:10C6D0002C10D6F888100131C6F88810606AD6F898
:10C6E0008C100144C6F88C10296901312961606AF7
:10C6F000696901446961616AD4F80880083161623E
:10C70000A96849EA0141C8F80010606A000409BA42
:10C7100000BAC8F80010C8F8040095F8381011B134
:10C720003968062912D10092626A11212046FCF76D
:10C7300021FFC0434FF6FF7380B2002808BF1846A0
:10C74000D8F8043000BA0343C8F804304FF0FF3182
:10C7500006F59E70F6F722FF3B68042B0ED1059B71
:10C7600003936B6B02934FF4881301932B6B00932D
:10C77000EB6A7A6821463046FEF7A7F906F59E7007
:10C78000F6F7B6FF002089E713469CE7212085E7EE
:10C790002DE9F0471F46D0F8783386B080460E4624
:10C7A0009246002B00F09480D1F83490D9F8101004
:10C7B000481C00F08D8001F07043B3F1604F00F031
:10C7C0008780326B9369D26901EA0300904204D1F9
:10C7D000DA4321EA03018A427AD0D9F80430C3F35C
:10C7E0000C03002B74D1D9F80C40002C70D004F14C
:10C7F0000142B2F1807F6BD3611C69D004F07042BA
:10C80000B2F1604F64D0D8F83801402205A9FCF796
:10C8100079FF00285CD1059B04229D6883F82C20B9
:10C820003F064FEA1A633FBA4FEA1A4A68802B70F4
:10C8300085F801A06F6099F80330059A03F00F03A3
:10C8400091689B0003F1100001445062D160726B4B
:10C8500002F11400116809BA42F8041B8242F9D1AE
:10C86000726B291D134452F8040B41F8040FC2F1F6
:10C870000800D842F7D1736B03F114011A6812BA99
:10C8800043F8042B9942F9D1059F336B3A460026B1
:10C8900042F8303F214604AB4046FBF76FFF00965D
:10C8A0007A6A33464FF480313846FCF763FE049BC6
:10C8B000C04340BA68804FF48032CDE90263FF2361
:10C8C000CDE900320599334622464046FEF7FDF891
:10C8D00006B0BDE8F08700002DE9F3478E684F6A87
:10C8E000D6F8009099FA89F81FFA88F84745044667
:10C8F0000D4617D00BD2636B01336363E36C0133D6
:10C90000E364284602B0BDE8F047FDF75DB8A7EB49
:10C910000807C1F824804FF0000AA86910BBEB6833
:10C92000DB1BEB606B6A09F00F07B3EB870F4FEA75
:10C930008702E0D9042FDED94FF0000AD5F83090F5
:10C94000CDF800A0534604212846FCF713FE4FF60D
:10C95000FF7398421FD0636B01336363236D013310
:10C960002365CBE7D0E90232D31ABB4202D9D21BEE
:10C97000C260D7E7FF1A2A46134652689042FBD19D
:10C98000C3F804A0AB4208BF0023AB61FDF71CF85D
:10C99000002FC2D1C6E7336830691BBA33607368B1
:10C9A0001BBA7360B3681BBAB360F36800BA1BBAF2
:10C9B000052FF36030612BD0AA6852F8141BC1F325
:10C9C00003610539C9B28900534699425FD807F11E
:10C9D0008042013A06EB820346F82200F26843F8EF
:10C9E000042CB26843F8082C726843F80C2C3268A7
:10C9F00022F09E4242F08A4243F8102CA3F110012B
:10CA00006B6AA960053FA3EB870369636B620E46FF
:10CA10003369D9F814108B4200F08680002B00F0A7
:10CA20008380D9F81820D9F81C0003EA020787424E
:10CA300004D1D04323EA0202904275D05A1C73D02D
:10CA400003F10142B2F1807F6ED38C4A93426BD0E6
:10CA5000224604F18C07D2F8CC02834203D1D2F8EB
:10CA6000D002814560D014329742F4D1002900F001
:10CA7000DD80D4F83021002A00F0FC80A36A29462A
:10CA800001332046A36202B0BDE8F047104792F898
:10CA900000C0BCF1010F11D0BCF1440F11D0BCF1AA
:10CAA000000F94D092F801C0BCF1010F7FF626AFC1
:10CAB00063449942FFF422AF624486E701320133B6
:10CAC00083E70AF1010ABAF1010F07D916334FF0D3
:10CAD000406229462046FFF75BFE0FE792F801C04F
:10CAE000ACF1080EBEF1200FF0D81CF0030FEDD111
:10CAF00092F802C0BCF1040F02D91CF0010F01D161
:10CB00001733E4E792F803C04FEA1C1EBEF10F0F83
:10CB100001D11833DBE71CF00E0FC3D00CF00F0C63
:10CB2000BCF1030FBED0F4E77368C3F30D035BB32E
:10CB3000A36E0133A366D4F8A432002B3FF4DEAE1B
:10CB400073689B0405D5A8F1140818F0070F7FF44B
:10CB5000D5AEEFF3108272B6D4F8B03283B1D4F808
:10CB6000B432DD610023EB61C4F8B45282F3108863
:10CB7000022104F5137002B0BDE8F047F6F77ABB66
:10CB8000C4E9AC55EB61F1E7AB68B17A1433AB6043
:10CB90006B6A143B6B62236A013323626A6A636ABD
:10CBA0003229134463623FF4ACAE33292DD00629F9
:10CBB00008D1D4F89C3443B32946204602B0BDE8DE
:10CBC000F047184795F82C30042B09D1012902D1E0
:10CBD000D4F87033EFE7022902D1D4F85C33EAE7E6
:10CBE000112902D1D4F81034E5E7D4F87C31A3B987
:10CBF00095F82C30042B05D1214A002329462046E4
:10CC0000FFF7C6FD236C01332364236A013B2362D3
:10CC10006A6A636A9B1A636270E62A4609042046C0
:10CC200098470028E4D102B0BDE8F087B36803F468
:10CC30007F03B3F5881F16D1AB681433AB606B6A02
:10CC4000143B6B62236A013323626A6A636A13448A
:10CC50006362AB681B681BBA9BB2442B03D1D4F848
:10CC60001034002BA8D1236A013B23626A6A636AED
:10CC70009B1A6362E36B0133E3633FE6010000E06C
:10CC8000000002032DE9F047D0F890300133C0F8DE
:10CC900090304B6A072B05460E4609D8D5F89830D8
:10CCA0000133C5F898303046BDE8F047FCF78CBE3C
:10CCB000D1F80890D9F80030D9F804201BBA12BA7C
:10CCC000C9F80030C9F80420496AB1EB124FE5D326
:10CCD000DFF820A21FFA83F803EB132303F01F07EA
:10CCE000DAF800305BB1EFF305827E4B1B6813432B
:10CCF00005D14FF0FF3100F59E70F6F74FFC05EBC4
:10CD00008707D7F8883373BB96F82C20042A11D1F3
:10CD1000D5F8782372B1D9F8002012BAC9F80020EA
:10CD2000D9F8042012BAC9F8042031466E4A2846C0
:10CD3000FFF72EFDD5F89C300133C5F89C30D5F8AF
:10CD4000A0300133C5F8A030DAF80030002BAAD0AB
:10CD5000EFF30582634B1B681343A4D105F59E7066
:10CD6000F6F7C6FC9FE71C46A268424545D1A36979
:10CD70000133A361736AA3F10802D5F89430134418
:10CD8000C5F89430736AA3F10802E3691344E361C0
:10CD9000DAF800304BB1EFF30582524B1B681343B6
:10CDA00003D105F59E70F6F7A3FCA368434528D090
:10CDB000D5F89C300133C5F89C30D5F8A03001334C
:10CDC000C5F8A03096F82C30042B7FF46CAFD5F862
:10CDD0007833002B3FF467AFD9F80030424A1BBAD2
:10CDE000C9F80030D9F804301BBAC9F8043031460C
:10CDF00000232846FFF7CCFC55E7E46CA342B3D1EF
:10CE0000C6E7EFF3108372B6384A216891420FD01B
:10CE1000D5F89C200132C5F89C20D5F8A02001321D
:10CE2000C5F8A020626A0132626283F310883AE793
:10CE3000D7F88823D4F87080A24204D0D5F84421D2
:10CE40000AB9C7F88843A06D18B3026F284D824213
:10CE50001FBFA265416F5167026F12BF0A670022B0
:10CE6000A265E26D013AE2652A6801322A60C26F6A
:10CE700000218166166083F31088C0F88410F6F7ED
:10CE800029F9B8F1000F2AD020464346BDE8F04703
:10CE90001847626CD2B1A26CD661A664F061E26BF5
:10CEA000206C511C8142E16316D9606CC1696164D8
:10CEB000E263D5F8A0200132C5F8A020626A0132F1
:10CEC000626283F31088FCF77FFDDAE7C4E911663C
:10CED000F261E26B0132E26383F31088D1E7BDE8CF
:10CEE000F08700BF4C000020000003032050445591
:10CEF0005C17002068FC0020EFF3108372B6D0F8B6
:10CF0000F4264AB9D0F880200132C0F8802083F39B
:10CF100010880846FCF758BDD0F8E4264AB1D0F88E
:10CF2000E826D1610022CA61C0F8E81683F31088B0
:10CF30007047C0F8E416C0F8E816CA6183F3108899
:10CF4000102100F51370F6F795B9EFF3108372B660
:10CF5000D0F80C274AB9D0F82C210132C0F82C2186
:10CF600083F310880846FCF72FBDD0F810274AB18C
:10CF7000D0F81427D1610022CA61C0F8141783F3D6
:10CF800010887047C0F81017C0F81417CA6183F3EF
:10CF90001088202100F51370F6F76CB910B504461F
:10CFA000006808B9072010BD0368002BFAD01A6882
:10CFB0000A4B9A42F6D1826803699A4209D3C26841
:10CFC00043699A4207D8FCF719FF0028EAD120608C
:10CFD000E9E70220E7E70320E5E700BF4B434150C4
:10CFE00010B5EFF3108172B6036B013B012B03D92F
:10CFF00081F31088112010BD0B4A002303601368D1
:10D00000013B1360094A0BB9136008E0D0E92234F0
:10D01000C3F88C40C4F8883014688442F4D081F39B
:10D0200010880020E7E700BF380100203C01002005
:10D030002DE9F0410346EFF3108772B61D49002237
:10D0400002600A68013A0A601B490AB90A6006E0F0
:10D05000D0E90620D061826108688342F6D0174C7F
:10D06000186922685D690026013222601E615E61D6
:10D0700087F3108801275DB9EFF3108272B6236839
:10D08000013B236082F31088BDE8F041F5F754BFFF
:10D09000013DEFF3108272B62368D0F87080866687
:10D0A0000133C0F88470236082F31088F6F712F819
:10D0B0004046E0E78C060020900600205C17002028
:10D0C00070B504460E4615460021342208F09FFA3A
:10D0D00066602561EFF3108572B60C4B23600C4936
:10D0E0000C4B0D4A1A600B680C4A43B9C4E908445A
:10D0F000146001330B6085F31088002070BD126846
:10D10000506A54620462C4E90820F2E74554554D60
:10D110008406002034010020913D0008880600208C
:10D120002DE9F843EFF3108272B62549002303601E
:10D130000B68013B0B6023490BB90B6006E0D0E99B
:10D1400008345C6223620C688442F6D01E4C856908
:10D150002368C6690133236000238361C361C36808
:10D1600043B10123836082F31088F6F7C1FAEFF32D
:10D17000108272B682F3108800274FF0010866B95A
:10D18000EFF3108272B62368013B236082F31088AC
:10D19000F5F7D2FE3046BDE8F883013EEFF310828A
:10D1A00072B62368D5F87090AF660133C5F88480F5
:10D1B000236082F310882846F5F78CFF4D46DEE7A2
:10D1C00084060020880600205C170020EFF31083FF
:10D1D00072B6024A106883F31088704768FC00201A
:10D1E00070B5EFF3108472B6D0F894308B4236D31A
:10D1F0000CD1C36A1B4D55F82350A84206D11A4ED4
:10D2000001259D40336823EA05033360D0F8983048
:10D210001360164AD0F89C30C56A1268C0F898109E
:10D220008B4228BF0B469542C36318D9914216D949
:10D230000F490E68B04212D19D4205D00A48012321
:10D24000AB4005682B430360064B53F822300B605C
:10D2500084F31088F5F770FEEFF3108472B684F350
:10D26000108870BD40010020C4010020C0010020D2
:10D27000CC0100202DE9F0410446EFF3108672B690
:10D280004C30F5F711FF236B022B02D186F3108887
:10D290004BE0012BFAD0404DD4F8AC702A68DFF88F
:10D2A000048101322A60022101222163A263002B42
:10D2B00040D1E3642B6813442B6086F31088EFF3AE
:10D2C0000582D8F8003013430AD1344B1B68A342BF
:10D2D00006D1EFF3148323F0040383F314880BE0E7
:10D2E0004FF0E023D3F8343FD80705D5EFF314838C
:10D2F000B0EE400A5907ECD517B101212046B847D6
:10D300002046F5F7E5FBEFF3108372B683F3108840
:10D31000234B1B680BB120469847EFF3108272B67F
:10D320002B68013B2B6082F31088F5F705FE002087
:10D33000BDE8F081A36ED4F8B01086F310880BB16D
:10D3400020469847EFF3108372B60022A26383F35E
:10D350001088EFF30582D8F8003013430AD10F4B41
:10D360001B68A34206D1EFF3148323F0040383F375
:10D3700014880BE04FF0E023D3F8343FDA0705D5EB
:10D38000EFF31483B0EE400A5B07ECD5002FBAD060
:10D3900001212046B847B6E75C17002068FC002052
:10D3A000340100204C000020F8B504460F46164614
:10D3B00000212C221D4608F02AF9069BA360079B3A
:10D3C0006760C4E903366561EFF3108572B60E4BF2
:10D3D0000E4923600B680E4A7BB9C4E90944146006
:10D3E00001330B60089B012B03D104F10800F5F712
:10D3F00045FB85F310880020F8BD1268906A94629E
:10D400004462C4E90920EBE74D495441D0010020B2
:10D41000D401002070B5EFF3108572B6026A002ABD
:10D420002AD0204B1E68B24200F1080427D31E4BBD
:10D430001B689A4223D21D4909688A423FBF5B1A82
:10D440009B10961B01332CBF511A03EBA603866871
:10D4500024BF89104B1CA6F120011944202E88BF3F
:10D460000B46836083699C4214D113689C4201D1AE
:10D47000002313600023036285F3108870BD0C4BFA
:10D480001B689C4204D08368202B01D9203BE8E72D
:10D49000C368E6E7C16959610B6111688C42E9D143
:10D4A0009A61E6E7EC050020E4050020E80500208D
:10D4B0007006002038B50446EFF3108572B6036A93
:10D4C00013B10830F5F7F0FD094A00232360136813
:10D4D000013B1360074A0BB9136006E0D4E9093138
:10D4E00099624B6211688C42F6D085F3108838BD82
:10D4F000D0010020D40100200268084B9A420CD1D0
:10D50000EFF30583064A1268134306D1054B1A68E8
:10D51000054B9A4201D0FFF78BBD70474E445644ED
:10D520004C00002068FC0020B4FB0020F8B5044645
:10D530000E46174610B91C231846F8BD342BFAD1F5
:10D54000EFF3108172B6204B1A6801321A6081F332
:10D5500010881E4A15681E4A12680020824201D0B7
:10D56000A54229D1EFF3108272B61968013919600A
:10D5700082F31088F5F7E0FCA542DCD0012F1ED81D
:10D58000144B154A1B6893420CBF13230023EFF37F
:10D590000580124A1168014306D0EFF30581106837
:10D5A0000843B0F1F03F0CD35BB93A463146204610
:10D5B000BDE8F840FFF784BD2D6A0130CEE71F2398
:10D5C000BAE71323B8E700BF5C17002088060020E5
:10D5D0008406002068FC0020B4FB00204C000020E2
:10D5E00080B10268094B9A420CD1EFF30582084BD7
:10D5F0001B68134308D1074B1A68074B9A4203D0A4
:10D60000FFF78EBD1C207047132070474554554DC1
:10D610004C00002068FC0020B4FB00202DE9F843FA
:10D6200004468946904610B90C20BDE8F883202BAB
:10D63000FAD1EFF3108172B6274B1A6801321A60E3
:10D6400081F31088254F264E3D68316800229142B3
:10D6500001D0A54234D1EFF3108172B61A68013AB5
:10D660001A6081F31088F5F767FCA542DCD01D4BEA
:10D670001A681D4B9A422DD0EFF305811B4B1A6897
:10D680000A4306D0EFF305821B681343B3F1F03F62
:10D6900020D320220021204607F0B9FFC4E90198D9
:10D6A000EFF3108072B6124B236033685BB9C4E9A4
:10D6B00005443C600133336080F310880020B4E7F8
:10D6C0006D690132C3E73A68916994614C61C4E9BC
:10D6D0000521EFE71320A8E75C170020A006002033
:10D6E0009C06002068FC0020B4FB00204C000020B9
:10D6F000414D45532DE9F041034600284DD00168C6
:10D70000284A914249D1EFF30581274A12680A431A
:10D7100045D1264908682649884240D0EFF3108752
:10D7200072B624491A600A68013A0A6022490AB9A5
:10D730000A6006E0D3E905209061426108688342EF
:10D74000F6D01E4DD8682A681C69002601322A606E
:10D75000DE601E6187F31088012764B9EFF3108241
:10D7600072B62B68013B2B6082F31088F5F7E4FB5F
:10D770002046BDE8F081013CEFF3108272B62B68C1
:10D78000D0F8708086660133C0F884702B6082F315
:10D790001088F5F79FFC4046DFE70C24E8E71324E8
:10D7A000E6E700BF414D45534C00002068FC0020D7
:10D7B000B4FB00209C060020A00600205C1700207F
:10D7C00070B500284BD00268274B9A4247D151B11F
:10D7D000EFF30583254A1268134342D1244B1A689C
:10D7E000244B9A423DD0EFF3108372B682682AB17F
:10D7F000013A826083F31088002070BD11B11E4A87
:10D8000014681CB183F310880D20F6E7184C1B4DEB
:10D810002468C4E91A50D4F8B0500135C4F8B050A7
:10D820000569ADB9C460C4E91C44056901350561E9
:10D830000620E1641168206301200144A0631160A7
:10D8400083F310882046F5F743F9D4F88400D4E731
:10D85000C56825676E6F666734676C67E5E70C20FF
:10D86000CBE70420C9E700BF414D45534C000020E1
:10D8700068FC0020B4FB00205C170020858F0008A6
:10D8800038B5044600282FD00268184B9A422BD195
:10D89000EFF3108172B603694BB98368013383607B
:10D8A000C36981F3108803B19847002038BDC06870
:10D8B000013B1FBF026FE260456F55670CBFE3601D
:10D8C0002A6723610A4A00238366E569C0F8843029
:10D8D00013680133136081F31088F5F7FBFB002D0B
:10D8E000E3D02046A847E0E70C20DFE7414D455351
:10D8F0005C170020EFF30581074A12680A4306D13E
:10D9000038B10268054B9A4203D1FFF769BB132077
:10D9100070470E20704700BF4C000020445248540E
:10D9200070B480B10668094CA6420CD1EFF30584AF
:10D93000074E3668344306D1D0F89430994202D865
:10D9400070BCFFF74DBC70BC704700BF44524854D8
:10D950004C0000200268154B9A420BD1EFF3108166
:10D9600072B6036B3BB1013B022B01D90123436328
:10D9700081F310887047EFF305830D4A1268134353
:10D980000C4B06D10C4A1268904202D11A68002A48
:10D99000EED103220263012282630022C2641A686C
:10D9A00001321A6081F31088F5F792B84452485456
:10D9B0004C0000205C17002068FC002058B1026871
:10D9C000074B9A4207D1EFF30583064A12681343C7
:10D9D00003D1FFF74FBC0E2070471320704700BFE4
:10D9E000445248544C0000202DE9F043064685B0CF
:10D9F0000F4690469946EFF3108272B6224D2B687F
:10DA000001332B6082F31088204B1C68204B1A686E
:10DA10000023934201D0A6420DD1EFF3108272B6DB
:10DA20002B68013B2B6082F31088F5F785FAA6423C
:10DA300004D1152421E0646A0133EAE7154B1C6820
:10DA4000154B9C420CBF13240024EFF30582134BAB
:10DA500019680A4306D0EFF305801B681843B0F13C
:10DA6000F03F0ED36CB96423CDE9003302944B46EA
:10DA7000424639463046FFF797FC204605B0BDE8E0
:10DA8000F0831324F9E700BF5C170020D4010020C5
:10DA9000D001002068FC0020B4FB00204C000020D6
:10DAA0000268034B9A4201D1FFF7B4BC704700BF34
:10DAB0004D4954410268084B9A420CD1EFF305835B
:10DAC000064A1268134306D1054B1A68054B9A4261
:10DAD00001D0FFF7EFBC70474D4954414C00002086
:10DAE00068FC0020B4FB002038B5EFF3108272B65A
:10DAF000036B032B1ED1EFF30581134B1B680B4304
:10DB0000B3F1F03F11D3114B1C688CB1E36AE56BA4
:10DB1000E3630F490B6801330B6082F31088F5F75C
:10DB2000D9FA04B1E563002038BD00252C46F0E7A2
:10DB30002546EEE7436B012B05BF0023436312200C
:10DB4000192082F31088EFE74C000020CC01002060
:10DB50005C1700202DE9F341044601254FF0000831
:10DB60002561002201A904F60810FCF7CDFDC4F8D8
:10DB700010800646002840F0B0800198836833F892
:10DB8000062C7B2A03D190F82C20062A02D1FBF721
:10DB90001BFFE5E7042AFAD1D4F80029042AF6D1BC
:10DBA000D4F8941953F8107CD4F80429022940F0D1
:10DBB00098809742EBD1436A303B142BE7D84768F3
:10DBC000002FE4D17022394604F6F81007F01FFD4B
:10DBD000DDF80480F4F748FF4A4B7022186039469C
:10DBE00004F6F81007F013FDD8F808502B681ABA9D
:10DBF000DBB22A60C4F8F839AB78C4F8FC396B782A
:10DC0000C4F8003A2B78C4F8043A6B681BBA6B600E
:10DC1000C4F8083AAB681BBAAB6005F10C01C4F854
:10DC20000C3A042204F5216007F077FD2B691BBA3A
:10DC30002B61C4F8143A696909BA696104F61420C1
:10DC4000C4F8181AFAF78EFD28B9D4F8143AC4F8B3
:10DC5000483AC4F84C1AAB691BBAAB61C4F81C3A19
:10DC6000E96909BAE96104F61C20C4F8201AFAF738
:10DC700079FD28B9D4F81C3AC4F8503AC4F8541ABB
:10DC80002B6A1BBA2B62C4F8243A696A09BA696222
:10DC900004F62420C4F8281AFAF764FD28B9D4F849
:10DCA000243AC4F8583AC4F85C1AAB6A1BBAAB629F
:10DCB000C4F82C3AE96A09BAE96204F62C20C4F8DF
:10DCC000301AFAF74FFD28B9D4F82C3AC4F8603A64
:10DCD000C4F8641A0198FBF777FE304602B0BDE83D
:10DCE000F08197427FF453AFD4E901214C2707FB21
:10DCF000012253F80C3CD2F84027D14323EA020317
:10DD0000994257E7180D012008B504480121F5F79D
:10DD100089FBF4F7A9FE024B186008BD9417002098
:10DD2000140D01208FB504464FF0000801274FF075
:10DD3000FF3104F1CC00F5F7ABFC03460028F6D127
:10DD4000D4F89429022A40F0D680814802AA012101
:10DD5000F5F7D0F850BB2046FFF7FCFE30BB20465D
:10DD6000FBF7BAF958B97B4BC4F8B8397A4BC4F809
:10DD7000EC39C4F88009C4F8BC09C4F8907904F1FE
:10DD8000CC00F5F797FDFFF721FA002101AAFFF774
:10DD9000C7FD27610120F4F74DFFC4F81080FFF79D
:10DDA00015FA019901AAFFF7BBFDC0E7D4F8EC39D9
:10DDB0000BB9C4F89039D4F8B859002DDFD12046FA
:10DDC000FAF7CDFD4FF0FF3104F1CC00F5F760FC20
:10DDD0007022294604F6682007F019FC1B23C4F8BA
:10DDE000683A04F1CC00F5F765FDE0686423482249
:10DDF00003A9FBF787FC8146A8B94FF0FF3104F176
:10DE0000CC00F5F745FCD4F80039039D062B03D070
:10DE1000E3689B6A4B2B1DD82846FBF7D5FD04F120
:10DE2000CC00F5F747FDD4F8EC394A4AA3F5AF2307
:10DE3000A3F5C86393425BD9D4F8BC39464A013391
:10DE4000C4F8BC395343934294BFC4F8B839C4F8FA
:10DE5000B82994E7D4F8483BD4F8F419D4F84C2BFB
:10DE6000C4F8A02A0B44C4F89C3AE8686B691B1AF2
:10DE7000272BD1D94946282207F0C9FBEB68D4F8F3
:10DE8000682A1A70EB682833EB606B6A28336B6280
:10DE9000D4F89C3AD4F8A02AC4F8D42AC4F8D03ACA
:10DEA000EA681360EB68D4F8D42A5A60EA68136809
:10DEB0001BBA1360EA6853681BBA5360EB680833F7
:10DEC000EB606B6A08336B6204F1CC00F5F7F2FC8F
:10DED00003997B2304F5106204F60810FEF7CDFBCE
:10DEE00018B10398FBF770FD9DE7F4F7BDFD9AE7C5
:10DEF000C4F8B82943E7164803AA0121F4F7FAFF4A
:10DF0000E8B92046FAF72BFD2046FFF723FE054629
:10DF1000A8B92046FBF7E0F838B1D4F88C39032BC8
:10DF20007FF62DAFC4F8905929E70B4BC4F8EC39B4
:10DF3000C4F88C09C4F89079C4F880091FE7D4F8B4
:10DF4000EC39002B7FF41BAFC4F8903917E700BF02
:10DF500094170020407E050080FC0A00DFF838D0CE
:10DF600072B6002103E00D4B5B58435004310C485E
:10DF70000C4B42189A42F6D30B4A02E0002342F8B7
:10DF8000043B0A4B9A42F9D3F4F758FC07F09EFB86
:10DF900062B6F6F7C7FB7047FFFF012060CD0408AB
:10DFA000000000200C0100200C010020BC230120F7
:10DFB000FEE7000080B483B000AF03460A46FB7161
:10DFC0001346BB71BB79002B0FD10F4B1B68002B85
:10DFD00002D00D4B1B6810E0FB79002B02D10B4BDC
:10DFE0001B680AE00A4B1B6807E0FB79002B02D193
:10DFF000084B1B6801E0084B1B6818460C37BD46F0
:10E000005DF8047B704700BF1C0D0120240D01202A
:10E01000200D01202C0D0120280D012080B483B09B
:10E0200000AF7860064A7B6813607B683C33054A22
:10E030001360002318460C37BD465DF8047B70471B
:10E04000240D0120200D012080B588B000AFF860BC
:10E050007B600B46FB7213463B8101237B61FB68AF
:10E06000FB613B89B3F5C46F02D940F2F23340E063
:10E070007B69012B10D1FB7A00211846FFF79AFF2C
:10E08000B861BB69002B07D07B680022F969B869C9
:10E09000F8F7F4FC03467B617B69012B10D1FB7A16
:10E0A00001211846FFF786FFB861BB69002B07D036
:10E0B0007B680022F969B869F8F7E0FC03467B61E8
:10E0C0007B69012B02D140F2F13312E07B69002B16
:10E0D00002D040F20E430CE0FB691B683A895A6299
:10E0E000FB691B6899683A89FB691B680A44DA6016
:10E0F000002318462037BD4680BD80B584B000AFF0
:10E100007860084611461A460346FB700B463B8072
:10E110001346BB70BB78012B02D14FF0FF3300E0F8
:10E120000023FB603A88F978FB687868FFF78CFF7A
:10E13000034618461037BD4680BD80B584B000AF99
:10E1400078600B46FB70FB78002B10D17B68FB607E
:10E15000FB685B6A242B04D93B1D2421184600F080
:10E160002EF807F10C031846FEF718FF06E07B684F
:10E17000BB6007F108031846F8F7A8FC00BF10378A
:10E18000BD4680BD80B485B000AF78607B68FB6021
:10E19000FB689B6818461437BD465DF8047B7047E2
:10E1A00080B485B000AF78607B68FB60FB685B6A19
:10E1B0009BB218461437BD465DF8047B704780B4A7
:10E1C00085B000AF786039607B68FB60FB681B68D6
:10E1D0009A683B681344BB60FB681B681B69BA689C
:10E1E0009A4202D240F2094323E0FB681B685B6954
:10E1F000BA689A4202D940F209431AE0FB681B68E8
:10E20000BA689A60FB681B68DA68FB681B689B68E1
:10E210009A4205D2FB681A68FB681B689268DA604C
:10E22000FB681B68596A3A68FB681B688A1A5A625D
:10E23000002318461437BD465DF8047B704780B450
:10E2400085B000AF78600B467B807B68FB607B8885
:10E25000B3F5C46F02D940F20A4309E07A88FB683B
:10E260005A62FB689A687B881A44FB68DA6000236C
:10E2700018461437BD465DF8047B704780B582B000
:10E2800000AF78600021786800F032F800BF0837EE
:10E29000BD4680BD80B483B000AF786039607B68D4
:10E2A0009B681B0ADAB23B681A707B689B68DAB21B
:10E2B0003B685A707B68DB681B0EDAB23B689A7069
:10E2C0007B68DB681B0CDAB23B68DA707B68DB6862
:10E2D0001B0ADAB23B681A717B68DB68DAB23B680A
:10E2E0005A7100BF0C37BD465DF8047B70470000D3
:10E2F00080B588B002AF786039607B681B693B618C
:10E300007B6843225A603B68002B06D03B68012B98
:10E3100003D03B68022B40F0F9813B6803F0030314
:10E320007A689269B64941F823203B6803F00303F9
:10E33000B34A52F823307B617B681B68332B00F2B1
:10E34000E88001A252F823F01BE5000819E4000858
:10E3500043E400089BE400081BE500081BE50008F7
:10E360001BE500081BE50008ABE40008D5E4000845
:10E37000FFE4000813E5000813E5000813E50008B2
:10E3800013E5000813E5000813E5000833E400086E
:10E3900013E5000813E5000813E5000813E500087D
:10E3A00013E5000813E5000813E5000813E500086D
:10E3B00013E5000813E5000813E5000813E500085D
:10E3C00013E5000813E5000813E5000813E500084D
:10E3D00013E5000813E5000813E5000813E500083D
:10E3E00013E5000813E5000813E5000813E500082D
:10E3F00013E5000813E5000813E5000813E500081D
:10E4000013E5000813E5000813E5000813E500080C
:10E4100013E500081BE500087B6940F2DC52C3F8F5
:10E420004C277B69012283F82D277B6800225A60E4
:10E4300074E03B6803F00303714A002142F82310A3
:10E440006CE007F108033968184602F02BFE03461A
:10E45000002B04D07B69002283F82E275EE03B7AF4
:10E460001B027A7A13441A467B69C3F83427BB7AB5
:10E470001A06FB7A1B041A443B7B1B0213447A7B6B
:10E4800013441A467B69C3F838277B69012283F855
:10E490002E277B6800225A6040E07B69002283F8C7
:10E4A0002E277B6800225A6038E007F108031946DE
:10E4B0007868FFF7EFFE07F10803184602F00AFF3D
:10E4C0000346002B02D07B6843225A607B680022FF
:10E4D0005A6023E007F1080319467868FFF7DAFE6F
:10E4E00007F10803184602F0ADFF0346002B02D0E7
:10E4F0007B6843225A607B6800225A600EE07B6989
:10E5000093F82E277B685B691A607B6800225A604B
:10E5100004E07B6844225A6000E000BF7B6993F806
:10E520002E37012B40F0E280386802F001FE0346EE
:10E53000002B40F0DB807B681B68072B16D8072B6D
:10E5400000F2D28001A252F823F000BF75E5000866
:10E55000E9E60008E9E60008E9E6000855E60008F3
:10E5600005E60008D7E500082DE60008332B00F08B
:10E57000A280B9E03B6993F82C30042B0BD13969A8
:10E580007B689A687B68DB684FF40060009078696C
:10E5900000F095F916E03B6993F82C30062B0BD16F
:10E5A00039697B689A687B68DB6848F2DD600090B7
:10E5B000786900F084F905E007F110031846F8F7D0
:10E5C00085FA92E03B693968184600F00BFC7B68DD
:10E5D00000225A6089E039697B689A687B68DB6849
:10E5E00040F606000090786900F069F93B693968E7
:10E5F000184600F0F7FB7B6800225A6075E000BF08
:10E60000300D0120396940F6060300934FF0FF33C7
:10E610004FF6FF72786900F052F93B693968184685
:10E6200000F0E0FB7B6800225A605EE0396948F246
:10E63000350300934FF0FF334FF6FF72786900F017
:10E640003EF93B693968184600F0CCFB7B68002234
:10E650005A604AE03B6993F82C30042B0BD139699E
:10E660004FF4006300934FF0FF334FF6FF72786969
:10E6700000F025F916E03B6993F82C30062B0BD1FE
:10E68000396948F2DD6300934FF0FF334FF6FF72B4
:10E69000786900F014F905E007F110031846F8F75F
:10E6A00015FA22E03B693968184600F09BFB7B684D
:10E6B00000225A6019E03B6993F82C30042B0AD1F0
:10E6C00039697B689A687B68DB6848F6F7000090D8
:10E6D000786900F0F4F83B693968184600F082FB6D
:10E6E0007B6800225A6000E000BF14E03B69002B09
:10E6F0000ED07B681B68002B02D0043B032B09D88B
:10E7000007F110031846F8F7E1F904E000BF02E052
:10E7100000BF00E000BF1837BD4680BD80B58AB09D
:10E7200000AF786039607B68BB61BB699B683B6206
:10E730003B6A002B00F0A7803B68032B05D907F14B
:10E7400018031846F8F7C2F99EE03B6A0C331B78B1
:10E750001B021AB23B6A0D331B781BB213431BB268
:10E76000FB844B4B1B68002B10D04A4B1B88FA8C48
:10E770009A420BD1484B1B683A689A4206D1444BE7
:10E780001B68BA694549096810469847FB8CB3F580
:10E79000014F29D1BB69996807F10C030C22184677
:10E7A00006F0BBFFBB699B68043307F10C010C2228
:10E7B000184606F0B2FFBB699A68BB6904329A60DA
:10E7C000BB695A6ABB69043A5A62BB699B683B627F
:10E7D0003B6A0C331B781B021AB23B6A0D331B7861
:10E7E0001BB213431BB2FB84FB8C48F68E02934290
:10E7F00004D13968786800F0B5F845E03B6803F06B
:10E800000303274A52F82330FB61FB69002B05D133
:10E8100007F118031846F8F759F935E0BB699A680B
:10E82000BB690E329A60BB695A6ABB690E3A5A627A
:10E83000FB8CB3F5006F04D0FB8C48F2DD62934291
:10E8400005D1BB691946F869FCF725F91CE0FB8C7A
:10E8500040F60602934205D1BB691946F869FEF7F6
:10E860004BFB11E0FB8C48F23502934205D1BB69AA
:10E870001946F869FEF769FB06E007F11803184628
:10E88000F8F724F900E000BF2837BD4680BD00BF7F
:10E89000480D0120400D0120440D01204C0D0120A8
:10E8A000300D012080B582B000AFBB1D022118469B
:10E8B00004F09EFAFB8818460837BD4680BD80B438
:10E8C00087B000AFF860B9607A603B60BB689B6856
:10E8D000A3F10E02BB689A60BB685B6A03F10E028B
:10E8E000BB685A62BB689B68023B7B617B697A6844
:10E8F0001A607B6904333A681A60FB68D3F83437CE
:10E900001904FB68D3F838371A0C7B6908330A43BB
:10E910001A60FB68D3F8383719043A8C7B690C33DA
:10E920000A431A607B691B681ABA7B691A607B69A3
:10E9300004331A687B69043312BA1A607B6908339E
:10E940001A687B69083312BA1A607B690C331A683B
:10E950007B690C3312BA1A6000BF1C37BD465DF8E4
:10E96000047B704780B582B000AF786039607B6807
:10E97000002B0DD0084B1B68002B05D0064B1B68E5
:10E9800039687868984703E001217868FFF7D5FB7C
:10E9900000BF0837BD4680BD500D012080B584B052
:10E9A00000AF78600B46FB701E4A7B68536004F032
:10E9B00061FA0346FB81FB89002B01D0FB892CE027
:10E9C00003F05CF80346FB81FB89002B01D0FB8937
:10E9D00023E003F013FCFB78012B04D104F01EFEAE
:10E9E0000346FB8105E005F06BFD04F093FE034652
:10E9F000FB81FB89002B01D0FB890EE0094B002233
:10EA00001A7001F027FA0346FB81FB89002B01D025
:10EA1000FB8902E003F04EFB002318461037BD4689
:10EA200080BD00BFA000002080B58CB002AF786030
:10EA3000744B1B78012B01D10023DEE006F06EF849
:10EA400000217868FFF7AAFF0346FB84FB8C002BAC
:10EA500001D0FB8CD1E007F10C036B4A042118466E
:10EA600001F04CF8F861FB69002B02D140F20E4333
:10EA7000C3E0FB6900221A60F9680023002202202B
:10EA800000F08CF90346FB84FB8C002B06D0FB8C3A
:10EA900040F2E772934201D0FB8CAEE007F10C0329
:10EAA0005A4A0421184601F029F8F861FB69002B45
:10EAB00002D140F20E43A0E0FB6901221A60F9681E
:10EAC00000230022022000F069F90346FB8405F0D0
:10EAD00003FF0346FB84FB8C002B01D0FB8C8CE0F6
:10EAE00007F10C034A4A0C21184601F007F8B861F7
:10EAF000BB69002B02D140F20E437EE00C220021C4
:10EB0000B86906F084FDBB6908337B613D4B5B68E7
:10EB10009AB27B691A60BB697B613A4B5B689AB2B7
:10EB20007B691A60374B5B681B0C1A46BB695A60DD
:10EB3000BB695B68002B03D1BB694FF0FF325A60A1
:10EB4000F96800230022022000F028F90346FB8424
:10EB5000FB8C002B01D0FB8C4FE000233B62012398
:10EB6000FB841DE007F10C032A4A1321184600F02C
:10EB7000C5FF38613B69002B02D140F20E433CE0F7
:10EB800013220021386906F042FDF96800230022B3
:10EB9000022000F003F90346FB843B6A01333B6229
:10EBA000FB8C002B02D03B6A022BDBD9FB8C002BA9
:10EBB00001D0FB8C21E002F05FFC07F10C03042183
:10EBC000184600F0E1FFF861FB69002B02D140F22A
:10EBD0000E4312E0FB6901221A60FA6800230093D9
:10EBE00000236E21022000F04FFC0346FB84FB8CC7
:10EBF000002B01D0FB8C00E0002318462837BD46CF
:10EC000080BD00BFA0000020606401086C640108A2
:10EC1000746401087C64010880B500AF314804F0D9
:10EC2000D3F90346002B02D040F2F63358E000211E
:10EC30002C4804F015FA0346002B02D040F2F633BC
:10EC40004EE0294804F0C0F90346002B05D02548C2
:10EC500004F01AFA40F2F63342E0244804F0B4F922
:10EC60000346002B08D0204804F00EFA1D4804F09B
:10EC70000BFA40F2F63333E000211C4804F0F0F9BF
:10EC80000346002B02D040F2F63329E0184804F086
:10EC90009BF90346002B0BD0134804F0F5F91148FB
:10ECA00004F0F2F9114804F0EFF940F2F63317E0FE
:10ECB00000210F4804F0D4F90346002B02D040F2A3
:10ECC000F6330DE00B4B00221A600B4B00221A604A
:10ECD0003C220021094806F09AFC00F011F80023BC
:10ECE000184680BDB40D0120D80D0120FC0D012077
:10ECF000900D01201C0E0120200E0120540D01203A
:10ED000080B400AF084B00221A70084B00221A7022
:10ED1000074B00221A70074B01221A7000BFBD4634
:10ED20005DF8047B704700BFFA0D0120FB0D012048
:10ED3000F80D0120F90D012080B582B000AF124816
:10ED400004F0A2F9114804F09FF9114804F09CF96D
:10ED5000104804F099F90EE00F4B1B68184601F0BB
:10ED60002DF878600C4B1B6800211846FFF7E5F979
:10ED7000094A7B681360084B1B68002BECD100BF6D
:10ED800000BF0837BD4680BDD80D0120B40D01205D
:10ED9000FC0D0120900D01201C0E012080B586B0D5
:10EDA00002AFB9607A603B600346FB73FB7B022BCA
:10EDB0000AD13B6800937B68BA6840F207110220D1
:10EDC00000F062FB034609E03B6800937B68BA6889
:10EDD0004FF48371002000F057FB034618461037AC
:10EDE000BD4680BD80B588B000AF78603960002333
:10EDF000FB610023FB767B681846FFF7C3F9786157
:10EE00007B699B899BB21B021AB27B699B899BB26F
:10EE10001B0A9BB21BB213431BB27B827B8AB3F5E6
:10EE2000006F04D07B8A48F6F702934206D17B68D4
:10EE30001846FFF7A7F903460F33FB613B1D6FF040
:10EE400015011846FFF7BBF903463B823B8A002BAE
:10EE500005D07B6800211846FFF76FF945E07B6815
:10EE60001846FFF78FF9F8603B68022B05D97B68DD
:10EE700000211846FFF761F937E0FB6800229A7419
:10EE8000FB6820229A747B8AB3F5006F04D07B8ADA
:10EE900048F6F70293420DD1FB69002B0AD0FB69BB
:10EEA0001B78002B06D0FB691B78184600F0A4FFE6
:10EEB0000346FB763B68002B05D1FB7E0C4AD25CF7
:10EEC000FB68DA7402E0FB68FA7EDA74386800F0F6
:10EED000FBFE0346DAB2FB681A75FB6800225A751E
:10EEE0007B680221184600F005FF2037BD4680BD33
:10EEF0008000002080B584B000AF78607B68043368
:10EF0000FB60FB685B7803F00F03022B1ADCFB68E5
:10EF10005A79114B1B78D31ADAB2104B1A700F4B77
:10EF20001B78072B04D8FB685A790B4B1A7009E041
:10EF30000A4B1A780A4B1B789A4203D9074B1A7866
:10EF4000074B1A70FB681B79184605F03BFA00BFA7
:10EF50001037BD4680BD00BFF90D0120FA0D01201C
:10EF6000FB0D0120B0B590B000AF78607B6818460B
:10EF7000FFF708F9B863BB6B1A795B791B0213437F
:10EF8000FB86FB8EDB43BB86BB6BDB889BB2BA8EFA
:10EF90009A4205D07B6801211846FFF7CEF833E28C
:10EFA000FB8E0B2B03D9FB8EB3F5C46F05D97B68A1
:10EFB00001211846FFF7C1F826E2BB6B0833043B7A
:10EFC0001846FFF797FFFB8E0C2B05D17B680121BC
:10EFD0001846FFF7B2F817E2BB6B5B7A03F00F033A
:10EFE000022B36D0022B00F30982002B02D0012B1A
:10EFF00079D003E2BB6B9B889BB21B2B05D87B6847
:10F0000001211846FFF799F8FEE17B681846FFF7E3
:10F01000B9F8B861BB690433BA69D27A13447B6129
:10F020007B699B683B613B691B0CFB81A54B1B8883
:10F03000FA899A4207D17B68A34A13600021A3484A
:10F0400004F00EF8E0E17B6801211846FFF775F83F
:10F05000DAE1BB6B9B889BB2102B05D87B68012142
:10F060001846FFF76AF8CFE1BB6B0433BA6BD27A6C
:10F0700013443B63BB6BDB7A03F108023B6BDB7829
:10F080009B001344FB623B1DF96A1846FFF797F893
:10F090000346002B05D07B6801211846FFF74DF889
:10F0A000B2E102F0DDF90346012B10D1884B1B6859
:10F0B000002B06D0864B1B687A68002110469847C3
:10F0C000A2E17B6801211846FFF737F89CE17C68D4
:10F0D0003B6B9B78184600F0A3FE0346194620467A
:10F0E000FFF71CFB90E1BB6B0433BA6BD27A13447D
:10F0F000BB62BB6ADB7801339B00BA6A13447B6254
:10F100007B6A9B899BB21B021AB27B6A9B899BB26A
:10F110001B0A9BB21BB213431BB27B847B8C48F649
:10F120006C02934205D07B6801211846FFF705F871
:10F130006AE17B6A133303221946664806F03EFAF9
:10F140000346002B05D07B6801211846FEF7F5FF2A
:10F150005AE17B6A1833FB61FB695B889BB21B0237
:10F160001AB2FB695B889BB21B0A9BB21BB21343AA
:10F170001BB29AB2FB695A80FB695B681A06FB698D
:10F180005B681B0203F47F031A43FB695B681B0A7D
:10F1900003F47F431A43FB695B681B0E13431A4653
:10F1A000FB695A60FB699B681A06FB699B681B0236
:10F1B00003F47F031A43FB699B681B0A03F47F4334
:10F1C0001A43FB699B681B0E1A43FB699A60FB6933
:10F1D000DB681A06FB69DB681B0203F47F031A4332
:10F1E000FB69DB681B0A03F47F431A43FB69DB6896
:10F1F0001B0E1A43FB69DA60FB691B691A06FB697F
:10F200001B691B0203F47F031A43FB691B691B0A7A
:10F2100003F47F431A43FB691B691B0E1A43FB6906
:10F220001A61FB695B691A06FB695B691B0203F4DF
:10F230007F031A43FB695B691B0A03F47F431A438C
:10F24000FB695B691B0E1A43FB695A61FB695B69C9
:10F25000F98E7A6A02F14800BA6B0432821A8A1A6D
:10F26000934205D97B6801211846FEF766FFCBE083
:10F270007B6A93F846301A46174B53F82230DAB2BD
:10F28000FB699A77FB695B682E2B0ED1FB699B6843
:10F2900003F580731A46FB699A60FB69DB6803F526
:10F2A00000731A46FB69DA602EE0FB695B68172B76
:10F2B00014D1FB69DB6803F580731A46FB69DA60D9
:10F2C00022E000BFB00D0120D40D0120D80D012097
:10F2D000240E01208864010870000020FB695B682F
:10F2E0000B2B03D0FB695B68052B0DD1FB699B6879
:10F2F00003F500731A46FB699A60FB69DB6803F546
:10F3000040731A46FB69DA607B6A48331946F8692C
:10F3100001F0DCFC00224FF0FF313D4803F06CFEB1
:10F320000346002B05D07B6801211846FEF705FF38
:10F330006AE00023FB8754E0FA8F364913465B00EE
:10F3400013449B000B441B68002B47D00023BB8752
:10F3500035E0FA8F2F4913465B0013449B000B44A2
:10F360001A68BB8F9B0013441A68FB695B689A425A
:10F3700022D1FA8F274913465B0013449B000B44AC
:10F3800004331D687B6A03F14801FA8F2148134654
:10F390005B0013449B00034408331B68FC8F1A4630
:10F3A000F869A84702461B4923465B0023449B009B
:10F3B0000B4408331A6011E0BB8F0133BB87FA8F0F
:10F3C000144913465B0013449B000B441A68BB8F1F
:10F3D0009B0013441B68B3F1FF3FBAD1FB8F01338D
:10F3E000FB87FB8F042BA7D90021094803F038FEC7
:10F3F0007B6801211846FEF7A0FE05E07B6801212D
:10F400001846FEF79AFE00BF4037BD46B0BD00BFAC
:10F41000900D0120540D012090B585B000AFB9606A
:10F420007A603B600346FB73074B1B68002B06D0DA
:10F43000054B1C68F87B3B687A68B968A04700BF39
:10F440001437BD4690BD00BF280E012080B500AF27
:10F45000044B1B68002B02D0024B1B68984700BF6F
:10F4600080BD00BF2C0E012080B400AF054B1B688F
:10F47000002B14BF01230023DBB21846BD465DF804
:10F48000047B7047280E012080B5AEB000AFB96094
:10F490007A603B600346FB73D7F8C03003F0030388
:10F4A0008F4A52F82330C7F8AC30FFF7CFFF002265
:10F4B0004FF0FF318B4803F09FFD0346A7F8AA30B9
:10F4C000B7F8AA30002B06D000217868FEF735FE89
:10F4D000B7F8AA30FFE07868FEF762FE0346203BEB
:10F4E000C7F8B4307868FEF74DFEC7F8A400BB68D3
:10F4F00040F20712934203D0BB68B3F5837F47D134
:10F50000D7F8A4302033C7F8A030D7F8A030C7F818
:10F51000B03004E0D7F8B0300133C7F8B030D7F8D6
:10F52000B0301B78002BF5D0D7F8A020D7F8B0303A
:10F530009A421BD0D7F8B020D7F8A030D31A1A4679
:10F54000D7F8B4309B1AC7F8B430D7F8B420D7F83E
:10F55000B010D7F8A00006F041F8D7F8B4309BB24D
:10F5600020339BB219467868FEF769FEFFF77CFFEF
:10F570000346012B0CD1D7F8B430802B28BF802351
:10F580001A4607F11403D7F8A010184606F0C5F87C
:10F59000D7F8A430BA681A61D7F8A430D7F8B420E5
:10F5A0005A61514B1B8801339AB24F4B1A804E4B14
:10F5B0001B881A04FB7B1A43D7F8AC301B031A4391
:10F5C000D7F8A4309A61D7F8A43000221A77002225
:10F5D0005A7700229A770022DA777868FEF7E0FD02
:10F5E00003461A4640F2DC539A4204D940F2DC51F9
:10F5F0007868FEF724FE0021786800F07BFB00228B
:10F6000041F28831394803F0F7FC0346A7F8AA30E5
:10F61000B7F8AA30002B06D00021324803F020FDB5
:10F62000B7F8AA3057E0324B1B681846FEF7AAFD20
:10F63000C7F89C00D7F89C300433D7F89C20D27AC6
:10F640001344C7F89830D7F898309B68C7F89430BF
:10F65000D7F89830DB689BB2C3F5FA63A7F8AA30F5
:10F660003B68002B0CD0224B1A683B681A60D7F815
:10F670009C30DB7A143319463868FEF7A0FD05E0AC
:10F680001B4B1B6801211846FEF757FD184B002243
:10F690001A600021134803F0E3FC07F11402F87B21
:10F6A000D7F8C030B968FFF7B7FED7F8943003F049
:10F6B0000103002B0ED03B68002B08D03B681B6871
:10F6C00001211846FEF739FD3B6800221A60B7F8A1
:10F6D000AA3000E000231846B837BD4680BD00BF01
:10F6E00064000020B40D0120B00D0120D80D0120D0
:10F6F000D40D012080B487B000AFF860B9607A60A3
:10F700003B60FF23FB820023BB8256E0BA8A434959
:10F7100013465B0013449B000B441B68FA689A4233
:10F7200039D1BA8A3D4913465B0013449B000B4410
:10F7300004331B68BA689A420DD1BA8A3749134616
:10F740005B0013449B000B4408331B687A689A42A1
:10F7500001D100235BE0BA8A304913465B001344B1
:10F760009B000B4400221A60BA8A2C4913465B00A6
:10F7700013449B000B44043300221A60BA8A2749C1
:10F7800013465B0013449B000B44083300221A60AD
:10F79000BB8AFB8214E0FB8AFF2B0BD1BA8A1F497C
:10F7A00013465B0013449B000B441B68002B01D1E4
:10F7B000BB8AFB82BB8A0133BB82BB8A042BA5D9DF
:10F7C000BB68002B22D0FB8AFF2B02D140F2F5331D
:10F7D0001DE0FA8A114913465B0013449B000B4459
:10F7E0000433BA681A60FA8A0C4913465B00134462
:10F7F0009B000B4408337A681A60FA8A074913465B
:10F800005B0013449B000B44FA681A6000231846FF
:10F810001C37BD465DF8047B704700BF540D0120C6
:10F8200080B58AB000AF78603960002387F8233054
:10F830000023FB610023BB6100237B610023FB8469
:10F840003AE0FA8C424913465B0013449B000B4498
:10F850001B68002B2DD00023BB841BE0FA8C3C4995
:10F8600013465B0013449B000B441A68BB8C9B003F
:10F8700013441B68FB60FB687F2B08D9012387F8C2
:10F880002330FA68FB699A4201D9FB68FB61BB8CA3
:10F890000133BB84FA8C2E4913465B0013449B0052
:10F8A0000B441A68BB8C9B0013441B68B3F1FF3FE9
:10F8B000D4D1FB8C0133FB84FB8C042BC1D997F88A
:10F8C0002330002B13D1234A1721786800F016F952
:10F8D00078617B69002B01D1002334E0386800F0A7
:10F8E000F3F902467B691A607B6904332BE0FB69FC
:10F8F0000833DB08FB74FB7C9BB209339BB2164ACE
:10F900001946786800F0FAF878617B69002B01D11C
:10F91000002318E0386800F0D7F902467B691A60C6
:10F920007B690433BB6105220021B86905F06FFED5
:10F93000BB6901221A70BB6903225A70BB69FA7C49
:10F940009A70BB69043318462837BD4680BD00BF96
:10F95000540D01208C640108A064010890B58BB09F
:10F9600000AFF860B9607A603B6000224FF0FF3171
:10F970005F4803F041FB03467B847B8C002B01D066
:10F980007B8CB0E03B687A68B968F868FFF7B2FE34
:10F9900003467B847B8C002B40F09F8007F114038F
:10F9A00039681846FFF73CFFF861FB69002B03D16B
:10F9B00040F2F2337B8491E04E4BDB6801334D4AD9
:10F9C000D36004F0BFFF03467B8313220021F86954
:10F9D00005F01DFE0023FB8463E0FA8C46491346C4
:10F9E0005B0013449B000B441B68002B56D0002384
:10F9F000BB8444E0FA8C404913465B0013449B00EF
:10FA00000B441A68BB8C9B0013441B68002B00DA64
:10FA10000733DB101A46FB6913441878FA8C364911
:10FA200013465B0013449B000B441A68BB8C9B007D
:10FA300013441B685A4203F0070302F0070258BF41
:10FA40005342012202FA03F3D9B2FA8C2A4C13462C
:10FA50005B0013449B0023441A68BB8C9B00134437
:10FA60001B68002B00DA0733DB101A46FB691344CE
:10FA700040EA0102D2B21A70BB8C0133BB84FA8C0B
:10FA80001D4913465B0013449B000B441A68BB8C52
:10FA90009B0013441B68B3F1FF3FABD1FB8C0133D8
:10FAA000FB84FB8C042B98D90021114803F0D8FA71
:10FAB0007969002300220220FFF770F903467B8456
:10FAC0000C4BDB68013B0B4AD3600A4BDB68002B15
:10FAD00001D100F053FA7B8C05E000BF00210448FF
:10FAE00003F0BEFA7B8C18462C37BD4690BD00BF94
:10FAF000900D0120A0000020540D012080B588B099
:10FB000000AFF8600B467A607B817868F0F77AFE88
:10FB100003460133FB61FB695B4203F00303BB61F6
:10FB2000FB699AB27B8913449AB2BB699BB21344B6
:10FB30009BB220339AB24FF0FF330021F868FEF7F2
:10FB400083FA0346002B1AD1FB681B681846FEF7A0
:10FB500019FB034620337B61BA690021786905F0FF
:10FB600056FD7A69BB691344FA697968184605F04D
:10FB7000D4FDFA69BB6913447A69134400E0002399
:10FB800018462037BD4680BD80B582B000AF786092
:10FB90000B467B807B8820339AB24FF0FF330021E5
:10FBA0007868FEF751FA0346002B07D17B681B6883
:10FBB0001846FEF7E7FA0346203300E00023184614
:10FBC0000837BD4680BD000080B400AF054B1B6800
:10FBD000002B01D0012300E000231846BD465DF84C
:10FBE000047B70471C0E012080B584B000AF7860A4
:10FBF000274B1B68002B45D004F0FCFB0346012B70
:10FC000002D140F2F7333FE0224B1A78224B1B78A7
:10FC10009A4202D14FF47E7336E000224FF0FF315A
:10FC20001E4803F0E9F90346002B02D040F2F633F8
:10FC30002AE0174B1A687B681A607B681B681846B5
:10FC400000F0BCF80346124A1360114B1B68002BEE
:10FC500002D1134B00221A600021104803F000FA71
:10FC60007B681B681846FEF78DFAF860094B1A7816
:10FC7000FB681A72074B1B780133DAB2054B1A7016
:10FC8000002301E040F2F93318461037BD4680BD2D
:10FC90001C0E0120F80D0120F90D0120FC0D0120A2
:10FCA000200E012080B400AF054B1A78054B1B785D
:10FCB000D31ADBB21846BD465DF8047B704700BF1F
:10FCC000F90D0120F80D012080B483B000AF7860F9
:10FCD0007B68022B04D8064A7B6852F8233000E088
:10FCE000002318460C37BD465DF8047B704700BF03
:10FCF0006400002080B584B000AF78600B46FB70D4
:10FD00007868FEF73FFAF8607868FEF749FA03462C
:10FD10007B817B89043B7B81FB6804330C220021BF
:10FD2000184605F074FCFB68FA785A72FB78022BCF
:10FD300001D10E2200E00C22FB68DA72FB6800227F
:10FD40001A72FB687A899A807B89DB439AB2FB68D6
:10FD5000DA8000224FF0FF31154803F04DF90346D9
:10FD6000002B04D000217868FEF7E7F91DE07968E0
:10FD7000002000F031F80F4B1B68002B05D00D4B15
:10FD80001B681946786800F027F80A4A7B681360F8
:10FD9000094B1B68002B02D1074A7B6813600021C6
:10FDA000034803F05DF900F0E9F81037BD4680BD67
:10FDB000FC0D0120200E01201C0E012080B584B016
:10FDC00000AF78607868FEF7DDF9F860FB681B68C3
:10FDD00018461037BD4680BD80B584B000AF78604E
:10FDE00039603868FEF7CEF9F860FB687A681A6007
:10FDF00000BF1037BD4680BD80B485B000AF03465C
:10FE0000FB71FB799B08FB73FB7B044AD35C1846B0
:10FE10001437BD465DF8047B704700BFB476010817
:10FE200080B485B000AF0346FB71FB7903F00F038C
:10FE3000FB60FB68022B04D8054AFB6852F82330AC
:10FE400000E0002318461437BD465DF8047B704778
:10FE50007000002080B584B002AFFEF7DDFE0346DF
:10FE6000FB80FB88002B01D0FB881FE0114803F0CA
:10FE7000ABF80346FB80FB88002B01D0FB8815E024
:10FE80000123019340F6781300930B4B0B4A0C4966
:10FE90000C4803F02FF80346FB80FB88002B01D0B1
:10FEA000FB8803E0084B01221A700023184608372C
:10FEB000BD4680BD60180120300E0120B8640108E5
:10FEC000A1FF0008AC170120A917012080B582B05E
:10FED00000AF00233B603B461846FFF785FE034614
:10FEE000002B01D0002317E004F02CFD0346FB801B
:10FEF000FB88002B06D03B6800211846FEF71DF951
:10FF0000002309E03B68184603F0DDFB0346002BA5
:10FF100001D0002300E0012318460837BD4680BD0C
:10FF200080B582B000AF3B1D184603F083FE034648
:10FF3000002B01D0002307E07B68002B03D07B68F7
:10FF40001846FFF70FF8012318460837BD4680BD55
:10FF500080B500AF064B01221A70064B1B78DBB24E
:10FF6000012B03D10121044803F07AF800BF80BDC2
:10FF700080180120A91701206018012080B500AF6A
:10FF8000054B1B78DBB2012B03D10021034803F0A2
:10FF900067F800BF80BD00BFA917012060180120CD
:10FFA00080B584B000AF78601F4B01221A7024E046
:10FFB000002001F09FFC0346FB811C4B1B78DBB249
:10FFC000012B0FD1194B00221A7003F0FBFD0346E1
:10FFD000002B07D0FFF7A4FF03467B7397F90D3082
:10FFE000002BF7D1FFF772FF03463B7397F90C30F4
:10FFF000002BF7D10E4803F01AFB0E4B1B78DBB237
:020000040801F1
:10000000012BD5D1084B00221A700A4B00221A701E
:10001000074803F039F8FEF78FFE074802F0C1FFEA
:1000200000BF1037BD4680BDA917012080180120F0
:1000300060180120A8170120AC17012080B400AF80
:10004000034B1B781846BD465DF8047B704700BF24
:10005000C618012080B582B000AF0346FB71174B74
:100060001B78DBB2FA799A4201D1002321E0134ACE
:10007000FB791370114B1B78DBB2012B18D1104B9D
:100080001B78DBB2012B13D100224FF0FF310D485A
:1000900002F0B2FF0C4B1B68002B05D00A4B1B680B
:1000A0000021184602F0DCFF0021064802F0D8FFCC
:1000B000002318460837BD4680BD00BFC518012083
:1000C000C4180120A4180120A018012080B588B010
:1000D00002AFF860B9603B601346FB710023FB82FE
:1000E0001C4B1B78DBB2002B10D11B4802F06CFFBD
:1000F0000346BB82BB8A002B01D0BB8A26E0154B8E
:1001000001221A700021144802F0AAFF00224FF0C9
:10011000FF31114802F070FF104A3B681360002164
:100120000D4802F09DFF0E4B1B78DBB2012B01D175
:100130000A230BE0FA793B6800931346BA68F96822
:10014000386A00F021F90346FB82FB8A184618370B
:10015000BD4680BDC4180120A4180120A0180120AC
:10016000C518012080B584B000AFF8600B467A60F6
:100170007B8100224FF0FF310F4802F03DFF0F4B13
:1001800000221A607B68002B02D1F86802F07CFF25
:100190000021094802F064FF094BDB68013B084A73
:1001A000D360074BDB68002B01D1FFF7E7FE00BFF0
:1001B0001037BD4680BD00BFA4180120A018012043
:1001C000A000002080B584B000AF7860396002F0F4
:1001D0006DFFB86000237B7322E000224FF42F7183
:1001E000786802F009FF0346FB81FB89002B01D0F0
:1001F000FB89022B00BF386800F09AFF0346FB81A1
:10020000FB89002B10D002F051FF0246BB68D31AC5
:1002100041F6573293428CBF01230023DBB27B733C
:100220007B7B002BD9D000E000BFFB89002B02D0E4
:10023000386800F015FDFB8918461037BD4680BDB3
:1002400080B592B002AFF860B9607A60FB70FB686D
:100250001B78202B02D940F2E2738CE0484B1B78CC
:10026000DBB2012B01D10A2385E0464BDB68013369
:10027000444AD36004F066FB0346BB87F86C04F085
:1002800036FB0346002B0DD03E4BDB68013B3D4A5D
:10029000D3603C4BDB68002B01D1FFF76FFE40F2CF
:1002A0001F4368E0BB6C002B18D107F114031846FC
:1002B00002F08AFE03467B877B8F002B01D07B8F69
:1002C00059E007F11401FA78FB6C00930B4679684A
:1002D000B868FFF7FBFE0346FB8709E0FA78FB6C82
:1002E0000093BB6C7968B868FFF7F0FE0346FB87A4
:1002F000FB8F002B37D107F1100324211846FFF79D
:1003000043FC78637B6B002B02D140F20E4332E05A
:1003100024220021786B05F07AF9FB681B781A46D5
:100320007B6B1A607B6B181DFB68591C7B6B1B6811
:100330001A4605F0F2F93A69FB6C009300231A2182
:100340000220FFF7A1F80346FB87FB8F002B0AD1A1
:10035000BB6C002B07D107F11403F96C1846FFF7AB
:1003600031FF0346FB87F98F07F11403BA6C184677
:10037000FFF7F8FEFB8F18464037BD4680BD00BF33
:10038000C5180120A000002080B598B002AFF86029
:10039000B9607A60FB7000237B610023A7F84E30C0
:1003A0000023A7F84C300023BB649A4AFB68002165
:1003B00042F82310FB78402B02D8FB78072B13D888
:1003C000BB68954A93421AD0BB68944A934216D0B0
:1003D000BB68934A934212D0BB68924A93420ED0B4
:1003E000BB68914A93420AD0FB78402B0BD9BB687B
:1003F0008E4A934203D0BB688D4A934203D14FF497
:100400007B7300F023BCFB68002B0ED0FB68022B33
:1004100003D1884B1B78002B07D08749874805F00C
:1004200045F840F2214300F011BC07F1140300220B
:100430001946834801F0CEF8BB68DBB2FA6819466A
:10044000862001F019F90346A7F84630B7F8463080
:10045000002B02D0B7F84630F8E3F868FFF734FC19
:10046000B86407F11803774A08211846FFF746FBDE
:1004700038643B6C002B02D140F20E43E6E33B6C48
:10048000BA6C1A60BB6803F40013002B09D1BB6877
:1004900003F48003002B04D1BB6803F08073002BAE
:1004A00001D0012200E000223B6C04331A60B969DC
:1004B000002300220220FEF771FC07F11803624AB4
:1004C00008211846FFF71AFB38643B6C002B02D159
:1004D00040F20E43BAE33B6CBA6C1A603B6C0433D7
:1004E0004FF0FF321A60B969002300220220FEF7A4
:1004F00055FCBB68554A934200F02981BB68534ABA
:10050000934200F3F981BB68514A934200F0E180C5
:10051000BB684F4A934200F3EF81BB68B3F1005FC1
:1005200000F0EC81BB68B3F1005F00F3E581BB68CC
:10053000484A934200F0E281BB68464A934200F386
:10054000DB81BB68B3F1805F00F0D881BB68B3F199
:10055000805F00F3D181BB683F4A934200F3CC81B6
:10056000BB683E4A934243DABB683D4A934200F37C
:10057000C381BB683B4A934278DABB682C4A9342FA
:1005800000F0C680BB682A4A934200F3B581BB687D
:10059000264A934200F0BC80BB68244A934200F391
:1005A000AB81BB68204A934200F3A681BB681D4A19
:1005B00093426CDABB682C4A934200F39D81BB687E
:1005C000154A934274DABB6848F20102934200F084
:1005D000D080BB6848F20102934200F38D81BB6872
:1005E000002B00F08B81BB68012B00F0C28083E1FF
:1005F000BB68A3F11073023B012202FA03F303F07C
:100600001503002B14BF01230023DBB2002B40F0A5
:100610009E8071E18C18012002002000040020005F
:1006200004004000020040000600400004000001F9
:1006300004004001C6180120147701082465010850
:100640003C6501084065010850650108040040420E
:100650000400404004000010060040020200400276
:10066000060020020200200206002000BB68A3F161
:100670000873023B012202FA03F303F01503002B77
:1006800014BF01230023DBB2002B60D134E1BB682F
:10069000A3F58003023B012202FA03F303F01503E2
:1006A000002B14BF01230023DBB2002B11D123E167
:1006B000BB68A3F50013023B012202FA03F303F027
:1006C0001503002B14BF01230023DBB2002B00F025
:1006D000138140F6C411F86800F0F2FF03463B872F
:1006E0003B8F002B06D03B8F40F2E772934201D044
:1006F0003B8FABE2FB78FA681946786800F0DAFEC7
:100700000346FB86FB8E002B00F0FA80FB8E9DE2F9
:1007100040F6C411F86800F0D3FF0346BB87BB8FD7
:10072000002B06D0BB8F40F2E772934201D0BB8F03
:100730008CE2FB78FA681946786800F0F3FE03460D
:100740007B877B8F002B00F0DD807B8F7EE200219A
:10075000F86800F0B5FF0346FB87FB8F002B00F025
:10076000D380FB8F40F2E772934200F0CD80FB8F85
:100770006CE20023A7F85630B6E0B7F856307A6836
:1007800013443B6307F11803A4211846FFF7FCF953
:10079000F862FB6A002B02D140F20E4356E2A4221B
:1007A0000021F86A04F033FF3B6B1B781A46FB6AA2
:1007B0001A603B6B5B781A46FB6A5A60FB6A03F16E
:1007C00008003B6B991C3B6B5B781A4604F0A5FF55
:1007D0003B6B5B78053B1B2B4AD801A252F823F0F8
:1007E0005108010871080108710801087108010821
:1007F00071080108710801087108010871080108F1
:100800005908010871080108710801086108010808
:1008100071080108710801087108010871080108D0
:1008200071080108710801087108010871080108C0
:1008300071080108710801087108010871080108B0
:1008400071080108710801087108010869080108A8
:10085000FB6A01221A6713E0FB6A03221A670FE0A2
:10086000FB6A04221A670BE0FB6A02221A6707E0A0
:10087000BB6900211846FDF760FC4FF47B73E5E18E
:10088000B7F85630002B05D1FB6A5B6F43F00202CC
:10089000FB6A5A67FB6A1A68FB6A1A60FB6A5A6845
:1008A000FB6A5A60FB6A1A6FFB6A1A67FB6A5A6F27
:1008B000FB6A5A67BA69FB68009300232D21022066
:1008C000FEF7E2FD03467B857B8D002B01D07B8DFF
:1008D000BCE17B6801331B789AB2B7F856301344F9
:1008E0009BB20233A7F85630FB789BB2B7F856207C
:1008F0009A42FFF442AF08E000BF06E000BF04E008
:1009000000BF02E000BF00E000BFBB6803F000537F
:10091000002B0CBF01230023DBB2FA681946142018
:1009200000F0AAFE03463B853B8D002B01D03B8D9A
:100930008CE1BB6848F20102934202D101233B657E
:100940000CE0BB689C4A934203D0BB689B4A93422D
:1009500002D103233B6501E000233B65FA68396D52
:10096000162000F089FE0346FB84FB8C002B01D08F
:10097000FB8C6BE1BB68904A934208D0BB688F4AFE
:10098000934204D0BB6803F48003002B04D07B693E
:10099000022B01D001237B617B6900221946884824
:1009A00000F0F6FD0346A7F84C3007F118030421C8
:1009B0001846FFF7E9F838623B6A002B02D140F293
:1009C0000E4343E1BB687F4A934200F0EF80BB686F
:1009D0007C4A934200F31C81BB687B4A934200F03F
:1009E000D380BB68784A934200F31281BB68B3F1AD
:1009F000005F00F0A980BB68B3F1005F00F30881DD
:100A0000BB68724A934200F0A980BB686F4A934268
:100A100000F3FE80BB68B3F1805F00F09F80BB688D
:100A2000B3F1805F00F3F480BB68694A934200F33E
:100A3000EF80BB68674A934242DABB68664A9342DA
:100A400000F3E680BB68654A93424ADABB685B4ABA
:100A5000934200F09E80BB68584A934200F3D880CE
:100A6000BB68554A934200F09480BB68524A934257
:100A700000F3CE80BB685A4A934200F3C980BB683A
:100A8000584A93423EDABB68574A934200F3C0800B
:100A9000BB68564A934246DABB6848F20102934269
:100AA00000F0A880BB6848F20102934200F3B080D6
:100AB000BB68002B52D0BB68012B00F09B80A7E0E5
:100AC000BB68A3F11073023B012202FA03F303F0A7
:100AD0001503002B14BF01230023DBB2002B61D1CF
:100AE00096E0BB68A3F10873023B012202FA03F30C
:100AF00003F01503002B14BF01230023DBB2002BEE
:100B00004CD185E0BB68A3F58003023B012202FAC9
:100B100003F303F01503002B14BF01230023DBB202
:100B2000002B2DD174E0BB68A3F50013023B01221A
:100B300002FA03F303F01503002B14BF0123002373
:100B4000DBB2002B18D163E0294AFB6852F823304E
:100B500043F002022649FB6841F823203B6A002249
:100B60001A60234AFB6852F8233043F008022049F8
:100B7000FB6841F823204FE03B6A04221A604BE0F7
:100B80003B6A80221A6047E03B6A4FF481421A6058
:100B900042E03B6A4FF480221A603DE03B6A022249
:100BA0001A6039E03B6A40221A6035E03B6A44F241
:100BB00040021A6030E000BF040000010400400160
:100BC0003C6501080400404204004040040000105D
:100BD000060040020200400206002002020020023D
:100BE0000600400002004000060020000200200035
:100BF0008C1801203B6A00221A60164AFB6852F8E2
:100C0000233043F008021349FB6841F8232003E036
:100C10003B6A00221A6000BFBA69FB680093002398
:100C2000A5210220FEF730FC0346FB83FB8B002B43
:100C300001D0FB8B0AE0FB683A6E07490748FEF7D4
:100C40008DFE0346A7F84E30B7F84E301846583799
:100C5000BD4680BD8C180120E50C0108F476010822
:100C600080B584B000AF78600023FB817B68032BE4
:100C700005D91249124804F019FC05231AE07B68D3
:100C8000002200210F48FEF769FE0346BB81BB89A5
:100C9000002B01D0BB890DE07968342000F0CDFC39
:100CA0000346FB81084A7B68002142F8231000F0CC
:100CB0006BFA002318461037BD4680BD2C7701081B
:100CC00068650108F47601088C18012080B483B0AF
:100CD00000AF7860396000BF0C37BD465DF8047B1B
:100CE0007047000080B588B000AFF860B9607A60E6
:100CF0007B68BB610023FB77FB689B7F002B05D0E3
:100D0000FB689B7F022B01D07B68C0E1FB689B7F67
:100D1000032B03D9B849B94804F0C8FBFB685B68EA
:100D20002E2B67DC002BC0F282812E2B00F27F81FC
:100D300001A252F823F000BF170F01082F1001087D
:100D40002F100108D10F01082F1001082F100108E2
:100D5000B30F01082F1001082F1001082F100108F0
:100D60002F1001082F100108B30F01082F100108E0
:100D70002F1001082F100108690F01082F1001081A
:100D80002F1001082F1001082F1001082F10010843
:100D90002F1001082F1001082F1001082F10010833
:100DA0002F1001082F1001082F1001082F10010823
:100DB0002F1001082F1001082F1001082F10010813
:100DC0002F1001082F1001082F1001082F10010803
:100DD0002F1001082F1001082F1001082F100108F3
:100DE0002F1001082F1001082F1001082F100108E3
:100DF000FD0D0108502B00F00C8118E1FB689B7F72
:100E00001A467F4B53F8223003F00403002B00F006
:100E10001081FB689B68B3F5837F1CD1FB689B7FC7
:100E20001A46774B53F82230FA68927F114623F422
:100E30007273734A42F82130FB689B7F1A46704BED
:100E400053F82230FA68927F114643F008036C4A47
:100E500042F82130EDE00123FB77FB689B68B3F596
:100E6000827F14D1FB68DB6840F20F2293420ED1DF
:100E7000FB689B7F1A46624B53F82230FA68927FD8
:100E8000114643F040035E4A42F8213042E0FB68DD
:100E90009B68B3F5847F14D1FB68DB6840F20F22B6
:100EA00093420ED1FB689B7F1A46554B53F8223074
:100EB000FA68927F114643F08003514A42F821308C
:100EC00028E0FB689B68B3F5857F14D1FB68DB687D
:100ED00040F20F2293420ED1FB689B7F1A46484B8B
:100EE00053F82230FA68927F114643F48073444AE3
:100EF00042F821300EE0FB689B7F1A46404B53F8C6
:100F00002230FA68927F114643F400733C4A42F85B
:100F100021308EE08DE0FB689B68002B0ED1FB68D2
:100F20009B7F1A46364B53F82230FA68927F11465F
:100F300043F01003324A42F821307FE0FB689B689F
:100F4000032B0ED1FB689B7F1A462D4B53F82230A2
:100F5000FA68927F114643F02003294A42F8213073
:100F60006CE00123FB7769E0FB685B889BB203F0D0
:100F70000103002B0ED0FB689B7F1A46204B53F8D1
:100F80002230FA68927F114643F004031C4A42F86B
:100F9000213053E0FB689B7F1A46194B53F82230EF
:100FA000FA68927F114623F00403154A42F8213073
:100FB00044E0FB689B7F1A46114B53F82230FA68D5
:100FC000927F114623F006030D4A42F8213035E0A6
:100FD000FB689B68002B15D1FB689B7F1A46084B6A
:100FE00053F82230FA68927F114643F00203044A14
:100FF00042F821301FE000BF3C770108CC670108B0
:101000008C180120FB689B68062B14D00123FB770A
:1010100011E0FB685B69052B0FD9BB687B617B69BD
:101020005B88DBB219461C4804F040FA05E000BFBB
:1010300004E000BF02E000BF00E000BFFB689B7F50
:10104000184600F075F80346002B03D10123FB7707
:1010500000F09AF8FB7F012B18D1BB69002B13D04D
:1010600000224FF0FF310D4801F0C6FF0C4B1B680A
:10107000002B05D00A4B1B680021184601F0F0FF39
:101080000021064801F0ECFF002300E07B681846D1
:101090002037BD4680BD00BFF0670108A4180120BD
:1010A000A018012080B586B000AF786039601D4B74
:1010B0001B683A689A4205D106221B49786804F0F9
:1010C0002CFB29E007F11003184A06211846FEF709
:1010D00015FD0346002B02D140F20E431DE0396995
:1010E00007F10C023B680020FDF758FE0346FB8227
:1010F000FB8A002B01D0FB8A0FE0FB681846FDF746
:1011000041F8034606221946786804F006FBFB689E
:1011100001211846FDF711F8002318461837BD467F
:1011200080BD00BF7C000020841801200C680108ED
:1011300080B582B000AF78607B68022B12D07B68EC
:10114000022B1BD87B68002B13D07B68012B15D199
:1011500003F06EFC0346012B01D1002310E04FF495
:1011600082630DE0FEF76AFF0346012B01D10023E5
:1011700006E0786800F0D8FA034601E040F2024346
:1011800018460837BD4680BD80B500AF044B1B68CC
:10119000002B02D0024B1B68984700BF80BD00BFE8
:1011A000C818012080B588B000AF7860396007F1B9
:1011B0000C03474A40211846FEF7A0FC0346002BCB
:1011C00002D140F20E437EE0F96807F108023B6865
:1011D0000020FDF7E3FD0346BB83BB8B002B01D052
:1011E000BB8B70E0BB681846FCF7CCFFB8610023EE
:1011F000FB8319E0FA8B13465B0013445B00BA696A
:101200001344043306221946786804F0D7F90346DC
:10121000002B06D1BB6801211846FCF78EFF002386
:1012200051E0FB8B0133FB83FA8BBB691B689A424D
:10123000E0D3BB691B6801339BB21A4652001344CA
:101240005B009BB2043399B207F10C03204A1846A5
:10125000FEF754FC78617B69002B02D140F20E430B
:1012600031E0BB691A687B691A607B69181DBB692C
:10127000191DBB691A6813465B0013445B001A46CC
:1012800004F04BFABB6801211846FCF756FF7B6956
:101290001A6813465B0013445B007A6913440433F5
:1012A00006227968184604F038FA7B691B685A1CD4
:1012B0007B691A60F9683B6800220220FDF76EFD29
:1012C00003467B827B8A18462037BD4680BD00BF1F
:1012D0002069010880B582B000AF7860002178688D
:1012E000FFF760FF034618460837BD4680BD000083
:1012F00080B588B000AF7860396007F10C03504AC0
:1013000040211846FEF7FAFB0346002B02D140F2BB
:101310000E4391E0F96807F108023B680020FDF7F1
:101320003DFD0346BB83BB8B002B01D0BB8B83E011
:10133000BB681846FCF726FFB861BB691B68002B29
:1013400074D0BB691B68013B9BB21A465200134420
:101350005B009BB2043399B207F10C03384A18467C
:10136000FEF7CCFB78617B69002B02D140F20E4383
:1013700062E00023FB834FE0FA8B13465B001344CB
:101380005B00BA691344043306221946786804F0F6
:1013900015F90346002B3CD17B69181DBB69191D4B
:1013A000FA8B13465B0013445B001A4604F0B5F950
:1013B000FA8B13465B0013445B007A691344181DD3
:1013C000FB8B5A1C13465B0013445B00BA69134441
:1013D000191DBB691A68FB8BD21A13465B001344B4
:1013E0005B00063B1A4604F098F9BB691B685A1E5D
:1013F0007B691A60BB6801211846FCF79EFEF968FC
:101400003B6800220220FDF7C9FC03467B827B8AF1
:1014100012E0FB8B0133FB83FA8BBB691B689A429A
:10142000AAD3FB6800211846FCF787FEBB680121A0
:101430001846FCF782FE002318462037BD4680BDC3
:101440002069010880B582B000AF7860002178681B
:10145000FFF74EFF034618460837BD4680BD000023
:1014600080B400AF034B1B781846BD465DF8047B83
:10147000704700BF9C18012080B582B000AF0C4BB4
:101480001B78012B01D100230EE00021022000F087
:10149000D4F80346FB80FB88002B01D0FB8803E0D7
:1014A000034B01221A70002318460837BD4680BD41
:1014B000A000002080B588B002AFF8600B467A60CB
:1014C000FB7207F1100344211846FEF75DFB7861BB
:1014D0007B69002B02D140F20E431FE04422002121
:1014E000786904F094F87B690433FA7AF96818464D
:1014F00004F013F9FB7A9AB27B691A807B690122A6
:101500005A80012001F0DAFD3A697B6800930023DC
:101510004FF486710220FDF7B7FF034618461837CF
:10152000BD4680BD80B586B000AFF8600B467A60DE
:10153000FB7207F11003154A42211846FEF7DEFA46
:1015400078617B69002B02D140F20E4319E0422200
:101550000021786904F05BF87B690233FA7AF96854
:10156000184604F0DAF8FB7A9AB27B691A800120F7
:1015700001F0A4FD39697B6800220220FDF70EFC12
:10158000034618461837BD4680BD00BF7C6A010877
:1015900080B586B000AFF860B9607A6007F11003DB
:1015A000FA6804211846FEF7A9FA78617B69002BD6
:1015B00002D140F20E4309E07B69BA681A603969CA
:1015C0007B6800220220FDF7E9FB03461846183726
:1015D000BD4680BD80B588B000AFF860B9607A6064
:1015E00007F11803FA6804211846FEF787FA034644
:1015F000002B02D140F20E431BE0B96907F114023F
:101600007B680020FDF7CAFB0346FB83FB8B002BA6
:1016100001D0FB8B0DE07B691846FCF7B3FD034658
:101620001A68BB681A607B6901211846FCF785FDC2
:10163000002318462037BD4680BD80B586B002AF76
:101640007860396007F1080300211846FEF79CFA1C
:10165000F860FB68002B02D140F20E4308E0BA6844
:101660003B680093002379680220FDF70DFF0346D5
:1016700018461037BD4680BD80B588B002AFF8600F
:10168000B9607A6007F1100304211846FEF77CFA6E
:1016900078617B69002B02D140F20E430BE07B693D
:1016A000BA681A603A697B6800930023F9680220DF
:1016B000FDF7EAFE034618461837BD4680BD000018
:1016C00080B586B000AF7860396000237B617868B0
:1016D000FEF7FAFA786107F10803124A0821184662
:1016E000FEF70CFA38613B69002B02D140F20E4341
:1016F00014E07A693B691A603B6904333A681A60FE
:10170000B968002300220220FDF748FB0346FB8155
:10171000FB89002B01D0FB8900E000231846183715
:10172000BD4680BD746C010880B584B000AF7860A0
:101730007B6803F00303FB6000F0AEF80346002B68
:1017400004D0FB68002B01D100239AE0FB68032B37
:1017500006D94E494E4803F0A9FE40F2014390E0FD
:101760004C4AFB6852F8233040F21622934278D05C
:1017700040F21622934200F2828040F20622934207
:101780006FD040F20622934279D8B3F58B7F65D0B3
:10179000B3F58B7F73D8B3F5837F5FD0B3F5837FC9
:1017A0006DD8962B57D0962B69D8862B53D0862B85
:1017B00065D8202B46D8202B61D801A252F823F0FF
:1017C0006D1801087F1801087F1801087F180108AB
:1017D0007F1801087F180108791801087F1801088F
:1017E0006D1801087F1801087F1801087F1801088B
:1017F0007F1801087F180108731801087F18010875
:101800007F1801087F1801087F1801087F18010858
:101810007F1801087F180108791801087F1801084E
:101820007F1801087F1801087F1801087F18010838
:101830007F1801087F180108691801087F1801083E
:101840004B180108462B03D019E04FF4806318E0D1
:1018500040F2254315E040F2264312E040F22743D0
:101860000FE04FF485630CE000230AE040F2EE3312
:1018700007E040F2FF3304E040F2EF3301E040F2D2
:10188000014318461037BD4680BD00BF5877010898
:10189000686501088C18012080B400AF064B1B68F6
:1018A00003F00103002B01D0012300E000231846C0
:1018B000BD465DF8047B7047CC18012080B582B02E
:1018C00000AF0346FB71084AFB791370074B1B6896
:1018D000002B05D0054B1B68054A12681046984737
:1018E00000BF0837BD4680BDDC180120E01801208C
:1018F000E418012080B584B000AF0346FB710023DB
:10190000FB73124B1B78DBB2022B1AD1FEF75CF98A
:101910000346012B02D0FB79012B02D10023FB737C
:1019200009E002F013F90346012B02D10123FB73F6
:1019300001E0002306E0FB7B184600F009F80346AF
:1019400000E0002318461037BD4680BDDC1801209A
:1019500080B584B000AF0346FB710023FB811C4BB4
:101960001B78DBB2022B01D000232DE00320FFF710
:10197000A5FF184AFB791370FDF7C2F9164B596899
:10198000154B9A68144B1B68F87903F00EFA03465E
:10199000FB81FB89002B0CD1FB79184602F098FDE6
:1019A0000346FB81FB89002B04D10020FFF786FF53
:1019B00000E000BF094AFB891380FB89002B02D09D
:1019C0000220FFF77BFFFB8918461037BD4680BD1C
:1019D000DC180120DD180120D0180120DE180120BC
:1019E00080B483B000AF0346FB71FB7903F01F03A3
:1019F000012202FA03F1064A97F907305B0942F81F
:101A0000231000BF0C37BD465DF8047B704700BF54
:101A100000E100E080B582B000AF786000F02EFEFB
:101A2000FEF796FA00BF0837BD4680BD80B400AF10
:101A3000034BC022DA6300BFBD465DF8047B7047EC
:101A4000002C014080B500AF0321064800F008FCDF
:101A50000023054A0121034800F08AFC00231846B0
:101A600080BD00BFC4770108151A010880B400AF1B
:101A700000231846BD465DF8047B704780B58AB0E8
:101A800002AF00F0BBFD2C4801F09EFA0346BB8379
:101A9000BB8B002B01D0BB8B4AE0284B4FF0FF32B1
:101AA0009A633120FFF79CFF3B20FFF799FF01234A
:101AB000FB7711E0FB7F224A52F83300FB7F204A7C
:101AC000DB00134419790C2300930123002200F05A
:101AD000EFFCFB7F0133FB77FB7F062BEAD901216B
:101AE0004FF4800000F03CFF01214FF4006000F053
:101AF00057FF00F095FF78233B7600237B6000239F
:101B0000BB604FF40073FB6000233B6100237B61EB
:101B10003B1D184600F092FF032000F0CFFF01208C
:101B200000F0DCFF012000F0B9FF00F087FD00238A
:101B300018462037BD4680BDF8200120002C01400A
:101B4000C477010880B58AB006AF00237B6000230C
:101B5000FB600023049301230393002302930023DB
:101B6000019300230093012304220021012000F0AF
:101B700047F80023049301230393002302930023D7
:101B8000019300230093012304220521002000F08B
:101B900037F83B1D04930023039300230293002393
:101BA000019300230093012304220321002000F06D
:101BB00027F803467B81FB680133FB60FB68B3F5C4
:101BC000FA7F01D3022317E07B89002B03D0012089
:101BD00001F074FABDE77B680022049200220392B0
:101BE0000022029200220192009301230422072185
:101BF000012000F005F8002318461037BD4680BDCF
:101C000090B587B000AF0446084611461A462346F1
:101C1000FB710346BB710B467B7113467B8000232F
:101C20007B6100233B82BB79352B01D1FB6A002B02
:101C300000BFBB6B002B02D0BB6B00221A6000F010
:101C4000DDFC674B00221A60664B4FF0FF329A634F
:101C5000654B00221A703B8A01333B823B8A042B7E
:101C600003D940F21B437B82AFE0BB795F4A13602C
:101C7000BB79352B71D1FFF7D9FE7B79042B18D1B5
:101C80003B8E184600F051F903467B807B88B3F504
:101C9000007F08D2BB6A23F4FF7323F001037A8824
:101CA0001343BB6205E0BB6A23F4FF7323F0010317
:101CB000BB624F4AFB7913703B8E7988F879FA6AD8
:101CC00000F0A2F8474ABB6A9360BB7943F0400337
:101CD000DBB2444A43F48063D36001223221454899
:101CE00001F08AF903467B827B8A002B6CD13E4B44
:101CF0001B78012B00D1A7E73A4B5B6B03F00C0379
:101D0000002B00D0A0E7374B5B6B03F03303002BB5
:101D100000D099E7384B7B617B69013B7B617B6934
:101D2000002B91D02F4B5A6B40F23E231340002BD7
:101D300000D089E72B4B5B6B03F44053002BEBD1B6
:101D4000FB79002B36D12D4B1B682D4A11682D4A8B
:101D50001268184603F0E1FC2CE0224ABB6A93604B
:101D6000BB7943F04003DBB21E4A43F48063D36087
:101D7000214B7B611B4B5B6BFB607B69013B7B6198
:101D80007B69002B3FF460AF97F83430002B06D10D
:101D9000FA6840F23E231340002B00D054E7FB6862
:101DA00003F40063002BE5D1BB79052B02D10D4B69
:101DB00001229A63BB6B002B03D00A4B5A69BB6BA1
:101DC0001A6000237B8200E000BF00F037FC054B67
:101DD0004FF48002DA637B8A18461C37BD4690BDFB
:101DE00058640240002C0140182101201C210120D0
:101DF00019210120F8200120A0860100E8200120FF
:101E0000F0200120EC20012080B584B000AFBA6042
:101E10001A460346FB730B46BB811346FB80274AD9
:101E2000BB681360FB88264A1360FA88BB89134499
:101E30005A1EBB8992FBF3F3BA8902FB03F31A46DD
:101E4000204B1A60FB7B012B03D11F4ABB68136038
:101E500002E01D4B1D4A1A601D4B4FF0FF325A62C3
:101E60001B4A184B1B689362BB89184600F094F814
:101E70000246FB7B174951F823301343144A43F4BD
:101E8000006343F00903D362134B00221A60134B23
:101E90004FF07C629A60104B27225A610E4B104A19
:101EA0009A60094B1A680C4BDA60064B1B680A4AA9
:101EB0009B08536000BF1037BD4680BDE82001205D
:101EC000EC200120F4200120F0200120E81801205E
:101ED000002C0140747701085864024000640240FD
:101EE000802C014080B586B000AF00233B750023F5
:101EF0003B6000237B600023BB604FF40063FB600A
:101F000000233B6100F08CFD3B46184600F096FD37
:101F1000032000F0D3FD012000F0C0FDFFF786FD97
:101F2000002318461837BD4680BD80B483B000AF8B
:101F300078607B68B3F5807F02D94FF4007324E0AA
:101F40007B68802B02D94FF480731EE07B68402BA6
:101F500001D9802319E07B68202B01D9402314E0AC
:101F60007B68102B01D920230FE07B68082B01D957
:101F700010230AE07B68042B01D9082305E07B6865
:101F8000022B01D9042300E0042318460C37BD4678
:101F90005DF8047B7047000080B483B000AF034657
:101FA000FB80FB88B3F5006F7BD0B3F5006F7ADC64
:101FB000B3F5806F73D0B3F5806F74DCB3F5007F39
:101FC0006BD0B3F5007F6EDCB3F5807F63D0B3F5E3
:101FD000807F68DC802B5CD0802B64DC202B47DC8E
:101FE000002B60DD013B1F2B5DD801A252F823F0CE
:101FF000772001087B200108A72001087F20010825
:10200000A7200108A7200108A720010883200108B4
:10201000A7200108A7200108A7200108A720010880
:10202000A7200108A7200108A72001088720010890
:10203000A7200108A7200108A7200108A720010860
:10204000A7200108A7200108A7200108A720010850
:10205000A7200108A7200108A7200108A720010840
:10206000A7200108A7200108A72001088B2001084C
:10207000402B0CD017E0002316E0102314E020239F
:1020800012E0302310E040230EE050230CE06023E8
:102090000AE0702308E0802306E0902304E0A023F8
:1020A00002E0B02300E0002318460C37BD465DF87F
:1020B000047B704780B400AF00231846BD465DF82E
:1020C000047B704700B5EEF7BBF900F003F8EEF7BC
:1020D000AFB900BF684620F007018D4681B583B0D7
:1020E00000AF2C4B5B6B7B602B4B1B68052B02D12D
:1020F000284B01229A637A6840F233231340002B65
:102100000BD0264B01221A70224B4FF0FF329A63FC
:102110000121234800F0A4FF35E07B6803F0C003F1
:10212000002B1FD01B4B5B6903F40063002B07D00F
:102130001A4B01221A700121194800F091FF0EE09C
:10214000154B1B68352B0AD1164B1B78012B03D17D
:10215000154B164A1A6002E0134B154A1A600D4BD4
:10216000C0229A637B6803F48003002B0BD0094BD9
:10217000DB6B084A23F48003D363064B4FF48002E1
:102180009A63FDF7E5FE00BF0C37BD46BDE8814010
:1021900085467047002C01401C2101201821012098
:1021A000F820012019210120586402407154A3082D
:1021B0003154A30800B5EEF743F900F003F8EEF749
:1021C00037B900BF684620F007018D4681B583B05E
:1021D00000AF084B4FF07C629A600121064800F086
:1021E0003FFF0346FB8000BF0C37BD46BDE8814082
:1021F0008546704700640240F820012080B582B017
:1022000002AF094B1869084B197D00230093002386
:10221000002200F04DF900214FF4001000F080FB87
:1022200000231846BD4680BD9C77010880B483B06A
:1022300000AF0346FB71FB7903F01F03012202FA92
:1022400003F1064A97F907305B0942F8231000BFF3
:102250000C37BD465DF8047B704700BF00E100E02D
:1022600080B586B000AF78600B46FB7000F0C6F911
:102270007B681B68184600F05FF90346FB75234B2B
:102280001A6BFB7D224951F82330204913430B631D
:1022900000237B74FB78002B07D0FB78012B04D044
:1022A000FB78032B01D0012300E00023DBB23B7459
:1022B000FB78022B14BF01230023DBB2BB74FB7835
:1022C000002B02D0FB78052B02D10123FB7407E021
:1022D000FB78012B02D10223FB7401E00023FB7485
:1022E0007B681B791A4601239340FB607B681B685F
:1022F00007F10C021146184600F03AFA00F09EF978
:10230000002318461837BD4680BD00BF0038024084
:102310007C77010880B582B000AF786000F06EF97C
:102320007B681B791A46012303FA02F27B681B685B
:1023300092B21A8300F082F9002318460837BD468E
:1023400080BD80B582B000AF786000F057F97B683F
:102350001B791A46012303FA02F27B681B6892B2CA
:102360005A8300F06BF9002318460837BD4680BD3C
:1023700080B588B000AFF8607A603B600B46FB72B6
:10238000FB68002B02D07B68002B00BFFB681B7929
:102390001A4601239340BB61FB7A032B0CD0032B1D
:1023A0000DDC012B02D0022B03D008E00823FB77C1
:1023B00007E00C23FB7704E01023FB7701E0052303
:1023C0006EE000F01BF9384B1A68BB691340002B14
:1023D00062D10023BB77FB681B68184600F0ACF89D
:1023E00003461A46FB681B791946104600F086FB27
:1023F000FB7F7B75BB693B6100233B750123BB758C
:1024000007F11003184600F041F9BB6903F01F0300
:10241000002B05D0FB681B790633DBB2BB770EE0DF
:10242000BB6903F47873002B02D01723BB7706E057
:10243000BB6903F47C43002B01D02823BB7797F9B9
:102440001E301846FFF7F2FEFB681B791846FB6842
:102450001A68164903465B0003449B000B441A604C
:10246000FB681B791946114A0B465B000B449B0025
:10247000134404337A681A60FB681B7919460B4AC7
:102480000B465B000B449B00134408333A681A6008
:1024900000F0D4F8002303E000F0D0F841F27A73A2
:1024A00018462037BD4680BD003C01402021012058
:1024B00080B586B000AF7860084611461A460346DC
:1024C000FB700B46BB7013467B70786800F034F8E5
:1024D0000346FB7500F092F8154B1A6BFB7D15490E
:1024E00051F82330124913430B6301237B740223F9
:1024F0003B74BB78BB747B78FB74FB78012202FAD7
:1025000003F3FB6007F10C031946786800F030F91B
:10251000FB789BB297F820201946786800F0B7F94D
:1025200000F08CF8002318461837BD4680BD00BF68
:10253000003802407C77010880B483B000AF786037
:102540007B68254A93423DD0234A93423CD8234A94
:10255000934235D0214A934236D8214A93422DD016
:102560001F4A934230D81F4A934225D01D4A9342B6
:102570002AD81D4A93421DD01B4A934224D81B4A95
:10258000934215D0194A93421ED8194A93420DD04E
:10259000174A934218D8174A934203D0164A9342D7
:1025A00002D011E0002310E001230EE002230CE032
:1025B00003230AE0042308E0052306E0062304E0E1
:1025C000072302E0082300E0FF2318460C37BD462E
:1025D0005DF8047B704700BF00200240001C0240F1
:1025E000001802400014024000100240000C02409B
:1025F00000080240000002400004024080B400AF26
:1026000072B60C4B1B68002B08DC0B4B1B690A4A8B
:1026100023F004031361074B00221A60054B1B686B
:102620000133044A136062B600231846BD465DF8C4
:10263000047B7047E021012000ED00E080B400AF92
:1026400072B60C4B1B68013B0A4A1360094B1B68AE
:10265000002B08DC084B1B69074A43F00403136195
:10266000044B00221A6062B600231846BD465DF88E
:10267000047B7047E021012000ED00E080B400AF52
:1026800000BFBD465DF8047B7047000080B485B094
:1026900000AF78600023FB60344BFB607B689B7964
:1026A000002B4FD0314B1A687B681B68DB432F49E6
:1026B00013400B602D4B5A687B681B68DB432B492A
:1026C00013404B607B681B791A46FB681344FB6020
:1026D000FB6819687B681A68FB680A431A60234B19
:1026E0009A687B681B68DB43204913408B601F4B53
:1026F000DA687B681B68DB431C491340CB607B684E
:102700005B79102B0ED1194B9A687B681B681749AF
:1027100013438B60154BDA687B681B6813491343BE
:10272000CB601DE0114BFB607B685B791A46FB6850
:102730001344FB60FB6819687B681A68FB680A43EE
:102740001A600DE07B681B791A46FB681344FB6036
:10275000FB6819687B681B68DA43FB680A401A60EB
:1027600000BF1437BD465DF8047B7047003C014054
:1027700080B487B000AF7860396000237B610023AC
:102780003B610023FB6000237B6176E001227B69D3
:1027900002FA03F33B613B681B683A691340FB6034
:1027A000FA683B699A4265D17B681A687B695B006D
:1027B000032101FA03F3DB431A407B681A607B684C
:1027C0001A683B681B7919467B695B0001FA03F3C1
:1027D0001A437B681A603B681B79012B03D03B6866
:1027E0001B79022B2ED17B689A687B695B000321E1
:1027F00001FA03F3DB431A407B689A607B689A68AE
:102800003B685B7919467B695B0001FA03F31A4365
:102810007B689A607B685A687B699BB21946012382
:102820008B40DB431A407B685A607B685B683A6880
:10283000927911467A6992B201FA02F292B21A437F
:102840007B685A607B68DA687B699BB25B00032116
:1028500001FA03F3DB431A407B68DA607B68DA68CD
:102860003B68DB7919467B695B0001FA03F31A4385
:102870007B68DA607B6901337B617B690F2B85D9CB
:1028800000BF00BF1C37BD465DF8047B704780B4B5
:1028900085B000AF78600B467B8013467B700023C9
:1028A000FB600023BB607A787B8803F007039B0002
:1028B00002FA03F3FB607B88DB089BB21A467B6855
:1028C000083253F822207B8803F007039B000F2176
:1028D00001FA03F3DB437988C90889B2084602EAA2
:1028E00003017B6800F1080243F822107B88DB08B3
:1028F0009BB21A467B68083253F82230FA681343B9
:10290000BB607B88DB089BB21A467B680832B968DB
:1029100043F8221000BF1437BD465DF8047B7047B2
:1029200080B485B000AF786039600023FB600B4B4A
:102930009B68FB60FB6823F0EC63FB607A683B6894
:102940001343FA681343FB60044AFB68936000BFBB
:102950001437BD465DF8047B704700BF0038024065
:1029600080B483B000AF78600B46FB70FB78002B1F
:1029700006D00A4B1A6B09497B6813430B6306E0C8
:10298000064B1A6B7B68DB43044913400B6300BFA3
:102990000C37BD465DF8047B704700BF003802402D
:1029A00080B483B000AF78600B46FB70FB78002BDF
:1029B00006D00A4B5A6C09497B6813434B6406E006
:1029C000064B5A6C7B68DB43044913404B6400BFE1
:1029D0000C37BD465DF8047B704700BF00380240ED
:1029E00080B483B000AF78600B46FB70FB78002B9F
:1029F00006D00A4B5A6A09497B6813434B6206E0CA
:102A0000064B5A6A7B68DB43044913404B6200BFA4
:102A10000C37BD465DF8047B704700BF00380240AC
:102A200080B500AF01214FF40060FFF7D9FF00210E
:102A30004FF40060FFF7D4FF00BF80BD80B485B0C5
:102A400000AF78600023FB60134B5B68FB60FB68A2
:102A500023F4FD4323F07F03FB607B681B7D1A4654
:102A60007B689B681A437B685B681A437B68DB68FA
:102A70001A437B681B681A437B681B691343FA6817
:102A80001343FB60044AFB68536000BF1437BD4624
:102A90005DF8047B704700BF002C014080B483B018
:102AA00000AF0346FB71044AFB79136000BF0C378B
:102AB000BD465DF8047B7047A080254280B483B09A
:102AC00000AF7860044A7B68136000BF0C37BD46D6
:102AD0005DF8047B704700BF002C014080B483B0D8
:102AE00000AF7860044A7B68136000BF0C37BD46B6
:102AF0005DF8047B704700BFA885254280B485B08F
:102B000000AF03460A46FB711346BB710023FB600E
:102B1000BB7903F003039B000F2202FA03F3FB606F
:102B2000164ABB799B08DBB2023352F82320FB68BC
:102B3000DB431248B9798908C9B21A408B1C40F8A6
:102B400023200E4ABB799B08DBB2023352F82320C4
:102B5000F979BB7903F003039B0001FA03F30748FB
:102B6000B9798908C9B21A438B1C40F8232000BFE9
:102B70001437BD465DF8047B704700BF0038014044
:102B800080B489B000AFF8600B467A607B817B68C7
:102B9000DB43FB610023BB6121E0BB69FA6813449E
:102BA0001B781A46FB695340FB6100237B6110E0F0
:102BB000FB6903F00103002B05D0FB695A080E4B9B
:102BC0005340FB6102E0FB695B08FB617B690133F9
:102BD0007B617B69072BEBDDBB690133BB617B89C3
:102BE000BA699A42D9DBFB69DB4318462437BD46F4
:102BF0005DF8047B704700BF2083B8ED80B487B0D8
:102C000000AF72B6344B1B68344A52F823307B61F4
:102C1000314B1B680D3303F00F03304A52F8233059
:102C20003B617A693B695A407B691B045A403B69A6
:102C3000DB035340FB60284B1B68093303F00F0391
:102C4000264A52F823303B613B69DB0A3A6953401C
:102C50003B61214B1B68F9683A694A401F4941F8BA
:102C600023201E4A52F823307B617B695A011C4B9A
:102C700013407A695340BB60174B1B680F3303F056
:102C80000F03154A1360144B1B68144A52F8233083
:102C90007B617A69FB685A40BB685A407B699B003C
:102CA0005A40FB689B0482EA03013B691A070A4BFE
:102CB0001B684A40094941F82320074B1B68074A13
:102CC00052F823307B6062B67B6818461C37BD46DD
:102CD0005DF8047B704700BF24220120E42101201D
:102CE000242D44DA80B594B000AF78600B467B8029
:102CF0000023FB640023BB6410E07B88FA6C194658
:102D00007868FFF73DFFF864BB6C9B0050333B4491
:102D1000FA6C43F8482CBB6C0133BB64BB6C0F2BC3
:102D2000EBD972B60023BB6411E00D4ABB6C52F8BC
:102D30002320BB6C9B0050333B4453F8483C5A4023
:102D40000749BB6C41F82320BB6C0133BB64BB6CEF
:102D50000F2BEAD962B600BF5037BD4680BD00BF19
:102D6000E421012080B485B000AF0346FB8000233E
:102D7000FB7372B60D4B1B68B3F5806F07D30B4B1B
:102D80001B68C3F30903094A13600123FB73FA8824
:102D9000064B1B681344054A136062B6FB7B18465A
:102DA0001437BD465DF8047B704700BF88000020E3
:102DB00080B584B000AF0346FB80FB881846FFF760
:102DC000D1FF0346002B0CD000F048F80346FB600F
:102DD000064B1B685B6807F10C02042110469847FC
:102DE00000BF00BF1037BD4680BD00BF940000206B
:102DF00080B586B000AF78600B467B807B687B61D6
:102E00007B881846FFF7D4FF1DE0134B1B681B6837
:102E1000984738610023FB6012E07B695A1C7A6195
:102E20003A69D2B21A707B88013B7B807B88002B89
:102E300000D108E03B691B0A3B61FB680133FB6082
:102E4000FB68032BE9DD7B88002BDED100231846CD
:102E50001837BD4680BD00BF9400002080B400AF8D
:102E6000034B5B681846BD465DF8047B704700BFA6
:102E7000001000E080B500AF00F02EF802210448F9
:102E8000FFF7EEF9012000F005F80023184680BD99
:102E9000A477010880B582B000AF0346FB71FB79CF
:102EA000012B03D10548FFF74CFA02E00348FFF776
:102EB00031FA00BF0837BD4680BD00BFA4770108C6
:102EC00080B483B000AF0346FB7100BF0C37BD4632
:102ED0005DF8047B7047000080B500AF0221044814
:102EE000FFF7BEF90248FFF72CFA0023184680BD11
:102EF000AC77010880B58AB004AFF860B9607A6039
:102F00003B6000237B6100233B6107F110030293C8
:102F10007B6A01933B6A00933B687A68B968F868FA
:102F200000F005F8034618461837BD4680BD80B549
:102F300090B008AFF860B9607A603B600023FB6135
:102F40000023BB613B68002B02D140F20B4324E01D
:102F50003B6B002B05D03B6B1B68FB613B6B5B68DD
:102F6000BB61B423069301230593FB690493FB6AB9
:102F70000393FB6A0293BB6A01933B680093BB69AE
:102F8000BA687968F868F1F72FFB78617B69002BE4
:102F900001D1002301E040F2074318462037BD4627
:102FA00080BD80B584B000AF78607868FAF706FD20
:102FB000F860FB68002B01D1002301E040F21D43C3
:102FC00018461037BD4680BD80B582B000AF78602E
:102FD0002023002207497868FAF720FB0346002BDC
:102FE00001D1002301E040F2F63318460837BD4610
:102FF00080BD00BF4870010880B586B000AFF860A2
:10300000B9601346FB71BB68B3F1FF3F09D0BB68E1
:103010004FF47A7202FB03F3104AA2FB03239B09CD
:1030200001E04FF0FF331946F868FAF7C9FB786101
:103030007B69002B01D100230CE07B690D2B01D1B2
:10304000022307E07B691A2B02D140F21E4301E004
:1030500040F2F63318461837BD4680BDD34D621096
:1030600080B582B000AF78600B46FB707868FAF7E5
:1030700007FC0346002B01D1002301E040F2F633A8
:1030800018460837BD4680BD80B582B000AF786075
:103090007868FAF72FFB0346002B01D1002301E0EB
:1030A00040F2F63318460837BD4680BD80B500AF04
:1030B000EFF7DAFC0346184680BD000080B586B005
:1030C00000AF78607B684FF47A7202FB03F3B3F5CC
:1030D0007A7F11D37B684FF47A7202FB03F3154AAF
:1030E000A2FB03239B091846EFF7A4FD0346002B20
:1030F0001AD040F20D4318E0FFF7B0FE78617B680C
:103100000D4A02FB03F33B610BE0FFF7A7FEF860FB
:10311000FA687B69D31A1A463B699B1A3B61FB68C4
:103120007B613B69002BF0DC002318461837BD4655
:1031300080BD00BFD34D6210C0D4010080B584B003
:1031400000AF78600B4B1B68002B09D134230022A1
:1031500009490A48FAF7EAF9F860064B01221A60B1
:103160004FF0FF310548F0F793FA00BF1037BD4626
:1031700080BD00BF28220120547001082C220120AC
:1031800080B582B000AF78600348F0F793FB00BFD2
:103190000837BD4680BD00BF2C22012080B483B01B
:1031A00000AF0346FB71064AFB791370054B002202
:1031B0001A6000BF0C37BD465DF8047B704700BF46
:1031C000642201206022012080B584B000AF00237A
:1031D000FB60364B1B68B3F1FF3F1ED0344B1B78AE
:1031E000002B03D1334B1B68002B01D0012300E0DF
:1031F0000023FB72EFF3108372B67B602B4B1B68CE
:103200002D4A1360294B4FF0FF321A607B6883F31D
:103210001088FB7A1846FFF7C1FF254B1B78012B5E
:1032200012D1234B00221A70234B1B68002B25D090
:10323000FFF73CFF0246204B1B6813441D4A1360F6
:103240001D4B1B68FB6019E01A4B1B68002B15D047
:10325000FFF72CFF3860174B1A683B68D21A164BE1
:103260001B689A4204D8134B1A683B68D31AFB6058
:10327000FB68002B02D10F4B00221A60FB68002B69
:103280000ED001F043FB0346002B02D10023FB606C
:1032900006E000F013F80346002B01D00023FB608A
:1032A000FB6818461037BD4680BD00BF9C0000205B
:1032B00064220120602201209800002080B400AF29
:1032C00000231846BD465DF8047B704780B400AF0C
:1032D000034B00221A6000BFBD465DF8047B7047B7
:1032E0006822012080B582B000AF0023FB8000215E
:1032F000002000F049F80346FB80FB881846083799
:10330000BD4680BD80B584B000AF3B461946012064
:1033100001F05CFD3B6803F03F03002B04D03B68E9
:1033200023F03F03403300E03B683B60154BFB60FC
:103330003B68FA68D31ABB60B968012000F024F832
:103340000346FB80FB88002B01D0FB8815E03B681F
:103350009B08DB431A043B689B0813433B603B68B4
:103360001A460421F86800F049FD0346FB80FB88FB
:10337000002B01D0FB8800E0002318461037BD4623
:1033800080BD00BFFCBF030080B58CB002AF034618
:103390003960FB714FF480633B620023FB8307F1CC
:1033A0000C02FB791146184601F010FD0346FB8321
:1033B000FB8B002B40F08D80FB68002B02D1052396
:1033C000FB8389E000237B623B6A9BB204339AB2A1
:1033D00007F1100000230021FAF78FFE0346FB835C
:1033E000FB8B40F2F232934269D13B6A5B083B624D
:1033F0003B6A012BE8D862E0FB8B002B6BD13B6969
:103400001846FAF7BFFEB861BB691A1DF87907F1D3
:10341000080300933B6A796A01F0F4FC4CE0314BFD
:103420001B78DBB2012B07D13B6900211846FAF764
:1034300084FE0A23FB834FE0BB6840F2DC529342D8
:1034400002D8BB689BB201E040F2DC53FB823868D3
:1034500000F04AF80346FB83FB8B002B05D03B6949
:1034600000211846FAF769FE36E03B68C3F30E0206
:10347000BB690433F98A00930B460121012000F057
:103480004AFD0346FB83FB8B002B05D03B690021E3
:103490001846FAF752FE1FE0BA68FB8AD31ABB60DF
:1034A000FB8ABA691344BB61FB8A7A6A13447B6264
:1034B000FB8A3A6813443B60BB68002BAFD1FB68C2
:1034C0007A6A9A4298D33B6900211846FAF735FE8A
:1034D00002E000BF00E000BFFB8B18462837BD4666
:1034E00080BD00BF6C22012080B588B000AF78603D
:1034F00040F2FD33FB837B6823F4FF4323F07F031B
:10350000BB614FF07F437B614FF47F033B614FF41E
:103510007F43FB603D4B1B68BA699A4201D100238F
:103520006FE03A4B1A68BB695A407B691340002B25
:103530001CD0BB691B0E01223549012000F0D1FCD3
:103540000346FB83FB8B002B01D0FB8B59E07B698F
:10355000DA432E4B1B6813402C4A1360BA697B690F
:103560001A402A4B1B681343284A1360274B1A68DA
:10357000BB695A403B691340002B1CD0BB691B0C34
:1035800001222449012000F0ACFC0346FB83FB8BA5
:10359000002B01D0FB8B34E03B69DA431B4B1B68EB
:1035A00013401A4A1360BA693B691A40174B1B68EB
:1035B0001343164A1360154B1A68BB695A40FB68DF
:1035C0001340002B1CD0BB691B0A012212490120A9
:1035D00000F087FC0346FB83FB8B002B01D0FB8BA9
:1035E0000FE0FB68DA43094B1B681340074A13607E
:1035F000BA69FB681A40054B1B681343034A136002
:10360000002318462037BD4680BD00BF6822012038
:103610000C0001000B0001000A00010080B400AFA3
:103620004FF47F731846BD465DF8047B704780B544
:1036300086B000AF78600023FB8201233B61FFF777
:10364000C3FDF860FB68002B02D0FB683B610FE014
:1036500001F0CAF90346FB82FB8A002B01D0FB8AEA
:10366000012B00BFFB8A002B02D14FF0FF333B61DF
:10367000FCF7AAFA0346012B14D1FCF713FB03460F
:10368000002B0FD100F092FE0346FB823B69642BB6
:1036900028BF6423002219467868FFF7ADFC034673
:1036A000FB8206E0002239697868FFF7A5FC034633
:1036B000FB82FB8A002B01D0FB8A022B00BF00BFDC
:1036C0001837BD4680BD90B587B002AF7860786886
:1036D000FAF766FD0346043B9CB27868FAF752FDA0
:1036E000034604330093234600220221012000F008
:1036F00012FC0346FB8100217868FAF71EFDFB8966
:10370000002B02D10120FFF749FDFB891846143731
:10371000BD4690BD80B592B000AF00237B60AC4B3E
:1037200000221A70FFF7D2FD0120FFF7B3FB012042
:10373000FFF7C6FB0120FFF7C1FC0020FFF7AAFB43
:103740000120FFF7BBFCFEF7FDF90346FB87FB8F6B
:10375000002B01D0FB8FF1E100233B640223012207
:103760000221002000F0BDFB0346BB87BB8F002B6E
:1037700001D0BB8FE2E13B6C002B02D00120FFF7B0
:103780009DFC07F1090301220221002000F0EEFD5B
:1037900003467B877B8F002B01D07B8FCEE13B6C78
:1037A00001333B643B6CB3F5FA7F01D30223C5E1DF
:1037B0007B7A022BD2D107F10903012207210020D5
:1037C00000F0D4FD03463B873B8F002B01D03B8F9D
:1037D000B4E17B7A23F0030343F0020301220721C3
:1037E000002000F07EFB0346FB86FB8E002B01D001
:1037F000FB8EA3E100233B640BE00120FFF75EFC9E
:103800003B6C01333B643B6CB3F5FA7F01D302237D
:1038100094E1402301221021002000F062FB0346C6
:10382000A7F84630B7F84630002B14D107F109034A
:1038300001221021002000F099FD0346A7F8463030
:10384000B7F84630002B06D17B7A402B03D03B6C77
:10385000B3F5FA7FD1D3B7F84630BB86BB8E002BC9
:1038600001D0BB8E6AE1402301221021002000F02C
:1038700038FB03467B867B8E002B01D07B8E5DE17F
:10388000402301224FF48871002000F02AFB0346F8
:103890003B863B8E002B01D03B8E4FE14023012223
:1038A0004FF40471002000F01CFB0346FB85FB8DE8
:1038B000002B01D0FB8D41E10023012240F21121B8
:1038C000002000F00EFB0346BB85BB8D002B01D012
:1038D000BB8D33E1072301220421002000F001FB0E
:1038E00003467B857B8D002B01D07B8D26E1FEF787
:1038F000F9FA03463B853B8D002B01D03B8D1DE142
:1039000000233B6405E00120FFF7D8FB3B6C01334B
:103910003B6407F1090301220321002000F026FD8A
:103920000346A7F84630B7F84630002B08D17B7A1B
:1039300003F00203002B03D13B6CB3F5FA7FE2D313
:103940003B6CB3F5FA7F01D30223F7E0B7F84630BA
:10395000FB84FB8C002B01D0FB8CEFE029230122A0
:103960001C49012000F0BDFA0346BB84BB8C002B30
:1039700001D0BB8CE2E000233B6405E00120FFF7AF
:103980009DFB3B6C01333B6407F1090301221149A4
:10399000012000F0EBFC0346A7F84630B7F84630AC
:1039A000002B07D17B7A03F04003002B02D13B6C44
:1039B000632BE3D93B6C632B01D90223BEE0B7F83C
:1039C00046307B847B8C002B06D07B8CB6E000BF1E
:1039D0006D2201200E00010000230122594901201F
:1039E00000F07FFA03463B843B8C002B01D03B8CDC
:1039F000A4E0002301225449012000F072FA03469A
:103A0000FB83FB8B002B01D0FB8B97E0062301226D
:103A10000221002000F065FA0346BB83BB8B002B1C
:103A200001D0BB8B8AE007230122F221002000F0A5
:103A300058FA03467B837B8B002B01D07B8B7DE088
:103A4000FEF714F80346184600F0F0FC03463B83EB
:103A50003B8B002B01D03B8B70E0FDF7F3FF03465F
:103A6000FB82FB8A002B01D0FB8A67E00523012241
:103A70000421002000F035FA0346BB82BB8A002BEC
:103A800001D0BB8A5AE007F109030122032100207B
:103A900000F06CFC03467B827B8A002B01D07B8A82
:103AA0004CE0FFF703FBF86000F074FB0346A7F857
:103AB0004630FFF7FBFA0246FB68D31AFB603B1D5A
:103AC0001946002001F082F9B7F84630002B02D0E9
:103AD000B7F8463032E000233B6405E00120FFF7F1
:103AE000EDFA3B6C01333B6407F10903012203212A
:103AF000002000F03BFC0346A7F84630B7F84630FC
:103B0000002B08D17B7A03F00403002B03D13B6C1C
:103B1000B3F57A7FE2D33B6CB3F57A7F01D302230E
:103B20000CE000F0FFFE00F00DFF03467B817B8977
:103B3000002B01D07B8901E0B7F8463018464837A2
:103B4000BD4680BD0E0001000F00010080B582B0AF
:103B500000AF00237B6000F0F5FE0346002B01D090
:103B6000002328E03B1D1A460421154800F07EF989
:103B70000346002B17D17B6803F08003002B14D081
:103B8000802204210E4800F039F90346002B0ED1A3
:103B90003B1D1A4604210A4800F068F90346002B31
:103BA00007D1012307E000BF04E000BF02E000BF2F
:103BB00000E000BF002318460837BD4680BD00BFA7
:103BC0002020001880B582B000AF00233B6000F0D9
:103BD000B9FE0346FB80FB88002B01D0FB8822E066
:103BE0003B461A460421124800F040F90346002BD8
:103BF00002D000233B6013E03B6803F0F003002B8E
:103C00000DD03B6803F0F0031A460421084800F089
:103C1000F5F80346002B02D000233B6000E000BF14
:103C20003B6803F0F00318460837BD4680BD00BF6F
:103C30002020001880B58AB002AF78607B6800222F
:103C40001A6000F07FFE0346BB83BB8B002B01D0C4
:103C5000BB8BCCE007F1080310220021184601F0CD
:103C6000D6FC0023019307F10803009304230022EC
:103C70000221002000F06AF903467B837B8B002B36
:103C800005D0002000F03AFB40F20343AFE03A8950
:103C90007B8913439BB2002B07D03A897B89534021
:103CA0009BB24FF6FF72934202D040F204439EE073
:103CB0003B890C2B21D1504B1B78012B1DD10023AC
:103CC000019307F108030433009308230022022123
:103CD000002000F03BF903467B837B8B002B05D053
:103CE000002000F00BFB40F2034380E007F10803E3
:103CF0001846FBF7FFF8002379E03B89042B03D932
:103D00003B89043BFB8301E00023FB83FB8B0833EF
:103D10009AB2002301217868FAF7EFF903467B8312
:103D20007B8B002B2DD07B8B40F2F132934203D062
:103D30007B8B40F2F232934200BF0023019307F1E4
:103D4000080304330093082300220221002000F01E
:103D5000FDF803467B837B8B002B05D0002000F011
:103D6000CDFA40F2034342E0002000F0C7FA0346D8
:103D70007B8307F108031846FBF7BCF840F20543C4
:103D800035E07B681B681846FAF7FCF903460433F4
:103D900007F108010422184601F0BFFCFB8B002B41
:103DA00021D07B681B681846FAF7ECF90346083304
:103DB000FA8B00210191009313460022022100207A
:103DC00000F0C4F803467B837B8B002B0BD00020D4
:103DD00000F094FA7B681B6801211846FAF7ADF9E8
:103DE00040F2034303E00120FFF7D8F9002318460F
:103DF0002037BD4680BD00BFA000002080B588B040
:103E000002AFF8600B467A60FB72F868FFF76CFB54
:103E10000346FB82FB8A002B01D0FB8A22E0FB6871
:103E2000C3F30E03FB60FB7A042B03D1FB6843F45E
:103E30000043FB60FB7A9AB2002301933B1D009381
:103E40001346FA680121012000F080F80346BB8286
:103E5000BB8A002B01D0BB8A04E04FF0C050FFF7B3
:103E600043FB034618461837BD4680BD80B588B071
:103E700002AFF8600B467A60FB727B6800221A7012
:103E8000F868FFF731FB0346FB82FB8A002B01D069
:103E9000FB8A22E0FB68C3F30E03FB60FB7A042B72
:103EA00003D1FB6843F40043FB60FB7A9AB2002322
:103EB00001937B6800931346FA680121002000F00B
:103EC00045F80346BB82BB8A002B01D0BB8A04E0C5
:103ED0004FF0C050FFF708FB034618461837BD46A1
:103EE00080BD80B586B002AFB9607B600346FB73CE
:103EF0001346BB73BB7B9AB2F97B002301933B1D36
:103F000000931346BA68012000F020F803461846D3
:103F10001037BD4680BD80B584B002AF3A601A4606
:103F20000346FB710B46BB711346BB80BA88B97957
:103F3000F879002301933B69009313463A6800F037
:103F400005F8034618460837BD4680BD80B586B0E3
:103F500004AF3A601A460346FB710B46BB71134629
:103F6000BB80BB88012B0DD13B691A78B979F879F0
:103F70003B6901933B7D009313463A6800F01AF8C1
:103F8000034613E0BB883F2B01D9002200E0042246
:103F9000B979F879002303933B7D02933B69019340
:103FA000BB8800933B6800F067F803461846083763
:103FB000BD4680BD80B58CB006AF3A601A46034658
:103FC000FB710B46BB7113467B710023FB60BB7911
:103FD00003F00703DBB203F00303DAB2FB7B62F307
:103FE0000613FB733B68C3F3100303F07F0250001A
:103FF0007A7B02F00102114602460A437A73DA091B
:10400000D2B200210A43BA73DB0B03F0030303F0BF
:104010000301FB7B23F003031A460B461343FB7398
:10402000FB79012B01D1012200E00022FB7B62F32E
:10403000C713FB737B793B73FB68F87907F11002B8
:10404000049297F82020039200220292002201920B
:104050000093012304223421FDF7D2FD0346FB82A5
:104060007B6A002B03D03B69DAB27B6A1A70FB8A49
:1040700018461837BD4680BD80B58AB006AF3B6094
:104080000346FB710B46BB7113467B710023BB607B
:10409000BB7903F00703DBB203F00303DAB2FB7A68
:1040A00062F30613FB723B68C3F31002BB6862F352
:1040B0005923BB60FB7A43F00403FB72FB79012BAD
:1040C00001D1012200E00022FB7A62F3C713FB72E8
:1040D0007B79042B1ED13B8BC3F308039AB23B8937
:1040E00062F308033B81BB687979F8797A6A0492B4
:1040F00097F8202003923A8B0292FA69019200937A
:1041000040230A463521FDF77BFD0346FB81FB89F1
:10411000002B38E03B8B9B099BB2C3F308039AB298
:104120003B8962F308033B813B89C3F308039BB2DD
:104130009B011A463B8B9A420BD23B89C3F308037F
:104140009BB20133C3F308039AB23B8962F30803BD
:104150003B81FB7A43F00803FB72BB687979F879FD
:104160007A6A049297F8202003923A8B0292FA69B5
:104170000192009340230A463521FDF741FD034695
:10418000FB81FB89002B00BFFB8918461037BD4619
:1041900080BD000080B588B000AF0023FB71002116
:1041A000002000F014FD03467B837B8B002B01D0A5
:1041B0007B8B97E00021012000F009FD03463B8343
:1041C0003B8B002B01D03B8B8CE00021012000F0C9
:1041D00070FD0346FB82FB8A002B01D0FB8A81E045
:1041E00000F0A8FB0346BB82BB8A002B01D0BB8A30
:1041F00078E0FFF777F803467B827B8A0A2B01D1B0
:104200007B8A6FE07B8A002B01D07B8A6AE0FFF714
:1042100079F803463B823B8A002B01D03B8A61E060
:104220000021002000F045FD0346FB81FB89002BA7
:1042300001D0FB8956E0002000F08AFC03467B8217
:104240007B8A002B01D07B8A4CE00023FB6105E0D8
:104250000120FEF733FFFB690133FB61FB1D0122E7
:104260002249012000F082F803467B827B8A002BE2
:1042700007D1FB795BB2002B03DBFB69B3F5FA7F57
:10428000E6D3FB69B3F5FA7F01D302232AE07B8AE8
:10429000002B01D07B8A25E0F02204211448FFF78F
:1042A000ADFD0346BB81BB89002B01D0BB8919E062
:1042B000032201210F48FFF7A1FD03467B817B8983
:1042C000002B01D07B890DE0082301220A4901203F
:1042D000FFF707FE03463B813B89002B01D03B895A
:1042E00000E0002318462037BD4680BD0E000100C7
:1042F00024200018342000180800010080B584B084
:1043000000AF0346FB710223012206210020FFF7C4
:10431000E8FD0346FB81FB89002B01D0FB891CE0F3
:10432000012301220F490120FFF7DBFD0346BB817A
:10433000BB89002B01D0BB890FE0FB79012B0BD18E
:10434000012201210848FFF759FD03467B817B8943
:10435000002B01D07B8900E0002318461037BD46B2
:1043600080BD00BF0D0001004020001880B586B060
:1043700002AFB9607B600346FB731346BB73BB7B24
:104380001A460021786801F042F9BB7B9AB2F97BAA
:10439000002301937B6800931346BA680020FFF75F
:1043A000D5FD034618461037BD4680BD80B500AF29
:1043B000082204210248FFF721FD0346184680BD6C
:1043C0004020001880B483B000AF0346FB71FB7936
:1043D000002B03D0064B01221A7002E0044B00228E
:1043E0001A70002318460C37BD465DF8047B7047F1
:1043F0006D22012080B400AF034B1B781846BD46E8
:104400005DF8047B704700BF6D22012080B400AFCF
:1044100000231846BD465DF8047B704780B400AFAA
:1044200000231846BD465DF8047B704780B584B014
:1044300000AF0346FB71FB79012B33D10F2301221F
:104440001B490120FFF74DFD0346FB81FB89002B33
:1044500001D0FB8927E00023012216490120FFF744
:1044600040FD0346BB81BB89002B01D0BB891AE00C
:104470000223012210490120FFF733FD03467B810F
:104480007B89002B01D07B890DE0022304220B499C
:104490000120FFF726FD03463B813B89002B01D01D
:1044A0003B8900E0002318461037BD4680BD00BFA1
:1044B0000500010006000100070001006C00001863
:1044C00080B400AF00BFBD465DF8047B70470000BC
:1044D00080B592B000AF0346FB710023A7F84630C9
:1044E00000233B6400233B640223012202210020BD
:1044F000FFF7F7FC0346FB87FB8F002B01D0FB8FF8
:10450000E1E13B6C002B02D00120FEF7D7FD07F163
:104510000D03012202210020FFF728FF0346BB877D
:10452000BB8F002B01D0BB8FCDE13B6C01333B64D3
:104530003B6CB3F5FA7F01D30223C4E17B7B022BF2
:10454000D2D107F10D03012207210020FFF70EFF52
:1045500003467B877B8F002B01D07B8FB3E17B7B76
:1045600023F0030343F00203012207210020FFF799
:10457000B8FC03463B873B8F002B01D03B8FA2E169
:1045800000233B640BE00120FEF798FD3B6C0133F8
:104590003B643B6CB3F5FA7F01D3022393E14023E4
:1045A000012210210020FFF79CFC0346A7F84630AB
:1045B000B7F84630002B14D107F10D03012210216A
:1045C0000020FFF7D3FE0346A7F84630B7F8463081
:1045D000002B06D17B7B402B03D03B6CB3F5FA7FDD
:1045E000D1D3B7F84630FB86FB8E002B01D0FB8E73
:1045F00069E14023012210210020FFF772FC0346ED
:10460000BB86BB8E002B01D0BB8E5CE14023012218
:104610004FF488710020FFF764FC03467B867B8E95
:10462000002B01D07B8E4EE1402301224FF4047118
:104630000020FFF756FC03463B863B8E002B01D043
:104640003B8E40E10023012240F211210020FFF7C0
:1046500048FC0346FB85FB8D002B01D0FB8D32E12E
:104660000723012204210020FFF73BFC0346BB8502
:10467000BB8D002B01D0BB8D25E1FDF733FC03463C
:104680007B857B8D002B01D07B8D1CE100233B645F
:1046900005E00120FEF712FD3B6C01333B6407F19E
:1046A0000D03012203210020FFF760FE0346A7F857
:1046B0004630B7F84630002B08D17B7B03F002036D
:1046C000002B03D13B6CB3F5FA7FE2D33B6CB3F51F
:1046D000FA7F01D30223F6E0B7F846303B853B8DE5
:1046E000002B01D03B8DEEE02923012278490120E7
:1046F000FFF7F7FB0346FB84FB8C002B01D0FB8C00
:10470000E1E000233B6405E00120FEF7D7FC3B6CB1
:1047100001333B6407F10D0301226D490120FFF7CE
:1047200025FE0346A7F84630B7F84630002BEBD1FC
:104730007B7B03F04003002B02D13B6C632BE3D95E
:104740003B6C632B01D90223BDE0B7F84630BB8434
:10475000BB8C002B01D0BB8CB5E0002301225C494F
:104760000120FFF7BEFB03467B847B8C002B01D02E
:104770007B8CA8E00023012256490120FFF7B1FB02
:1047800003463B843B8C002B01D03B8C9BE00623F3
:10479000012202210020FFF7A4FB0346FB83FB8BD1
:1047A000002B01D0FB8B8EE007230122F221002099
:1047B000FFF797FB0346BB83BB8B002B01D0BB8B62
:1047C00081E0FDF753F903461846FFF72FFE034635
:1047D0007B837B8B002B01D07B8B74E0FDF732F960
:1047E00003463B833B8B002B01D03B8B6BE00523C7
:1047F000012204210020FFF774FB0346FB82FB8AA1
:10480000002B01D0FB8A5EE007F10D03012203219A
:104810000020FFF7ABFD0346BB82BB8A002B01D013
:10482000BB8A50E0FFF7B6FC0346A7F84630B7F85E
:104830004630002B02D0B7F8463044E000233B64FA
:1048400005E00120FEF73AFC3B6C01333B6407F1C5
:104850000D03012203210020FFF788FD0346A7F87E
:104860004630B7F84630002BEBD17B7B03F00403D6
:10487000002B03D13B6CB3F57A7FE2D33B6CB3F5ED
:104880007A7F04D3FB79012B01D102231BE000F0D6
:1048900049F803467B827B8A002B01D07B8A12E099
:1048A00000F050F803463B823B8A002B01D03B8A44
:1048B00009E000F099F80346FB81FB89002B01D049
:1048C000FB8900E0002318464837BD4680BD00BF85
:1048D0000E0001000F00010080B500AF002304228C
:1048E0000821002000F0D6F80346184680BD80B5A8
:1048F00082B000AF786008220221786800F0A4F846
:10490000034618460837BD4680BD000080B400AF9E
:10491000034B1B781846BD465DF8047B704700BF0B
:104920006E22012080B400AF00231846BD465DF81A
:10493000047B704780B400AF00231846BD465DF885
:10494000047B704780B584B000AF00237B714FF4C7
:104950007A73FB60224B1B78012B01D100233AE0D4
:10496000FFF754FD03467B817B89002B01D07B89B7
:1049700031E0102301221B490120FFF7B2FA034660
:104980003B813B89002B01D03B8924E07B1D012228
:1049900014490120FFF7EAFC0346FB80FB88002B4B
:1049A00001D0FB8817E0FB68013BFB607B795BB2C1
:1049B000002B06DBFB68002B03D00120FEF77EFBFB
:1049C000E4E7FB68002B02D140F2FE3303E0044B26
:1049D00001221A70002318461037BD4680BD00BF63
:1049E0006E2201200E00010080B582B000AF0E4B98
:1049F0001B78012B13D10C4B00221A7000230122CB
:104A00000A490120FFF76DFA0346FB80FB88002B63
:104A100001D0FB8804E0FFF701FD034600E000231E
:104A200018460837BD4680BD6E2201200E000100E9
:104A300080B400AF034B1B781846BD465DF8047B7D
:104A4000704700BF6F22012080B584B000AF78604E
:104A50000B467B8013463B807B88FB810120FCF763
:104A600067FB0346002B01D100230DE07B68002B80
:104A700001D13B88FB81FB89002219460448FCF7E1
:104A800087FD0346BB81BB8918461037BD4680BDF4
:104A90006470010880B584B000AF786008461146A4
:104AA0001A460346FB700B46BB7013467B70FB78BF
:104AB0007A6819461648FCF76BFD0346FB81FB89B3
:104AC000002B01D0FB891EE097F902307A68194665
:104AD0001048FCF75DFD0346BB81BB89002B01D06C
:104AE000BB8910E07B78FF2B0CD07B787A68194665
:104AF0000948FCF74DFD03467B817B89002B01D0E3
:104B00007B8900E0002318461037BD4680BD00BFFA
:104B100064700108747001088070010880B400AFEF
:104B200000BFBD465DF8047B7047000080B483B0D1
:104B300000AF0346FB71FB79044A52F82330184654
:104B40000C37BD465DF8047B704700BFFC77010859
:104B500080B584B000AF0346FB71FB791846FFF7C0
:104B6000E5FFF860FB6803F5816307F109020121A5
:104B70001846FFF77BF903467B817B89002B01D028
:104B80007B8920E07B7A03F00303012B02D040F203
:104B9000FA3318E0FB6803F5006307F1090201210D
:104BA0001846FFF763F903467B817B89002B01D010
:104BB0007B8908E07B7A03F00103002B02D040F2EE
:104BC000FB3300E0002318461037BD4680BD80B59A
:104BD00084B000AF03460A46FB711346BB71FB79F4
:104BE0001846FFF7A3FFF860FB6803F5006307F1C1
:104BF000090201211846FFF739F903467B817B89B9
:104C0000002B01D07B8950E0FB6803F5006307F1BE
:104C1000080201211846FFF729F903467B817B89A9
:104C2000002B01D07B8940E03B7A03F00103002B8D
:104C300001D0002339E0FB6803F58160BB79012BCB
:104C400001D1202300E000231A460121FFF7D6F806
:104C500003467B817B89002B01D07B8925E0FB68A3
:104C600003F5816307F1090201211846FFF7FEF8F9
:104C700003467B817B89002B01D07B8915E00120D5
:104C8000FEF71CFAFB6803F50063012201211846B8
:104C9000FFF7B4F803467B817B89002B01D07B8929
:104CA00003E00120FEF70AFA7B8918461037BD465B
:104CB00080BD80B584B000AF03460A46FB71134641
:104CC000BB71FB791846FFF731FFF860BA79FB79C1
:104CD00011461846FFF77BFF03467B817B89002B3B
:104CE00001D07B895DE0FB6803F58160BB79012B16
:104CF00001D1232300E003231A460121FFF77EF8A8
:104D000003467B817B89002B01D07B8949E0FB68CE
:104D100003F5816307F1090201211846FFF7A6F8A0
:104D200003467B817B89002B01D07B8939E0FB68BE
:104D300003F50063002201211846FFF75FF80346E0
:104D40007B817B89002B01D07B892AE00120FEF743
:104D5000B5F9FB6803F58160BB79012B01D12123F3
:104D600000E001231A460121FFF748F803467B8142
:104D70007B89002B01D07B8913E0FB6803F58163FD
:104D800007F1090201211846FFF770F803467B81FD
:104D90007B89002B01D07B8903E00120FEF78EF98F
:104DA0007B8918461037BD4680BD80B485B000AF02
:104DB000B9607A603B600346FB734FF47F7318461B
:104DC0001437BD465DF8047B7047000080B483B0A3
:104DD00000AF03463960FB71FB79002B04D1084B0F
:104DE0005A683B681A6003E03B6840F2C5321A60BB
:104DF000002318460C37BD465DF8047B704700BFA2
:104E0000B4BE040880B586B002AFB9607A603B607A
:104E10000346FB73FB7B002B09D17B680093BB69C6
:104E20003A68B9680E4800F01FF8034613E0BB6803
:104E3000C3F5717301333A689A4228BF1A46BB69B9
:104E40001A60BB68074A9918BB691B681A467868DC
:104E500000F063FC002318461037BD4680BD00BF3C
:104E6000B4BE04080878010880B584B000AFF860CB
:104E7000B9607A603B60FB685B68BA689A4202D9A5
:104E800040F6A17318E0FB685A68BB68D21A7B68C9
:104E90009A4228BF1A463B681A60FB681B78002BB1
:104EA00009D1FB689A68BB68D1183B681B681A4631
:104EB000B86900F032FC002318461037BD4680BDAB
:104EC0002DE9F04782B00646DDF828E00846B446F2
:104ED0000D46002B4ED18A4214466DD9B2FA82F2A9
:104EE00042B1C2F12003954026FA03F394401D43DA
:104EF00006FA02FC260CA7B2B5FBF6F14FEA1C43FA
:104F000006FB115543EA054301FB07F0984209D916
:104F1000E31801F1FF3580F00381984240F20081EF
:104F2000023923441B1A1FFA8CFCB3FBF6F006FB74
:104F300010334CEA034C00FB07F363450AD914EB2A
:104F40000C0C00F1FF3580F0ED80634540F2EA8003
:104F5000A444023840EA0140ACEB030C0021BEF14E
:104F6000000F04D02CFA02F30022CEE9003202B086
:104F7000BDE8F0878B4209D9BEF1000F01D0CEE920
:104F800000610021084602B0BDE8F087B3FA83F162
:104F9000174600294DD1834202D3B24200F20F815D
:104FA000B6EB070C60EB030301201D46BEF1000FBA
:104FB000DDD0CEE900C5DAE7002A00F098801A4675
:104FC000B4FA84F3002B40F0AF800B1B270CA6B281
:104FD0000121B3FBF7F54FEA1C4007FB153340EA0C
:104FE000034306FB05F8984507D9E31805F1FF30A0
:104FF00002D2984500F2E8800546A3EB08031FFAA9
:105000008CFCB3FBF7F007FB10334CEA034C06FBB8
:1050100000F3634508D914EB0C0C00F1FF3602D203
:10502000634500F2CE803046ACEB030C40EA05400D
:1050300095E7C1F120058B4022FA05FC4CEA030CF0
:1050400000FA01F426FA05F3E84002FA01F943EA0E
:1050500004084FEA1C4206FA01FAB0FBF2F71FFA05
:105060008CF602FB17004FEA184444EA004407FBA1
:1050700006F0A0420AD91CEB040407F1FF3380F0CC
:105080009C80A04240F29980023F6444241A1FFA97
:1050900088F3B4FBF2F002FB104443EA044300FB44
:1050A00006F69E4209D91CEB030300F1FF3480F0A1
:1050B00082809E427FD90238634440EA0740A0FBC9
:1050C00009749B1BA3423E46A04664D361D0BEF147
:1050D000000F0AD0BAEB060263EB080303FA05F5EA
:1050E000CA401543CB40CEE9005300213FE7730887
:1050F00043EAC1734A08190C41EA02414FEAC67CEF
:105100009BB2B2FBF4F02646A04627461F2243EA94
:105110000143B1FBF4F1A3EB080341EA004158E776
:105120002946FFE6284615E71A46C3F120019C40B0
:1051300026FA01F320FA01F190400343270C06FA06
:1051400002FCB1FBF7F0A6B207FB1015190C41EAFF
:10515000054100FB06F58D423BD9611801D28D4215
:1051600020D8491B0138B1FBF7F5019505FB06F87E
:10517000019D9BB207FB151143EA0143434526D22B
:10518000E31805F1FF31C6D24345C4D2A91E23441A
:10519000C1E7BA459BD2B7EB090664EB0C040138B2
:1051A000A04694E7651B29440238B1FBF7F5019549
:1051B00005FB06F8DCE720467FE71F4666E7084662
:1051C000F4E6A44402382FE7023D234415E7019991
:1051D000A1E7491BB1FBF7F5019505FB06F8C7E709
:1051E0000028B8BF4042704770B50F4C0E4621688A
:1051F000054611B900F048FA20603146284600F013
:1052000043FA431C03D14FF0FF34204670BDC41C49
:1052100024F00304A042F8D0211A284600F034FA02
:105220000130F2D1EFE700BF702201202DE9F843F1
:10523000CD1C25F0030508350C2D38BF0C25002D9D
:10524000064601DBA94204D90C2333600020BDE8E7
:10525000F883334FFDF772FF3B681C463CBB294681
:105260003046FFF7C1FF431C044656D13C68A046B8
:10527000B8F1000F40D1002C49D023684146304698
:1052800004EB030900F000FA814540D121686D1A52
:1052900029463046FFF7A8FF013038D023682B4459
:1052A00023603B685A685ABBC7F800800EE022684A
:1052B000521B1ED40B2A16D96119A342256018BFB0
:1052C0005960636808BF396062514B603046FDF732
:1052D00057FF04F10B00231D20F00700C21A1CBF6A
:1052E0001B1AA350B3E76268A3420CBF3A605A602E
:1052F000ECE723466468B1E74446D8F80480B7E792
:105300001A465B68A342FBD100235360DEE70C23FF
:1053100033603046FDF734FF98E70560D6E700BFFD
:1053200074220120002310B50446C0E90033C0E90F
:105330000433836081814366C281836119460822F8
:105340005C3000F064F90D4B63620D4BA3620D4BB2
:10535000E3620D4B23630D4B24629C4206D003F1A4
:105360006802944202D0D0339C4205D104F1580027
:10537000BDE8104000F0CEB910BD00BF35550108A2
:10538000575501088F550108B555010878220120AD
:10539000024A0349034800F06BB800BFB000002088
:1053A00039610108C000002041680C4B994210B5DA
:1053B000044601D000F0C0FEA168094B994202D01A
:1053C000204600F0B9FEE168064B994204D0204621
:1053D000BDE8104000F0B0BE10BD00BF7822012033
:1053E000E02201204823012010B50A4B0A4A1A6026
:1053F0000A4800220421FFF795FF094801220921EC
:10540000FFF790FFBDE81040064802221221FFF787
:1054100089BF00BFB02301209153010878220120E9
:10542000E022012048230120014800F074B900BFA8
:10543000B8230120014800F06FB900BFB823012054
:1054400010B50446FFF7F0FF236A1BB1BDE810401A
:10545000FFF7F0BF044B2362044B1B68002BF5D110
:10546000FFF7C2FFF2E700BFA9530108B0230120F4
:105470002DE9F8438046894614460026D4E9017593
:10548000013F05D52468002CF8D13046BDE8F883EB
:10549000AB89012B07D9B5F90E30013303D029466A
:1054A0004046C84706436835EAE700000FB407B531
:1054B000064904AB086853F8042B8168019300F097
:1054C00007FB03B05DF804EB04B07047BC0000209C
:1054D0000CB430B5154B0C1E1D689DB008DA8B233B
:1054E0002B604FF0FF301DB0BDE8304002B0704778
:1054F0004FF000031B9318BF0123E31A0493079393
:105500000B4B029006900593209A21AB02A92846E6
:10551000019300F0BDF9431CBCBF8B232B60002C12
:10552000E1D0029B00221A70DDE700BFBC00002022
:105530000802FFFF10B50C46B1F90E1000F092F80A
:105540000028ABBF636DA3891B1823F48053ACBF45
:105550006365A38110BD2DE9F0411F468B89DB05F2
:1055600005460C46164605D5B1F90E100223002259
:1055700000F066F8A389B4F90E1023F48053A381D8
:1055800032463B462846BDE8F04100F08DB810B5E4
:105590000C46B1F90E1000F053F8B4F90C30421C6F
:1055A0000BBF23F4805343F48053A381A38118BF1E
:1055B000606510BDB1F90E1000F032B810B50139B8
:1055C0000244904201D1002005E0037811F8014F18
:1055D000A34201D0181B10BD0130F2E7884210B57C
:1055E00001EB020402D98442234607D8431EA1429C
:1055F00007D011F8012B03F8012FF8E7024482428B
:1056000000D110BD13F8011D02F8011DF7E7024497
:105610000346934200D1704703F8011BF9E70000ED
:1056200038B5064C0023054608462360EDF7FAF826
:10563000431C02D1236803B12B6038BDB423012081
:1056400038B5074C054608461146002222601A4626
:10565000EDF7F2F8431C02D1236803B12B6038BD8B
:10566000B423012038B5074C0546084611460022F0
:1056700022601A46EDF7F0F8431C02D1236803B10B
:105680002B6038BDB423012038B5064C00230546F5
:1056900008462360EDF7B8F8431C02D1236803B134
:1056A0002B6038BDB423012038B5074C05460846A9
:1056B0001146002222601A46EDF734F9431C02D14C
:1056C000236803B12B6038BDB423012070B50D4BA6
:1056D0000D4C00261D1BB6EBA50F09D100F09CFE5A
:1056E0000A4C0B4B00261D1BB6EBA50F05D170BD58
:1056F00054F8043B98470136EDE754F8043B9847CB
:105700000136F1E758CD040858CD040858CD0408F7
:105710005CCD04087047704770470A44914200F11D
:10572000FF3300D1704710B511F8014B03F8014F5A
:105730009142F9D110BD000037B5002944D051F88D
:10574000043C0190002BA1F10404B8BFE418FDF75C
:10575000F5FC1E4A0198136833B96360146003B006
:10576000BDE83040FDF70CBDA34208D9256861199A
:105770008B4201BF19685B6849192160EDE71A4641
:105780005B680BB1A342FAD911685518A5420BD139
:10579000246821445418A3421160E0D11C685B685E
:1057A00053600C441460DAE702D90C230360D6E797
:1057B000256861198B4204BF19685B68636004BF88
:1057C000491921605460CAE703B030BD742201203A
:1057D0002DE9F0478E681F46BE4282460C46904631
:1057E000334653D8B1F90C0010F4906F2BD0656993
:1057F0002368096905EB4505A3EB010905EBD575A0
:105800007B1C6D104B44AB422A4684BF1D462A4682
:10581000430527D511465046FFF708FD064658B305
:1058200021694A46FFF779FFA38923F4906343F087
:105830008003A381266165614E44A5EB09052660BE
:10584000A5603E463B461F4620683A464146FFF764
:10585000C5FEA3689B1BA36023683B442360002014
:10586000BDE8F087504600F021FD06460028E1D152
:1058700021695046FFF760FF0C23CAF80030A38966
:1058800043F04003A3814FF0FF30E9E73E46DBE7FA
:105890002DE9F0471F468B891B069CB006460D4636
:1058A000144610D50B6973B94021FFF7BFFC28607F
:1058B000286130B90C2333604FF0FF301CB0BDE8D5
:1058C000F08740236B610023099320238DF8293052
:1058D00003973023654F8DF82A304FF00108234697
:1058E0001A7899461AB1252A03F10103F8D1B9EBC8
:1058F000040A0BD05346224629463046FFF768FF7C
:10590000013000F0A380099A5244099299F80030BE
:10591000002B00F09B8000224FF0FF33CDE90532D1
:1059200009F10109049207928DF853201A924C460E
:10593000052214F8011B4D48EAF772FF049AD0B90A
:10594000D00644BF20238DF85330110744BF2B23CA
:105950008DF8533099F800302A2B13D007994B4615
:1059600000204FF00A0C1A78303A092A1C464AD90E
:10597000A8B1079113E0C01B08FA00F0104304908F
:10598000A146D4E7039B191D1B680391002BBBBFE5
:105990005B4242F0020207930793B8BF0492237858
:1059A0002E2B0AD163782A2B32D1039B1A1D1B6838
:1059B000039243EAE37302340593DFF8C090217841
:1059C00003224846EAF72CFF38B1049BA0EB0900FC
:1059D00040228240134301340493217824488DF8F7
:1059E00028100622EAF71CFF002835D0214818BBF2
:1059F000039B073323F0070308330393099B0344F6
:105A0000013409936BE701330CFB01210120AAE764
:105A100000230593611C18464FF00A0C0A78303AAF
:105A2000092A0C4603D9002BC7D00590C5E70131E0
:105A30000CFB00200123F1E703AB00932A460E4B39
:105A400004A93046AFF30080421CD7D1AB895B0676
:105A50003FF532AF099831E703AB00932A46064B76
:105A600004A9304600F0BEF9EEE700BFC4BE04084A
:105A7000CEBE040800000000D1570108CABE0408C9
:105A80009368013B002B10B4936007DA9469A3423A
:105A900001DB0A2902D110BC00F076BB1368581C48
:105AA00010601970084610BC7047F8B506460F46DE
:105AB0001446D518AC4201D1002007E014F8011BB0
:105AC0003A463046FFF7DCFF431CF3D1F8BD000037
:105AD0002DE9F04706469CB00D4614461F4618B106
:105AE000036A0BB9FFF7ACFC6B6ED90705D4AB8921
:105AF0009A0502D4A86DFFF70EFEAB891B0701D5EE
:105B00002B699BB92946304600F07CFB70B16B6E67
:105B1000DE0704D54FF0FF301CB0BDE8F087AB893D
:105B20009C05F7D4A86DFFF7F7FDF3E70023099371
:105B300020238DF82930039730236A4F8DF82A30BF
:105B40004FF0010823461A7899461AB1252A03F125
:105B50000103F8D1B9EB040A0BD05346224629467B
:105B60003046FFF7A2FF013000F0A380099A5244AB
:105B7000099299F80030002B00F09B8000224FF032
:105B8000FF33CDE9053209F10109049207928DF83E
:105B900053201A924C46052214F8011B5148EAF78B
:105BA0003FFE049AD0B9D00644BF20238DF853306D
:105BB000110744BF2B238DF8533099F800302A2B5E
:105BC00013D007994B4600204FF00A0C1A78303A50
:105BD000092A1C464AD9A8B1079113E0C01B08FA4C
:105BE00000F010430490A146D4E7039B191D1B68E5
:105BF0000391002BBBBF5B4242F002020793079365
:105C0000B8BF049223782E2B0AD163782A2B32D185
:105C1000039B1A1D1B68039243EAE3730234059346
:105C2000DFF8D090217803224846EAF7F9FD38B131
:105C3000049BA0EB090040228240134301340493EB
:105C4000217829488DF828100622EAF7E9FD002876
:105C50003ED0264818BB039B073323F007030833C5
:105C60000393099B0344013409936BE701330CFB55
:105C700001210120AAE700230593611C18464FF07B
:105C80000A0C0A78303A092A0C4603D9002BC7D0EF
:105C90000590C5E701310CFB00200123F1E703ABC0
:105CA00000932A46124B04A93046AFF30080431CF0
:105CB000D7D16B6ED90705D4AB899A0502D4A86DEC
:105CC000FFF72AFDAB895B063FF524AF099823E770
:105CD00003AB00932A46064B04A9304600F082F835
:105CE000E5E700BFC4BE0408CEBE04080000000003
:105CF000AB5A0108CABE04082DE9F0479146984600
:105D00008A680B69089E9342B8BF1346C9F80030F1
:105D100091F8432007460C4612B10133C9F8003010
:105D20002368990642BFD9F800300233C9F8003021
:105D3000256815F0060507D104F1190AE368D9F8BA
:105D400000209B1AAB4229DC94F843302268003BC8
:105D500018BF012392062ED404F14302414638466F
:105D6000B047013021D02368A168226903F00603FF
:105D7000042B01BFE568D9F80030ED1A25EAE57576
:105D800018BF00258B1A2B449142C8BF1D464FF007
:105D900000091A344D451AD1002008E0012352466B
:105DA00041463846B047013003D14FF0FF30BDE8DF
:105DB000F0870135C2E7E1185A1C302081F8430012
:105DC000224494F8451082F843100233C4E70123BB
:105DD000224641463846B0470130E6D009F1010974
:105DE000D8E700002DE9F04398460B7E85B0782B6C
:105DF000174606460C9A0C4609D8622B01F143015E
:105E000008D8002B00F0DC80582B00F0BD8004F196
:105E1000420539E0A3F163001528F8D801A555F82B
:105E200020F000BF7D5E0108915E01080F5E010851
:105E30000F5E01080F5E01080F5E0108915E010808
:105E40000F5E01080F5E01080F5E01080F5E01087A
:105E5000A15F0108BD5E01084F5F01080F5E0108E8
:105E60000F5E0108C95F01080F5E0108BD5E0108F1
:105E70000F5E01080F5E0108575F01081368191DC6
:105E80001B68116004F1420584F842300123A8E048
:105E900013682568181D1060280601D51B6803E0EB
:105EA0006A06FBD5B3F90030002B03DA2D225B42E2
:105EB00084F84320DFF878C10A2213E025681068CF
:105EC00015F0800F50F8043B02D16D0648BF9BB21D
:105ED0001060227EDFF858C16F2A5DD108220020B1
:105EE00084F843006568A560002D05DB20681D432C
:105EF00020F00400206051D00D46B3FBF2F002FB0D
:105F0000103E9A421CF80EE005F801ED0346F4D964
:105F1000082A0BD12368DA0708D5236962689A42F8
:105F2000DEBF302305F8013C05F1FF35491B216137
:105F3000CDF800803B4603AA21463046FFF7DCFE41
:105F4000013053D14FF0FF3005B0BDE8F083236836
:105F500043F020032360DFF8DCC0782384F8453069
:105F60002068156810F0800F55F8043B03D110F03D
:105F7000400F18BF9BB21560C50744BF40F020001A
:105F8000206023B11022AAE7DFF8A4C0E6E7226868
:105F900022F020022260F5E70A22A0E70D46B7E7CB
:105FA0001368D4F800C060691D1D15601CF0800FD7
:105FB0001B6801D0186003E01CF0400FFAD0188075
:105FC000002323610D46B3E71368191D11601D6896
:105FD000626800212846EAF723FC08B1401B606094
:105FE00063682361002384F84330A1E723692A46CC
:105FF00039463046C0470130A4D023689B0714D4EB
:10600000E068039B9842B8BF18469DE7012304F15E
:10601000190239463046C047013093D00135E36854
:1060200003995B1AAB42F1DCEAE70025F7E700BF12
:10603000D5BE0408E6BE0408B1F90C202DE9F041F4
:10604000160705460C4651D44B68002B02DC0B6C3E
:10605000002B49DDE66A002E46D0002312F4805260
:106060002F682B6031D0626DA389590705D563680D
:10607000D21A636B0BB1236CD21A0023E66A216A31
:106080002846B047421CB4F90C3006D129681D29B6
:1060900045D8284ACA40D60741D500226260D904B3
:1060A0002269226004D5421C01D12B6803B96065C6
:1060B000616B2F60C1B104F14403994202D02846BC
:1060C000FFF73AFB002363630EE0216A01232846B1
:1060D000B0470246501CC7D12B68002BC4D01D2BE3
:1060E00001D0162B1AD12F6000201DE00F69002F60
:1060F000FAD093070E6808BF4B690F6018BF0023E2
:10610000A6EB07088B60B8F1000FEDDD216AA66AE7
:1061100043463A462846B047002807DCA38943F0A7
:106120004003A3814FF0FF30BDE8F0810744A8EBA6
:106130000008E8E70100402038B50B6905460C4629
:1061400013B91D46284638BD18B1036A0BB9FFF7CD
:1061500077F9B4F90C30002BF3D0626ED00704D479
:10616000990502D4A06DFFF7D6FA28462146FFF71D
:1061700063FF636EDA070546E4D4A3899B05E1D487
:10618000A06DFFF7C9FADDE7F8B505460F461446DE
:1061900018B1036A0BB9FFF753F9A369A360A38988
:1061A0001A0701D5236943B92146284600F02AF889
:1061B00018B14FF0FF363046F8BD23692068C01A89
:1061C0006369834205DC21462846FFF7B5FF0028B6
:1061D000EFD1A368013BA36023685A1C22601F70A3
:1061E000636901308342FEB204D0A389DB07E2D5A4
:1061F0000A2EE0D121462846FFF79EFF0028DAD07C
:10620000D7E7000038B5284B054618680C4618B18A
:10621000036A0BB9FFF714F9B4F90C30190720D44D
:10622000DA0607D409222A6043F04003A3814FF025
:10623000FF3031E0580711D5616B41B104F14403DF
:10624000994202D02846FFF777FA002363630022C1
:10625000A38962602269226023F0240343F00803CB
:10626000A38123694BB9A38903F42073B3F5007F9D
:1062700003D02146284600F06BF8B4F90C3013F037
:1062800001020AD00022A26062695242A261226920
:1062900042B913F08000C7D138BD990758BF626971
:1062A000A260F4E70020F7E7BC0000202DE9F041F0
:1062B000074615460C4621B9BDE8F0411146FEF7E8
:1062C000B5BF2AB9FFF738FA2C462046BDE8F08161
:1062D00000F09AF88542064602D8B5EB500FF4D884
:1062E00029463846FEF7A2FF804608B94446ECE747
:1062F000B5422A46214628BF3246FFF70EFA21460C
:106300003846FFF719FAF1E770B50E46B1F90E10ED
:10631000002996B014461D460ADAB28912F08002AE
:1063200013D14FF4806100202A60216016B070BD47
:106330006A4600F047F80028EFDB019A02F4704249
:10634000A2F500535A425A41EBE700224021EAE706
:106350008B8973B59E0705460C4607D504F14703A4
:10636000236023610123636102B070BD01AB6A4603
:10637000FFF7CAFF009E28463146FEF757FFB4F9E3
:106380000C3038B99A05EFD423F0030343F002032D
:10639000A381E3E743F08003A381019B2060C4E96C
:1063A0000406002BE0D0B4F90E10284600F01CF8CB
:1063B0000028D9D0A38923F0030343F00103A3816C
:1063C000D2E7000038B5074C0023054608461146C1
:1063D0002360ECF72AFA431C02D1236803B12B6037
:1063E00038BD00BFB423012038B5064C0023054654
:1063F00008462360ECF71EFA431C02D1236803B160
:106400002B6038BDB423012051F8043C181F002B29
:10641000BCBF0B58C0187047F8B500BFF8BC08BC2B
:106420009E467047F8B500BFF8BC08BC9E46704752
:10643000DACC0408DECC0408E2CC0408E6CC04087C
:10644000EACC0408EECC0408F2CC0408F6CC04082C
:10645000FACC0408FECC040802CD040806CD0408DA
:106460006275733A7478676C6F6D00006170737455
:1064700061000000636F756E747279006576656EF9
:10648000745F6D73677300000010180062737363AC
:1064900066673A6576656E745F6D736773000000BA
:1064A0006273736366673A6576656E745F6D736772
:1064B000735F65787400000057574400657363612B
:1064C0006E0000007363616E5F6173736F635F746E
:1064D000696D65007363616E5F756E6173736F6381
:1064E0005F74696D650000007363616E5F70617356
:1064F000736976655F74696D650000007363616E32
:106500005F686F6D655F74696D6500007363616ED0
:106510005F6E70726F626573000000006A6F696E73
:106520000000000025733A20494E56414C49442052
:10653000494E544552464143450A00006D6670007D
:106540006273736366673A7375705F77706100009A
:106550006273736366673A7375705F777061325FF9
:10656000656170766572000025733A20426164208F
:10657000696E7465726661636520320A000000000E
:106580004661696C656420746F20676574206D6175
:1065900078206E756D626572206F66206173736F0F
:1065A00063696174656420636C69656E74730A0065
:1065B000556E61626C6520746F20616C6C6F6361F5
:1065C0007465206D656D6F727920666F72206173DE
:1065D000736F63696174656420636C69656E74735D
:1065E000206C6973740A00004661696C65642074EC
:1065F0006F2067657420636C69656E74206C6973C5
:10660000740A0000446561757468656E746963613D
:1066100074696E6720535441204D41433A20252E22
:1066200032583A252E32583A252E32583A252E32F3
:10663000583A252E32583A252E32580A00000000CA
:106640004661696C656420746F2064656175746867
:1066500020636C69656E740A00000000726D5F72E1
:106660006571000025733A556E61626C6520746F28
:1066700020616C6C6F632072657175657374206244
:1066800075666665720A000025733A2073656E644C
:106690005F696F766172207265715F627566204610
:1066A00041494C2025640A00726D5F7265700000DC
:1066B00025733A204661696C656420746F206765B4
:1066C0007420494F5641522062756620666F7220D1
:1066D000726D5F7265702E0A0000000025733A200B
:1066E00043616E277420676574207265706F7274E1
:1066F0002062756666657220282564290A000000FC
:1067000025733A207265705F656C742E6C656E201F
:10671000756E6578706563746564206C656E20289D
:10672000256C75290A00000025733A204368616EC4
:106730002025643A20466C61677320307825780AFA
:106740000000000025733A204368616E2025643AFA
:10675000204475726174696F6E20256C6420213D40
:1067600020657870656374656420256C640A000098
:1067700025733A204368616E6E656C206D69736D98
:10678000617463683A2053656E7420256C752C2003
:1067900052782765642025640A00000025733A209A
:1067A000526571756573746564206368616E6E65AA
:1067B0006C7320256C64206368616E73206F6E6C4F
:1067C0007920676F742025640A00000025733A2041
:1067D0006576656E745F6865616465723A204261D2
:1067E0006420696E746572666163650A000000006A
:1067F000435341206576656E74203D3E2063686199
:106800006E2025640A000000637361006375725F87
:10681000657468657261646472000000706D325F57
:10682000736C6565705F726574000000706D5F6CFD
:10683000696D697400000000496F76617220272538
:10684000732720696E746572666163652025640A2A
:1068500000000000496F63746C20256C753B206953
:106860006E746572666163652025640A000000002D
:1068700046572076616C75653A20307825780A0095
:1068800046572076616C75653A20756E6B6E6F7732
:106890006E2028657272202564290A007174787050
:1068A0006F77657200000000547820506F77657232
:1068B00020746F6F206C617267652C207365742083
:1068C000746F206C657373207468616E203332645A
:1068D000626D200A0000000062636E5F6C695F6297
:1068E000636E000062636E5F6C695F6474696D0063
:1068F0006173736F635F6C697374656E0000000091
:10690000647574796379636C655F6F66646D0000AC
:10691000647574796379636C655F63636B00000011
:106920006D636173745F6C6973740000726F616D85
:106930005F6F6666000000006273736366673A7794
:10694000696669616374696F6E000000776D655FE9
:1069500061635F7374610000616C6C6D756C746968
:10696000000000006273736366673A766E64725F5C
:10697000696500006164640064656C0000010100E9
:1069800002020303636F756E74657273000000008A
:1069900064756D7000000000616D7064755F636CFC
:1069A0006561725F64756D7000000000615F726107
:1069B0007465000062675F72617465006E72617475
:1069C000650000006E6D6F6465000000706B745FA1
:1069D00066696C7465725F6D6F646500706B745F7F
:1069E00066696C7465725F6164640000706B745FEB
:1069F00066696C7465725F64656C6574650000003F
:106A0000706B745F66696C7465725F656E61626CF1
:106A100065000000706B745F66696C7465725F730B
:106A20007461747300000000706B745F66696C744D
:106A300065725F636C6561725F737461747300008B
:106A4000706B745F66696C7465725F6C69737400F7
:106A50006D6B6565705F616C697665006D6178610D
:106A600073736F6300000000696E746F6C343000E4
:106A70006D696D6F5F62775F636170007361655F01
:106A800070617373776F72640000000072726D0042
:106A900072726D5F62636E5F7265710072726D5FBC
:106AA00063686C6F61645F726571000072726D5F24
:106AB0006E6F6973655F72657100000072726D5F61
:106AC0006672616D655F72657100000072726D5F64
:106AD000737461745F72657100000000636170001F
:106AE00072726D5F6E62725F6C6973740000000099
:106AF00072726D5F6E62725F64656C5F6E6272006F
:106B000072726D5F6E62725F6164645F6E6272006A
:106B100072726D5F6C6D5F726571000072726D5F95
:106B20006E62725F726571006662746F7665726420
:106B3000730000006662745F63617000204F7065CF
:106B40006E000000205745500000000020575041C3
:106B500033000000205750413200000020575041C0
:106B600000000000204145530000000020544B4924
:106B700050000000205348415245440020456E74A7
:106B800065727072697365002057505300000000F1
:106B900020464254000000002049425353000000A8
:106BA00020556E6B6E6F776E000000002050534BC7
:106BB000000000004164686F63000000496E667267
:106BC00061000000416E7900556E6B6E6F776E004C
:106BD0004D657368000000003F00000025357320FC
:106BE00000000000253032583A253032583A25301E
:106BF00032583A253032583A253032583A25303218
:106C0000582000004F464620000000002564200068
:106C100020252E3166200000252E31662000000040
:106C20002025336420200000252D32307320000001
:106C300020252D333273200025632563202020205A
:106C4000000000002020202020200000204245419C
:106C5000434F4E0020252D31357300002050524FF8
:106C6000424520000A0000007375705F7770615F15
:106C7000746D6F006273736366673A7375705F77E4
:106C800070615F746D6F00000050F2010000000041
:106C9000766572006D656D7573650000636C6D7669
:106CA000657200006D7063006F7470726177000030
:106CB00072657365745F636E7473000070687972D7
:106CC0006174655F6C6F6700706879726174655F8D
:106CD0006C6F675F73697A65000000007068797295
:106CE0006174655F64756D70000000000000000055
:106CF0000100000000000000000000000100000092
:106D00000100000000000000010000000180000000
:106D1000020000000000000001000000020040002E
:106D20000700000080000000020000000400400096
:106D300007000000800000000400000002002000A6
:106D40000400000004000000020000000400200015
:106D50000400000004000000040000000200200203
:106D600003000000020000000200000004002002F6
:106D700003000000020000000400000002004002C6
:106D80000600000040000000020000000400400275
:106D90000600000040000000040000000600200083
:106DA000040000000400000006000000060040008F
:106DB000070000008000000006000000060020021E
:106DC000040000000400000006000000060040026D
:106DD00007000000800000000600000070666E5F83
:106DE0006164640070666E5F7365740070666E63E4
:106DF0006C6561720000000070666E006E616E006E
:106E00006368616E7370656300000000496E7661AF
:106E10006C6964206368616E6E656C2025750A007C
:106E2000556E61626C6520746F20736574206368B1
:106E3000616E6E656C202575202D206572723A207A
:106E400025750A006D6573685F617574685F70729F
:106E50006F746F00556E61626C6520746F2073658E
:106E600074206D6573685F617574685F70726F74AC
:106E70006F202D206572723A2025750A00000000EF
:106E80006273736366673A777365630062737363F3
:106E900066673A7770615F61757468006D657368E5
:106EA0005F6175746F5F706565720000556E616239
:106EB0006C6520746F20736574206D6573685F6105
:106EC00075746F5F70656572202D206572723A204F
:106ED00025750A006D6573685F6D636173745F7219
:106EE0006562726F00000000556E61626C6520740F
:106EF0006F20736574206D6573685F6D6361737473
:106F00005F726562726F202D206572723A2025755E
:106F10000A0000004572726F7220616C6C6F6361D1
:106F200074696E6720257520627974657320666FB9
:106F300072206173736F6320706172616D730A00F8
:106F4000556E61626C6520746F2073657420696D85
:106F50006F646520746F206D657368202D206572E5
:106F6000723A2025750A0000556E61626C652074C6
:106F70006F207365742061757468202D20657272AE
:106F80003A2025750A000000556E61626C65207418
:106F90006F207365742053534944202D206572720D
:106FA0003A2025750A0000006D6573685F66696C9C
:106FB00074657200556E61626C6520746F20736534
:106FC00074206D6573682066696C7465722D206528
:106FD00072723A2025750A006D6573685F70656589
:106FE000725F7374617475730000000025733A203A
:106FF000416C6C6F63206661696C65640A00000017
:1070000025733A2073656E645F696F7661722066DE
:1070100061696C65640A0000636F756E7472790053
:107020006273730025733A2043616E6E6F74206241
:1070300072696E6720757020696E7465726661632F
:107040006520256C640A00000000000071756575FC
:10705000650000006D616C6C6F635F6D75746578C1
:1070600000000000616D7064755F62615F77736935
:107070007A650000616D7064755F6D706475000005
:10708000616D7064755F72785F666163746F7200C2
:107090006368616E737065630000000000000000AB
:1070A0000000000000000000000000200020002080
:1070B0000020002000000020000000500050005080
:1070C000000000000000000000000050005000F828
:1070D000005000F80050005000000020007800A090
:1070E0000070002800F00020000000C000C8001060
:1070F00000200040009800180000004000A000A000
:10710000004000A80090006800000030003000201F
:1071100000400000000000000000001000200040BF
:10712000004000400020001000000040002000103F
:1071300000100010002000400000002000A8007097
:1071400000F8007000A800200000000000200020CF
:1071500000F80020002000000000000000000000F7
:10716000000000300030002000000000000000009F
:1071700000F8000000000000000000000000000017
:107180000000000000300030000000000008001087
:10719000002000400080000000000070008800987F
:1071A00000A800C8008800700000002000600020D7
:1071B00000200020002000700000007000880008FF
:1071C00000700080008000F8000000F80008001047
:1071D00000300008008800700000001000300050EF
:1071E000009000F800100010000000F8008000F08F
:1071F000000800080088007000000038004000808F
:1072000000F0008800880070000000F80008000806
:1072100000100020004000800000007000880088FE
:1072200000700088008800700000007000880088EE
:1072300000780008001000E00000000000000020BE
:1072400000000020000000000000000000000020FE
:107250000000002000200040000000080010002076
:10726000004000200010000800000000000000F8AE
:10727000000000F8000000000000004000200010A6
:107280000008001000200040000000700088000886
:10729000003000200000002000000070008800A8DE
:1072A00000B800B000800078000000200050008886
:1072B000008800F800880088000000F0008800883E
:1072C00000F00088008800F0000000700088008056
:1072D0000080008000880070000000F000880088B6
:1072E00000880088008800F0000000F8008000801E
:1072F00000F00080008000F8000000F800800080AE
:1073000000F000800080008000000078008800808D
:1073100000800098008800780000008800880088BD
:1073200000F800880088008800000070002000201D
:107330000020002000200070000000380010001025
:10734000001000100090006000000088009000A075
:1073500000C000A000900088000000800080008035
:1073600000800080008000F80000008800D800A89D
:1073700000A800A80088008800000088008800C8D5
:1073800000A800980088008800000070008800882D
:107390000088008800880070000000F000880088E5
:1073A00000F00080008000800000007000880088ED
:1073B000008800A800900068000000F000880088A5
:1073C00000F000A00090008800000070008800809D
:1073D0000070000800880070000000F800A800207D
:1073E0000020002000200020000000880088008885
:1073F00000880088008800700000008800880088ED
:107400000088008800500020000000880088008864
:1074100000A800A800A800500000008800880050C4
:10742000002000500088008800000088008800507C
:107430000020002000200020000000F800080010BC
:1074400000700040008000F800000078004000401C
:107450000040004000400078000000000080004034
:10746000002000100008000000000078000800085C
:107470000008000800080078000000200050008884
:1074800000000000000000000000000000000000FC
:1074900000000000000000F8000000600060002014
:1074A000001000000000000000000000000000606C
:1074B000001000700090007800000080008000B094
:1074C00000C8008800C800B0000000000000007084
:1074D0000088008000880070000000080008006834
:1074E000009800880098006800000000000000700C
:1074F000008800F8008000700000001000280020C4
:10750000007000200020002000000000000000703B
:10751000009800980068000800000080008000B01B
:1075200000C800880088008800000020000000607B
:10753000002000200020007000000010000000105B
:10754000001000100090006000000080008000909B
:1075500000A000C000A000900000006000200020FB
:10756000002000200020007000000000000000D07B
:1075700000A800A800A800A800000000000000B0BB
:1075800000C800880088008800000000000000702B
:10759000008800880088007000000000000000B033
:1075A00000C800C800B000800000000000000068B3
:1075B000009800980068000800000000000000B07B
:1075C00000C80080008000800000000000000078FB
:1075D00000800070000800F000000020002000F88B
:1075E000002000200028001000000000000000889B
:1075F00000880088009800680000000000000088F3
:107600000088008800500020000000000000008872
:10761000008800A800A800500000000000000088BA
:10762000005000200050008800000000000000888A
:10763000008800780008008800000000000000F8C2
:1076400000100020004000F8000000100020002082
:10765000004000200020001000000020002000203A
:10766000000000200020002000000040002000203A
:1076700000100020002000400000004000A8001082
:1076800000000000000000000000000000000000FA
:107690000000010203040607080900009ECC04084C
:1076A000ADCC0408BCCC0408CBCC0408000000001E
:1076B00001020304000000000000000001010101BC
:1076C00001010101010101010101010100000000AE
:1076D000000000000505050505050505050505056E
:1076E0000505050507070707070707070707070732
:1076F000070707070000000010000000030000005B
:10770000060000000C0000002E00000050000000E9
:10771000FFFFFFFF7777645F776966695F70726567
:10772000706172655F6A6F696E0000007777645FF1
:10773000776966695F6C6561766500007769636586
:10774000645F6A6F696E5F6576656E74735F6861AA
:107750006E646C65720000007777645F77696669B4
:107760005F636865636B5F6A6F696E5F7374617492
:10777000757300000200000000000000010000001E
:1077800002000000040000000800000010000000DB
:1077900020000000400000008000000000000240C7
:1077A0000800000000000240090000000000024044
:1077B0000800000000040240000000000004024035
:1077C0000100000000080240000000000008024024
:1077D0000C000000000C0240020000000008024003
:1077E00008000000000802400900000000080240F4
:1077F0000A000000000402400500000000301018DC
:1078000000401018002000186D616E6669643D30FC
:10781000783264300070726F6469643D3078343956
:10782000320076656E6469643D30783134653400C9
:1078300064657669643D30783433343300626F6157
:107840007264747970653D30783035613000626FF4
:107850006172647265763D30783133303100626F29
:107860006172646E756D3D373737007874616C6690
:107870007265713D323630303000626F617264661D
:107880006C6167733D30786130300073726F6D7278
:1078900065763D3300776C3069643D307834333140
:1078A00062006D6163616464723D30303A41303A28
:1078B00035303A65623A33303A613000616132679F
:1078C0003D33006167303D32006D61787032676131
:1078D000303D3638006F66646D3267706F3D3078CA
:1078E0003434343434343434006D63733267706F3D
:1078F000303D307833333333006D63733267706FEC
:10790000313D307836333333007061306D617870DB
:1079100077723D38300070613062303D30783133FD
:1079200033450070613062313D3078464442410059
:1079300070613062323D30784646353300706130D8
:107940006974737369743D363200706131697473A0
:107950007369743D36320074656D705F6261736582
:10796000645F6475747963795F656E3D3100747826
:107970005F647574795F6379636C655F6F66646D6E
:107980003D3130300074785F647574795F6379637A
:107990006C655F63636B3D3130300074785F6F6698
:1079A000646D5F74656D705F303D313135007478A2
:1079B0005F63636B5F74656D705F303D31313500BF
:1079C00074785F6F66646D5F6475747963795F3036
:1079D0003D34300074785F63636B5F647574796302
:1079E000795F303D34300074785F6F66646D5F742A
:1079F000656D705F313D3235350074785F63636B60
:107A00005F74656D705F313D3235350074785F6F3E
:107A100066646D5F6475747963795F313D343000FD
:107A200074785F63636B5F6475747963795F313D0C
:107A300034300074785F746F6E655F706F77657255
:107A40005F696E6465783D34300074785F746F6E82
:107A5000655F706F7765725F696E6465782E6661C9
:107A6000622E333D34380063636B5077724F666625
:107A70007365743D300063636F64653D30007273FD
:107A80007369736D6632673D307861007273736934
:107A9000736D6332673D307833007273736973615D
:107AA0007632673D30783700747269736F32673DA4
:107AB00030006E6F6973655F63616C5F656E6162F4
:107AC0006C655F32673D30006E6F6973655F63613F
:107AD0006C5F706F5F32673D30006E6F6973655F1A
:107AE00063616C5F706F5F32672E6661622E333D3B
:107AF0002D320073776374726C6D61705F32673D15
:107B0000307830353063303530632C307830333076
:107B100061303330612C3078303330613033306154
:107B20002C3078302C30783166660074656D705F6B
:107B30006164643D32393736370074656D705F6D4E
:107B4000756C743D3432350074656D705F713D3114
:107B50003000696E69747869647832673D34350045
:107B60007473736974696D653D310072667265671F
:107B70003033333D307831390072667265673033A7
:107B8000335F63636B3D307831660063636B5077BE
:107B900072496478436F72723D2D3800737075724C
:107BA00061766F69645F656E61626C6532673D31F5
:107BB0000065646F6E7468643D2D36350065646FD2
:107BC00066667468643D2D373100000000000000D7
:107BD0000000000065CA000029C9000029C9000092
:107BE00029C9000029C9000029C9000029C90000CD
:107BF00029C9000029C9000029C9000029C90000BD
:107C000029C9000029C9000029C9000029C90000AC
:107C100029C9000029C9000029C9000029C900009C
:107C200029C9000029C9000029C9000029C900008C
:107C300029C9000029C9000029C9000029C900007C
:107C400029C9000029C9000029C9000029C900006C
:107C50000048004765CA0000000000000000000066
:107C60000000000000000000000000000000000014
:107C70000000000000000000000000000000000004
:107C800000000000000000000000000000000000F4
:107C900000000000000000000000000000000000E4
:107CA00000000000000000000000000000000000D4
:107CB00000000000000000000000000000000000C4
:107CC00000000000000000000000000000000000B4
:107CD000D11E8000B5228000BD248000491F800095
:107CE000F9218000E1FE0000F1208000D120800019
:107CF000594880006948800015648000E162800076
:107D0000296280003D6580008D628000C562800030
:107D1000596380005D6580007D6380009D63800005
:107D20000D668000A961800061618000756080003F
:107D300095608000DD6380009D658000296680007D
:107D4000FD618000B96580001D618000F1658000E3
:107D50009D6680006D658000916C8000CD6B800019
:107D6000316C80008D6B8000556C8000AD6A8000A6
:107D7000C16A8000D56A8000496B80001D6A80005E
:107D8000FD6A8000AD688000C1698000D168800014
:107D9000356B8000B169800039D10000D166800068
:107DA000E16780008D678000CD6780009D6880005E
:107DB000ED678000BD678000A1678000ED668000F0
:107DC00009678000616780004D4880001D48800081
:107DD00085988000DD96800051948000B19B8000E2
:107DE0003994800005988000199880002D988000B3
:107DF000C59B8000D19A8000899D8000D19380002E
:107E0000D9918000ED9A8000452A000075FE00009F
:107E1000952A000051FE0000519B8000BD2A000001
:107E200049A9800099988000F52A000031A88000B7
:107E300005A7800021A28000BD938000DD93800013
:107E4000199E80007D93800045988000E59B80000E
:107E50006DA68000C19C8000C59F8000A19D800010
:107E6000F12B00009DFE0000B1FE000029AA800059
:107E7000B9A9800075AA8000E1A9800039AA800014
:107E80008DAA80005DAA80000DAA8000C5A980008F
:107E90009DA98000A90C8000850D8000C10680008E
:107EA00029088000694680004D468000D944800042
:107EB0004146800021448000F54380001544800045
:107EC000E1438000E14280008546800075448000E7
:107ED0002D448000A9428000F9428000CD438000FB
:107EE000B9458000F54480003945800009008000D4
:107EF0003D00800049018000D10480000D04800015
:107F0000910380004D038000E5038000350380006D
:107F10006503800029028000CD02800051028000AC
:107F200085028000F50280009506800039068000F9
:107F30008105800005068000FD048000690F800037
:107F4000251680001516800045138000151380004B
:107F50002513800009138000351380000D1E80005A
:107F6000F91D8000291D80001D1C8000391C800027
:107F70003116800059138000650E80009513800033
:107F8000B91C8000732800006D190200751D800067
:107F9000990C01003D1D80000D1B8000E910800040
:107FA000790F8000A9168000311480002D11800007
:107FB000A51E8000B11E8000BD1E8000692B8000C0
:107FC000AD28800011298000892B8000FD2B8000C6
:107FD000E128800065288000B52C8000912C80006D
:107FE0001D2B8000752D8000252C80004D308000D9
:107FF000DD2D80005927800031318000FDFD00001B
:108000008D268000C5268000E5248000FD268000A6
:1080100021258000B12A8000652580002528800068
:108020006129800041298000D92980009D29800094
:1080300081298000893080004D2E8000B12B800086
:10804000312C8000E12C8000613280002D328000D4
:10805000C93380004D368000693A8000B535800014
:10806000F9348000A93480003D3380009D338000C6
:10807000013480003536800031388000353A800088
:10808000213A8000AD3280000D338000DD32800067
:10809000953A8000D93780009936800019378000E2
:1080A000593880004938800019398000313D8000FE
:1080B000D53A8000C93C8000E13B8000513D800002
:1080C000D93D8000AD3E8000593F8000994180003D
:1080D00041478000CD5B8000895380002D4D80009A
:1080E000A94C8000E14D8000E94F8000B14F800035
:1080F000C94E80008D4E8000F15180005D5280009D
:10810000D15180002D52800001528000C94F800063
:10811000594C80006D4C8000455B800039568000D2
:10812000155A8000C9588000315A8000815780005C
:10813000F95980001D568000AD5580009155800092
:108140004D5A80002D558000714B80007154800085
:1081500009548000F54D80001D4C8000F94B8000D3
:10816000094C8000114E800015588000E90A01007A
:108170000D290000E5588000555680007D5A80008A
:10818000054F8000354E8000D95580005158800041
:108190009D57800059518000614D8000B14880009A
:1081A0005D5B800081528000494C8000B505010074
:1081B000F15B8000E55C8000E15F8000A55E8000EF
:1081C0007D5E80008D5C8000015C8000A15F80008E
:1081D000895D800005608000395D8000D15E80008F
:1081E000495E8000ED6C8000656D8000DD6D800073
:1081F0000D6D8000296D8000896D8000F96C800014
:10820000D96C80003D6E8000616F8000756E8000CB
:10821000056E8000A974800055758000D5748000BB
:1082200005748000D17C8000457D8000757C8000D5
:10823000117E8000897E8000E97E8000917D800033
:108240003D7E8000517F8000A58180006584800094
:10825000418480008D8380006583800035858000A7
:10826000E58480009D8480002185800075848000E5
:10827000BD8380005D858000BD858000158F8000F6
:10828000918D8000D58980001986800019AB80000F
:108290005DAC8000A1AA8000B5AB80005DAB800022
:1082A000FDB080007DB1800065B080006DAE8000C3
:1082B00085AE8000EDAD800041AF80001DAE800036
:1082C00031B180003DB18000B9AE8000F5B18000D1
:1082D00079B08000FDAD800009B180008DB08000D4
:1082E00049B1800069B180004DAE80003DAE800094
:1082F00095AE800029B38000C9AE8000CDAF80006C
:10830000E5AF800025B080008DAF8000B5B2800061
:10831000FDB2800019B38000EDB080005DAE80003A
:108320002DAE800029B28000A9B08000A1B18000EC
:1083300005B2800039B28000A9AE80007DAF800018
:10834000ADB38000A9BD80009DC1800025C780001D
:10835000DDC8800065CA8000E1CB8000DDCE8000F2
:1083600019CE800099CE800015CF8000052F000027
:108370000DD88000DDD7800091D78000090C010066
:10838000F52D000069D880007DCF800045D98000A0
:10839000D10B010099D18000250B0100F9E080008C
:1083A00071F58000EF300000D1DE8000FFF70000A3
:1083B00009EA8000A1E48000BDF80000E1EC800043
:1083C00011E3800039EA800039E3800099E38000FE
:1083D00029DF8000B7F7000065F70000F3F6000022
:1083E00027F60000F1F50000BDEB8000FD2F000036
:1083F0007530000011F700005DF60000CBF70000BB
:10840000E1E18000A9E9800035F8000041F80000B2
:10841000EDF58000D90081009DF68000C5F7800051
:1084200085FF800045018100D50281004D03810058
:10843000E50081007DF6800081F78000D5F58000A1
:1084400051F9800031FB8000F1F68000F9F58000E1
:1084500041FF8000D9F98000DDFC8000A9F7800091
:108460000D31000059FB80008DF78000A5F98000D8
:10847000790C010029F68000A1F880005DF78000EA
:1084800065F6800095FD80004D320000F502810008
:108490002D02810089018100050181006533000002
:1084A00099FF800019F7800089F68000C1F68000EE
:1084B000550C010085F5800005F78000DDF6800091
:1084C000B1F68000AD6A8100BD6A8100DD2F8100B8
:1084D000E1578100F56D8200A98D82000925820097
:1084E000196E820001AA81005D608200A5378200BA
:1084F000ED69810079598200E55882001D5982009A
:10850000FD6D8100493A810041BC8200E95A820038
:10851000CD608100D59681001D61810029618100B7
:1085200089BF81001DAB8100A93282006339000040
:108530002569810005A6810021AD820029588100AE
:10854000BD3E8100A540810035958100599B810089
:108550003D3682001D4582000928810099A08100D6
:10856000D1288100E93B81008D288100416E820085
:10857000859B8100295D81006D398200FD39820073
:10858000253A820095698100C97A8100915781005E
:108590005D57810075308200852F8200355781003C
:1085A000D12F82002157810049578100F528810091
:1085B00095A882002DA2820089D38100D56B81000D
:1085C0005959810075598100F55A820005AD810025
:1085D000F1D2810039378100ED718100C5968100AB
:1085E0008957820091618200CD618200A958810083
:1085F0001D2782004543820001448200156A8100E4
:10860000614A8100ED4E810071228200055A81008D
:108610004D8A81007549810071248200B149810031
:10862000B144810075AC8200292B8200595281002F
:10863000E12A8200B529820071A7810035A7810057
:1086400001D48100F5BE810055B48100D16A820059
:10865000D19C81009D9C8100959B8100B59D8100EE
:10866000459D8100C59D81006170820009358100B2
:10867000A1AB82008DAB820075AB8200F1938100CB
:108680009968810015D7810071C182007D2B81001E
:10869000E92F81000DB6810025BD82008D4F81003C
:1086A0000D5081008543820031D78100B1BD820029
:1086B00095C182005DB382003B1001008DD1810025
:1086C000A9368100E9BC820029378100E9368100A2
:1086D000A1D68100A53B81006DAB810041B0810036
:1086E000A5F900005BF9000041BD820095BE820043
:1086F000CD2E82009D6B8100CD45820045398100E1
:10870000353B8100BD3A8100F1D58100419F810058
:10871000119F810071A48200ADD58100C13081001C
:10872000A13982004D618100995B8100A5728100B1
:1087300089DA810061BF8100615782008121820056
:10874000A9218200D1AD820009BC8200B5A18100BF
:108750009DCA8100B92F8200D9BB820011308200EE
:108760007DAD8200CDA4810099A48100CDAB8200B3
:1087700015AB8200C1AA8200B998810081A5810051
:10878000D9D08100A9CF8100E93B8200EDCF8100E3
:1087900065D1810079D1810051D0810065D08100FF
:1087A000E521820011228200FF5600005D57000083
:1087B000FD9C81009145820055AE820041B481004C
:1087C00095BD8100F18A8200098B820079D98100F0
:1087D0007D618200CDA4820041918100A13F820091
:1087E0003594820049948200898982005DC18200AB
:1087F000F1C18200D13B8200D5958200E560810005
:108800000920820035FE0000BD3B820075A1820078
:1088100025A58200253B8200E93A8200753A820054
:10882000F1308200B130820071D781004599820019
:1088300091D7810089948200DDC18200A96A8200FB
:10884000256B8200C944810029458100596B810054
:1088500059498100EDAA810069618200AD2482003E
:1088600005368100D535810079D08100A5D0810001
:10887000715C8100E1AD8100EDD0810049C98100CA
:108880004DD88100893D8200492082006596820092
:10889000F925820089CF8100856A820015938200C4
:1088A0002D5D8200E9CA81006D4082006130820046
:1088B00015488200313C810061D68100114E810053
:1088C000D534000041A1810015A6810009998200DC
:1088D000E5C98100B1D7810035C08200294A8100F5
:1088E00041AD8100EDBE82002DBE820005BE82003A
:1088F00079BE820055328100A5958100B159810071
:10890000E547810091528100156381008D3600009A
:108910008D668100592C8100392C8100212E810027
:1089200065358200D5578200352B82009960820020
:10893000016182001D4082001D2082001DD881003F
:10894000A9AC8200F1AB8200F52B820041AE82001F
:10895000D50A0100356A810009AE8200696D820086
:10896000098C8100D58B8100116F8100819081007D
:10897000296C8200DDA18100E92B8100552F820046
:10898000398C8100A55A8200355C820045BB82008B
:1089900091BE81002D6E8100115C8200258A8100CC
:1089A0004D93810089388200D5378200555A810065
:1089B000013882008D038100E9208200E13E8200BF
:1089C000914581002D6D81000D5882002147820064
:1089D000FDCE810011CA810059368200E34F0000AC
:1089E00025CB8100912E81002D2F8100B93A820084
:1089F00059F90000DDA9810031D48100D1B3820092
:108A0000ADA98100D53882008DD88100555E8200E5
:108A1000719A81001541820035DA810019258200A2
:108A200069268200353581001D1001003D718100ED
:108A3000012D810009A282000D238200FD718100B9
:108A4000D960820051728100416182004528810015
:108A5000C12382008D6C81006D23820095478100C7
:108A6000B9D98100B534810075C98100F134810024
:108A70002DBF810059AF8200D93C8100494F810050
:108A8000E5AB810011040100793181000595820078
:108A9000A5500000DD938200A56682000DC881000C
:108AA000095E8100695800001562810091598100BA
:108AB0009553000011498100C1488100B9BF810070
:108AC000A5458200F5598200F1A9820041A68200E5
:108AD00039588200BD428200BDA782004D2282002B
:108AE00071A78200A5A78200E15C8100ED418200B0
:108AF000D1A78200D1688100B5CC810015AF82007A
:108B000095418100E1C8810089AA8100E996810030
:108B10007D2F8100353C000049428200594482008B
:108B2000D90F010031318200614982004D49820034
:108B30000DA58100095E8200253E8200CDCD810019
:108B400029B382002151810045B18200A91D820014
:108B500079BC8200D1568100599D8100999D810088
:108B6000191C8200513F82001D308100C9BD810067
:108B700015388100794A8100DD9B8100199E8100B2
:108B800069618100896E8100B5708100D1328200F7
:108B9000F1578100553D00009D5A81003D3582000E
:108BA00089338200D96E810045708100FD618100AA
:108BB000594B81000D9C8100558B8200F18E820003
:108BC000E59A8100BD35820049368100291F820067
:108BD000655C8200F5050100516F8100299B8100D1
:108BE000A56D8100B5A28200E1AF8200A956820086
:108BF000894481003D578200E16F8200016F82004D
:108C0000DD728200E53E810095518100FDD4810036
:108C1000F5BC810081B48100F19981001931810096
:108C2000358A8200DDDA81008D570000CB580000C4
:108C3000E9898200C1D48100FD8D820099B681004E
:108C4000BDA781003D9F82005D0381006D9282007F
:108C5000218B8200599A8100ED278100ED948200DA
:108C6000FD8A81009D8A8100416B8100E16F810056
:108C70005D468200A19482009D898200C992820093
:108C800079998100B1908200219182001D34810088
:108C900099B28200DD6A82008DC981005927820065
:108CA000BF0A0100D9908100A56B82006D3C820053
:108CB000E56D820005C28200C96A8100ED4582002F
:108CC000816B8100353F8200FD90820071BC810084
:108CD000F16B81003D4E8200514A82003DA281002D
:108CE000610E0100F55A0000B97E82006988820099
:108CF000695A8200DD2E81001513820011738100F4
:108D0000698082009D9181005D8B8100816C820071
:108D10008D8F81004D8F810009888100BD6D82009B
:108D2000018E81001D5E820091718100C12781004A
:108D3000797582002DBE81002D5B8200E9A582003D
:108D4000B572820025670000217D82004D8082007F
:108D50008D7F820001A08100ED7F82002D41810086
:108D6000F98481006185820045728200F954810096
:108D7000692B820069518100C555810031568100FF
:108D8000A1A6810071508100392A820061538100BF
:108D9000C5738100F5700000F1978100A99B8100E7
:108DA000FD3B820025A08200DD398100715D8100DC
:108DB000230601004995810009CC810021A382008E
:108DC00045AA8100AD81820091678200098C000074
:108DD0007D708200E12F8200E903810081DB810048
:108DE000952482006989820089C38200C5C48200FB
:108DF000B9FD0000B1EB820009CB82000DCC8200EE
:108E000059EB820061E9820015F18200E9CD820010
:108E100045DF820009F182008DF782008DCA820051
:108E200089F38200D5CA8200A1098300C9F78200B4
:108E3000FDEF820099F8820025F9820039FA82005C
:108E400089ED8200158F0000ADE5820065DA8200B1
:108E50007DC582002DE68200FD8F000031E4820096
:108E6000E5F182009DC8820055F382009D05010056
:108E700061C78200CDE182006DE18200A5E282003F
:108E800059DF820029F4820009C7820055EF820071
:108E9000E9EC8200B50F0100BDDD8200E1C5820072
:108EA0004DE5820005E08200A5F982000DC5820033
:108EB0009D95000025910000F991000091E6820047
:108EC000BDCC8200FDE982008DD182002DF18200AF
:108ED0002DF7820095FB820069CE8200A1F082000E
:108EE000D5F08200F5CC8200AB92000081D98200DF
:108EF00045C58200FDCB820025CB8200BDEB820000
:108F00001DDB820015CD82003D930000CDE682007E
:108F10004DCF82009DCB8200450C8300E50D830080
:108F2000590E8300410E8300010B83004D0A83001C
:108F3000D10D8300310C8300590C8300710A83002A
:108F4000650E8300F10D8300410B8300A11E830099
:108F5000B11E8300012B8300F54E8300112B83008B
:108F6000B127830099238300014A8300ED498300E0
:108F7000FD478300CD4C8300BD4C8300714C8300C2
:108F8000D52783004D25830095258300E14C830080
:108F9000414C8300E10A010065118300E144830034
:108FA00021288300BD288300792983006528830058
:108FB000652B830041458300D5298300491D83002B
:108FC000A12A83005D30830051488300E548830077
:108FD00029488300F5238300114A830079348300F4
:108FE00091188300A5338300ED3483001D118300A5
:108FF0009D4E8300954D8300B51A83006147830021
:109000001D4D8300ED1083000D458300C11E8300BC
:1090100001208300E9218300F1258300F91D8300ED
:10902000E9070100139C000049108300C10F830071
:1090300021248300A5248300B94A8300B52F83002F
:10904000C1458300FD1C8300711D8300F51883005A
:1090500059198300F1198300C70D0100492A8300C3
:10906000A5118300B957830029578300654F8300FA
:1090700001608300E559830039518300F54F830077
:10908000555483001D5E830021528300655983007F
:1090900079508300714F8300095983003D63830039
:1090A000C5578300815C8300B15B8300DD5383007F
:1090B000115383009D4F830029508300254F830067
:1090C000D5588300CD62830039608300F95C83004A
:1090D0004D6183005D5F83002D548300DD5083006C
:1090E00039578300A555830091638300A1628300F3
:1090F000C15D83002D5E8300455F8300A151830025
:10910000F30F0100195B83006D5A8300A956830099
:10911000A5508300095783000D748300DD6383002D
:10912000297A830001668300B9B28300D5A7830042
:109130007D848300819383005DB38300A1938300CA
:10914000E9938300210E01006D9D000051A60000EF
:10915000717A83005D67830051668300CD70830060
:1091600055718300DD7483008DAA830051A88300AC
:10917000A9B183009D918300D1848300779C000076
:1091800061848300AD778300818183001582830031
:10919000B1808300E5B583006D7E8300B5798300DF
:1091A000AD9D0000916E8300758F8300558783000D
:1091B0003509010041A2000025678300C1888300B2
:1091C000D98F8300F5AC8300E97783009D6D830020
:1091D000A1A7830055100100C9A4830049A5000080
:1091E00013050100E58A8300CD6A8300F5868300BC
:1091F000596A8300B9AA83001566830051B28300BF
:109200009DB38300D9B6830059B183009182830056
:10921000D5B0830081868300C97A830005858300E9
:10922000797C83008965830055A58300C9AF8300DD
:10923000B10401007999830091898300C5B5830049
:109240000DB8830099D483002DC083009DC2830094
:10925000ADC38300A1C68300B1C68300C5C283002D
:10926000A9D0830055BF8300F9CF830029BF8300B5
:10927000C5E18300C1C0830095C083004DD8830041
:109280000DD7830015D88300F1D7830079BD830003
:10929000A1E1830035C28300C5E08300DDE08300E7
:1092A000C5DC830099DA830001DA83004DB88300BE
:1092B00075C0830019C28300F9C983003DD68300BD
:1092C00015BE8300C9D683005DBA830029D683000A
:1092D00031B9830035BC83009DD883005DDC8300F9
:1092E00029C18300A9C28300E5C0830025DB830078
:1092F00075C283001DD083005DBC830061C68300FE
:10930000D5C2830005BC830001C98300B5C88300B2
:10931000EDC8830055D6830015D98300A5D18300FD
:10932000F1D5830001D9830081B8830089E08300EF
:10933000E1BC8300A5DB8300EDE1830071C1830004
:10934000E9B783006DC783008DC183001DC883000A
:10935000B5D1830071DC8300E1C18300A9C1830022
:1093600019DC830039D883004DCB8300A5B7830077
:1093700069CB83008DC98300C9D483005DAF000031
:1093800099D68300E5DC83004DD483001DC38300A0
:1093900021DD830045D983007DD383003DD2830046
:1093A00041DA8300CDD88300D9BF830095BD830007
:1093B000EDBD830051C083002DB8830049BB8300FD
:1093C00031BB8300CDDA8300D5D0830049CA830046
:1093D0009DD5830081BF8300D5CF83003DC9830025
:1093E000DDD18300B9D7830025C7830031AB0000EE
:1093F0005DBE830021E18300F9E0830071B9830041
:109400008DE1830025D9830049D78300DDDB83000C
:10941000A9B98300A1A700006D0F010059EB8300DB
:10942000C5E7830041E2830025E283006DF58300F8
:1094300065EB830085F2830089F78300B1F2830036
:10944000A9F58300AD008400E100840019FD8300CC
:1094500035EE8300FDF3830045B5000089FB8300F2
:10946000B9FA830021F98300F1FA8300D9F8830067
:10947000D9F9830031008400C5FE830049E78300E9
:10948000050084004DFF83006DF3830059FE8300C7
:1094900001FE830025EB83000DEB8300DBB40000AD
:1094A00035FD830081EB830059FD830011F88300B3
:1094B000FDF78300C5ED8300ADED8300A1018400BD
:1094C000E9E78300B1F38300DDF2830025F3830035
:1094D000F9E68300E5E283002D0A0100A5E9830097
:1094E0008DF5830051EE830079F8830071E28300EB
:1094F000F1E8830045E6830099F783006DEE830071
:1095000041F48300B9EB830075E78300B1E8830081
:109510006DB3000061F1830019FE000089EE830045
:109520009DB40000FDE58300A9FD8300110A010040
:10953000B5FB8300F1F183002D108400E115840058
:10954000B1198400C5158400D90F8400CD21840091
:10955000491E84004D1F8400E1128400ED08840040
:10956000F10184002D0F8400ED238400F51E84009A
:10957000E520840049208400AD128400F11A8400A3
:10958000711F8400C9198400AD188400450B840044
:10959000910B84000D2484008D2384000D18840019
:1095A000210684008D16840031038400690984003B
:1095B000FD158400E902840001028400A9098400E9
:1095C0008D148400811E8400E10B8400751C8400CE
:1095D000AD0A8400491084007120840001218400B8
:1095E000850A8400291D840045078400390C840005
:1095F00029198400551E840089038400E51D840018
:109600002125840049138400291A8400410A01009D
:10961000ED12840045068400010D84008943840016
:109620006D2A8400014D8400152884006928840077
:10963000C5F4000009408400112C8400F92784003F
:10964000912D8400794C840089348400193384007E
:109650006D2F8400C92D8400F12E84007D2E84009E
:1096600065258400DD348400FD25840019298400EB
:10967000B5408400D944840079298400B92B840042
:109680003D45840095328400B9288400D138840097
:1096900031488400A93084006D2C840099438400F3
:1096A000D13284006D338400FD2F84005D45840039
:1096B00011348400B54A840075488400C54884008C
:1096C000B1278400314A8400D9498400593284008A
:1096D000014C840039388400314D840055448400A5
:1096E000D93D840055438400513C84009139840065
:1096F0009536840091378400F5368400E147840074
:1097000015478400CD4C8400F52B84002546840049
:10971000E53A8400C937840049428400292A84003C
:10972000A53F840059268400952A8400452B840097
:10973000C95D8400A1140100A156840095568400DF
:1097400019578400E956840005578400355F84006A
:109750001D628400B557840065638400ED62840057
:1097600021638400BD628400194E8400B9538400D3
:10977000B15D8400B5518400D55F8400F955840043
:109780006560840059538400E5538400E94D8400EA
:10979000D1140100E15F8400A514010075140100DB
:1097A000B55B840031568400A5638400CD608400DD
:1097B00091638400ED5084002D5E8400315184005B
:1097C000155C840061548400F55E8400F15D8400C2
:1097D000AD1501007152840059588400815C8400E9
:1097E000715784002557840071588400AD56840059
:1097F000415984006D4F840029508400E154840055
:10980000BD6184006D61840005598400A5668400F3
:10981000D9678400456684000D65840091678400E3
:10982000B96384005D67840079678400F966840009
:109830002165840021678400C56684008D668400EC
:109840006566840011688400516C8400AD6E8400EC
:10985000016E8400411201004D7F84007D6C840004
:109860002D748400456A84000D7B8400E50A0100A4
:10987000156E8400457A8400E56C8400456F840091
:10988000D5C70000297E8400756D8400956B840027
:10989000B56D84007D7D84005D6B8400D56A840095
:1098A000816A840085100100B1808400857E840077
:1098B000CD7F84004981840069818400ED89840022
:1098C0006D8A8400FD8984008D8984009D898400CF
:1098D000E9858400F982840025858400518A84000A
:1098E000758584009584840081818400718384005F
:1098F000C18984005D898400D58984006D898400D4
:109900007D8984000D8A840009868400798C840016
:109910007D8A84000D8B8400499484008D9284009C
:10992000E98D84009D8B8400FD8C840079908400F7
:109930000D8C8400458C8400E9A68400A5AD8400CC
:1099400029968400C598840015C1840009A9840063
:1099500099C2840045B7840031C18400D1B8840025
:109960008D998400B99A840025AC8400D9BF840005
:10997000C9BE8400A196840025B18400519B840057
:10998000919884004D9784001D9784007DA68400E3
:10999000D1B784002DAB84008595840019B0840074
:1099A000F5AD840029A98400C1A98400219F840009
:1099B00025A28400B1AE8400C1AF8400D5A3840089
:1099C00075B7840041A28400E1BC84006DA88400C6
:1099D000BD9D840095B884005D95840075BE8400AB
:1099E00051B98400A9958400C5C18400599A8400A6
:1099F000419684003DB884009DA88400E5A88400B9
:109A0000A59B8400F5A684003DAF8400159A8400D0
:109A1000F9988400EDA984006DB18400FDF0840004
:109A200025DF840025ED8400E5D08400CDF184009D
:109A300009F2840035F2840055F28400CDF28400EE
:109A4000B1D38400F5D384002DD48400C1D4840024
:109A5000A5048500F90585006D058500990485003C
:109A60008D04850079D4840045E88400B1C5840064
:109A700095DF840031DF840075E484001DE08400FC
:109A8000BDC9840005ED8400A500850091FB84001C
:109A9000F9ED840091EF84009DFB840081EA84004D
:109AA00079E2840059C6840061EB8400A1EB840054
:109AB000D1E484009D028500A1F3840015CC8400CC
:109AC0005DFB840081C5840015D5840099D684008F
:109AD00035E78400B9DF840045F48400B9C7840009
:109AE00001DF84002D018500E1C7840025D18400B9
:109AF00099F50000BDDD84004DF38400E1C98400C8
:109B000041E084002DCA84009DD4840005EB8400CC
:109B1000D900850079CB840021FC8400B9E8840059
:109B2000B5D8840031FD8400BDFB84001D04850090
:109B30005D04850031ED8400450685005DEC840000
:109B400025C384001DF38400D9C684002DEC840055
:109B500039F5000059E9840019C88400B1EF840088
:109B6000B100850049D3840001C98400E1D284009A
:109B70008DCB8400DDEB840011F4840009FC8400AB
:109B8000D9F3840069C38400A1C884002DEE840049
:109B900071D6840079018500BDEE840025D884004B
:109BA000DDF9840009F0840035F7840093F50000A6
:109BB000D9FC840015D78400DDD584001DDE840027
:109BC000D9F5840019F1840099F1840049F18400E9
:109BD000F1F48400A1F48400F1D084003DCC840031
:109BE00069D2840089E9840071CD8400C9D38400DE
:109BF0008506850089078500E90685004D078500F3
:109C000011078500250785007106850095068500EA
:109C1000BD06850075078500B10785009D07850095
:109C2000A9068500D1068500FD0685003907850057
:109C3000610785005D0685001509850079098500A5
:109C4000350A8500BD0985000D0A850063C800003E
:109C5000570A01004D0A8500A909850025098500DC
:109C6000DD0A85006D0A850081088500C50785002D
:109C70000D0B8500590F8500ED118500C912850077
:109C800021108500F90D8500D51185005110850042
:109C9000AD118500011185006D10850081C00100A6
:109CA000850F850085108500990D850011128500AE
:109CB0000D22850041178500D91785007520850084
:109CC0007D2C8500352F8500B92285002D25850046
:109CD0009D238500612F8500A5278500C92A850061
:109CE0006D2985009D22850031228500A5248500EF
:109CF000E1238500B12F8500BD2C85005914850016
:109D0000C9138500A11C8500452C8500A917850075
:109D1000B1208500311A8500FD178500291D8500B9
:109D200021148500AD218500B530850045318500C1
:109D300035278500D1318500C5148500BD2D8500EE
:109D40002D23850059238500891485004D46850003
:109D50006547850025368500514785003D468500CD
:109D60008D3C8500514A8500994A850075478500DC
:109D70001D478500553685005D468500D53B85002D
:109D800049498500D53A8500E1398500413985008A
:109D9000E53885000937850045358500C93C8500D3
:109DA000754B8500B9458500ED4885002146850045
:109DB000213A8500A940850001328500F5328500F1
:109DC000FD378500894E8500DD508500ED5085000A
:109DD0005D57850009558500495085005D50850017
:109DE000D1528500F5528500E54E8500C9558500A4
:109DF00065568500C9508500094F850037C10100AF
:109E00009D5585000D538500A94C8500B9578500E7
:109E1000A55785000D518500FD5A8500D551850057
:109E2000A9518500B15285009D53850039558500A3
:109E30009D4E8500C95785006D578500954C85005E
:109E4000095785008D4F85006FC10100FD598500C0
:109E5000014D8500ED598500D9598500194C8500C3
:109E6000756C8500816E8500516C8500295C8500CC
:109E7000416E8500795E8500770D0100AD6E85002D
:109E8000B56C85006D6585001D5F8500196B8500CB
:109E90008579850071738500B58E8500E195850013
:109EA00001828500519085002D828500D19085002A
:109EB000FD908500BD9285006D8F8500CD92850057
:109EC00055968500C58E8500857285005D8D85005F
:109ED00001838500C1918500257085000D91850065
:109EE000C17685006971850041718500F97F850023
:109EF00079708500F19385009D958500F574850046
:109F0000497485006D788500BD728500ED8A8500F5
:109F1000C98C850099918500597D8500BD718500AA
:109F2000758185000D818500A979850021778500DF
:109F30002193850089928500D194850095968500AE
:109F400065838500D973850065828500E1C10100C4
:109F50005975850021768500556F85006D958500C2
:109F6000E583850029848500AD8F8500F16E85002D
:109F7000D72B0100011C0100632801006F2801009C
:109F8000752601009D200100652101000D210100C1
:109F9000D5200100A9200100A32001004D2E0100C1
:109FA000C52A0100C51F01001D1C01000D2E010066
:109FB000152E0100791F01004F1C01000929010025
:109FC0004D1C01009330010005330100FF25010005
:109FD0008D1F01009F2A01009B2A0100852A010094
:109FE0006F260100471C0100411C0100F52D0100F6
:109FF00059360100BF2A0100ED2D010005200100A6
:10A00000252E0100C92B01009B220100B121010076
:10A01000852701009D220100652701006B270100B3
:10A020002B2E01000D260100932401003D2201008A
:10A03000F9250100C72A010071C90000ADC900005F
:10A04000E9C9000015CD00002DD200000919020059
:10A0500095D200009DD20000A5D800003FD6000098
:10A060003DD70000B3D60000CD330000153200000C
:10A07000E531000007320000A13100008D31000001
:10A08000290F01002D0F01002F3400007F34000044
:10A09000714F000039F900009D3E000037F90000C3
:10A0A000615C0000F5790000D9830000C1700000F8
:10A0B000F5F1000021F2000033F2000005F300008A
:10A0C0001B10010039A8000029F9000025F9000043
:10A0D00019F900001FF90000C3F4000031F9000075
:10A0E0002FF9000033F9000035F9000017F90000DE
:10A0F0001DF9000023F900002BF90000BFB6000095
:10A10000ABB60000B1B60000B5B60000C9B600009D
:10A11000490F01004F0F0100610F01005B0F0100AB
:10A120005F0F01004D0F0100650F0100670F010077
:10A13000630F0100550F0100530F0100570F01007D
:10A1400011F500002F0F0100330F0100350F010042
:10A15000390F01003B0F01003D0F01003F0F0100CF
:10A16000410F0100450F010053F900004FF90000B5
:10A1700047F9000055F9000045F900003DF90000DD
:10A180004BF900003BF900003FF9000051F90000D5
:10A1900017F5000001000000200000001F00000073
:10A1A000500000000200000001000000010000005B
:10A1B00001000000000000006AC301000A07080057
:10A1C000A51F020051FB8000073200000D31000086
:10A1D00000000000D1F980000000000029FB800091
:10A1E00000000000000000009C1800409600FFFFE7
:10A1F000FFFFFFFFFFFFFFFFFFFFFFFFFFFFFFFF6F
:10A20000FFFFAAAA03004096000000000000000023
:10A21000000000000000000000000000000000003E
:10A22000000000000000000000000000000000002E
:10A23000000000000000000000000000000000001E
:10A24000000000000000000000000000000000000E
:10A2500000000000000000000000000000000000FE
:10A2600000000000000000000000000000000000EE
:10A2700000000000000000000000000000000000DE
:10A2800000000000000000000000000000000000CE
:10A2900000000000000000000000000000000000BE
:10A2A00000000000000000000000000000000000AE
:10A2B000000000000000000000000000000000009E
:10A2C000000000000000000000000000000000008E
:10A2D000000000000000000000000000000000007E
:10A2E000000000000000000000000000000000006E
:10A2F000000000000000000000000000000000005E
:10A30000000000000000000000000000000000004D
:10A31000000000000000000000000000000000003D
:10A32000000000000000000000000000000000002D
:10A33000000000000000000000000000000000001D
:10A34000000000000000000000000000000000000D
:10A3500000000000000000000000000000000000FD
:10A3600000000000000000000000000000000000ED
:10A3700000000000000000000000000000000000DD
:10A3800000000000000000000000000000000000CD
:10A39000000000002DE9F74FB1F1000B044615460F
:10A3A0009A464ADB438A818A5A444B439A4244DAAA
:10A3B000806808F04BDB00210190A06808F018DDF0
:10A3C0004369064643F00043436100271DE01AF845
:10A3D000019B4FF0080801E0AF4218D019F0010FBF
:10A3E0000DD02046314607EB0B02FEF305F730B1E6
:10A3F00073694FF0FF3023F0004373611FE00137B2
:10A40000B8F101084FEA5909E6D1AF42DFDB7369C1
:10A41000A06823F000437361002108F059DCA068B4
:10A42000012108F055DC20463146FEF3FFF2A0681A
:10A43000019908F0DDDC002001E06FF01C00BDE8B0
:10A44000FE8F2DE9F0410546884617461E461FF04F
:10A4500043F840B1436841469C6928463A46334632
:10A46000A047BDE8F0814FF0FF30BDE8F081407CAF
:10A47000704713B500F094D878B1002409E00022A9
:10A4800001A9FFF34DF7019803782C2B08BF013089
:10A4900001340378002BF2D100E0044620461CBDB5
:10A4A00038B5B0F842300546B3B140F2E93402E0C5
:10A4B0000A2003F039DF2B6B1A6902F07042B2F107
:10A4C000005F05D0B2F1405F02D00AB1013CEFD18C
:10A4D0001A6822F010021A6038BD00002DE9F0431E
:10A4E0000446A36894F8B160002085B003F010081A
:10A4F000039080450CBF4FF001084FF01008002E6C
:10A5000040F08380012384F8B130B4F86C50B4F883
:10A510006890B4F86A3009F1FF39EB1A09EA0309C7
:10A52000D4F89830C9EB0309B4F89030AC2B88BF4D
:10A53000D4F8946000275AE0D4F8B40080B10378CE
:10A5400073B100F0F5D8022805D804F11C00304999
:10A55000FFF3CCF368B9D4F8B40000F08FD907E06A
:10A56000B4F89010606A01394144891904F0F0D9B7
:10A5700060B937B9204602F0FDDD003018BF012078
:10A5800000E0002023690133236133E0A368D9068A
:10A5900006D5036908F1FF32C3EB08031340F61830
:10A5A0002EB103699B190361838A9B1B8382026915
:10A5B000216F0023136041F825000393B4F868303D
:10A5C0002046013B9D4204BF4FF08053039303ABF1
:10A5D0000093B4F89030E16B01932B4602F0B8DCA5
:10A5E000B4F868300135013B1D40ADB201374F452D
:10A5F000A2D10020D4F88C20636BA4F86C5002EB3D
:10A6000005155D60002384F8B13005B0BDE8F08326
:10A6100098C5010070B590F878310446FF2B1CD026
:10A620000E4D406AEB6E9847D5F89C50606AA8477B
:10A6300001280BD894F8141241B90B462046084A59
:10A6400003F09EDD012384F8143270BD606A94F833
:10A650000561A847301884F8060170BDE0A68500A2
:10A660003D98800071B191F80832012B0AD091F821
:10A6700075313BB14B691A6A034B134013B108465D
:10A680000DF0E0B9704700BF00FC0101D0F8801167
:10A6900010B5044699B10223C068D4F8842108F0AB
:10A6A00085DA074B1B6853B9D4F88011D4F884219C
:10A6B000E0684A400223BDE8104008F0779A10BDD8
:10A6C00090140200F8B590F817320446012B74D0AC
:10A6D000012380F81732002742E0A068314600F0DD
:10A6E00003DBD4F8F0301B68984205D928460021D6
:10A6F000324600F08FDA41E02046FFF78BFF3569E4
:10A700000023AB7194F8783131462B7294F80631FE
:10A7100084F807316B72D4F8FC31606A0133C4F8F5
:10A72000FC316A79254B82F08002D2095B6A984736
:10A73000B0B9D4F8F8206B797AB118070DD06978E0
:10A740002B78126943EA01230F331B09190A18BF3A
:10A750000023937194F878311372C4F8F8600127DC
:10A76000D4F8F0301B68012B08D904F128052846DD
:10A77000002100F0D1D906460028AED1002384F88C
:10A780001732C4F8F8302FB1636904225A642046A6
:10A7900007F0BEDEE38DD4F8C821934204D92069C6
:10A7A000BDE8F84001F0449DD4F8CC21934204D296
:10A7B0002069BDE8F84001F02D9DF8BDE0A68500B8
:10A7C00011F47C4F2DE9F04104460D46564E66D0FB
:10A7D00011F480680ED0F36D406A9847336B071C04
:10A7E000606A18BF0127984710F1000818BF4FF0A2
:10A7F000010800E047462A050CD5F36D606A9847CA
:10A80000336B002818BF0127606A9847002818BFDB
:10A810004FF00108EB040CD5F36D606A9847336B79
:10A82000002818BF0127606A9847002818BF4FF01A
:10A830000108A80404D5D4F838310133C4F83831FC
:10A84000690409D5D4F83C3101270133C4F83C31FF
:10A85000D4F83C31D4F838312A0410D5D4F840313A
:10A86000D4F8F4100133C4F8403131B1A0680122AA
:10A8700004F03ED80023C4F8F4304FF001081FB9AB
:10A88000B8F1000F03D10AE0B8F1000F04D0204660
:10A89000002107F01BDD17B1204607F065D8EB015A
:10A8A00002D520460DF0CEF815F4903F12D1B36FCB
:10A8B000606A984770B905462DE0204607F066D9D2
:10A8C000D4F8D83101359D4205D3236A43F480334F
:10A8D000236206E00025B36E606A984701460028AF
:10A8E000EBD1D4F80C0220B1037813B10021FFF3AF
:10A8F0007DF72046FFF78EFE94F8073194F8062185
:10A900009A4208D094F805219B1ADBB2022B02D898
:10A91000204607F065D8D4F8D801854234BF00201E
:10A920000120BDE8F08100BFE0A685002DE9F041DF
:10A9300004460D461646984640F2E93702E00A20E2
:10A9400003F0F2DC63691A6D002A04DA013FF6D1E4
:10A950003846BDE8F081069A46443602B2F1807F5F
:10A9600046F0004603D12A7842F08072B6181E6580
:10A9700040F2E93602E00A2003F0D6DC63691B6D81
:10A98000002B03DB2B700120BDE8F081013EF2D1EA
:10A990003046BDE8F081D0F8943110B599420446B4
:10A9A00003D80DF04FF8E08D10BD002010BD00233E
:10A9B000C26B0AB1013AC2630133DBB21030102B13
:10A9C000F6D1704703682DE9F74F012A14BF4FF005
:10A9D0002A084FF0320805460E465868414691460F
:10A9E00003F0B6DF074648B92B684FF0FF301B680D
:10A9F000D3F88C301A6D01321A6564E006F10E0B43
:10AA000059460469042201A8FFF39EF0019A4AF610
:10AA1000FE1312BAB3EB124F0CBF2C4906F108011A
:10AA20002046062205F1280AFFF38EF0A01D5146AC
:10AA30000622FFF389F0B9F1000F0ED00023237333
:10AA400084F80D8004F10E0021490622FFF37CF00A
:10AA5000082323750623637503E008232373062365
:10AA60006373A8F11C084444314606222046FFF3D4
:10AA70006BF00023A3710223E3715146062204F117
:10AA80000800FFF361F006F11801042204F10E0042
:10AA9000FFF35AF006F10801062204F11200FFF359
:10AAA00053F05946042204F11800FFF34DF0D5F895
:10AAB0005C3128680133C5F85C313946D5F8682126
:10AAC00025F058D90120BDE8FE8F00BF2C9E8500DF
:10AAD00014D2850010B50368D3F800481B6893F8BA
:10AAE000AB306BB1FFF763FF08E0A16829B101202B
:10AAF00000F080FA08B1FFF75AFF2468002CF4D167
:10AB0000002010BDF8B5066805460F4670684FF482
:10AB1000BC7103F0C5DE044688B100214FF4BC725D
:10AB2000FFF376F0D5F860312660C4F8603195F80F
:10AB30006431C4F8687184F864316B6863602046DE
:10AB4000F8BD014628B103684FF4BC72586803F0A1
:10AB5000B79E7047F8B5C36805460E465868382159
:10AB6000174603F09DDE044600282BD00021382232
:10AB7000FFF34EF00123314623606360A360062299
:10AB800004F10C00FEF3E0F7738E06F10901A374E3
:10AB9000337A04F11400E374327AFEF3D5F7768D3C
:10ABA0002846A686E7862146382221230BF0E0DCE2
:10ABB00050B1EB6821465868382203F081DE4FF02F
:10ABC000FF30F8BD6FF01A00F8BD000070B50D46FB
:10ABD0000380194690F8CF3090B01446174E4FF0CE
:10ABE000FF3200957BB902920392049205920C22E7
:10ABF000019306930793089309930A960B900C927E
:10AC00000D930E9312E05BB2002502920392049220
:10AC10000592079300F1D0020C2301950692089546
:10AC200009950A960B900C930D950E95044A2346B0
:10AC3000C06823F049DF10B070BD00BF41F80000CC
:10AC40002C9E85001FB5836D0446012B16D1B0F8EC
:10AC50005831DB0712D4C36893F8703273B902AA73
:10AC600003A901AB0CF08FFB029A3AB1204603997D
:10AC7000019BFFF7ABFF08B90223A3651FBD08B511
:10AC8000B0F8582169B142F00102A0F85821826D54
:10AC9000022A12D1C3680C21D3F8680151F070DA8E
:10ACA0000BE0D10709D522F00102A0F85821826DEE
:10ACB0001AB101228265FFF7C5FF002008BD704769
:10ACC00010B50C4641B18B6823B9C06F0968FFF716
:10ACD00019FFA060A06810BDC06F10BDF8B58C69E9
:10ACE0000B4621698B4203D0DD6A15B12F6801E064
:10ACF00000252F4663681146D86803F017DEA36865
:10AD000006461B6893F895301BB1C38A43F0800355
:10AD1000C382636893F8AB308BB120462946FFF7B6
:10AD2000CFFF60B131460AF01BD8022807D1636813
:10AD30003146D868012203F0DBDD0120F8BDA068B0
:10AD400031463A4625F016D8003018BF0120F8BD2C
:10AD500008B5806800F03EFD002008BD10B504462F
:10AD6000FFF7F6FFA068BDE8104003F02FBE00001B
:10AD700038B505466B6880681B7EB3B902F0DAFB14
:10AD8000044620B9D5F880000AF021FD044609F0F8
:10AD90007BFF6B68D3F89C1041B10B7833B1044B47
:10ADA00000221868FFF328F500E00024204638BD93
:10ADB0001015020010B5436804461B7E53B1D0F84D
:10ADC00080000AF019FDA06805F087FD6368002285
:10ADD00083F8202010BD08B58069FFF7EBFF002045
:10ADE00008BD00001FB5084A03460092074A0846FE
:10ADF0000192074A0749D26902921A68064BFFF38B
:10AE000073F105B000BD00BFFFC60100C4C601005C
:10AE1000EC140200D0C60100F3C601002DE9F8438E
:10AE20000446084615460DF0CDFC014610B9D4F88D
:10AE3000109001E0D0F80490A268D9F8247012684C
:10AE40002B6992F895201AB1EE8AC6F3C02609E064
:10AE50001E7B5B7B43EA062648F66C03F31A5E42D0
:10AE600046EB0306D6B9636893F8AB30CBB1204606
:10AE7000FFF726FFA8B1294609F064DE042801D0B7
:10AE8000012804D163682946D86800224CE0A0F16B
:10AE9000050CDCF1000848EB0C0803E04FF000085B
:10AEA00000E0B046636893F895301BB116B9AB8AE1
:10AEB0002D33AB82002F33D006BBFB69D8070BD5EF
:10AEC000637D4BB1204629460CF050DB20B9636806
:10AED0002946D868324627E0B8F1000F0ED16368E2
:10AEE00093F8963053B1D4F8840029460DF09BFBBB
:10AEF00020B963682946D868424615E06368294648
:10AF0000D86803F04FDD3B690446DB6848463946A4
:10AF10002246984760B12046BDE8F84303F07E9C86
:10AF200063682946D8683A46BDE8F84303F0E09CD8
:10AF3000BDE8F8834A6A08B542F4801291F84330BC
:10AF40004A62D0F8882003F00703D31893F88020D2
:10AF5000013283F88020D0F88830012283F88620DF
:10AF6000D0F8883093F8811093F87B20914211D269
:10AF700093F8801093F87A2091420BD293F88210C4
:10AF800093F87C20914205D293F8832093F87D308A
:10AF90009A4201D30CF092DF002008BD73B514462D
:10AFA00005461146406FFFF78AFE6368112B08D0F3
:10AFB000122B01D0102B1CD1A37803F001032B75A9
:10AFC00017E002AA002342F8043DA86894F82F1065
:10AFD0003BF03CDF064660B1837923B96188C1F359
:10AFE000800126F0F5DEB3791BB1A86831460CF07C
:10AFF00020F87CBD01280CBF8868002070476429B8
:10B0000011DC63291EDA4A291CD006DC07291CDB67
:10B01000082917DD3C2918D114E0502912D014DB7F
:10B020005C3903290DE0C32904DCC2290ADAA839F6
:10B03000022906E0B1F5847F04D006DBA1F5897111
:10B04000012902D86FF01600704700207047C888A9
:10B0500010F0080018BF6FF0160070474FF0FF3374
:10B0600010B5A0F83C32044600F50E700630002101
:10B070000C22FEF3CDF523685B6B23B94FF0FF3351
:10B08000A4F840320BE00F23A4F83E32F023A4F8DA
:10B0900040324FF47063A4F842324FF20003A4F838
:10B0A000443210BD2DE9F04F87B017460393D2F814
:10B0B0001080694B5268DDF840A0134083460D466E
:10B0C0000E69002B14BF4FF00C094FF00A09BAF1BA
:10B0D000000F04D09AF90E3099441FFA89F9AB8A0F
:10B0E000C9EB06044B44AB824A462C612046002142
:10B0F000FEF38EF5129B09F10E09A3F8009098F863
:10B100000630FBB131460622201DFEF31DF504F189
:10B110000A0008F1BC010622FEF316F5BAF1000F91
:10B1200004D17A684C4B1340002B3FD0B11D06224E
:10B1300004A8FEF309F504F1100004A90622FEF3A9
:10B1400003F533E098F81230201DE3B1D8F8CC3085
:10B150001B0618D408F1BC010622FEF3F5F43146B3
:10B16000062204A8FEF3F0F4B11D062204F10A0041
:10B17000FEF3EAF404F1100004A90622FEF3E4F45D
:10B180004FF4807614E031460622FEF3DDF4B11D63
:10B19000062204F10A00FEF3D7F404F1100008F1CE
:10B1A000BC010622FEF3D0F4002601E04FF4007645
:10B1B0007A68294B134053B39DF84430696A03F011
:10B1C00007034805ADF816300FD49BF8F821012A83
:10B1D00005D141F48021696243F0200303E052016C
:10B1E00002F060021343ADF816306B6A590605D5BC
:10B1F000BDF8163043F08003ADF8163004F11800A6
:10B200000DF116010222FEF39FF446F08006BAF11A
:10B21000000F0FD07A68104B134013B904F11803D4
:10B2200001E004F11A0301220092584641465246B9
:10B2300044F050DA039B46F0080613B146F48066EA
:10B24000B6B2BAF1000F01D046F4804626802046FF
:10B2500007B0BDE8F08F00BF400001802DE9F84F36
:10B2600091F801900D46B9F1010F144640F3C180E9
:10B27000CA788B7843EA0223012B40F0BA80B9F1F7
:10B28000110F40F3BA8004228E1884F87C2084F8D1
:10B290007E2084F87B3084F87D3084F8823084F816
:10B2A0008330304658490322FEF332F450B9EB792B
:10B2B000012B0FD9072B0FD85AB24FF07451914080
:10B2C00008D409E0304651490322FEF321F418B9AD
:10B2D000EB790BB984F87C3095F809A02B7A00261D
:10B2E00043EA0A2AA9F10809B0461BE005F108075C
:10B2F00007EB8807B81C44490322FEF309F468B938
:10B300007B79012B06D9072B08D85AB24FF074511C
:10B31000914003D5A21982F87E30013608F1010868
:10B32000A9F10409D04504D2032E02D8B9F1030FC4
:10B33000DCDCC8EB0A07BF00C7EB0907012F84F864
:10B340007D605ADD083505EB8A0505F1020AAB7808
:10B350009AF801B0002543EA0B2B023FD0462E4657
:10B3600028E00AEB860909F102094846264903222A
:10B37000FEF3CEF330B998F805305A1ED2B2012A46
:10B3800014D80FE0484622490322FEF3C1F368B106
:10B3900048461E490322FEF3BBF338B998F805303E
:10B3A000022B03D1621982F8833001350136043F44
:10B3B00008F104085E4503D2032D01D8032FD0DC29
:10B3C000C6EB0B06E388B600BF1B43F08003012FDA
:10B3D00084F88250E38013DD0AEB8B03987810F039
:10B3E00001000ED094F87B3043F0020384F87B30E8
:10B3F00003E06FF01600BDE8F88F0020BDE8F88F7D
:10B400000020BDE8F88F00BFCDC20100C9C2010015
:10B41000D9C2010038B50446D4F8741580680BF021
:10B4200005DFD4F8F816D0F10105A06838BF002573
:10B430000BF0FCDE00B90135A068D4F8FC160BF067
:10B44000F5DE00B90135D4F8E036A068196A0BF0D2
:10B45000EDDE00B90135D4F8E0360022DA60A068EC
:10B46000D4F83C150BF0E2DE00B90135A068D4F841
:10B4700094170BF0DBDE00B90135284638BDD0F853
:10B48000403570B55C8E054604F44063B3F5406FFB
:10B4900021D1036893F846309A070BD004F4704129
:10B4A000A1F58053594241EB0301D0F85C0142F011
:10B4B000E9DC80B92046FFF39DF440F4306086B2A9
:10B4C0002046FFF397F40E288CBF4FF480504FF4C2
:10B4D000005046EA000404F470422B6BA2F5805C35
:10B4E000DCF100025B6842EB0C029A4205D0D5F811
:10B4F0005C01012141F0EADF0446D5F85C012146F8
:10B5000042F034DD98B904F47044A4F5805EDEF1B5
:10B51000000444EB0E040E3455F824302E6BD5F89D
:10B520005C012B63012141F0D1DF2E6304462046EC
:10B5300070BD072A01DD4A680AB9026B1268032A46
:10B5400006D0511E01290DD8016B09688A4209D124
:10B550009DF8001011B190F8291031B143B11A6073
:10B56000002070476FF00C0070476FF00A007047C2
:10B57000184670472DE9F04F89B000230F46179900
:10B5800005460592149C159E06930793DDF848B076
:10B59000DDF84CA03BF016DD0599049001F00108A0
:10B5A0002868394622463346CDF800801FF074DC07
:10B5B0008146002840F0DC80B7F90630002B1BDA0A
:10B5C000B9883A89B8F1000F09D0169B4900039356
:10B5D00000960194029628690131234608E0169BE3
:10B5E00028690393CDF800A00194029649005B46B8
:10B5F00039F09ED88146BBE0BAF1030F0DD9042281
:10B6000006A85946FEF3A0F2BAF1070F05D907A81C
:10B610000BF104010422FEF397F20599069B8A1EA2
:10B620001F2A00F29D80DFE812F020002200240093
:10B6300028002C002E00360038004A004C00510033
:10B6400053005500570059005B005D009B009B00B4
:10B650009B0063006500760078007C007E0083001C
:10B6600085008A009B0095008C00434B02E0424A13
:10B6700063E0424B1B6823607AE0002B73DC3F4A97
:10B6800004E03F4BF6E7002B6DDB3D4A13603D4B7A
:10B6900000221A606CE03C4BECE71BB13B4A12689D
:10B6A000002A60D0384A1360394A00231360394AAF
:10B6B0001360394A13604FF0FF32384BE9E7334BE0
:10B6C000D8E7324A1168002937DC4CE0344BD1E727
:10B6D000334A32E0334BCDE7324A2EE02C4BC9E7F8
:10B6E0002B4A2AE0D5F86C32D3F8D8329B68C2E7EF
:10B6F0002D4BBFE72C4A1360002B39D02B4A002377
:10B700002B4913604FF0FF320A602A490A602A4A27
:10B7100013602A4A11E02A4BACE7002B23DD284AAC
:10B720000BE0284BA6E75A1E092A1CD8254A04E03C
:10B73000254B9FE7002B16DD234A136018E0234BAF
:10B7400098E704998A798AB90033214A18BF0123FE
:10B7500013700DE0049A937943B91D4B1B788AE767
:10B760006FF0160904E06FF01C0901E06FF00609A4
:10B77000484609B0BDE8F08FD0140200C0140200A2
:10B78000C41402009C140200A8140200E40A02007F
:10B79000BC140200B8140200B41402009814020091
:10B7A000D00A0200E80A0200A0140200C814020035
:10B7B000CC0A0200D80A0200B0140200AC14020045
:10B7C000D40A0200E00A0200C80A0200A41402001F
:10B7D0009414020038B50025044680F8E85125F09D
:10B7E00095DEE36A2946986A8022FEF311F2206909
:10B7F00006F070FED4F840012BF07CDDC4F88856CA
:10B8000038BD00002DE9F8439846536A0E46990565
:10B81000044615469DF92090176909D5136BA7F8C2
:10B8200042301B0CA7F844303B8843F400533B8064
:10B8300022686B6B92F844209AB1E26A02EB4602EE
:10B84000B2F91C206AB963B11A69D2F8D42292F80D
:10B850009D20032A05D9D4F8640131462A463EF0DA
:10B8600079DB042E1DD12368B7F84C7093F838307B
:10B870003A46C3B1284612F0FDDE04EB8000D0F852
:10B880004C32D3F85825A3F8C8700132C3F85825B4
:10B89000D3F86035D9698A4288BFDA611A6A013201
:10B8A0001A624FF6FF72B8F1000F07D0E36A06F193
:10B8B0000C0103EB41039988494499804FF6FF73CB
:10B8C0009A4203D02069A82139F0ACDF23692946C8
:10B8D00003EB8603D8680D4B42465B6A9847002805
:10B8E00012DA0B480CF0E4F80A4B1A6801321A60BD
:10B8F000B8F1000F08D0E36A0C3603EB4606B388B4
:10B90000C9EB0309A6F80490BDE8F883E0A685001A
:10B91000BC568600CC14020019B14068302202F0F7
:10B92000CF9F70472DE9F04F8BB00027DDF854A072
:10B93000DDF85CB00446884615461E460897D4F8E4
:10B94000B434DB19186A18B1414611F035DD28B955
:10B95000343740F2AC439F42F1D181E006900DB9FB
:10B96000149D5646069A13891BB1082B0CBF5346EB
:10B9700004230793069BB3F804909DF858304FEAD0
:10B9800049090BB109F10109374841460722FEF385
:10B99000D7F1002841D1032E02DC6FF00D0361E0E6
:10B9A0002946042209A8FEF3CFF02046099908AAE7
:10B9B0003BF04CDA8346E8B9089B1E331AD119F0E4
:10B9C000010F17D0012300935A465B462046099980
:10B9D0003AF0D6DE834618B96FF01A03089309E0EF
:10B9E000204659463BF0B6DB089018B12046594630
:10B9F0003BF00ADB089B002B2ED11B48FEF398F18D
:10BA00000435043E19F0010F804404D0149AAAF1C1
:10BA1000040A04321492DBF808B0D4F8B4348DE888
:10BA20006000DF19079A149B04920293CDF80CA0D2
:10BA3000CDF814B0FD6A786A06994A464346A8478D
:10BA400019F0010F089007D0204626F007DDD4F842
:10BA5000E4310133C4F8E43108980BB0BDE8F08F4D
:10BA60006FF016030893F7E76F5986002DE9F04F42
:10BA70000E4604461169D2F87C019FB0D6F810B08A
:10BA8000139307900C919146BBF80020606802F078
:10BA90000C039B08022B0F930CBFC2F3C0130023AF
:10BAA000DBB231462C9FDDF8B4800E921493FFF385
:10BAB00099F104300A9087B13B7A0B2B08D194F8A6
:10BAC000F03753B194F8F1373BB1BB79072B04D869
:10BAD0000A9897F90F30C0180A90D4F88831002BD3
:10BAE00019DADFB13B7A022B1AD194F8A024D2B92B
:10BAF0000C998B6D13F0080316D1BA79292A15D841
:10BB0000032A13D90B2A11D8299A012A0ED10A9B8C
:10BB100008330A9308E00020089008E0089706E040
:10BB20000021089103E00022089200E008933569A3
:10BB30000021AB1F1593B38AA5F176007633B3824B
:10BB4000702230611290FEF363F0736A5B0501D5D9
:10BB5000338D22E0D9F80420944B1340BBB10E99E9
:10BB600001F0FC03882B12D19BF80430D8070ED4C7
:10BB70002998F28A411E02F0070228985C3209EBEC
:10BB800042028842D38808D1591CD18005E00F9920
:10BB9000012908D14FF0000A10E00F9A4FF0000A77
:10BBA000012A03D10AE04FF0100A002328981B0154
:10BBB0009BB200F00F021343ABF816302A99042908
:10BBC00007D120460C99129A0EF002DCADF87200F3
:10BBD00019E02898B4F8463500F00F02299842EA97
:10BBE0000312411E289892B2884202D10133A4F870
:10BBF00046352A99520147F6E073134001F00702D7
:10BC00001343ADF8723099F8DF3023B90E9A02F081
:10BC1000FC03802B01D14AF0200A654B08EA03039C
:10BC200023B1CDF86C80CDF868800EE00F9B012B1E
:10BC300005D9736A002B02DB13F0100307D099F8C3
:10BC4000483003F07F031B931A93002338E0206BE6
:10BC50005749826C114019B19BF80410C90708D4E8
:10BC60009BF8043013F00103E9D1426C50491140B4
:10BC700011B11B921A9223E01BAB00930DF17603D6
:10BC800001930DF1770302931DAB039349460DF128
:10BC900072021AABD4F860014EF0F4DD736A43F01F
:10BCA00000627262BDF87420D10704D543F00063CE
:10BCB00043F4005373622898D0F1010338BF002386
:10BCC0002268D4F8600692F8462090F80AC012F074
:10BCD00003021A9900F0328111F0006F01F07F0227
:10BCE00004D0072A08D9202A2BD105E0DFF8C4E0C8
:10BCF0001EF90220002A24DA4A0001D4002920DBA0
:10BD000021F4401222F4605209011A9216D581786A
:10BD1000012913D9216B91F94D10012909D0D9F8C6
:10BD200004E01EF0804F09D0013107D1017B4907A3
:10BD300004D542F4801242F4805201E042EACC225F
:10BD40001A921B9911F0006F01F07F0204D0072AAC
:10BD500006D9202A33D103E016488256002A2EDA6B
:10BD60001A9A500001D4002A29DB21F4401222F44F
:10BD7000605209011B921FD5D4F8601688780128FB
:10BD80001AD9206B90F94D00012809D0D9F804E0A8
:10BD90001EF0804F10D001300ED1097B48070BD523
:10BDA00042F4801242F4805208E000BF400001805B
:10BDB0007F000008401B860042EACC221B92B4F8A8
:10BDC000282602F44062B2F5406F2DD1226B106933
:10BDD00005930DF051FF1A9A00F44070B0F5007F02
:10BDE00014BF0220032012F0006F059B02F07F02B7
:10BDF0000DD0202A29D094F9CA24511C01D00690D4
:10BE000010E0D9F804200690120321D424E09E49C2
:10BE100006908A56002AB4BF94F9C92494F9C8241C
:10BE2000511C19D090B217E01A9A02F07F02202A12
:10BE300004BF4FF000621A921B9A02F07F02202A80
:10BE400008D14FF000621B9204E00690052003E049
:10BE5000042001E002200690DDF86CE01A9A00024E
:10BE600022F4E0621EF0006F40EA020208BF06986A
:10BE70002EF4E06114BF014341EA002112F0006F8B
:10BE80001B911A9294F8DC1104D0012902D142F4DA
:10BE9000000202E011B922F400021A921B9A94F8EF
:10BEA000DC1112F0006F04D0012902D142F400022B
:10BEB00002E011B922F400021B9249462046059384
:10BEC00011F016DD1A9A059B12F0006121D0D4F80A
:10BED000581691F9051002290DD102F4E0684FEAD5
:10BEE0001828A8F10408B8F1010F8CBF4FF0000822
:10BEF0004FF0010801E04FF0000811020CD502F0EC
:10BF00007F02072A0AD9202A14BF02460422099276
:10BF100006E00991884603E0099001E004210991B7
:10BF20001B9A12F000611DD0110218D502F07F0299
:10BF3000072A16D9202A08BF042010E01B9821F4F4
:10BF4000E06120F4E06040F4007041F400711B9067
:10BF500002201A9106900D920992904603E00D90EE
:10BF600001E004210D918BB10C9A1A99D2F810338B
:10BF7000299802EBC302C2F81413C1B2C2F8181315
:10BF800001330C9903F03F03C1F81033079A002ADC
:10BF90003FD0D4F80CE0D2F804340799DEF88021C1
:10BFA00003F1400001EBC000DEF884C1426001EB08
:10BFB000C302C2F808C2F28A344902F007028A5C5E
:10BFC000022A14D1079A4168D2F800E0299802EBBE
:10BFD000CE02C2F804111A990EF1010E5160C1B2DD
:10BFE00091600799C2F808C10EF01F020A601A9901
:10BFF000079803F1810240F8321000EBC302299840
:10C000000133C1B2C2F80C14079903F03F03C1F821
:10C0100004341A9B13F0006E1FD003F4E0604FEA63
:10C02000102013F4000F1A4A03F07F01A0F104005E
:10C0300008D001284FF0140000FB012294BFD26801
:10C0400092680CE001284FF0140003D800FB012295
:10C05000526804E04143525801E003F07F020F9818
:10C060001192022800D0A8B9B4F838260A99914252
:10C0700003DC726A12F080620DD09BF8042002F09B
:10C08000010282F0010206E0401B8600C4D2850056
:10C090008418860000221092226B527D62B1D4F87F
:10C0A0005816097841B1BEF1000F05D1944803F04C
:10C0B0007F01415600290CDB216891F84610890761
:10C0C0002ED0BEF1000F2BD0D4F8581691F90510E0
:10C0D00031B32998012812D9D4F858361B780BB1FE
:10C0E000162300E030231B93736A069923F0006344
:10C0F00073621B9B43EA01231B931A9310E07AB1EE
:10C10000D4F8582612785AB1BEF1000F08D17C4AF3
:10C1100003F07F03D35638EA230828BF4FF0010805
:10C120001A9911F0006315D101F07F02162A11D877
:10C13000744890400ED5139840B1022A09D094F962
:10C140005C2612F1FF3218BF012200E0139A099217
:10C1500000E009931B9A12F0006E16D102F07F02E4
:10C16000162A12D8674890400FD5139840B1022A7A
:10C1700009D094F95C2612F1FF3218BF012200E0C9
:10C18000139A0D9201E0CDF834E00F98D9F804200D
:10C19000022808BFC9F8601112F4803231D094F837
:10C1A000CE2172B394F8D1215AB3D4F8582692F91B
:10C1B0000520032A27D04BB901F07F02022A27D09D
:10C1C000042A25D00B2A23D0162A21D09BF804302C
:10C1D00013F0010319D10E9800F0FC02882A17D140
:10C1E000736A4AF4A04A43F480537362BBF8183070
:10C1F000012223F060031B041B0C43F02003ABF867
:10C200001830079205E0002302E00020079000E0CC
:10C21000079320460A9A159B19F006D816AB2046BC
:10C220001B990A9A19F000D80622A5F1400016A918
:10C23000FDF38AF41B9B18010CD403F07F03162B2B
:10C2400008D8304A9A4005D50A990B0A05F83C1CD3
:10C2500005F83B3C736A590510D51A9A12010DD5A1
:10C2600017B13A7A042A09D143F400637362109A31
:10C2700094F8C334002B18BF012210921A990B01B5
:10C280000AD41F4A01F07F03D356002B04DA15F8B5
:10C29000063C03F00F0301E015F8063C0E980B93E3
:10C2A000A4280DD09BF80430D80709D4079A4AB9BE
:10C2B000099A2B9B20460FF059DAABF8020013E0E5
:10C2C000079B4BB1099A204640F62A1318F042DD2D
:10C2D00080B20230ABF802000E98A42804D1BBF85B
:10C2E000023025F83A3C17E09BF80430D90701D416
:10C2F000079949B1002305F83A3C05F8393C0BE0B1
:10C30000401B8600000210281B990D9A2B9B20468B
:10C310000FF02CDA25F83A0C736A9A0507D5326BC0
:10C320004AF4005A25F8342C120C25F8322C289A9D
:10C330000AB94AF0080A9BF80420D0070FD4D904A0
:10C340000DD494F8D0210AB15A0608D4580504D463
:10C35000149810B194F8F8210AB94AF0010A0F991B
:10C36000022911D194F8CE2172B1119A042A0BD965
:10C37000A44A2A98125C04EB4202B2F8FE210AB1E8
:10C38000590501D54AF4805A236B18690DF074FCE5
:10C39000089900F44060B0F5406F08BF4AF4807A15
:10C3A00009B14AF4004A25F876ACEFB194F8A0340C
:10C3B00003BB0C98826D12F0080217D13B7A0B2B4D
:10C3C00008D194F8F0378BB194F8F13773B1BB7999
:10C3D000072B0DD8BB79292B0CD897F80CA00AF0A5
:10C3E000070A4AEA031A07E0BA4605E09A4603E05C
:10C3F000924601E04FF0000A736A0D999A0044BF1B
:10C400004AF0080A1FFA8AFA4B1EDBB2012B9CBFC6
:10C410004AF4005A1FFA8AFAA5F17200594602221C
:10C42000FDF392F3002305F8703C05F86F3C05F826
:10C430004A3C05F8493C002F43D094F8A034002B27
:10C440003FD10C9A936D1B073BD43B7A0B2B0AD13F
:10C4500094F8F027002A34D094F8F127002A30D03D
:10C46000BA79072A2DD8BA79292A2AD80E9800F441
:10C470004072B2F5407F149A14BF0BF118010BF112
:10C480001E0102B10231022B10D1129B00203A187A
:10C49000B2F8BC2002309A75C2F30722DA75023373
:10C4A0000A28F4D1A5F15600032208E00B2BA5F1D0
:10C4B000600002D10231102201E097F90E20FDF355
:10C4C00043F30BF104031946A5F1500006220F9324
:10C4D000FDF33AF3BDF8723025F82A3C002305F845
:10C4E000283C05F8273C05F8263C05F8253C05F8CE
:10C4F000243C05F8233C05F8223C05F8213C05F8CE
:10C50000203C05F81F3C109818B9B8F1000F01D174
:10C510000BE198460022069B1A99204622F074DA15
:10C520001B9908900022069B204622F06DDA08999C
:10C53000069011F00061119107D1089A02F07F0373
:10C54000314AD256002A21DA2DE00898089B00F4DF
:10C55000E06113F4000F4FEA11212C4B00F07F0231
:10C56000A1F1040108D001294FF0140101FB0233AD
:10C5700094BFDB689B6809E001294FF0140103D8E0
:10C5800001FB02335B6801E04A439B58023B18BF42
:10C59000012353B194F95C36012B08D04AF4804A48
:10C5A0001FFA8AFA01210C9103E00C9301E00022AA
:10C5B0000C92069B13F0006206D1134903F07F032F
:10C5C000C956002926DA39E00698104B00F4E061DC
:10C5D0004FEA112110F4000F00F07F02A1F10401D5
:10C5E00008D001294FF0140101FB023394BFDB682E
:10C5F0009B680FE001294FF0140109D801FB0233B9
:10C600005B6807E098E08500401B86008418860080
:10C610004A439B58023B18BF012363B194F95C362F
:10C62000012B0AD06FEA4A4A6FEA5A4A01211FFADF
:10C630008AFA0E9103E00E9301E000220E9235F883
:10C64000763CB8F1000F02D043F4006301E043F000
:10C65000060325F8763CB8F1000F0CBF14270E270F
:10C660003A4620460899A5F11E0318F0DDDD3A464A
:10C6700018AB2046069918F0D7DD18A90622A5F1B7
:10C680004800FDF361F20C9B09980A99002200937F
:10C6900001901A9B029103924146089A204618F095
:10C6A000E3DD25F8160C0E9B0D980A9900220093E5
:10C6B0000190029103921B9B069A2046414618F076
:10C6C000D3DDA5F1180725F8420CA5F11400B8F147
:10C6D000000F0AD06FF03B0305F8183C002305F863
:10C6E000173C0BF10A01062207E06FF04B0305F837
:10C6F000183C05F8178C0F990C22FDF325F20B98C6
:10C70000119A81B25AB90898A04A00F07F03D35613
:10C71000002B04DA15F81E3C03F00F0301E015F8B6
:10C720001E3C1B0219430B911EE041460622A5F157
:10C730001E00FDF36DF241461022A5F11800FDF335
:10C7400067F2A5F1480041460622FDF361F2474633
:10C7500005F8428C05F8418CCDF81880CDF8208082
:10C76000CDF83880CDF83080736A58050AD51A9A0A
:10C77000110107D5D4F8400149460A9B2AF0E8DBAD
:10C7800005F8430C25F874AC0B9925F8641C1B9B29
:10C7900013F0006102D094F8C01407E003F07F03A7
:10C7A000162B02D87A4A9A4000D40121089A89B2FD
:10C7B00012F0006A04D094F8C0A44FEA8A0A0DE08F
:10C7C000089800F07F03162B02D8714A9A4001D4D2
:10C7D0004FF0010A4FEA8A0A1FFA8AFA069A4AEAD1
:10C7E000010112F0006A04D094F8C0A44FEA0A1ABA
:10C7F0000DE0069800F07F03162B02D8644A9A4099
:10C8000001D44FF0010A4FEA0A1A1FFA8AFA236B81
:10C8100041EA0A0A18690DF02FFAC0B24AEA002A62
:10C8200025F862ACDDF868B01BF0006A02D094F81D
:10C83000C0A40AE00BF07F03162B02D8544A9A409A
:10C8400001D44FF0010A1FFA8AFA09994B1EDBB294
:10C85000012B07D823684AF0100AD3F88C309A6964
:10C8600001329A615946204614F070DF40EA0A000E
:10C8700025F86E0C594620461FF09CDA25F86C0C02
:10C880001B9920461FF096DA25F86A0C109A12B907
:10C89000B8F1000F0BD0089920461FF08BDA25F86D
:10C8A000680C069920461FF085DA25F8660C1A995F
:10C8B0000B0108D5099B042B05D10A9A204618F0D4
:10C8C000FBDA25F8380C1B99080108D50D980428C7
:10C8D00005D10A9A204618F0EFDA25F8360CD9F877
:10C8E00004305A0640F1B9801499002900F0B5804F
:10C8F000284B2A9A9B5C0F9304EB4303B3F8FEB1D9
:10C90000BBF1000F00F0A980736A10935B057ED421
:10C91000289800287BD11A992046099A0A9B0B91E6
:10C9200018F018DA824697B108990C9A20460EF052
:10C93000DFDC069903460E9A204605930EF0D8DCFC
:10C94000B7F80280059B35F8427C98441CE0079AB2
:10C9500012BB0B99099A079B20460EF007DFDDF802
:10C960006CC00D9A61460A9B00EB0A082046CDF880
:10C9700014C018F0EFD9DDF814C007466146204610
:10C980000D9A079B0EF0F2DEC71906E0401B8600E9
:10C990000002102898E085008046CAEB08039B45FA
:10C9A00025F8708C25F84A7C24D3109B580602D5B4
:10C9B0002A9801281ED0DA4420460B99099AC8EB20
:10C9C0000A030EF09DDCFF2805D9B4F82A369842F8
:10C9D00028BF184601E04FF480702A9980B201F513
:10C9E000457304EB43039A88824203D09880204623
:10C9F00025F034DD236893F84430002B2DD02A9A9B
:10CA0000032A2AD8D4F864010F99424622E0236809
:10CA100093F844300BB32A9B032B1ED83FB10C9ADA
:10CA2000204608990EF064DC7A8882180FE0DDF861
:10CA30006880099A41460A9B204618F08BD9099ACA
:10CA40000546414620463B460EF090DE4219D4F89A
:10CA500064010F994B463DF09DD9736ABDF8720091
:10CA600043F0840373621FB0BDE8F08F38B5D1F88E
:10CA7000D83204461D8C05BB8B6D40F237151D4026
:10CA8000036B002D14BF112501251968022907D158
:10CA900090F85C160131C9B2012998BF45F0200514
:10CAA0005B7D53B1906B02F13C0121F0BBD820B10A
:10CAB00094F947360BB145F48065284638BD4B786C
:10CAC00030B5012B35DDC8788A7842EA0022012A88
:10CAD0002FD1072B30DD0A7A4C7AA3F1080042EA05
:10CAE0000424002201E001320438A24201DA0428C1
:10CAF000F9DC121B00EB8202012A1DDD01F10800A6
:10CB000000EB8404A078E578023A40EA052400208E
:10CB100001E00130043AA04201DA032AF9DC001BEB
:10CB200002EB8002012A09DD901E08D0181A487015
:10CB300002E06FF0160030BD002030BD002030BD97
:10CB40002F2A70B530D9B0F88031046B0B60B0F883
:10CB50008231A5894B60E3891B0743EA05330568E9
:10CB60008B602B69D0F88401DE6B3B2ACE60AE6807
:10CB70000E619E6A4E61DE6A8E61B5F87A60486227
:10CB8000D5F8B000CE61086258688862986BC862B8
:10CB90000DD9208908636089486300203F2A886393
:10CBA00006D91B6CCB6370BD6FF00D0070BD00200B
:10CBB00070BD2DE9F04F85B003910168914691F861
:10CBC0002F100EAA1F46054692E80C08119EDDF8AC
:10CBD00048A0DDF84C8011B1B9F1140F47D0D5F859
:10CBE0007C020292019341F021DB029A0446019BF0
:10CBF00000283CD0C0F804908260C360C0F810B038
:10CC0000B8F1000F01D00AF1100AC4F814A0BAF16B
:10CC1000000F1FD0F6B16868514601F041DEE063B5
:10CC200038B9D5F87C02214605B0BDE8F04F41F097
:10CC3000119BB8F1000F09D041461022FCF384F794
:10CC4000E06B626910303146103A01E062693146AA
:10CC5000FCF37AF72846039922463B461DF028D874
:10CC60002846214605B0BDE8F04F20F0B39B05B043
:10CC7000BDE8F08F2DE9F04F87B08A46119905463F
:10CC80000B2993460393DDF84090129C40F2638198
:10CC9000BAF81630A1F10C0609F10C0703F4FF6392
:10CCA000DB083846314603220293FDF3EFF2B0B1C0
:10CCB00090F80280D5F85C0148F43061B8F10E0FAD
:10CCC0008CBF4FF480534FF40053194341F04ED9B9
:10CCD00038B9D5F868319B88990502D43BE1DDF875
:10CCE00008800021AC222046FCF392F75946062228
:10CCF0002046FCF329F799F80A3099F80BB003990C
:10CD000043EA0B2B0BF00303012B08BF84F83430EC
:10CD1000E388002914BF4FF4807200221343E3809C
:10CD20005146A4F862B028461EF01EDC51466085CC
:10CD3000284612F0ADDC029BA085434503D1E38871
:10CD400043F00203E38005EB080393F84C303146CF
:10CD500084F8613099F8092099F80830384643EA98
:10CD60000223E3850022FDF391F2014648B14278A7
:10CD7000202A06D8227204F109000231FCF3E4F6FD
:10CD800001E00023237200230093284639463246EF
:10CD900023461EF0A3DF002840F0DD8038463146F0
:10CDA0000122FDF373F230B14378082B03D9E388F5
:10CDB00043F00103E38048F43063B8F10E0F8CBFF9
:10CDC0004FF480584FF4005843EA08081BF0020F54
:10CDD000A4F832800DD0384631460622FDF356F2D3
:10CDE00038B14378012B04D9C278837843EA02230F
:10CDF0002386D5F8680183795BB1119922460191A8
:10CE000053460399CDF800904FF006DC002800F05F
:10CE1000A280314638463022FDF338F2014618B17F
:10CE200028462246FEF71AFA314638464422FDF3D8
:10CE30002DF2014618B12846224611F04FD831464E
:10CE4000384604970596FEF32DF0014618B12846A2
:10CE5000224611F0FFD92B685B6BD3B1049705967E
:10CE600006E02846414604AA05AB1EF05FD940B94A
:10CE700004980599DD22FDF309F280460028F0D1DF
:10CE800007E0E38843F00403E38098F8083084F86F
:10CE90006A30002338463146314A00931DF01AD8D3
:10CEA00018B1E38843F00803E380E388284623F4BD
:10CEB0006663E3803946324620F026DF814600284B
:10CEC0004BD0037890F8018043EA0828E38818F4EF
:10CED000804F43F020039BB2E3800DD043F40073F6
:10CEE000E3802B6893F82F3033B1D5F8FC341B78EE
:10CEF00013B128462FF07CDA18F0200F03D0E38816
:10CF000043F48063E38018F0400F03D0E38843F4D8
:10CF10000063E38009F10301102204F14D00FCF3EA
:10CF200013F632462846394620F0BADE0646A0B14E
:10CF30003178727828460FF00DDE608618F0020016
:10CF40000BD0707810F0040007D0E388002043F085
:10CF50004003E38001E04FF0FF3007B0BDE8F08F01
:10CF6000C9C201002DE9F04FD0F86861B5B01D4687
:10CF7000DDF8F8B0B379079104463F9FBBF80AA0EB
:10CF800013B130464FF03ED9B5F8008008F0FC08E8
:10CF9000A8F18000D0F1000848EB0008B8F1000FBC
:10CFA00011D0B388590710D4079AD4F85C01D18AFC
:10CFB00001F4FF61C90840F0A1DDD0F1010938BFDB
:10CFC0004FF0000903E0C14601E04FF00009A7F16E
:10CFD0000C0100220BF10C00FDF358F1B36801467F
:10CFE000022B0AD013B91AF0010F04E0012B40F014
:10CFF00060811AF0020F00F05C8130464A464FF023
:10D000002FDB002800F05581737BDA0709D406F185
:10D010000D0005F110010622FCF37AF5002840F01E
:10D02000488109AB05F1100A029320460799524640
:10D030004346CDF800B00197FFF71CFE002840F0F2
:10D0400038819DF82C30BDF856200093204651467B
:10D050000DF12D030DF0C8DC054630B1B8F1000F1D
:10D0600003D0C388DB0540F12481934ABDF84E30DC
:10D07000126819B2D14244BFD318ADF84E30E5B1B1
:10D08000EA88BDF82A3083EA0201880709D4B5F995
:10D090002A20BDF94E309A42A8BF1346ADF84E3053
:10D0A00014E0910712D59A0710D46A8D43F0020359
:10D0B000ADF84E20ADF82A3008E0D4F81C352BB17D
:10D0C000BDF94E201BB29A42C0F2F38094F8F437B7
:10D0D000D8075DD50023ADF88C30B38899070BD500
:10D0E0006068394601F0DCDB2290A8B159463A4627
:10D0F000FCF32AF5ADF88C70BDF88C1060688C31AB
:10D1000001F0CEDBBDF88C30054658B923B160681C
:10D1100022991A4601F0D4DBD4F8680104214FF0BB
:10D120002FD8C6E00126204609A905F10C0280335C
:10D1300000960DF073DE0746C8B96D23B4F8F627E4
:10D140006B602B692A810C332B606E81D4F86801E7
:10D150004FF058D808238DE88800029703952B6874
:10D1600001460493204645223B4617F0BFDABDF83E
:10D170008C2060688C32294601F0A2DBBDF88C203F
:10D18000002A00F096806068229901F099DB90E017
:10D19000D4F8180809F0D0DF28B1D4F8180809A984
:10D1A0000AF074F985E0E5B9D4F82835022B1AD1D4
:10D1B000079B2046B3F81690BDF8563009F4FF6976
:10D1C00023F0FF0343EAD9099DF82C301FFA89F9AF
:10D1D000009351464A460DF12D030DF011DB18B1B5
:10D1E00067E0814600E0A946B6F8048018F002081E
:10D1F00006D06068394601F053DB8046002858D0DD
:10D200009DB920460DF0D4DA054600284DD0D4F85B
:10D210002835022B09D19DF82C3020460093514629
:10D220004A460DF12D030DF08DDA696E41B160684B
:10D23000B5F8682001F044DB00236B66A5F8683080
:10D24000AC22284609A9FCF37FF4B3889A0708D5D5
:10D25000C5F86480404659463A46FCF375F4A5F893
:10D260006870D4F86801437BDB0722D40D30FDF3EE
:10D270005BF10546E8B9D4F868014EF0CBDF012830
:10D2800017D1D4F8680129460CE0606841463A4657
:10D2900001F016DBD4F828353046022B08BFA4F87D
:10D2A000389508214FF04ADA03E0B8F1000FECD1CD
:10D2B000F0E735B0BDE8F08FD014020010B5044699
:10D2C00023F070DE2046BDE8104014F0879F38B58B
:10D2D000D0F86036DA7A9C7A92B19D894FF6FF7267
:10D2E00095420DD0997B41B99A78012A06D0197BD5
:10D2F00001F0010181F0010100E00021C9B20DE05F
:10D30000026B8A4210D19A7B2AB99D78012D04D0F4
:10D3100091F84C1002E0002100E011468C4203D04D
:10D320009972006936F0A4DD002038BD38B50D468D
:10D33000D0F860160446CB7AAB420CD025B10C3144
:10D34000B0F8282614F046DAD4F860362046DD72AC
:10D35000216BFFF7BCFF002038BD0000F0B5D0F80E
:10D360006C620446D6F8D43287B0D0F85C01B4F8C9
:10D370006E15DF8D40F0F0DD0546C0B941F60F3186
:10D380000122D4F85C012B4640F034DBB4F82616B9
:10D39000A4F86E05814207D1D4F85C0101222B4626
:10D3A00040F028DBA4F86E05012384F86D35D4F82D
:10D3B000E42694F86D35002A3AD15F431D4ABF0236
:10D3C000B7FBF2F7012F18D894F86C2502B9A7B96A
:10D3D0002046B4F86E1518F065D904F5AC620C322D
:10D3E00003920122002304922046314650220093EA
:10D3F0000193029317F07AD91AE0B4F86E25A06869
:10D40000A4F8E82694F85825D4F8741542F00202DE
:10D4100084F85825D4F86C22C4F8E476D2F8D422E3
:10D42000D28D5A43002307B0BDE8F04009F0B69E04
:10D4300007B0F0BD40420F00062B2DE9F041044635
:10D440000E4615461F46D0F86C8224D1937880F89A
:10D450006C35537980F86D35D178D0F85C0140F0A7
:10D46000A3DB2979024620460FF074DBA4F86E0591
:10D47000EB7884F8703598F8073063B106F1100046
:10D4800008F1BC013A46FCF343F320B92046BDE85D
:10D49000F041FFF763BFBDE8F08130B5036887B0A6
:10D4A0001B7E0446D0F86C52002B41D0036993F8E0
:10D4B000EA2042B1DB6E40F20440D3F8203118403C
:10D4C000B0F5806003E0186E07F0D4FF003018BF9D
:10D4D000012028B1A06807B0BDE83040FDF76ABC64
:10D4E00094F86D3513B1D4F8E4368BB194F858350F
:10D4F0009B070DD50023C4F8E4362046B4F86E151A
:10D5000018F0D0D894F8583523F0020384F8583531
:10D51000AB796BB904F5AC620C3203920122049230
:10D5200020462946502200930193029317F0DED83B
:10D5300007B030BD73B5036804465B7E002B40F036
:10D54000BD80036993F8EA204AB1DB6ED3F820214D
:10D5500040F204431340B3F5806F06D0AEE0186E7E
:10D5600007F088FF002840F0A980236893F8203056
:10D5700033B9206905F030F82368012283F82020B0
:10D5800023681B6FEBB9206905F04EF8093018D1FC
:10D5900023681A6F910714D442F002021A672546D5
:10D5A00004F12006D5F84C1241B18B7933B94B798F
:10D5B00023B18B7C13B1204639F04ADA0435B542E9
:10D5C000F0D123681D6F1DB1204611F085DA73E09C
:10D5D000012384F82930204620F010D92368204602
:10D5E000596B0323009321B14FF4807229461346EF
:10D5F00002E04FF480720B461EF0CED8A06809F00E
:10D600003BDE236801221A7694F89D3173B12046DF
:10D610000AF0F8F9D4F840352046598E22F0EEDFB2
:10D62000002384F89D3120461CF0D2DAB4F85C1750
:10D63000204621F05BD8206904F06BFE236893F844
:10D640002F301BB1D4F834072FF04CD9236893F84E
:10D6500031307BB1254604F12006D5F84C1231B1AA
:10D660008B7923B94B7913B1204635F009D80435AD
:10D67000B542F2D1204615F01DD8204616F07FFBAA
:10D680000125D4F8AC114FF47A720123A06809F097
:10D6900085DD204684F8F15124F0E0DE204614F0C8
:10D6A00081D8204625F03CDA50B1204625F016DA24
:10D6B0002046294625F01CDC002001E06FF0080020
:10D6C0007CBD00002DE9F04F90F8753297B0DB0675
:10D6D00004460E4601F1040900F1A580D0F8043893
:10D6E000994240F0A080514B1A789A46002A40F0A7
:10D6F0009A8001238AF80030B0F83C5281E010F0A3
:10D70000C1DF0169D1F8CC3098030DD520463A46E7
:10D71000139B3AF01DD8002873D023680399D8686A
:10D72000012201F0E5D86CE07B6A5A0507D5D4F8F0
:10D730004001314603AA139B2AF010D843E0580752
:10D7400007D501232046394615AA14931FF05AD94C
:10D7500005E0204603A914AA15AB0BF069F90028CF
:10D7600031D1236893F8A130012B07D115990329F2
:10D7700004D8D4F84001032229F0B0DA02AF4FF008
:10D7800000081CE078680369B3F84C301FFA83FB8B
:10D790001BB2002B09DA10F075DF002301465A4650
:10D7A000D4F8600100934DF0BFD9012300932046C7
:10D7B000159957F8042FFEF725F808F10108149B76
:10D7C0009845DFDB1DE010301BD148461399039AC2
:10D7D000FDF320F294F8753273B1236893F8B530F5
:10D7E000D90709D5B4F83C3201221D40139B12FA27
:10D7F00003F325EA030504E0B4F83C329D420BD064
:10D800001D464DB14846294613AAFDF337F1074698
:10D81000039000287FF473AF2046314613F030DECA
:10D8200000238AF8003017B0BDE8F08F7C27000095
:10D830002DE9F04F9DB0279F12930E927F890446E9
:10D840001197279F10460C370B97289F0D460C3FCA
:10D850000C97B2F81690194609F4FF694FEAD909F6
:10D86000B9F10E0F94BF00270127109797880DF18B
:10D870007008149716F0ECF9269F15900A37394670
:10D88000109A204613974FF07BDD002348F8103D97
:10D890000646199319AF20462799289A43460097C0
:10D8A0001CF0A0D930B920462799289A4346009702
:10D8B0001EF098D916B17368DB0726D40C990B9823
:10D8C0003222FCF3E3F4014620B14078023120F02B
:10D8D000A9D970B90C990B980122FCF3D7F4014631
:10D8E00050B10231407820F09DD9003018BF01209E
:10D8F00002E001270D9700E00D9056B10D9F37B95A
:10D90000736843F00103736003E0002700E0012720
:10D910000D970B980C990322FCF3B8F42368074683
:10D9200008B14278AAB993F83F0070B1B4F826065E
:10D93000C3B24B4508D0FDF35DF2C9EB000EDEF13A
:10D94000000040EB0E0000E00120C0B20F90002765
:10D9500010E093F83F0050B1B4F82606FDF34AF208
:10D9600097F80290C0EB0907784240EB0700C0B27D
:10D970000F9007460F9929B115F1000818BF4FF015
:10D98000010801E0DDF83C8023685FFA88F893F82D
:10D99000469019F0030923D094F872324BB9B8F1CC
:10D9A000000F06D0D5F8D432B3F8069019F020094C
:10D9B0001FD00B990C9A204620F0A6D90B998346CC
:10D9C0000C9A204620F06CD92368079093F94C30CC
:10D9D00053B120460B990C9A1CF090DE814604E06E
:10D9E000CB46CDF81C9000E09946B8F1000F6CD002
:10D9F00002E0CB46CDF81C90236893F846A01AF0BD
:10DA0000030A6CD0079A002A61D0BBF1000F61D0E5
:10DA10001178204652780FF09DD8B4F826C60346F8
:10DA20000CF47042B2F5005218BF01220E3254F8C5
:10DA300022800CF4406CD8F80410D4F85C010893F0
:10DA4000CDF824C03FF042DC10F0080F089BDDF851
:10DA500024C007D198F8ECA01AF1000A18BF4FF0C3
:10DA6000010A01E04FF0000A9BF8002012F00202C8
:10DA700003D007994A78C2F38002BCF5406F05D104
:10DA8000B4F826269A420BD100F013BCBAF1000F6D
:10DA900025D00AB303F44062B2F5406F40F0098428
:10DAA000226892F82FA0BAF1000F40F005841846C2
:10DAB0000893FDF39FF18046B4F82606FDF39AF132
:10DAC0008045089B40F0FA8308E0C24609E0DDF893
:10DAD0001CA004E0DA4602E0924600E09A464FF0CD
:10DAE0000108236B5B7D002B37D00F9A002A34D0BE
:10DAF00094F8723233B994F87432002B2DD0B8F107
:10DB0000000F2AD194F8493653B1199B002B07DD39
:10DB1000189B1B78580703D5D4F8583604221A618D
:10DB200094F849364BB10D9B4BB9119989060DD428
:10DB3000D4F858360422DA6008E00D9A32B1199B05
:10DB4000002B07DD189B1B78DA0703D5D4F858366D
:10DB500004221A62204625F027D8236893F846301D
:10DB60009B0747D00F9B002B44D094F8723233B9F7
:10DB700094F87432002B3DD0B8F1000F3AD1B4F8CC
:10DB80002636079903F44063A3F54060434243EB14
:10DB9000000311B90D9A32B916E007998A7802F09C
:10DBA0000302032A05D1D4F8582604219161079A6B
:10DBB00052B107998A7802F00302022A04D11BB1FC
:10DBC000D4F858260421D162BBF1000F0FD0079A78
:10DBD0006AB19BF800105278890708D402F0040259
:10DBE000D2B222B11BB1D4F858360422DA622046F0
:10DBF00025F08CD8236893F82F30DBB1D4F8FC34AF
:10DC00001B78BBB1B7B9204659462EF0DBDB88B193
:10DC1000204639462EF0D8DC20462EF0CBDCB4F876
:10DC2000263603F44063B3F5406F03D1204601214B
:10DC30002EF03CDC94F87032002B00F055831DB1BF
:10DC4000D5F8DC720A9700E00A95B8F1000F7CD095
:10DC5000236893F846309B072ED0AB7C33B936B996
:10DC600020461399109A4FF0A5DC064626B3BBF167
:10DC7000000F0ED0079B204631465A46CDF8009043
:10DC80001CF09CDDB5F8343523F02003A5F83435BD
:10DC90000CE0AB7C53B97368DF0307D520463146EF
:10DCA0005A465B46CDF800B01CF088DD20460B9943
:10DCB0000C9A33461FF072DB0E9920461DF054DC9F
:10DCC000014628461DF092DC28461DF0E7DB0E9940
:10DCD000204611F0DDDC0146284610F03FDCAB7930
:10DCE00083B9D5F8E022D5F8D432118A928A0A9FF6
:10DCF00059859A857B792BB9AB7C1BB128460121CC
:10DD000035F030D90A9F0023BB71FB7195F8129052
:10DD1000B9F1000F19D197F88530012B15D187F88B
:10DD20008590D4F8400126F0F1D9204629460F22EB
:10DD30004B46CDF80090CDF80490CDF80890CDF882
:10DD40000C90CDF8109016F0D1DC002D59D0AB79A5
:10DD5000002B56D1AB7C002B53D0279FBB787A7811
:10DD60001B0443EA02233A781343FA7843EA026237
:10DD7000BB7910927A791B0443EA02233A79134360
:10DD8000FA790A9F43EA0269FB6913B93A6A12B940
:10DD900032E0994506D399452ED10A9F3B6A109FE0
:10DDA0009F4229D2269F002300930193029303935D
:10DDB0000493204607F110032946162216F096DC3C
:10DDC00028460E99129A279B24F090D90F9F9FB155
:10DDD000EB794BB1AB7C23B105F1BC00FCF3A4F3B0
:10DDE00010B905F1BC0101E005F1D6010022204681
:10DDF0001346009221F01CDF0A99109FC1F81C9075
:10DE00000F62B8F1000F00F00D82AA79AB7C002AF6
:10DE100040F08D81002B00F08A811AAB0093289A84
:10DE2000284627990DF16F0315F006DDBDF868202F
:10DE3000D5F8E482A5F8202594F8EB91B9F1000F0C
:10DE400067D100284DD098F80030022B1AD128460F
:10DE50004946B8F826B00AF01AFCB4F8303884F80D
:10DE600032980BB1A8F8263028461EF093D9D5F881
:10DE7000E432A8F826B05B8B002B4AD0284610F07D
:10DE80004FDC46E023685B6B3BB194F8FA3123B179
:10DE9000AEB196F8D2300F2B11D098F8022022B1F3
:10DEA0002046294622F0C4DA33E04FF0FF330093D6
:10DEB000204605F1BC01134621F0BADE29E094F8B2
:10DEC0000D3733B398F802303BB11EB1736823F0BD
:10DED00000637360284615F08DDD284622F0AADF26
:10DEE00017E098F808302BB1B8F80A1011B9284695
:10DEF00022F0CEDFD5F8E4325B8B53B198F80030D6
:10DF0000022B06D1D8F82030012B02D128461EF072
:10DF10002DD998F803301BB12846002122F0ACDE41
:10DF200098F809303BB928460DF072DB18B1284645
:10DF3000012123F099D898F809305BB1149F284645
:10DF4000C7F3C011159A279B24F076D828460021E4
:10DF500023F08AD8236B5B7D002B38D0119F20469D
:10DF6000C7F3802123F08ADF189A002A2FD0199B4B
:10DF7000002B2CDDD4F8583693F90110013109D16A
:10DF800012781B78C2F34002934203D0204601214D
:10DF90001FF0D6DA189B1B78C3F3800384F846364B
:10DFA0003BB9D4F858361B69D3F1010338BF0023BD
:10DFB00000E0002384F842364EB1736823F0040376
:10DFC000736094F9462612B943F004037360236822
:10DFD00093F84630980733D0079F002F30D0D4F8FD
:10DFE000583693F90620511C25D1BA7893F905309B
:10DFF00002F00302934203D020460B211FF0A0DA67
:10E00000079FD4F85836BA78DB79C2F3800293427E
:10E0100003D020460D211FF093DA079FD4F858361D
:10E02000BA789B7AC2F30012934209D0204610219D
:10E030001FF086DA04E0012A0CBF032200225A7185
:10E04000D4F85C01B4F826163FF058DD90B1D4F84E
:10E050005C01B4F826163FF091D9236B18690BF0D8
:10E060000BFEB4F82636834204D1002120460A462E
:10E070001DF07ADD002E42D073685B0640F12781E7
:10E080000B9F16970C9F179706E02046394616AA55
:10E0900017AB1DF04BD840B916981799DD22FCF349
:10E0A000F5F007460028F0D10AE1BB79012B40F0DA
:10E0B0000E8194F80C223B7A5340180700F0078138
:10E0C00004F5007909F106084046B91C1822FBF353
:10E0D0003BF5236893F83030002B00F0F480D4F83F
:10E0E0003477434607F5637709F11E0918685968C4
:10E0F0003A4603C208334B451746F7D1E3E02046C2
:10E100000B990C9A0FF06ADE012802D12046FFF726
:10E1100025F9BAF1000F00F0E78094F86D35002B77
:10E1200040F0E2802046514617F0BCDADCE0002BDC
:10E1300078D10D9F1FB9119FC7F3401500E001254D
:10E14000EDB29EB1736815B143F0040301E023F012
:10E15000040373600C990023654A0B9800931BF02D
:10E16000B9DE3146024620461FF0F2D8236B5B7DB4
:10E17000FBB1199B002B0EDD189B1A78510703D5B4
:10E18000D4F85826042111611B789A0703D5D4F8D6
:10E19000583604225A620D9F1FB9D4F8583604220B
:10E1A000DA611DB9D4F858360422DA60204624F02A
:10E1B000FBDC236893F846309B0700F09580079FAF
:10E1C00047B1BB7803F00303032B03D1D4F85836CF
:10E1D00004229A62BBF1000F18D09BF801109BF843
:10E1E0000030B4F8262643EA0123DF0603D4D4F82E
:10E1F000581604204863980708D402F44063B3F526
:10E20000406F03D1D4F8583604221A63079F2FB900
:10E210000D9F1FB1D4F8583604225A61204624F0CD
:10E2200075DD61E094F85735002B5DD00F9F002F0E
:10E230005AD0119FB90757D50B980C990022FCF3BF
:10E2400025F0034600284FD02046991C5A7838F014
:10E2500071DE0546002847D0837C002B44D10E99FF
:10E26000129A16F0B7D800283ED0279FD5F8D06272
:10E270000097289F20460197269F0E9907F11002CC
:10E2800001230296FEF7F6FC024600282CD1216BF2
:10E29000D4F86036503106F138009B784AF056DCED
:10E2A000289F28460E99129A279B009733F036DF55
:10E2B0001AE04FF0000A12E44FF0000AD04610E4D2
:10E2C000022384F80E32284601211BF051DB002383
:10E2D0000C990B98064A00931BF0FCDD3146024670
:10E2E00020461FF035D80AE71DB0BDE8F08F00BF0B
:10E2F000C9C201002DE9F04F1769C1B0D7F8D88223
:10E3000004468B469246D8F82C00D8F830100022EC
:10E310000F93FBF3BBF720B1811C407810910D9057
:10E3200005E09BF808300BF1090210920D930021D3
:10E33000282222A8FBF36CF4002128222CA8FBF34E
:10E3400067F4D8F830100122D8F82C00FBF39EF7C0
:10E35000D8F8301005463222D8F82C00FBF396F797
:10E3600006463DB16A78102A04D823A8A91C229237
:10E37000FBF3EAF33EB17278102A04D82DA8B11C41
:10E380002C92FBF3E1F3BBF80630D9070BD5216BD8
:10E390004B7D43B10A6D23A854312292FBF3D4F391
:10E3A00000232C9308E02CAB0093204639460BF158
:10E3B000380222AB1FF032DBB7F86250D8F82C607D
:10E3C000B5F5806FD8F830905ED0B5F5006F5BD0B2
:10E3D00030464946FCF366F5099018B141780026AD
:10E3E00008910AE0304649463022FBF34FF70646D3
:10E3F00010B14278089200E00890802D0AD003D82E
:10E40000102D07D0402D04E0B5F5807F02D0B5F582
:10E41000007F37D1BA6D40F237131340002B36D04E
:10E42000089B002E08BF1423402D08931CD0002108
:10E4300007913AE0162606FB057606F5B4765846AF
:10E44000311D0622CDF818C0FBF362F3DDF818C0C9
:10E4500040B9079B40A901EB83020A36013342F819
:10E46000B86C0793013505E00023C1460793A84621
:10E47000B4461D46D7F8CC229542DBD345466646C6
:10E48000C84612E085B102E0002609960896BA6DEA
:10E4900040F237131340089A002B18BF002318BF0F
:10E4A00018220793089200E0079540F2EE5301937B
:10E4B0003FAB02930F9B2046002B14BF202100216D
:10E4C0005A4607F1C203CDF800B01BF05DDD0A909B
:10E4D00030B920460A99B7F80C2332F0E7D86FE23A
:10E4E0003F99204601F5BC620E32A1F118030B9151
:10E4F0000C9239465A461193FEF7B8FA0B990880E8
:10E50000B8F822304B800F9A0B1D3F938AB108F167
:10E5100024094846FCF308F010B93F98494602E048
:10E520003F9807F1D6010622FBF30EF33F9B06331B
:10E530003F933F9B00210E9318460D9A109B25F0A8
:10E54000FBDB0121229A23AB3F9025F0F5DB0899F4
:10E5500081463F90002900F0848086B1079A1AB165
:10E5600020463146FEF7ABFADDF8FC9031464846CE
:10E5700016F0B4DE3F90737889F8013019E0802DF1
:10E580000AD003D8102D07D0402D04E0B5F5807FC8
:10E5900002D0B5F5007F0DD19049484616F09EDEB9
:10E5A00039463F900BF17B02204609F1040312F03B
:10E5B00003DD4E46802D0AD003D8102D07D0402D04
:10E5C00004E0B5F5807F02D0B5F5007F49D1079B07
:10E5D000002B2ED07378079AF3189A70991C130A9F
:10E5E0004B7073780DF1440C023373703F9B0D91A7
:10E5F00002333F934FF000093B462F46654612E039
:10E600000D99102201EB0910023055F8041F0693F2
:10E61000FBF39AF2727809F10109103272703F9A95
:10E62000069B10323F92079A9145E9D13D461F461D
:10E6300001E0DDF81C90D4F86C32D3F8D8325B6876
:10E64000022B0ED1B9F1000F0BD0002200920192E3
:10E6500002967378204602330393572113461DF028
:10E660000FD82C9A2AB13F9832212DAB25F064DBCC
:10E670003F904346D8F82C60B8461F461AE072789F
:10E68000711A0231891899421AD8099BB34217D0DE
:10E690003378012B0BD9302B09D002323F98314609
:10E6A000FBF352F273783F9A0233D3183F93737897
:10E6B0000233F61826B1F96A3B6BCA189642DED3CC
:10E6C0003B4647469846236893F846309A0717D04A
:10E6D000DAF80430DB0313D5226B38461368653251
:10E6E000A3F1020EDEF1000343EB0E0336A925F081
:10E6F00085DA3F982D211A2236AB25F01DDB3F909D
:10E7000094F8653633B104F5CC613F98043116F0C6
:10E71000E5DD3F90236893F846309A071DD0DAF87C
:10E720000430DB0319D5226B384613686532A3F138
:10E73000020EDEF1000343EB0E0336A925F05EDA8C
:10E740000C9A3F9920468A4228BFC1EB020236ABA1
:10E7500038BF002225F010D93F9023685B6B2BB3A4
:10E76000BBF806305B0721D503223DA81C49FBF30B
:10E77000EBF1012202238DF8F92094F8FA218DF8AB
:10E78000F73000238DF8F83032B19BF96A209A42B5
:10E7900003DA94F80A3700E013468DF8FA303F9810
:10E7A000DD2107223DAB25F0C7DA3F90B5F5806F3C
:10E7B00002D0B5F5006F07D1D7F82C35002B2BD040
:10E7C0003F98D7F8281504E0089B2BB3099949B165
:10E7D0003F9816F083DD3F901EE000BFCCD285004D
:10E7E000D5C20100402D17D0802D15D0102D13D08B
:10E7F000B5F5807F10D0B5F5007F0DD03F9E7249F2
:10E80000304616F06BDD39463F900BF16B02204627
:10E8100006F1080312F0D0DB6B1E9BB2012B03D96B
:10E82000042D01D0082D0AD1DBF86400002833D074
:10E83000BBF868100C300C39FCF334F316E0802D73
:10E840000AD003D8102D07D0402D04E0B5F5807F05
:10E8500002D0B5F5007F1FD1DBF86400E0B1BBF852
:10E8600068100C300C393022FBF310F5A0B1D4F84D
:10E870006C32D3F8D8325B68022B0DD14378102B61
:10E880000AD9023300220290039320465721012324
:10E89000009201921CF0F4DEBB6D580701D50423F1
:10E8A0000CE0990701D5022308E0DA0701D501231E
:10E8B00004E013F4807318BF4FF48073CAF840303B
:10E8C000236893F846309D072AD0DAF84030013BA0
:10E8D000012B09D8DAF80430580305D520465146F3
:10E8E000062223F0C5DF1BE0DAF80430590317D500
:10E8F00051460622204623F05FDF204616F08CD9D1
:10E90000012801460CD1D4F8F83720461A8842F283
:10E910000E73013A92B29A4298BF002128F0BED9F4
:10E920000C9A3F9B38469A422CBFC3EB020200224E
:10E9300000922022019200214FF0FF3204F0B5FB3B
:10E940000E993F90401A00230391049039465522B6
:10E95000204600930193029315F0C8DE3F9D119A63
:10E960000A9BD8F83410AD1A9D8221B16068D8F89E
:10E970003820FFF3A5F7183D60682946FFF390F7AC
:10E98000C8F8340040B10F99C8F8385088F83C10E6
:10E990002A460B99FBF3D8F0BBF862302046C3F34C
:10E9A00040130093002301930293D4F804280A999A
:10E9B00053461EF09FDE0A9A002808BF00220A92E2
:10E9C0000A9841B0BDE8F08FE2D285002DE9F04110
:10E9D0000368044693F83F30C56813B1B0F8266663
:10E9E00002E0FCF74CFD064600222069314604F0A7
:10E9F0005DFA5621206936F0FBDBD4F888314000FF
:10EA0000002BC4F8040506DA2069B22136F0F0DBE9
:10EA10004000C4F80805A221206936F0E9DB400077
:10EA2000C4F8EC07204615F0ABD894F8CD3133B9D3
:10EA300020694C2136F0DCDBC00984F8CD0120468A
:10EA40001FF004DE204640F0D5DA0027E319D3F8A2
:10EA50004C82B8F1000F05D0404621F0B3DF4046AC
:10EA600021F0A6DD0437202FF0D1236893F83F3042
:10EA700093B10023E218D2F84C0250B1027942B1AE
:10EA8000D0F8D432DB8D1B04C5F8883122F0D2D9FE
:10EA900002E00433202BEDD1204631460CF020D982
:10EAA00020467421B4F87A2525F07CD994F8D12138
:10EAB00042F21073002A0CBF1A464FF4BC62204683
:10EAC000822125F06FD9236B94F8D11118690BF0CE
:10EAD00091FF01221346B4F8781720460DF0D8DADA
:10EAE0000123B4F87A17002220460DF0D1DAD4F8C9
:10EAF000400128F04DDC2046FEF7E0FB23685B6B0D
:10EB00005BB1B5F88836D4F86C029BB243F00403CD
:10EB1000A5F8883600211AF02BDF2046FCF79EFA74
:10EB2000D4F8841161B920461FF002D90504C4F855
:10EB30008451204602211FF0FBD82843C4F88401E9
:10EB4000236893F8A130012B03D1D4F8400129F0B8
:10EB50000BDD20461BF03CD820460BF02BDCB4F834
:10EB60005C1720461FF0C2DD204613F079DA00233F
:10EB700084F84430454AE368C3F8DC23012384F871
:10EB8000A83184F8AA31236893F838301BB9254698
:10EB90002646002711E0FF2384F8953884F896383C
:10EBA00084F8973884F8983884F8993884F89A3833
:10EBB00084F89B3884F89C38E9E707F540712046D3
:10EBC0001FF0B6D8B6F82032190706D123F00F038C
:10EBD00000F00F021343A6F82032B6F8203213F0EB
:10EBE000F00F06D123F0F00300F0F0021343A6F873
:10EBF0002032B6F8203213F4706F06D123F470631C
:10EC000000F470621343A6F82032B6F820321A0BD3
:10EC100008D11B0520F47E601B0D20F01F00184357
:10EC2000A6F8200202370236082FC6D123682046F4
:10EC300093F94C100EF0E0DA23681A7EFAB193F8DB
:10EC40002F30E3B104F12007D5F84C626EB1B379EF
:10EC50005BB1236893F838302BB12046D6F84C15B9
:10EC6000002238F05DDE0023F3710435BD42EBD1A4
:10EC7000002384F87232D4F834072DF033DED4F850
:10EC800068010421BDE8F0414DF07A9A8096980021
:10EC90002DE9F341089C07460E4615469846009418
:10ECA00008F030FF10F1170F09D1384631462A46D7
:10ECB0004346089402B0BDE8F04109F0799902B0EA
:10ECC000BDE8F0812DE9F04F1E6995B011919A468B
:10ECD000F388C0F878289DB2069505F00C08958851
:10ECE000934605F00302022A04464FEA98080D9560
:10ECF00007D11BB2002B04DAD8F1010338BF00237F
:10ED000000E00023BAF81490DBB20C93A9F10A09D1
:10ED10009B00B8F1000F03D117334B4580F2A4815B
:10ED2000069D05F0FC07942F03D0A42F01D0842F5B
:10ED300003D1B9F10F0F40F39781B37A13F00103B8
:10ED40000A9309D1204606F10A0138F0CFD8051CF4
:10ED5000099018BF012501E0002509950895B8F133
:10ED6000000F0ED106F116052046294638F09AD834
:10ED7000079050B92946204638F0FED80B9005463A
:10ED800006E000250B95079502E0079DCDF82C8045
:10ED900094F8C83123B9236893F82C2032B926E0BF
:10EDA00020465946524600230EF012DE942F03D01F
:10EDB000A42F01D0842F02D1089959BB03E0802FE2
:10EDC00028D0502F26D0B8F1000F40F0EC83089ADD
:10EDD00002BB06F10A00FBF397F3002800F0E3837F
:10EDE000C5B906F11600FBF38FF398B9DBE30A9976
:10EDF00081B9089A42B193F838205AB1B8F1000F9E
:10EE000008D13DB9099929B9D3F88C309A6F0132EC
:10EE10009A67C8E394F8C8316BB915B9D4F86C3265
:10EE200000E02B4693F8E5202AB120465946524689
:10EE30009B680EF0CDDDB8F1010F0ED1C42F0CD0C0
:10EE4000D42F0AD006F11000FBF36EF3002840F037
:10EE5000AA83337CD80700F1A683DAF81030B21DFC
:10EE60000633CAF8103023680592D3F88C301FFAA5
:10EE700089F1DA6CAAF814100132DA6420460091A4
:10EE80005A46059913AB11F01BD930B12368D3F85A
:10EE90008C30DA6F0132DA6785E3139911B1236898
:10EEA0009B6A0B62B8F1010F38D1BAF81430DAF866
:10EEB0001000A3F11005AAF814500C9D00F11002E7
:10EEC000CAF8102035B100F11402143BCAF8102022
:10EED000AAF81430A42FBAF814300ED10B699B791C
:10EEE000002B00F0608391F8DF30002B00F05B8393
:10EEF0002046069A2EF084DE55E3206890F8420002
:10EF0000002800F05083842F02D0942F40F04B83D0
:10EF1000D4F84001009728F06BD844E3BBF81630D2
:10EF20000A9A03F4FF63702B94BF002301230E930E
:10EF3000002A6BD1B38BADF828309BB20F9331B957
:10EF4000204606F110010E9A4EF01ADA1390069B35
:10EF500013F400631093139B05D023B1B3F8BC20C6
:10EF60000F998A422AD0C3B1BDF82820A3F8BC204B
:10EF70004CE009F1F30804EBC8084046FBF3D4F277
:10EF800080B906F1100041460622FAF3C1F558B1E6
:10EF900009F101095FFA89F900E0994694F8E83728
:10EFA0004B45E6D24FF00008109B83B1B8F1000F3B
:10EFB00010D0B8F806300F998B4223D12368D3F8CC
:10EFC0008C30D3F8BC210132C3F8BC21EBE2B8F19C
:10EFD000000F17D194F8E83706F1100103F1F30898
:10EFE00004EBC808013384F8E83706224046FAF3F8
:10EFF000ABF594F8E8270A23B2FBF3F103FB1123E6
:10F0000084F8E837BDF82830A8F80630089959B1D7
:10F01000079A4AB1AB793BB9D5F8E4321B7A1BB1F8
:10F02000284606990FF058DFBAF81410DAF81030B5
:10F03000A1F11802AAF814200C9A03F11809CAF8D1
:10F04000109032B103F11C091C39CAF81090AAF8CB
:10F0500014100D99069AC1F3C0135104BAF8148024
:10F060000DD5B8F1070F06DC2368D3F88C305A6E43
:10F0700001325A6697E2B02F40F0958227E0502F78
:10F0800079D010D8202F00F05F8206D8002F00F032
:10F090005B82102F40F0878241E0302F3FD0402F1D
:10F0A00040F081824FE0B02F0DD005D8802F7BD06B
:10F0B000A02F40F078823FE1C02F00F09381D02F45
:10F0C00040F071825FE2B8F1050F40F36682002DD7
:10F0D00000F06982AA799AB12A79002A00F0638245
:10F0E000CDF800800193BBF81030D4F8340703F05A
:10F0F000080302932946059A4B4602F072FB52E23E
:10F10000D4F8402592F93420002A00F04C82009374
:10F11000284605994A46434631F042DD43E2B8F1BC
:10F12000050F40F33A82002D00F03D82AB79002BB1
:10F1300040F03982139B2846009305994A4643467E
:10F1400008F0CFFF2FE2236893F8953023B994F8A5
:10F150007232002B00F0278208F11802059D00236F
:10F16000039220462C2106F1100200930193029590
:10F170001CF086DA17E2B8F10B0F40F30E82D4F8D8
:10F1800068319B79002B00F00E82089D002D00F065
:10F190000A82204659463246059BCDF80090CDF8AC
:10F1A0000480FDF7DFFEFEE1B8F10B0F40F3F581BF
:10F1B000059933468DE80202204607995A46CDF854
:10F1C0000880FEF735FBD4F868319B794BB12046B7
:10F1D00059463246059BCDF80090CDF80480FDF7E6
:10F1E000C1FE94F872325BBBB9F80A30DA0727D552
:10F1F00020464946424616F0F5D808BBBBF81670C3
:10F2000007F4FF67FF080E2F00F2D58109F10C000B
:10F21000A8F10C010322FBF339F088B143787BB1EC
:10F220008378BB420CD1226B106904930AF024FD51
:10F23000049BC0B2834203D1D4F868014DF068D971
:10F240000B9A3AB9204606F1160137F095DE0746CB
:10F2500008B94DE00B9FBA79002A49D1D7F8DC12E2
:10F26000D7F8D832059109F10C00A8F10C010493EC
:10F27000FBF30CF0049B06909B680B2B08D13846DF
:10F28000594632464B46CDF8008032F047DF0DE05C
:10F29000226892F831204AB10F2B07D138465946DF
:10F2A00032464B46CDF8008033F008DBBB7CFBB127
:10F2B000059A92F85A30DBB1D4F868010699012218
:10F2C0004DF0CED938B1059991F859301BB90123C9
:10F2D00081F859300CE0D4F86801069901224DF00C
:10F2E000BFD928B9059A92F859300BB182F8590064
:10F2F000079B002B00F05781D5F8D8329B680C2B68
:10F3000040F051814B4628465946324622F0EEDE07
:10F310002846002131F0B8D8236893F82F3023B164
:10F32000D4F834072DF0DEDA3DE1D5F8E432284692
:10F33000997809F0ACF936E1B8F1010F40F32D816D
:10F34000002D00F03081AB79B9F800704BBB20463E
:10F3500013991FF029DC1398037E9B0713D5022114
:10F360004DF056DC139B1A7E12F008020BD120469A
:10F37000294606F1100300970192CDF80890CDF8C8
:10F380000C8009F035FB0799002900F00C81D5F8B5
:10F39000D8329B6813B1284630F0C0DF28460321DD
:10F3A000B4E013990B69AB4240F0FD8020461FF09A
:10F3B000FBDB1398037E990710D512214DF028DC52
:10F3C00000222046294606F1100300970192CDF84D
:10F3D0000890CDF80C8009F00BFBB0E010214DF047
:10F3E00017DCE0E0B8F1010F40F3D7802DB9099A9E
:10F3F000002A00F0D880174600E02F464FF0000B9F
:10F40000CC46A9465D4604EB0B02D2F84C1261B122
:10F4100006F11600BC310622CDF810C0FAF378F3DD
:10F42000DDF810C0002808BF01250BF1040BBBF16B
:10F43000200FE8D12B464D46E146002B00F0B3806B
:10F44000139BB9F800B033B9204606F110010E9AAB
:10F450004DF096DF1390139911B120461FF0A4DBF5
:10F46000BB791398002B54D100283BD012214DF0CA
:10F47000CFDB1398037EDA0702D443689B0031D5B3
:10F4800001214DF0C5DBABF10D039BB2092B07D871
:10F490002368D3F88C30D3F8F8210132C3F8F8216F
:10F4A00097F91030022B03D1F8680E2151F042DE9B
:10F4B000139B1A7E12F004020FD1CDF800B05B68E6
:10F4C0002046C3F340730193394606F11003CDF88B
:10F4D0000890CDF80C8031F06BDD139B5A6822F058
:10F4E00000525A60079B002B5DD0AB7C002B5AD09A
:10F4F000D5F8D8325A689B68022A01D1082B52D815
:10F5000013B1284630F00ADF2846022133F02ADD05
:10F5100049E0002847D00369BB4244D1037ED807A5
:10F5200041D500222046394606F11003CDF800B03F
:10F530000192CDF80890CDF80C8031F039DD2046ED
:10F5400013994DF025DF2EE0B8F1030F25DD55B3FB
:10F550002A7942B3AA7932B306F1160005F1BC014B
:10F5600006220493FAF3D4F2049BE0B9139A0293AF
:10F570000192D4F834072946059A4B46CDF800800D
:10F5800008F01AFF0FE020461399059A4B468DE8C4
:10F59000000902960FF0FADC05E02368D3F88C30FE
:10F5A0001A6F01321A67119851460022FFF3A0F139
:10F5B00015B0BDE8F08F236B18690AF05DFBC0B28F
:10F5C000874238E62DE9F04F064692F82A30106857
:10F5D0000D469BB01446918B0590D6F804A02F6978
:10F5E00013B192F8228000E0984694F82C309BB931
:10F5F0000A0511D505EB4802B2F8AC00B4F87E203C
:10F60000904209D13368D3F88C30D3F8BC21013251
:10F61000C3F8BC2100F079BCBA79C1F3802B12BBCE
:10F62000D7F8E49299F808206AB163B9BBF1000FEA
:10F6300009D195F8D220636A52FA03F3D80702D4AD
:10F6400038460FF049DC33685B6B63B199F81830CA
:10F650004BB194F82A3033B194F828301BB13846B6
:10F66000002120F07FDF238C5A0700F14E84A38B0A
:10F6700003F48043636363B9BB6D40F2371903EA57
:10F680000909B9F1000F27D097F86090B9F1000F80
:10F6900022D04FF00009C4F83890304651462A462F
:10F6A0002346CDF800804FF01BD870B9636B23B1AF
:10F6B000D5F86C310133C5F86C31336893F8953067
:10F6C000002B00F022844FF00109636B23B1D5F8C1
:10F6D00068310133C5F8683194F82C3043B908F12A
:10F6E0005403B4F87E1005EB43039A88998000E038
:10F6F00000223368029393F895301BB1B9F1000FE3
:10F7000040F0038494F82C30002B40F02981B4F8A9
:10F710007EC008F11A091CF00F0340F08A8005EB47
:10F720008909D9F8041079B11A4650460393FFF3BA
:10F73000DFF0039B05EB8802C2F88C3008F14C0225
:10F74000C9F8043045F82230BBF1000F00F0088101
:10F75000E36808F11A090493636905EB8909C9F89C
:10F76000043018699A8A3168D3F80CC09B6800EBA2
:10F77000020EC969CEEB0C0EC01A89688644724429
:10F780008A4222DA5046FFF3E3F0C9F80400002869
:10F7900000F0BB836369006999681A699B8A521AF1
:10F7A000D218FAF3D1F161690A698B68D21AD9F8D3
:10F7B0000430186980181861988A821A9A82888A97
:10F7C000002298825046FFF393F032680499D26980
:10F7D00005EB88039268A448521AD6F82818063A0E
:10F7E000521AC3F88C2061680822FAF391F150B1E3
:10F7F0009E4861680622FAF38BF140B96368DB88A2
:10F80000B3F5407F03D16B6843F0080302E06B68F7
:10F8100023F008036B60964861680822FAF378F1D8
:10F82000AB6810B943F0200301E023F02003AB6084
:10F8300096E005EB89004168049019B90299D1F866
:10F840008C301FE082EA0C0C3CF00F0C04D102F06B
:10F850000F020132934219D000225046FFF348F0C4
:10F8600008F11A02002305EB8202536008F122021C
:10F8700005EB820208F14C08536045F828303368E4
:10F88000D3F88C301A6E01321A663EE308F1220971
:10F8900005EB8909A368D9F80420934211D962467F
:10F8A0005046CDF80CC0FFF323F0DDF80CC0049AED
:10F8B00008F14C08C2F804C0C9F804C045F828C0D3
:10F8C000DDE78DE80804304609F104026368CDF8ED
:10F8D0000CC00BF06DD9DDF80CC050466169624672
:10F8E000FFF306F0BBF1000F3AD1049B5A68626146
:10F8F000C3F804B008F14C0345F823B01369928AA9
:10F9000003F11801C9F804B06160A2F11801A16007
:10F9100094F829102360E26021B103F11E011E3A20
:10F920006160A26094F82A203AB1626884F822806B
:10F9300002326260A268023AA2601A785B7842EAF8
:10F940000323A383636B5BB1A36B4BB193F90E20CD
:10F9500061688A18626093F90E30A268D31AA360B6
:10F96000A36B73B11B7A042B03D1304621464EF0B2
:10F9700065DFA36B1B7A0B2B03D1304621464FF07A
:10F9800079D8BBF1000F40F00183336893F89530CC
:10F99000002B52D0BB689B79DB0700F1D5824CE08D
:10F9A00000F4E06210F4000F4FEA1222314B00F035
:10F9B0007F00A2F1040208D0012A4FF0140202FBDA
:10F9C000003094BFC068806809E0012A4FF014023B
:10F9D00003D802FB0030406801E0504318584FF450
:10F9E000FA7304E000F07F004FF4FA735843B0FB61
:10F9F000F3F0CDF821004FF0010B0DF12700216845
:10FA000018228DF826B0FAF39FF094F82F30A3B1A6
:10FA1000BDF827300DF1310143F4007306220DF1DA
:10FA20003700ADF82730FAF38FF0D6F86C120DF1ED
:10FA30003100BC310622FAF387F0336893F8952041
:10FA40000AB9134601E02D2206AB6169496A4806EE
:10FA500012D5090640F159820092D6F83C01294698
:10FA6000224628F0DDDE91E2401E8600F2C201004F
:10FA7000481E86008418860021680622043112A8D8
:10FA8000FAF362F0216806220A3114A8FAF35CF056
:10FA9000216816A810310622FAF356F094F829309E
:10FAA0002BB1216818A818310622FAF34DF0A38B68
:10FAB00013F4807F03F4007304D112AA626723B1A8
:10FAC00016AB05E016AA62670BB914AB00E018ABE1
:10FAD0002367D4F80490BBF1000F00F00081236885
:10FAE000E36699F80030AA2B30D199F80130AA2B9F
:10FAF0002CD199F80230032B28D199F803302BBB75
:10FB000099F8043013BB99F8053053B9B9F80630A9
:10FB10003046190A41EA032189B20AF0BDDC60B11E
:10FB200014E0F82B12D1B9F806303046190A41EA30
:10FB3000032189B20AF0B0DC40B1B9F806304FEACF
:10FB4000132949EA03291FFA89F901E0B4F808905A
:10FB5000336893F89530CBB1D7F8E0304BB9636B8D
:10FB6000A3B9BA6D40F2371313407BB197F86030F8
:10FB700063B1304629463A462346CDF80090CDF889
:10FB800004800CF0E9DA002840F0BF81A36B6BB170
:10FB90001B7A012B0AD0032B08D0304651462A4647
:10FBA000234608F0D0FE002800F0AF81636F1B7879
:10FBB000D80707D53368D3F88C30D3F8D021013279
:10FBC000C3F8D021A36B33B11B7A022B03D130468B
:10FBD00021464EF033DE636B1BB994F82A201AB924
:10FBE00021E0A36B93F90E3094F82A203AB12168F2
:10FBF00002330A8822F080021204120C0A80616823
:10FC000005E0CA1A12F8012C01F8012C714662694C
:10FC100001F1FF3E10697045F3D9C118908A116156
:10FC2000C31A9382216094F82F3093B12068062282
:10FC30000388804643F4007328F80A3B414610309D
:10FC4000F9F382F7D6F86C124046BC310622F9F37C
:10FC50007BF797F910308BB148F68E0399450DD19B
:10FC60002168626B1231003218BF0122F86807F177
:10FC7000180350F07FDF002840F0478197F83035B7
:10FC800083B148F68E0399450CD12168626B12311D
:10FC9000003218BF012278692B4607F006F90028C8
:10FCA00040F0338163699A8A1869DB6880181B1AEF
:10FCB0002C2B40F22A81002306A92D228DF8263014
:10FCC000F9F342F7636994F82210DA8A01F0070128
:10FCD00022F007020A43DA8294F829200EE1D4F8D0
:10FCE00014B099F80030DBF81020AA2B0492C2EB74
:10FCF000090836D199F80130AA2B32D199F802308F
:10FD0000032B2ED199F803305BBB99F8043043BB29
:10FD100099F8053053B9B9F806303046190A41EA66
:10FD2000032189B20AF0B8DB60B11AE0F82B18D1D0
:10FD3000B9F806303046190A41EA032189B20AF0BF
:10FD4000ABDB70B1049AA8F1060802EB0803BBF81C
:10FD50001420CBF81030C8EB0208ABF81480E3662F
:10FD600026E0BB6D990612D548468A490822F9F368
:10FD7000CFF660B9636908F104081A69998A4244A8
:10FD8000C8EB01081A61A3F81480E26610E0636909
:10FD9000A8F10E08998A1A694244C8EB01081A6151
:10FDA000A3F814802389E266190A41EA03239381A8
:10FDB000A36B6BB11B7A012B0AD0032B08D0304602
:10FDC00051462A46234608F0BEFD002800F09D80DB
:10FDD000A36B33B11B7A022B03D1304621464EF080
:10FDE0002DDD0622616FE06EF9F3AEF6E06E0622BD
:10FDF0000630216FF9F3A8F6636994F82210DA8AC5
:10FE000001F0070122F007020A43DA82626F1278DA
:10FE1000D20707D53268D2F88C20D2F8D011013140
:10FE2000C2F8D01197F8612072B12A7ED0060BD4A7
:10FE3000E26E9289110A41EA0222574912B28A42BD
:10FE400002D05A6AD10660D597F865209AB12A7E09
:10FE5000D20610D4E26E9289110A41EA02224F4979
:10FE600012B28A4207D026398A4204D05B6A002B3C
:10FE700001DBD80649D5BB7923B9D7F8E432012292
:10FE800083F82A2096F83238013386F8323897F909
:10FE90001030DBB1E16E8B891A0A42EA03233E4A35
:10FEA0001BB2934212D10B8A1A0A42EA0323A268B8
:10FEB0009BB20C3A934228D8626BF868003218BFA4
:10FEC000012207F1180350F055DEF0B997F83035EC
:10FED0008BB1E16E8B891A0A42EA03232E4A1BB2C8
:10FEE000934208D1626B7869003218BF01222B4619
:10FEF00006F0DBFF48B994F8292063690093304687
:10FF00002946636F1EF028DA40E033685A6BAAB1C5
:10FF100061692348CA8AD3F8903002F00702825CF4
:10FF20002048855C50460C3503EBC5056B68AE6810
:10FF300001336B60FAF356F78019A8605046616987
:10FF40000022FEF3D5F421E0336BD4F880101B8936
:10FF500030460693A369DB8ADB088DF81C3005EB7D
:10FF6000480393F8AC3003F00F0301338DF82530CC
:10FF70001BF0FADA059BCDF81D00991FD4F880001C
:10FF800013F066FE01013FF50BAD2BE51BB0BDE89C
:10FF9000F08F00BFF7E385008E88FFFFB488FFFF76
:10FFA000C4D2850098E085002DE9F04FA7B09A46AD
:10FFB00009939B8A0026212B04468B4617462596DB
:10FFC00012968DF832600D968DF83B608DF8386092
:10FFD0008DF870608DF83F600A9224921B9601D8CC
:10FFE000036846E0DAF810501046294613F030FE58
:10FFF000AB1D02900493EA8893B203F44071ADF80C
:020000040802F0
:100000002C20A1F5407C104603F00C0E03F0F0020A
:100010004FEA9E0E1209DCF1000141EB0C01BEF12A
:10002000020F08BFD608F6B2ADF82EE0ADF83020CA
:100030008DF839108DF83A60B7F804E00EF0030E31
:10004000BEF1020F04D100B2002801DAD20800E0AC
:100050000022D0B28DF83B00002914BF28222222B2
:1000600006B1023200B104320998808A904206D269
:100070002368D3F88C305A6E01325A6677E3AA7A35
:1000800002F001028DF83C2021B14FF000088DF8FC
:10009000408013E0D80502D505F10A0105E0990575
:1000A0004CBF05F1100105F11601204636F0FADECD
:1000B000031C18BF012380468DF840309DF83C306A
:1000C00043B904992046043136F010DF061C18BFEE
:1000D000012600E0002694F8C83123B9236893F87C
:1000E0002C3033B92DE020463946099A00230DF013
:1000F0006FDC236893F83F200AB98DF8402046BB97
:10010000BDF82C20D20505D49DF83C2012B19DF8F5
:10011000402042BB9DF8392012B19DF83C200ABB1B
:1001200093F82C30002B00F022839DF84030002BF8
:1001300000F01D8398F80630002B40F0188301264C
:1001400011E09DF83C301BB9002E00F0108300E058
:100150004EB19DF839602EB99DF84030002B00F06B
:10016000068300E00026236893F895305BB3B8F16E
:10017000000F28D09DF83C30D8F8DC905BB919F01E
:10018000010F00F0F482049808F1C2010430062245
:10019000F9F3BEF414E004980430FAF3B5F120B199
:1001A00019F0080F00F0E3820DE019F0040F0AD1F6
:1001B00019F0020F00F0DB82204604990DF074DB89
:1001C000002840F0D48209990B6906330B618B8AB1
:1001D000063B8B82049B03F1180205929DF839209F
:1001E0000AB11E33059300238DF83D309DF83A3057
:1001F00083B3059A1378507843EA0020DB098DF821
:100200003D3083B1B8F1000F04D098F81935002BB8
:1002100040F0AD8294F8CF31002B00F0A8824B6AF9
:1002200043F040034B62DFF8A8E500F007031EF837
:1002300003E0DFF8A0C500F010001CF80EE000118C
:1002400002328DF83230CDF834E08DF83800059266
:100250008DF870309DF83D301BB98B8A043B8B8242
:1002600005E05846FAF336F2838A043B8382099A02
:100270000599938A12690793C2EB0108C8EB03033F
:10028000514658460693FAF3ADF50499C8EB0000C1
:1002900008908B7DCA7D43EA0223ADF88E303EBBC9
:1002A000079B204600933A4625AB0FF009DF002854
:1002B00040F05D827DE2FA8A049902F4FF620A311D
:1002C000702A204694BF002201224DF073D9259058
:1002D00030B92368D3F88C30DA6E0132DA6646E240
:1002E0000369D3F8CC30C3F3C0138DF83F3018E066
:1002F000BDF82C3013F4407F13D09DF8393083B90A
:10030000259B73B9FA8A0A3102F4FF62702A2046EB
:1003100094BF002201224DF04DD92590002800F015
:100320002682259BD3F81080D8F8DC3203931EBBBD
:100330009DF8393003BB9DF83C301BB1BDF82C3023
:10034000D80512D498F80620BDF82C3012B1D90582
:100350000BD511E098F8122003F44073002A14BF63
:100360004FF400720022934206D02368D3F88C30F9
:100370009A6D01329A65FAE194F82D372BB99DF800
:100380003F3013B998F8062042B9204639461BF091
:10039000EBD8814618B18AF82D0000E0994698F80C
:1003A00006300BBB9DF83F30F3B9494640461BF081
:1003B0001DD940461BF072D8394620460FF068D947
:1003C000014640460EF0CAD89DF8403063B198F817
:1003D00012304BB198F8073033B1039843791BB909
:1003E0004046012132F0BEDD94F82D3733B99DF837
:1003F0003F301BB9259BD3F8FC3083B1B9F1000F16
:100400000DD0259BD3F8F810D3F8F42042F82190B2
:10041000D3F8F820013202F00702C3F8F8209DF863
:10042000393023B1B8F86220ADF8782036E098F87A
:1004300006302599002B2ED08B8FADF878304B6885
:100440005A061BD59DF83A20C2B1049AD28A1007E9
:1004500014D191F8DF208AB18A7ED2070ED4BDF87C
:100460002C20D0040AD59A0308D50D9A91F8D130E2
:100470001341DB0702D520462DF010D8BDF82C30F3
:1004800013F4805F259B5A6814BF42F4003222F4B3
:1004900000325A6002E0898FADF8781094F82D3759
:1004A0001BB9259BD3F8FC3083B1B9F1000F0DD0F7
:1004B000259BD3F8F810D3F8F42042F82190D3F814
:1004C000F820013202F00702C3F8F820259BD3F888
:1004D0007C315BB1D3F80826029803EB820101322C
:1004E00002F03F02C1F80C06C3F8082698F806305F
:1004F0004BB998F8123033B19DF83C301BB916B99E
:10050000039B9E71DE719DF83C300BB398F806306A
:10051000002B40F02C8198F812304BB121680498E0
:100520004E3110300622F9F3F3F2002800F01F815B
:1005300004980430F9F3E8F750B9236893F83E3093
:1005400033B9204604990DF0AFD9002840F00F814F
:1005500002989DF83C30CAF838005BB92B786A786D
:100560001A43AB78134305D0D4F8600102997A8A14
:100570004AF002DBDAF8382012F000671FD002F4EC
:10058000E0604FEA102012F4000F8F4B02F07F0161
:10059000A0F1040008D001284FF0140000FB013343
:1005A00094BFDB689B680CE001284FF0140003D86F
:1005B00000FB01335B6804E041435B5801E002F05B
:1005C0007F0382490B6095F90330002B07DA23681B
:1005D000D3F88C30D3F8D8120131C3F8D812EB78A5
:1005E00003F03003102B07D12368D3F88C30D3F8F5
:1005F000E0120131C3F8E0129DF83C30002B40F0CE
:100600008C802368D3F88C30FFB102F4E06012F4E0
:10061000000F4FEA10206C4902F07F02A0F10400A5
:1006200008D001284FF0140000FB021294BFD268DA
:1006300092680CE001284FF0140003D800FB02126E
:10064000526804E042438A5801E002F07F02162A11
:100650003AD00CD80B2A25D004D8022A16D0042A66
:100660005BD119E00C2A23D0122A56D126E0302A79
:100670003CD004D8182A2DD0242A4ED130E0602A4C
:1006800040D06C2A44D0482A47D135E0D3F87022B4
:100690000132C3F8702240E0D3F874220132C3F86B
:1006A00074223AE0D3F878220132C3F8782234E099
:1006B000D3F87C220132C3F87C222EE0D3F88022CA
:1006C0000132C3F8802228E0D3F884220132C3F833
:1006D000842222E0D3F888220132C3F888221CE069
:1006E000D3F88C220132C3F88C2216E0D3F8902282
:1006F0000132C3F8902210E0D3F894220132C3F8FB
:1007000094220AE0D3F898220132C3F8982204E038
:10071000D3F89C220132C3F89C2225994B685803D8
:1007200009D59DF83C3033B92EB9D4F8400104AA5C
:1007300000F01CFD03E0204604AAFEF743FF049BE3
:100740001A7CD10705D4259AD2F858110131C2F884
:1007500058111B7C13F0010F259B04D0D3F85C21AA
:100760000132C3F85C21029AC3F8642128E02368AF
:100770005A6BC2B19DF83C20AAB909991448CA8A9B
:10078000D3F8903002F00702825C1248845C58462D
:100790000C3403EBC4046368A56801336360FAF3A7
:1007A00021F34019A060584609990022FEF3A0F0F9
:1007B00006E0BDF82C3013F4407F7FF4B2AD7AE54B
:1007C00027B0BDE8F08F00BF84188600A414020093
:1007D000C4D2850098E085002DE9F047D0F828388C
:1007E0000E690C46F218D0F804800A61898A054621
:1007F000CB1A9BB2A382318A490707D5012B01D8B6
:1008000003680FE00232023B2261A382A38AD4F87C
:100810001090072B2B6805D993F82F30B9F8067084
:1008200033B907E0D3F88C305A6E01325A664DE086
:10083000402F4BD0738ADA0724D407F00C07BF107F
:10084000022F00D0BFB909F11000F9F36DF618B905
:1008500099F81030DB0706D52B68D3F88C305A6F27
:1008600001325A6732E02B68D3F88C30D3F8CC21B0
:100870000132C3F8CC21D5F83C0128F08DD8022FE5
:1008800014D10BE095F8CF31002B1FD0D5F83C01E7
:1008900031462246BDE8F04728F0C8982846414630
:1008A00032462346BDE8F047FFF77EBB012F07D84D
:1008B0002846414632462346BDE8F047FEF702BAD5
:1008C0002B68D3F88C301A6F01321A6740462146E4
:1008D0000022BDE8F047FEF30BB02DE9F04790F899
:1008E000A03186B00446002B40F0EB800368187EF0
:1008F000002800F0E780012384F8A031206901F08E
:1009000019FE2369054693F8EA2052B1DB6E40F2E6
:100910000440D3F820311840B0F5806018BF0120A2
:1009200002E0186E04F0A6FD08B100266DE0D4F8D0
:10093000680104214BF024DC20461DF017DF00B9CC
:100940000135264604F12007D6F84C82B8F1000F95
:1009500057D098F80690B9F1000F52D140462FF0C9
:10096000DDDC98F805302D18002B4AD0236820468E
:1009700093F831304146002B3CD0D8F8CC30DB071F
:1009800038D507F031F823682D1893F89530002BEF
:1009900037D0D4F86C122046BC314CF0E7DC8246EC
:1009A00078B3204651461EF0FFD89AF818309A07BF
:1009B0001AD5022150464CF02BD90822CDF80090D0
:1009C000019298F81220D4F86C32D2F1010238BFAB
:1009D00000220292204641460B22BC33CDF80C90F7
:1009E000CDF8109013F082DED4F86C32012283F837
:1009F000F02006E036F02CD82D184FF47A60FDF385
:100A000093F40436BE429FD18FE7D4F8B4249219F0
:100A1000136B13B1506A98472D18343640F2AC432B
:100A20009E42F2D194F8F1314BB1A068D4F8AC11E8
:100A300006F0FCDB00B90135002384F8F1312046D3
:100A4000FAF7E8FC236800211976236B4FF0FF3298
:100A50004519186909F082F8204611F001DBD4F835
:100A6000786207E00023311D606801220093F9F3EA
:100A7000D1F73668002EF5D1236893F82F3083B173
:100A8000264604F12007D6F84C1239B18B792BB1E8
:100A90000B791BB1204606F0A7FF2D180436BE4285
:100AA000F1D1D4F87C0210B106F0FFFA2D182069BC
:100AB00001F0D9FD0023401984F8293084F8A031D1
:100AC00000E0002006B0BDE8F0870000044B1A6883
:100AD00022B1012280F89D2300221A60704700BFD6
:100AE000D4140200F8B514461D46D2F8F030D2787E
:100AF000B4F8566003EB4203B3F8BE20F6439619F0
:100B00003605360DB4F85A300F467119994215DD85
:100B10006178994254D8A178002951D1013A12053F
:100B2000120D9E42A4F8562002D89D1BADB22DB9DD
:100B300024480021324606F0BBFF0025B4F85A30A5
:100B40009E1BA378761BEB18A4F85A60A37035E0BF
:100B5000E17807F11000F9F3DFF7436A024643F446
:100B600080634362E078D4F8F0105C3001EB400021
:100B7000C6884FF0010E33051B0D0136C68003F009
:100B80003F0604EBD60006F007060EFA06F61385BC
:100B900090F844E0A4F8563046EA0E0680F8446027
:100BA000E378D1F82C01DFF820E003F00703866C2E
:100BB0001EF80330C06CB047013DADB2002DC7D167
:100BC000F8BD00BF04C9010090E085002DE9F041A7
:100BD00092F8E53006461446D0F84051ABB12A46AB
:100BE0000023D2F85012A14204D19433002245F8D8
:100BF000232003E0013304320A2BF2D1706821462E
:100C0000F422BDE8F041FDF35BB682F8E4308B07D7
:100C10003FD5B2F85430B2F85C802BE003F03F01CE
:100C200004EBD10292F84CC001F007004CFA00F737
:100C300017F0010F1BD04FF0010E0EFA00FE92F8D4
:100C400044706FEA0E0E57FA00F05FFA8EFE0EEA5D
:100C50000C0CC00782F84CC009D50EEA070782F8D1
:100C60004470611800220A71A278013AA27001331F
:100C70001B051B0D4345D1D1D4F8F0206B682846E5
:100C8000D158224624F0D2DC94F8E830013B84F8B5
:100C9000E830D4F8F0206B683046D158224625F071
:100CA000A9DAD6F8400121460022BDE8F04125F03E
:100CB000A399000037B5044694F89D530068012DB0
:100CC00008D112F017DF022804DD002384F89D33D9
:100CD000054B1D60217D94F928200091E37C034998
:100CE000034806F0E5FE3EBDD41402009FC9010092
:100CF00040C901002DE9F04796880546174604686B
:100D0000B2F80AA006F007064FF0000837E00B69BA
:100D10006068B3F80090D5F878329A6E01329A661E
:100D20000122FDF3E5F5236893F8A130012B04D0EF
:100D300009F4C069B9F5C06F17E01821714301F5D6
:100D400020716B18DA885888904202D1695AD9808C
:100D500001E00132DA8008F1010801222046314623
:100D60001FFA88F821F028DCD0450AD02369022137
:100D700003EB8603D868134B9B6B98470146002909
:100D8000C5D1236893F8A130012B05D02046314608
:100D900095F92C2021F010DCFB889A0709D4BDE8D6
:100DA000F087013D0120EDB2FDF3BEF215B9BDE8BB
:100DB000F0870B25E368D3F87031DB07F1D5BDE888
:100DC000F08700BFE0A685002DE9F347D0F800804A
:100DD000044601A9D8F800054BF064DF4FF0000A83
:100DE00039E06B685A0336D56368002655F80390DE
:100DF0004F46D7F8F8304BB39A781979002A18BFC4
:100E00004FF0010A19B100221A71DA701EE0EAB13E
:100E1000DA780132D2B2DA706B6813F4807F14BFD3
:100E2000618EA18E4FF06403B1FBF3F39A420BD3B2
:100E3000D4F878324046D3F8C42049460132C3F88A
:100E4000C420324624F076DF4FF0010A0136F6B2B4
:100E50000437082ECDD101A84BF02CDF0546002821
:100E6000BFD1BAF1000F06D1236884F8A3A3986814
:100E7000A16B06F0DBD9BDE8FC874368F7B5CD5818
:100E800006462F46002430462946224623F020DA23
:100E9000D7F8D8304BB11B78012B06D12522009210
:100EA00030462946224625F035D922460134012311
:100EB00030462946E4B223F077D90437082CE2D132
:100EC000326800230093506805F110010122F9F304
:100ED000A1F5FEBD10B5036804465B7E7BB90849E9
:100EE000084806F0E5FD2046FFF7F7FC04490648F0
:100EF00006F0DEFD2046BDE81040FCF71BBB10BD30
:100F0000C2C9010085C9010093C901002DE9F04F54
:100F1000D0F8008087B0054605A9D8F800054BF049
:100F2000C1DE00220392E5E0029A53685B0340F1C0
:100F3000E180D8F840314FF0000A5B68D658B146DE
:100F4000D9F8F8300AF18C015FFA8AF706EB410212
:100F50001BB10023537006F8113016F8113083B11D
:100F6000002306F8113051780131C9B202295170BD
:100F700007D9537026220092284631463A4625F07A
:100F8000C9D8D9F8D840002C00F0AC802378032BC6
:100F900000F2A880DFE803F09502607D2846314624
:100FA0002246012325F0E6D894F8E7B0BBF1000F04
:100FB0001CD0BBF1010F11D1E17806F11000F9F35B
:100FC000ABF5014650B1D8F800305A46D868FDF369
:100FD0008FF4D5F87832DA6B0132DA63002284F8C4
:100FE000E7202846214625F007D87BE094F8E83032
:100FF000312B08D927230093284631463A4601234E
:1010000025F088D86EE094F8E63023B184F8E6B095
:1010100084F8EBB066E0A37823B194F8EB300133A9
:1010200084F8EB3094F8EB30022B5BD1D5F87832B2
:1010300028465A6E314601325A66272300933A46B3
:10104000012325F067D80123284631463A4623F08C
:10105000ABD80123039345E094F8E9305A1C032BE5
:1010600084F8E92004D93046214623F06BD839E0D2
:10107000AA7CEB7C009295F82E20286801920299B8
:101080003A4625F07FDBD5F878321A6D01321A65C1
:1010900028E094F8EA305A1C012B84F8EA2009D998
:1010A000D5F8783228465A6E314601325A663A46A9
:1010B000012303E0284631463A46002323F074D842
:1010C00010E094F8EC305A1C3B2B84F8EC2009D942
:1010D000284631463A46002324F004DB10B10423AD
:1010E00080F8E9300AF1010ABAF1080F09F10409A0
:1010F0007FF426AF05A84BF0DDDD029000287FF4D9
:1011000013AF039A094B12B11A68013200E0039A37
:101110001A601B68012B05DD4046FFF7DBFE034B21
:1011200000221A60002007B0BDE8F08FD81402003A
:10113000F8B505461746C1B14B685B0315D5436842
:101140000024CE583319D3F8D81059B137B191F8DB
:10115000E430012B02D1002381F8E430284600223C
:1011600024F04ADF0434202CECD1F8BD2DE9F04303
:10117000138C85B0082B04468946154692F82280C8
:10118000066801D0304620E04368CF5808F13E039E
:10119000116857F82320DAB9AB699B8803F0030381
:1011A000022B0FD111F8033C1B070BD5012308F1CB
:1011B0008C0807F81830D0F87832D3F8B420013210
:1011C000C3F8B420304649462A46FEF7FBF912E13F
:1011D000D9F80430D80315D4AB699B8803F0030316
:1011E000022B0FD111F8033C1B070BD508F18C0320
:1011F000012007F81300D4F87832D3F8B400013096
:10120000C3F8B400AB699B8803F00303022BD4F846
:10121000783238D111F8030C00071ED5D3F89C00A2
:101220000130C3F89C00D3F8A0000130C3F8A0003F
:1012300011F9030C002804DAD3F8AC000130C3F82C
:10124000AC0011F8031C01F03001102920D1D3F8B3
:10125000B0100131C3F8B0101AE011F805CC11F844
:10126000060C11F8041C4CEA0000014305D1D3F828
:10127000A0100131C3F8A0100AE0D3F8A410013186
:10128000C3F8A41004E0D3F8A8100131C3F8A810E3
:10129000B5F87E10080740F09A80D3880909994272
:1012A00023D10123C91809051371090DD180D9F87B
:1012B000284009F11A01062202A8F8F345F4304645
:1012C00049462A46FEF77EF9304602A922464CF0EE
:1012D00057D8002800F08F80484540F08C80304679
:1012E0003946424624F0C2DD85E001F00F09C91AF3
:1012F00009055378090D994205D209F1020352F804
:10130000231019B944E0B1F5006F0CD900227068C0
:101310006969FDF3EDF2D4F87832D3F8C0200132D8
:10132000C3F8C02067E0C3F10103CB189BB230467D
:101330003946424624F02EDD08F13E0357F82330AB
:101340006BB1696909F1020243F82210D5F88020D7
:1013500009F1120943F829209A7801329A7042461D
:101360003046394624F082DDD4F87832D3F8C820EC
:101370000132C3F8C82094F8A333002B3BD10123DA
:1013800084F8A333B068A16B642205F007DF32E074
:10139000696909F1120942F82310D5F8803042F842
:1013A000293093780133937094F8A3333BB9012328
:1013B00084F8A333B068A16B642205F0EFDED4F8A3
:1013C0007832D3F8BC200132C3F8BC2013E0706837
:1013D00069690022FDF38CF2D4F878322046D3F804
:1013E000DC2039460132C3F8DC2001230093424659
:1013F000002324F08FDE05B0BDE8F08303681B688E
:1014000019B1012283F8AA20704783F8AA10704707
:1014100070B5D0F8AC5302292B6808BF00F575747D
:10142000D3F88C2018BF0024136C0646506822693C
:10143000C3189A1A2361A3699A4223780ED24BB932
:10144000E26863699A4205D301232370636801331C
:10145000636070BDE3680133E36070BD0022E26049
:1014600013B3012904D12846032120F0BFDB19E082
:10147000022917D1A868D6F8D01305F0D7DED6F820
:10148000CC337BB12B6893F87430012B07D02869DB
:10149000012133F0FDDD2B68012283F87420002345
:1014A000C6F8CC330023237070BDD0F8AC0370476E
:1014B0002DE9F04FD0F8AC83D0F8B003CFB007904F
:1014C000D8F868011D4683790F46924613B104216E
:1014D0004AF056DEBB791BB13B79002B00F07E81D0
:1014E000BAF80040B5F8009014F48044B5F802B0A2
:1014F00040F06181BBF1010F40F0318176E0D4F81A
:10150000D830002B00F06A8195F803909DF868317F
:101510004FEA991903B309F1A00358F82360DEB12B
:101520003369CBB1337ABBB1294603224AA8F8F319
:101530000BF34AA806F1140132690330F8F304F3FF
:1015400031694AA8033109AAFEF3ECF5589B281D1E
:10155000191F09AAFEF316F607EB89035B6F002B30
:1015600033D01A6958982946143303F0B7DA60B3B8
:10157000B5F80490B5F806B0B9F1010F1DD1BBF173
:10158000030F1AD1AB7A102B17D1D4F8D80005F17C
:101590000C01EA7A0230F8F3BBF2054668B920463E
:1015A000494697F948204BF0ABDD84F8DE902046A1
:1015B00049462A464BF0A4DD0CE02046012197F96C
:1015C00048204BF02FDB0F2504E00F254FF0030BD5
:1015D0004FF00109D4F8D810079B4A78D868023236
:1015E000FDF36EF10023C4F8D830B9E03E6DFB6C1A
:1015F0007D6DB6B10AE029460AF10A00062206937B
:10160000F8F386F20635069B10B101349C42F2DBFA
:10161000012E02D19C4228DB03E0022E01D19C4224
:1016200023DAB8F8823144F21D3293422DD00AD821
:1016300044F21632934228D044F21A32934224D014
:1016400044F213320DE044F22A3293421DD002D804
:1016500044F2213205E044F22D32934215D044F297
:101660005232934211D0002210E0002603238DE86D
:101670004800404617210AF10A02334602960396B3
:10168000012519F0FDDF344680E001220AF10A0449
:10169000214640464BF074DE014610B140464BF007
:1016A00077DE214640464BF07BDF0446002800F001
:1016B0008C8039464BF056DC6368DA0408D507990C
:1016C00091F83020002A40F0828023F48053636038
:1016D000404621461DF068DAB9F1000F03D0B9F198
:1016E000010F76D112E0B7F95C3097F94820204617
:1016F000012113B94BF004DD01E04BF093DA267EB3
:1017000016F0010666D0002635462EE0D4F8D81033
:1017100041B1079B4A78D8680232FDF3D1F000232B
:10172000C4F8D830B7F86250002D52D10799C86874
:101730008221FDF3B5F0064600284DD0102303703A
:1017400080234370D8F80C30B3F85A26731901354A
:10175000802D9A70F6D1C4F8D860002505E00E25DA
:10176000BBF1030F3AD8002685B97CB1237EDB0795
:101770000CD54046394604220AF10A03009501952A
:10178000CDF808900395049512F0B0DF0BF101033A
:101790000193002303939DF86431384605930AF1C1
:1017A0000A0107F1BC022346CDF800900295049689
:1017B0001EF09AD812E040460AF10A014BF0D6DD3D
:1017C000044600287FF49BAE08E0064604E00026AD
:1017D00002E000260D25D9E70125D7E74FB0BDE887
:1017E000F08F30B59DF810509DF814400495059485
:1017F000BDE83040FFF75CBED0F8C0037047C0F8CA
:10180000C0137047D0F8AC331B68DB691869042833
:10181000A8BF0420704770B5036B002580F8D0582E
:10182000D0F85C610446186908F026FA0146304693
:101830003CF064D930B1204601212A46BDE8704011
:101840001AF0929970BDF0B504688BB0054600217E
:10185000E6681FF037DA284612F07CDED4F8E4366A
:101860006BB1A068D4F8741505F0E0DC0023C4F86F
:10187000E43694F8583523F0020384F85835D4F848
:101880005C013CF01BD9236993F8EA2062B1DB6E5E
:1018900040F20440D3F820311840A0F5806CDCF110
:1018A000000040EB0C0006E0186E03F0E3FDD0F101
:1018B000010038BF002000283ED0204606F0A2F8E4
:1018C000236BD4F85C71186908F0D6F901463846E4
:1018D0003CF014D930B194F8D0281AB9204601212F
:1018E0001AF042D9284613F0CFDB4FF00043C6F878
:1018F00088310F21206933F071DD206940F2FF311A
:1019000033F05ADD236B1B68022B04D1206994F855
:10191000431633F0BFDD204618F08EDB204618F06A
:1019200057D90AA9002341F8283D204669461BF0F3
:10193000E1DF20461FF036DB0BB0F0BD2DE9F041B2
:101940000768044686B038460E46154698461DF090
:1019500035D810B138461DF029D80C9B3846029373
:1019600000230393049321460B222B468DE840016C
:1019700012F0BCDE06B0BDE8F08100002DE9F04FAA
:101980000468D0F8D8B2D0F8D01297B00546D0F895
:10199000E8A2204607911FF08DDBDBF80010A0685D
:1019A00005F044DC284602212EF06EDDDBE1D4F8A0
:1019B000D826013352F82360B6F8328008F4704319
:1019C000A3F580514B4243EB01030E3354F82370CF
:1019D00008F44063B3F5406F24D1236893F8463090
:1019E0009A0711D0D4F85C0179683BF06FDC0307EB
:1019F0000AD497F8EC303BB13B68022B12D1D4F8F3
:101A0000FC349B7898070DD54046F9F3F3F140F488
:101A100030639BB20E288CBF4FF480584FF40058AF
:101A200048EA0308D4F85C0141463CF09FDA0028FC
:101A300000F09481708EF9F3DDF140F430601FFA0C
:101A400080F8708EF9F3D6F10E288CBF4FF48051D8
:101A50004FF4005148EA010128462DF0C9DD002865
:101A600000F07C81D5F8E832002B74D0D3F8DC305C
:101A7000002B70D00023A5F85C3096F8AA004FF038
:101A80000C0808FB00A0F2881C3002F08002D2F1A2
:101A9000010238BF002214A9F9F312F3BDF8501067
:101AA000A5F8621096F8AA0013A908FB00A0203040
:101AB000F9F364F3139B2BBB96F8AA30042208FBBE
:101AC00003A815A808F12401F8F33EF015A89249DF
:101AD0000422F8F31DF048B996F8A930A3F10802E2
:101AE000D2B2022A40F23A818DF8573015A813A9D4
:101AF000F9F344F330B90C230090019396F8323097
:101B0000029306E1139B2046590744BF43F00203AA
:101B10001393139B81499A0744BF43F00103139326
:101B200013AB00930423019301230293AB680022BB
:101B300003931346F9F7F6FE07230093002301935E
:101B400096F8AA202046029203930493294618226D
:101B5000334612F0CBDDB6F86230D8060AD5AA6D4E
:101B600040F2371313402BB96D4B1B7813B9009318
:101B7000012234E03046F8F3C7F418B10023009393
:101B800002222CE02B6D002B2ED0236893F83030EE
:101B900063B129E0696D304649440622F7F3B8F78E
:101BA00009F1060938B108F1010801E099469846A3
:101BB000EB6C9845EED32B6D012B03D1EB6C984564
:101BC00006D311E0022B0FD1EB6C984504D20BE049
:101BD00000230093032202E00023009304220192D9
:101BE00096F832200292B1E0236893F8953083B1E1
:101BF000D4F84C35012B09D1304604F5AA610622F0
:101C0000F7F386F7002840F0A98002E0022B00F0ED
:101C1000A58096F93480B8F1000F11D1D4F85C0199
:101C2000718E3CF037D858B10523CDF80080019370
:101C300096F83230CDF80C800293CDF8108087E012
:101C4000B5F862305BB1AA6D40F23713134033B17F
:101C50002046294632462DF0EDDE00287ED13B6835
:101C600006F13800022B07D17A7D2AB9FF230093B1
:101C7000019209A9012313E0236893F8463013F079
:101C8000030307D0D5F8CC3003F48053D3F101031C
:101C900038BF0023FF228DE80C00002209A913465B
:101CA00047F012D8236B503793F8EC1039B1718E8E
:101CB00001F44061B1F5406F14BF1421282138466A
:101CC00046F0AADFD4F8603609A8394600229B788E
:101CD00046F03CDF10B90090092318E09DF8382049
:101CE00094F838379A4239D196F93430D3B9728E94
:101CF000204602F4704206F13801B2F5805F14BF4D
:101D0000022201222DF03ADC60B900900A230193EF
:101D10000290039004901BE038C301001773860003
:101D200094140200236893F830300BB320463146F8
:101D30004BF01CDBE0B1037E990719D5436813F41F
:101D4000805315D10D2200930192029303930493C3
:101D5000204629461722334612F0C8DCD4F8DC3678
:101D6000013BC4F8DC36D4F8DC36002B7FF41FAE20
:101D7000D4F8DC66F6B100228BF81E20D4F8DC36ED
:101D8000D4F8D816581E013351F82330DBF804106C
:101D9000C4F8DC06012909D0009201920292039254
:101DA000049220462946202212F0A0DC284630F07A
:101DB0006FD929E00799EA7991F934304AB10121C4
:101DC000D3F101032846324638BF00232EF044D811
:101DD00009E00121D3F10103284638BF0023009216
:101DE00001922EF073D995F91030022B03D1E868D7
:101DF00000214FF09FD994F87532284623F0040350
:101E000084F875322EF010D917B0BDE8F08F00BFFE
:101E10002DE9F04F056889B09A4600F5347393E8D0
:101E2000080303932B68044693F83F308B4616460D
:101E3000002B00F06881C379002B00F06481837C63
:101E400005A813B104F1D60100E041460622F7F3DC
:101E50007BF6002385F84A352B6893F844301BB194
:101E6000D5F8640137F0D4DE2B6993F8EA2042B14B
:101E7000DB6E40F20447D3F820311F40B7F580678E
:101E800003E0186E03F0F6FA071C18BF0127C7B16C
:101E90000021204631F08AD92046FFF7D4FCA37CEC
:101EA0002046D3F1010338BF00230093002105AA87
:101EB0000823FFF743FD002120460A4634F044DCA6
:101EC00024E1A37C002B00F08C80D4F8DC32D3F822
:101ED000901041B193F894206868FCF3F1F4D4F8C1
:101EE000DC32C3F89070D9F8083023B10D2B02D042
:101EF00020462EF013DAD5F8680104214AF040D9C3
:101F000005A928464BF032DA00273946814684F885
:101F1000947020461EF0E8DB394620461BF0A6DB15
:101F20002046394611F098DDBBF1000F41D004F195
:101F3000BC00F8F3F9F200283BD12B6BB8F83270F3
:101F4000186907F099FE874233D1D5F85C01B8F8DB
:101F500032103BF023DE30B9D5F85C01B8F832100E
:101F60003BF098DE68B166B9D5F85C01B8F832107C
:101F70003BF0C4DD28B9012385F8D038B246654F5F
:101F800000E03746082305A90193284604F1C2035F
:101F90000A46CDF800901DF00DDE034650B14FB15A
:101FA00039462846524619F0D1DF002808BF0027DD
:101FB00000E03746B9F1000F30D048460E214AF014
:101FC00027DE2B6893F8443023B1D5F864014946E5
:101FD00037F032DE494628461CF0E6DD4FF00009B6
:101FE0001CE02B6893F8953083B1D5F8000507A95C
:101FF0004AF058DE05E043689F0044BF23F00053D9
:10200000436007A84AF056DE0028F4D14FF00109DA
:1020100084F81290204618F02FDE37462046002123
:1020200031F0C4D805F500712846063121F05EDC98
:102030002B6893F83F3093B995F9472685F84236D7
:10204000013208BF85F8433628461BF02FDA2B688B
:1020500093F84630980702D028461BF043DA04F183
:10206000BC0B5846F8F360F2014630B9204605AA89
:102070000823CDF80090FFF761FC95F872322046F6
:1020800033B9D5F86C329C4202D1FFF7DCFB04E097
:1020900012F0FADF204612F05DDAD8F8641049B188
:1020A0006868B8F86820FCF30BF40023C8F86430C3
:1020B000A8F86830022305AA009328462346002189
:1020C00019F0AED82046002119F07CDA204619F02C
:1020D000E5D9284606F076F81FB128460021524679
:1020E000B8479EB920463146324634F02DDB3146A2
:1020F00006220398F7F38CF5584631460622F7F38B
:1021000087F5304603E04FF0FF3000E0002009B0D3
:10211000BDE8F08F479C00002DE9F04F062989B0FB
:1021200007460D4690469B469DF848A0D0F8009083
:10213000D0F8D86249D000292CD1BAF1000F03D1D0
:102140004846394635F01ADB99F87242002C3DD0EA
:10215000D9F8000507A94AF0A5DD02E0237E9A0719
:1021600033D407A84AF0A6DD04460028F6D150E093
:10217000D9F83030186907F07FFDD7F8D4325B8E7C
:10218000834223D0484629F08FDFD9F834072AF05C
:10219000A9DB1BE0B368093B012B16D84846114662
:1021A0004BF0E4D810B10C214AF032DD022D0AD0F8
:1021B000D9F80800316805F039D8052D05D84FF059
:1021C000C843AB4001D5012400E000248DE820087D
:1021D000139B48460293336C39460393736CBAF1F0
:1021E000000F0CBF072209220493434612F07EDA47
:1021F0009CB1052D01D0022D07D1B27F337F9A42C9
:1022000003D238462FF044DF07E03846FFF7B6FB2D
:1022100003E07368032BABD1D8E709B0BDE8F08FBA
:1022200070B5114686B0054616464BF09FD8044659
:10223000002824D090F8DF3023B12846214601221F
:1022400006F0BFFC20464AF017DEE3681BB12846C3
:1022500021463DF0FBDB0023032200930192029311
:1022600003930493284621690522334612F03EDA8F
:102270002846214606B0BDE870404BF0899806B06C
:1022800070BD00000048704724D601000048704728
:1022900044D7010010B506490446406EF8F380F1BA
:1022A00028B9606E0349BDE81040F8F379B110BD5C
:1022B0000DAA86000AAA860070B50C460569164666
:1022C00008460A220021F7F3A3F463881E43EB6C4F
:1022D0006680980603D5238843F480632380AB6F20
:1022E00042F25002198C914205D15B8C052B9CBFA8
:1022F00046F00406668070BDD0F8EC1010B50446B8
:1023000031B100680C22FCF3DBF20023C4F8EC309E
:1023100010BD0121836F10B580F890100446586AF3
:1023200007F082FA2046022131F0BEDAA3689868ED
:1023300004F0C2DF002010BD00EB8103DB6F0A4612
:102340008367836801F10E0153F82110196390F837
:10235000EB305BB190F8E83043B94FF40051006EB8
:10236000002A0CBF0A46002200F0449B7047000080
:102370002DE9F3470646884622B183681B68DB696E
:102380005F6B01E04FF0FF370025AA462C460AE0BC
:10239000BAF1000F02D0CAF8040000E0044601358B
:1023A000BD420AD28246DFF85C9006EB8802D9F87B
:1023B0006830D06898470028EAD130466A4601A9BB
:1023C00032F020DF06EB8802D9F86C30D0689847ED
:1023D0000FE00023D4F8048021696360019B8B61C6
:1023E000B36F586A08F020FF2146B068FEF7F4F991
:1023F0004446002CEDD1BD4234BF00200120BDE891
:10240000FC8700BFE0A68500F8B50E460131044602
:1024100003D1836F5E6A06B19E6994F8E9501DB9D5
:102420002046294631F040DA206E00F043DC78B1D6
:102430000027E319D86810B1254B9B6898470437EB
:10244000182FF6D1E3681BB12046002131F078DA6D
:1024500094F8E82042B1A368002220460321DA6103
:10246000BDE8F84032F0AC9B46F0040184F8EA2065
:10247000206E00F0CFDAA36F012184F8EA101BB1BF
:10248000586A08B107F0CBF9204631F031DBE36E32
:10249000206ED3F8E021012122F02002C3F8E021D0
:1024A000FBF362F30021204631F0FED9204632F0E2
:1024B00079DC2046012132F04DD8A3680022DA6190
:1024C0002DB920460221BDE8F84031F0ED99F8BD64
:1024D000E0A68500836810B51A681B69D2F88C20C5
:1024E0000446D2F8B4100131C2F8B41093F8EA20CF
:1024F0005AB1DB6E40F20440D3F820311840A0F509
:102500008061484240EB010006E0186E02F0B2FF25
:10251000D0F1010038BF002020B120464FF0FF313C
:10252000FFF772FFA06831F059DAA068BDE81040EB
:102530001CF0B29838B5044690F8900000282BD0D3
:10254000A3681B6993F8EA2052B1DB6E40F20445A0
:10255000D3F820311D40B5F5806518BF012503E093
:10256000186E02F087FF0546A36815B100221A62B3
:102570000CE0986804F096DE2046294631F094D9A4
:1025800094F8E83013B9204631F0ACDCA36F586AF8
:10259000BDE8384007F0B4B938BD10B504694FF450
:1025A00040412046002232F00BDBD4F8F8302046C0
:1025B0001B6913B130F0DADE01E031F093DCE16C3D
:1025C000206E11F0020118BF4FF400710A4600237B
:1025D000BDE8104000F0BE9A38B5836804461B6819
:1025E00093F82050FDB9012133F060D9206E02F03C
:1025F00022FE2046294631F057D9204631F072DCC0
:10260000A068D0F848381B780BB131F09DDAA36F81
:10261000586A07F0F9F8002384F85E30A3680122B5
:102620001B6883F8202038BD38B50121044633F0FB
:102630003DD9206E02F0FFFD2046002131F034D953
:10264000204632F08FDD054630B12046002133F0C0
:102650002DD96FF0080038BD20464FF0FF31FFF74D
:10266000D3FE284638BD38B5044690F890000028BF
:1026700044D0A36F002184F89010586A07F0D4F872
:10268000A3681B6993F8EA2052B1DB6E40F204455F
:10269000D3F820311D40B5F5806518BF012503E052
:1026A000186E02F0E7FE05466DB10025A36F84F8B1
:1026B000EB5084F8EA50586A294607F0B0F8A06851
:1026C00031F08CD919E0206E00F0F4DA78B1E36EC5
:1026D000D3F82031D80702D5204632F017DFA3689F
:1026E0009868F8F735FB0546204633F0FDD894F896
:1026F000E81011B9204633F0D9D8284638BD00007B
:1027000070B5082986B004460E4600F3F48083684D
:102710007D491B685869F7F317F7082E1CD1236E03
:102720009A69920002D5DA69D60708D5E26CD1071A
:1027300008D5226D120605D4DB69DB0702D5636D6F
:102740009E0003D4266D16F080060FD046B2022EEE
:10275000CCBF0526012600E046B1D4F8F8305B680E
:10276000022B03DDA36D990040F1C8800A2203A863
:102770000021F7F34DF2D4F8F83000221A8194F8D2
:10278000905065B1E26ED2F8205105F0010546B9CE
:102790001B68002B64D0204631F0A4DB60E0002EE3
:1027A0005DD0BDF80C20596842F010020229ADF846
:1027B0000C20626D03D122F00052626526E042F0E7
:1027C00000526265720701D414221A81226E906948
:1027D000800002D5D069C00708D5E06CC0070AD5D3
:1027E000206D000607D4D269D00704D51A8942F0BB
:1027F00040021A810AE0042905D1BDF8102042F4F4
:102800000052ADF8102000221A61DA605A68022ADC
:1028100012D1E26C12F4804FBDF80E2008D042F4C1
:102820008072ADF80E203022DA6020221A6103E0B7
:1028300022F48072ADF80E201A8916F0020F14BF30
:1028400042F0010222F001021A811A8916F0040FE7
:1028500014BF42F0080222F008021A810AE035464D
:10286000BDF80C3023F01003ADF80C30636D23F08D
:1028700000536365D4F8F830616D1E60A36F586A29
:1028800007F0A5FC94F890301BB115B1204632F04A
:102890003DDE0226BDF80C302046002110220096B5
:1028A00032F0A0D9BDF80E30204601214FF48072DD
:1028B000009632F097D9BDF81030204631464FF4DB
:1028C0000052009632F08ED9204630F0ABDF94F8FB
:1028D0009000B8B1A36F1B68B34206D1D4F8F830AA
:1028E0001B6813B1204630F041DD55B1204631F070
:1028F00067DE002006E06FF0010003E06FF00200E9
:1029000000E0284606B070BDC65C8600F7B5856855
:10291000C66E2B680446DB6906271B6A6946C5F844
:10292000AC38304B3A46186800909B88606CADF824
:1029300004302D4B07FB00301838F7F305F1042362
:10294000C5F8AC38032385F8A938A06820F066D80C
:1029500020B1D5F8AC78BF000137BFB2D4F8B83099
:102960000022995C380A791889B20139FDB245EA2A
:10297000012500F0010001F4807108436FEA426113
:102980006FEA5141A6F84015A6F82055A6F82C0587
:10299000A6F84015995C01327F18062ABFB2E0D133
:1029A000204698215A7832F03DDFD4F8B8302046DE
:1029B0009A219A7832F036DFD4F8B8302046DA78A7
:1029C0001B789C2143EA022232F02CDFD4F8B83085
:1029D00020465A791B799E2143EA022232F022DFF7
:1029E000FEBD00BF64C30100EC0A0200F0B504693B
:1029F000064685B02046922132F0FADB400080B2D4
:102A0000A6F8420050B300250F216846144A2B4611
:102A1000F7F342F1606E6946F7F3C2F560B16946BB
:102A2000606EB6F84270F7F38FF507EB450782B298
:102A30003946204632F0F6DE0135772DE4D1606E5E
:102A40000849F7F3ADF548B1606E0649D4F8F8507F
:102A5000F7F37AF52881204630F0E4DE05B0F0BDCA
:102A6000AEAC8600177C8600816F10B50831044635
:102A700031F0E4D9FFF706FC01462046BDE81040DE
:102A800031F0BC9910B5836F064A1C6A40F2EE2300
:102A90009421944214BF1A464FF41662BDE81040C8
:102AA00032F0C09E5020080073B5046905462046E8
:102AB0000E46FFF7D9FFA36F3146586A07F00CFDA9
:102AC0002B68012283F87420204631F0EFD8A36FE1
:102AD0002046998A32F082DCA36F2046D98A32F0F0
:102AE0006BDC204694F8861030F070DEA36F204631
:102AF00052219A8B32F096DEA36F5021DA8B20465A
:102B000032F090DE204631F0F3D82046FFF7BAFFCE
:102B100003230093204604210822002332F062D8C8
:102B2000204602B0BDE8704030F0209C2DE9F04115
:102B3000174604460D46BDF818209DF81C609846BF
:102B40003BB183680C31DB6A03EB41039988711850
:102B500099804FF6FF739A4203D02046A82132F0A5
:102B600061DE04EB8503D868094B394642465B6A4F
:102B7000984700280ADAB8F1000F07D0A3680C358F
:102B8000DB6A03EB4505AB889E1BAE80BDE8F08198
:102B9000E0A685002DE9F041046986B04FF0FF31D1
:102BA0004A4A06462046E56E32F00AD8D4F8F83094
:102BB00020461968FFF7A4FDA36D2BB10323A5F8E8
:102BC000B436FF23A5F8B836E36CDB0724D5404BB9
:102BD0001A680ABB01211960236D206E1F0603D5F8
:102BE000032102F093FB17E002F090FB236D9A00A3
:102BF00012D42046922132F0FBDA4700BFB25FB117
:102C0000CE373946204632F0F3DA40F040023946FA
:102C1000204692B232F006DE4FF0FF31C5F828119F
:102C200020462C4A31F0CCDF2B4F02E00A20FBF388
:102C30007BF3D5F82831DB0701D4013FF6D13046CC
:102C4000D5F82831FFF7A9FCD4F8F4302BB9236E5E
:102C50009A6A40F294539A4213D1206E1F4A836BB2
:102C60009A18012A07D94AF6E602934203D04AF697
:102C7000E502934205D10823002128220093FFF3A7
:102C8000EDF600210A46206EFFF3CCF6FFF7FEFAC0
:102C90000146204631F0B2D82046FFF737FE4FF408
:102CA0008033009320460623982103AA31F0E6DB07
:102CB000336893F8383023B330461FF0AFDE012875
:102CC0001FD100270597B84616E000BF0404000492
:102CD000DC14020002040204A18601001D57FFFF5C
:102CE0004FF4C02300933946204605AA042331F04F
:102CF000EBDB08F1010824373368DB691B6A984570
:102D0000EED320468021082232F08CDD20465C2163
:102D10000A2232F087DD4FF080735E4AC5F8003139
:102D200020465D4931F04CDF4FF00043C5F8883153
:102D30004FF00073C5F88C314FF48043C5F828314B
:102D40004FF480336B620121204631F027DF206E83
:102D500002F072FA16213083B4F84420A5F8A806D0
:102D6000204632F05FDD2046C021B4F8542032F016
:102D700059DD2046C221B4F8562032F053DD474BCE
:102D80002046C5F86031D5F86031B4F88830442168
:102D9000C5F86431424BB4F88C20C5F86031D5F8E1
:102DA0006031B4F88A300027C5F8643132F03ADD7A
:102DB00020464621B4F88E2032F034DDB5F888364E
:102DC0001B051B0DA5F888360123A5F89C36B764B2
:102DD000E319D86810B1334B5B6898470437182F54
:102DE000F6D1304FE0683B6D9847FB6EE06898473E
:102DF0003046FFF7FBFD236E9A6B4AF662139A4248
:102E00001AD1E36CD80717D5236D190614D49A008C
:102E100012D42046922132F0EBD94600B6B25EB110
:102E2000CE363146204632F0E3D940F040023146FA
:102E3000204692B232F0F6DC236E9A6B4AF66213A9
:102E40009A4223D1606E1849F7F37EF386B2EEB151
:102E5000314600220223206EFFF3C8F63146324687
:102E60000223206EFFF376F6B5F89E3492219BB2D2
:102E70003343A5F89E34204632F0BAD9410089B2D6
:102E800021B120467431324632F0CCDC06B0BDE8C8
:102E9000F08100BF00000240000006400600020072
:102EA00007000200E0A685004BCB01002DE9F843A6
:102EB00090F8E96004460F469146856816B9314698
:102EC00030F0F2DCA86804F0EDD907F47041A1F508
:102ED0008052514241EB020180462046FFF72CFA16
:102EE000A36F3946586A06F0C4FEA36F586A06F00D
:102EF000A0FC2846FFF74EFEB9F1000F04D00121D7
:102F000020460A4631F0CADE28463946FFF7CCFD96
:102F1000A868414604F0DAD9D4F8D43043F0040369
:102F2000C4F8D4300123C4F8D0302EB92046022191
:102F3000BDE8F84330F0B89CBDE8F883D1F8CC3058
:102F400073B543F40053C1F8CC3005460C4634F059
:102F500001D90646002840F08480B5F8823144F259
:102F6000213293421FD044F2133293421BD044F2D9
:102F70001A32934217D044F22A32934213D044F2C9
:102F8000163293420FD044F21D3293420BD044F2DA
:102F90002D32934207D044F25232934203D0AB6BAE
:102FA0005B7D002B58D02B6B93F8EC3043B1B5F818
:102FB000263603F44063B3F5406F14BF142328236F
:102FC0002A6892F8462012F0030207D0D4F8CC20E9
:102FD00002F48052D2F1010238BF0022009228464A
:102FE0002146022233F048DA0646002839D1D4F8C7
:102FF000F01229B1D5F84C0144F036D8C4F8F0628B
:10300000D5F84C01214644F001D8C4F8F00200285C
:1030100025D0A379BBB194F8F532312B0ED82B68AB
:103020001B7E2BB1284694F8F4120F4A1DF0E6DF00
:10303000D5F84C0194F8F41243F02CDF94F8F532F3
:1030400084F8F4320DE0D5F84C0104F53D7102B07E
:10305000BDE8704043F0E29E6FF00B0601E06FF0B8
:103060001A06304602B070BD329E85002DE9F0414F
:10307000054634F06DD92E46804605F12007D6F876
:103080004C426CB1A3795BB1444509D063791BB163
:103090002846214633F0DCDC2846214633F0B4DFF5
:1030A0000436BE42EBD1BDE8F0812DE9F3470A9E1C
:1030B00080460F4691461D46DDF82CA0D0F8B8405A
:1030C00023E063681AEA030F1ED0DB0507D504F17D
:1030D0000A01227A637A2846009131460DE02FB129
:1030E0004046494604F10802B84748B104F10A02D3
:1030F000637A284600923146DD2220F02FDE00E080
:1031000028462D1A761905462468002CD9D1284660
:10311000BDE8FC872DE9F04FD1F8D43287B0B3F881
:1031200032B08B7905460E46D0F80C80D0F84C9121
:10313000002B00F09F804FF0000A544605EB0A0375
:10314000D3F84C727FB1BB796BB9FB795BB1D7F81F
:10315000D432588EF7F34EF604465846F7F34AF643
:1031600084423C4606D10AF1040ABAF1200FE5D1A7
:10317000002C7FD0D4F8D432588EF7F33BF60746B4
:103180005846F7F337F6874205D0D4F8D422D6F85C
:10319000D432D28DDA85284604A905AA1AF0D2DDE8
:1031A0002146D5F84C0143F029DE18274743D5F8CE
:1031B0004C0107F13A0144F00BDB38B9059A049B46
:1031C000484621468DE80C0003F0D1FFD5F84C01AC
:1031D00007F1400144F0FCDAD4F8D4320499DD8DD3
:1031E0004001AD02CD42029003D3A8420AD300E0D1
:1031F000104621F07F4323F46003984200EB050260
:10320000F6D3029003AA02AB059805F07AFC20469B
:103210001AF02ED802A90346002203A81FF036DCBC
:10322000D6F8D4326D08DC8D03A82B46A40202A97F
:1032300000221FF045DC0126234601E001361B1960
:10324000AB42FBD303A802A900221FF039DC029B8A
:1032500005A804A9039A1FF033DC049B0136C8F8C3
:103260008031059BC8F88431A3017443C8F88831C4
:10327000C8F88C4107B0BDE8F08F0020106070479F
:1032800005F0A0BF08B505F083FFC0B208BD084631
:10329000114605F0E7BF00002DE9F84F05460F463F
:1032A0004668002110461446C922F6F3B1F42846B8
:1032B00039463AF05BDE70B996F85037002B01F0D2
:1032C000578006F5AA6130460E313AF0A9D88046FB
:1032D00018B9BDE8F88FD5F81080FDB207F4704733
:1032E000A7F5805EDEF1000798F8000047EB0E07B7
:1032F00005F0A8FE0E3756F82770064698F802002B
:1033000005F0B8FE96F811C003461CF0010C97F8C2
:10331000041102D04FFA81FC04E049B21829C8BF59
:10332000A1F1180C964A964206D0964A964206D0CB
:10333000954A964205D102E05220582203E05820D7
:1033400000E07F2002463968022975D1012D04D999
:103350000A2D8CBF0221012100E00021DFF83C8210
:103360007118464591F9061002D10B2D12D151E08A
:10337000DFF82C82464503D10E2D08BF362150E0E0
:10338000DFF82082464503D0DFF81C82464505D190
:103390000B2D41D00E2D08BF402142E0DFF80C82FA
:1033A000464503D10E2D08BF2A213AE0DFF80082FE
:1033B000464505D1022D31D00A2D08BF542130E0F9
:1033C000DFF8F081464503D10A2D08BF502128E0DF
:1033D000DFF8E481464505D1022D21D00A2D08BF32
:1033E00048211EE0DFF8D481464503D10E2D08BFE9
:1033F000282116E0DFF8C881464503D10B2D08BF10
:103400003E210EE0DFF8BC8146450AD10C2D08BFF5
:10341000442106E04C2104E0402102E0582100E074
:103420004821CCEB010121EAE1719142A8BF11468C
:1034300021706170A170E170544A964208D0544ADC
:10344000964205D0534A964202D0534A964208D13A
:1034500097F904C1BCF1180FCCBFACF1180C4FF0B8
:10346000000C3968022940F05681012D04D90A2D3B
:103470008CBF0522042200E00322DFF82081B2186D
:10348000464592F9062003D10B2D08BF422263E185
:10349000DFF83481464506D1022D00F050810A2D17
:1034A00008BF4A2258E1DFF8F880464503D10B2DCA
:1034B00008BF462250E1DFF8EC80464503D0DFF834
:1034C000E880464503D10B2D08BF402244E1DFF8D8
:1034D000FC80464503D0DFF8F880464503D10D2D2A
:1034E00008BF2E2238E1DFF8EC80464506D10B2DCF
:1034F00000F0D2800D2D08BF40222DE1DFF894802E
:10350000464500F0A180DFF8A480464503D10B2D8D
:1035100008BF3E2220E1DFF8988046451DD0DFF845
:103520009480464506D1022D00F00B810A2D08BF7C
:103530004C2211E1DFF8A080464506D1022D00F0B3
:1035400002810A2D08BF482206E1DFF89080464537
:1035500003D0DFF88C80464506D1022D00F0F580BF
:103560000A2D08BF5022F7E0DFF84C80464539D1DC
:10357000022D00F0EC800A2D08BF4422ECE000BFD1
:10358000BC108600F010860024118600340D8600E1
:103590005C0D860080118600FC0D860040098600C7
:1035A00074CB0100BC0C8600D00C8600700D860028
:1035B0007C0986009009860018D40100840D8600DD
:1035C00030CC010024CE010010CE0100E40C8600B6
:1035D0000C0D8600D4D30100CC098600A409860016
:1035E000B8098600DFF8008546450CD1022D00F0B1
:1035F000B2800A2D00F0AF80032D00F0AA80092DC3
:1036000008BF4622A8E0DFF8E484464503D10A2D2E
:1036100008BF4222A0E0DFF8D884464505D1A5F1D5
:103620000C06012E98BF3C2296E0DFF8C884464580
:1036300003D10B2D88BF40228EE0DFF8BC844645C5
:1036400006D10C2D00F087800D2D08BF382283E0B5
:10365000DFF8A884464505D1022D7CD00A2D08BF8D
:103660003C2279E0DFF89884464503D10B2D08BF52
:10367000382271E0DFF88C84464503D10B2D08BF5A
:10368000322269E0DFF88084464507D10B2D03D054
:103690000C2D08BF4A225FE038225DE0DFF86C8421
:1036A000464505D10C2D54D00D2D08BF3A2253E0CC
:1036B000DFF85C84464505D1A5F10B06012E98BFC5
:1036C0004A2249E0DFF84C84464503D10B2D08BF60
:1036D0003C2241E0DFF84084464505D10C2D30D036
:1036E0000D2D08BF442237E0DFF8308446450AD16B
:1036F0006E1E0D2E30D8DFF8288418F80660002ED4
:1037000018BF324628E0DFF81C84464524D10E2D30
:1037100008BF002220E0332D08D93D2D08D9632DA4
:1037200008D9942D8CBF0422032204E0002202E079
:10373000012200E00222B61896F906200CE04A2287
:103740000AE04C2208E0482206E0502204E044222D
:1037500002E0462200E04022CCEB020222EAE272C2
:103760008242A8BF0246022903D121788A42A8BF1B
:103770000A4622716271A271E27122726272A272B1
:10378000E272A446214600200026013081F8346010
:103790000A7381F83C6001310828F5D1187F97F849
:1037A000042110F0010001D050B204E052B2182AF6
:1037B000C8BFA2F118003A68022A01D16E1E0FE0BC
:1037C000332D08D93D2D08D9632D08D9942D8CBFF0
:1037D0000426032604E0002602E0012600E002267B
:1037E0009A579E1996F90E10964EB34205D1A5F13F
:1037F0006406022E98BF3E2106E0934EB34203D1E9
:10380000642D08BF382208E0904EB34205D1A5F1DF
:103810006406022E98BF3E2102E08D4EB3420ED0C8
:103820008C4EB3420BD08C4EB34208D08B4EB34279
:1038300005D08B4EB34202D08A4EB34217D1A5F1C8
:103840006806242E13D8844A93420ED0834A9342AA
:103850000BD0844A934208D07E4A934211D0804ACA
:1038600093420ED04A21442201E04A2142227E4E58
:10387000B3420BD1A5F16806202E05D98C2D20D19D
:103880000FE044210A4601E040214422774EB34232
:103890000CD1642D08D0A5F168060C2E40F25E858F
:1038A0002EE036210A4601E034214022704EB34218
:1038B00007D1A5F16406102E98BF422198BF52226D
:1038C0001EE06C4EB3421BD1A5F16406082E98BFD2
:1038D0003021A5F16E0698BF3422162E98BF4621DE
:1038E000A5F18606022E05D98C2D08BF482108BFF8
:1038F000362200E03E21A5F195060F2E98BF442206
:103900005D4EB342B34612D1A5F16E06162EA5F157
:10391000860698BF442198BF3A22022E05D98C2DE5
:1039200008BF482108BF362201E03E213A22534E0B
:10393000B34202D0524EB34204D1A5F18406082E00
:1039400098BF2C224F4EB34202D1262D08BF2C2106
:10395000121A081A22EAE27220EAE07021460027D1
:103960000E7901370131CE740026082F81F84360AB
:10397000F6D1214601360A7781F84C000131082E34
:10398000F8D1414FBB4200F0FA8040498B4200F031
:10399000F6803F498B4200F0F2803E498B4200F0B6
:1039A000EE803D498B4200F0EA803C498B4200F0BA
:1039B000BB803B498B4200F0E2803A498B4200F0E9
:1039C000DE8039498B4200F0DA8038498B4200F0C2
:1039D000D68037498B4200F0D28036498B4200F0C6
:1039E000CE8035498B4200F0CA8034498B4200F0CA
:1039F000C68033498B4200F0C28032498B4200F0CE
:103A0000BE8031498B4200F0BA8030498B4200F0D1
:103A1000B6802F498B4200F0B2802E498B4200F0D5
:103A2000AE802D498B4200F0AA802C498B4200F0D9
:103A3000A6802B498B4200F0A2802A498B4240F09D
:103A4000D7809CE0B50886001FD30100D20886000D
:103A5000DC0586002E0586004B058600680586007D
:103A60008505860033068600F90586006D0686000A
:103A70008A068600A2058600BF0586002C07860000
:103A8000F4048600CCD101007E0A86009B0A8600E1
:103A9000B80A8600F20A8600BD0B8600980E8600E2
:103AA00088CB010018D00100DFCB0100F1CD01006F
:103AB00091CE010074CE0100630F860014108600C1
:103AC000B50E860095CC0100B2CC010060CD01009E
:103AD0007DCD010026CD010043CD01009ACD01002E
:103AE000B7CD0100880C8600F4098600180986000D
:103AF000840D8600980D86003811860068098600BE
:103B000030CC01001CCC010064CC010024CE0100AB
:103B1000A8D0010038CE01004CCE0100E8D301004E
:103B2000F81802008CD30100032D0DD02A1F042A9F
:103B30000CD9092D00F01684A5F10C02012A94BFBE
:103B40002C22402200201DE03C2000E04020974A2B
:103B5000934240F00884032D0DD02A1F042A0CD96B
:103B6000092D00F00284A5F10C02012A94BF2C2239
:103B70004022002011E03620F5E3402002468C4927
:103B80008B4202D08B498B4207D1EA1E082A02D908
:103B90000020402201E04020024687498B421ED18E
:103BA000A5F124010C290FD9A5F1340108290ED95A
:103BB000A5F1640102290DD9A5F1680120290CD9CC
:103BC0008C2D08BF32220AE03020382207E0442042
:103BD000024604E03E20342201E04A2044222146ED
:103BE000002601360A7581F844000131082EF8D10B
:103BF00021464FF00008002608F1010881F82460F2
:103C000081F854600131B8F1080FF4D12146013632
:103C100081F82C2081F85C000131082EF7D1BB42DD
:103C200084F8640007D065498B4217D064498B4201
:103C300040F0AA8025E0012D50D0022D49D0032D5F
:103C400055D0291F04293CD9092D3ED00A2D40D03A
:103C500000210B2D0E460F4673D142E0012D3DD0C1
:103C6000022D4ED0032D3ED0291F04293FD9092D06
:103C700042D00A2D45D000210B2D0E460F4660D1B3
:103C800044E0012D44D0022D55D0E91E05290ED85F
:103C9000032D42D0042D44D0082D0CBF38213A21E9
:103CA0000CBF362638260CBF322734273CE0092DBE
:103CB0003CD00A2D3FD000210B2D0E460F4640D19F
:103CC0003EE03E213C26382714E0362134263027BA
:103CD00010E000210E460F46402232E000210E4641
:103CE0000F4638222DE038213626322702E03A21CD
:103CF000382634274C2224E03621342630274A2225
:103D00001FE000210E460F463E221AE0362218E040
:103D100000210E460F462C2213E02E212C262827A8
:103D200002E038213626322744220AE030212E26AE
:103D30002A27422205E000210E460F463C2200E0E1
:103D40002A22A1464FF00008B8F1040F8CBFB246FA
:103D5000BA4608F10108B8F1080F89F81C2089F863
:103D60004CA009F10109EFD19246A0460027032F8C
:103D70008CBF8946B1460137082F88F82CA088F8F7
:103D80005C9008F10108F2D10E498B4206D00E4931
:103D90008B421DD00D498B427AD125E0032D32D0C4
:103DA000092D30D0291F042931D928E0EF0E8600D3
:103DB000630F860014108600DC0586009B0A8600CF
:103DC000F20A8600D50A8600A00B8600DA0B860070
:103DD000032D1ED0042D24D0691F02291DD9082DC2
:103DE0001FD0092D0BD120E0032D22D0042D23D08C
:103DF000691F022924D9082D26D0092D27D000219A
:103E00000E460F4626E02E212C26282722E03621BA
:103E10001BE04821462642271CE0522150264C2711
:103E200018E04C214A26462714E0442142263E272A
:103E300010E0322130260CE034213226302709E010
:103E40003A213626322705E038213426F6E7362196
:103E500032262E27A1464FF00008B8F1040F8CBF80
:103E6000B246BA4608F10108B8F1080F89F84CA02B
:103E700009F10109F1D1A0460027032F8CBF894623
:103E8000B1460137082F88F85C9008F10108F4D199
:103E900091498B422ED1032D0DD0291F042905D91C
:103EA000092D08D000210E46884608E03E213C2618
:103EB0004FF0380803E03A2138264FF03408A14685
:103EC0000027042F8CBFB246C2460137082F89F85D
:103ED0004CA009F10109F4D1A0460027032F8CBFA3
:103EE0008946B1460137082F88F85C9008F101082F
:103EF000F4D12DE079498B4227D1A5F124020C2A77
:103F00000ED9A5F134020C2A0DD9A5F16402282A94
:103F10000CD9A5F19502102A0BD9002002460AE01F
:103F20003420382207E034203A2204E040203C22AA
:103F300001E0482046222146002601360A7581F814
:103F400044000131082EF8D105E065498B4252D07A
:103F500064498B4275D064498B4272D063498B426D
:103F60006FD063498B426CD062498B4269D0624901
:103F70008B4266D061498B4263D061498B4260D0ED
:103F800060498B425DD060498B425AD05F498B4279
:103F900057D05F498B4254D05E498B4251D05E4925
:103FA0008B424ED05D498B424BD05D498B4248D00D
:103FB0005C498B4245D05C498B4242D05B498B4285
:103FC0003FD05B498B423CD05A498B4239D05A4949
:103FD0008B4236D059498B4233D059498B4230D02D
:103FE00058498B422DD058498B422AD057498B4291
:103FF00040F0B8801DE0A5F12402082A59D9A5F1A6
:104000002E02022A63D9A5F13402082A54D9A5F157
:104010003E02022A53D9A5F16402082A52D9A5F119
:104020006E021E2A50D9A5F19502102A4FD9002000
:1040300040E0A5F124010C2998BF342098BF382214
:1040400087E03B498B4203D1642D08BF382280E0D2
:1040500039498B4203D1242D08BF382279E03749F2
:104060008B4203D18C2D08BF3A2272E035498B4236
:1040700005D1642D2ED08C2D08BF482269E022493D
:104080008B4205D1A5F19501102998BF3C2260E033
:104090001F498B425DD1A5F124010C2958D9A5F106
:1040A00034010C2954D9A5F16401282998BF3C2278
:1040B0004FE0382002464CE04020382249E03820CA
:1040C000342246E0382003E04020322241E0402004
:1040D00044223EE048223CE04E0C8600110586005A
:1040E000F905860000D201001DD201006DD3010048
:1040F000E5D20100FBCF010087CF010009CD01000F
:1041000088D0010044CC01006ACF0100A5CB01009A
:1041100050D30100DECF01003AD20100C1CF01002F
:1041200054CB010030CF01001FD30100C2CB0100EE
:10413000B4D30100CFCC0100ECCC010002D30100CC
:104140004DCF0100AECE0100CBCE01001606860099
:104150003C222146002601360A7581F844000131CF
:10416000082EF8D1834A93420BD0834A934208D059
:10417000824A934205D0824A934202D0814A9342B6
:1041800071D1A5F12402082A0AD87E4A934203D0AD
:1041900034225B4501D150E03A224FF0380B58E011
:1041A000A5F12E02022A09D85B4514BF4222402203
:1041B00014BF4FF0380B4FF0340B4AE0A5F1340236
:1041C000082A3CD9A5F13E02022A06D85B4514BF55
:1041D00034222C224FF03A0B3BE0A5F16402082A6E
:1041E00007D83E225B4514BF4FF0440B4FF03A0B0B
:1041F0002FE0A5F16E021E2A1AD8A5F18602022A26
:1042000008D8604A934200F0A5805B450CBF3C2271
:104210004822A0E08C2D14D15A4A93424FF0480214
:1042200011D05B450CBF4FF03C0B4FF0440B10E03E
:10423000A5F19502102A09D90022934609E04422EB
:1042400005E0482287E04FF03C0B02E04A224FF0A5
:10425000460B21460020013081F814B081F844203B
:1042600001310828F7D1484A934205D0474A934282
:1042700002D0224600231EE0A5F124030C2B0DD909
:10428000A5F134030C2B0BD9A5F16403282B07D916
:10429000953D102D94BF4025002502E0382500E013
:1042A00040252346002201321D7583F84450013316
:1042B000082AF8D1DDE7E11891F83C0018B992F826
:1042C0004C0081F83C003BB994F83D301BB992F8A2
:1042D0004C3084F83D30012301330132072BEAD9F9
:1042E0002346002293F8441019B993F84C1083F830
:1042F000441001320133082AF4D122460023E11888
:1043000091F8340018B992F8440081F834003BB9B0
:1043100094F835301BB992F8443084F835300123D5
:1043200001330132072BEAD900239CF824201AB963
:104330009CF81C208CF824209CF854201AB99CF876
:104340004C208CF854200133082B0CF1010CECD1DB
:10435000BDE8F88F44224FF0440B7AE73C2140221D
:10436000FFF7AFBA3820402209E43420402209E4A4
:10437000BDE8F88F4B058600680586008505860038
:1043800033068600A2058600A70686005006860032
:1043900000230B614B810B720B73084606221946F2
:1043A000F5F336B4F8B59DF8187005460C46002FA5
:1043B0002BD1CE684EB3316939B3327A0B2A36D15C
:1043C000F2799A42D4F870210AD1002A2FD02169BB
:1043D00092793AF09BDBC4F87071C4F8747126E0EE
:1043E00002B3D17999421FD10368996AD4F8743124
:1043F000994207D9216992793AF088DBC4F8707143
:10440000C4F87471D4F8706111E0D5F86C128A4266
:1044100002D0917901B95B08032B07D802EB830323
:104420005E6F04E0164602E03E4600E0002630469D
:10443000F8BD2DE9F0414C6916692368958A002B77
:10444000184601DAE81830D462688318AB422CD8D9
:104450008B6802F10807E71930186BB909E0E51815
:1044600095F808C0C55CFE5C0CEA0505AE421CD19F
:1044700001339342F3DB11E0012B16D1AD1A76190B
:104480000FE0E51895F80880C55C17F803C008EA46
:104490000505AC4504D101339342F2DB012005E070
:1044A0000130B04201D80023F6E700200B7B0BB1AE
:1044B00080F00100BDE8F081036870B504465868DB
:1044C000A36A0D46164623B99021FAF3E9F1A062DA
:1044D00080B1A06A01230360AB8A80222969C2608F
:1044E00083604660934238BF1A461030BDE8704082
:1044F000F5F32AB370BD0000684683694169203036
:104500000BB5203803695A4651460EB44A46414617
:1045100006B4C36882684168FEB40368C269EFF3F9
:1045200003810EB48269EFF3058106B40348016884
:104530000029FED06846884714B000BD10CA0000AC
:104540000A49084202D062B6C943084008490842F5
:1045500002D061B6C943084006490840002803D08C
:1045600005490A6802430A607047000000000080A5
:1045700000000040FFFF000000E100E00A4908429F
:1045800002D072B6C94308400849084202D071B649
:10459000C943084006490840002804D005490A6874
:1045A000C04302400A6070470000008000000040E5
:1045B000FFFF000080E100E002490968902288586E
:1045C000704700001CCA0000024909689C228850FC
:1045D000704700001CCA0000DDBAADBB000000003F
:1045E00000000000000000000000000000000000CB
:1045F000000000000000000000000000024A1168F6
:104600001060081C7047000010CA0000024A1168C0
:104610001060081C7047000014CA000003490860BD
:10462000034801680029FED08847FEE708CA000059
:1046300014CA00006348644900220A500168634AB2
:104640000A40634F0F403F4232D1002398469A46BA
:10465000604A0A401821CA405F4943585F4C1C40D9
:104660005F4DAC4204D180465E4D4519A9460EE02F
:104670005D4DAC420BD182465A4D4519AB460F24D5
:104680001D1C2340594C25402D0A2B439C460023DA
:10469000984501D09A4504D1554BC018013ADCD158
:1046A00005E05046004202D04046004229D1FEE7D4
:1046B000FC2141580A680F2313400F2BF1D0012B26
:1046C00001D00431F6E708314A4B13404A4CA3426B
:1046D00006D100F0BBF8804600F0C4F88146E9E757
:1046E000464CA342E6D10B1F1B68454C23401824BF
:1046F000E3409C4600F0AAF8824600F0B3F88346F7
:10470000D8E74049212242502E4A3F498958FF2389
:10471000194219D051683D4B194215D011683C4BD4
:104720001940D36A10E0A3420ED0C0460CE03949CC
:104730008958194208D03849895819409942FAD104
:104740002B4B11691942FCD049463F4204D19823B2
:10475000CB581024E34001E0304BCB581C242340BD
:10476000002B01D000F08CF840462D4908604846E7
:104770002C49086050462C49086060462B49086067
:104780002B490F602B4D2C490D60043DAD46009D1B
:10479000EC431023DD41AC4201D081B009E0240C90
:1047A000A400264D2C606B461B1B254D2B60043B43
:1047B0009D4624482449002204C08142FCD80FF0C1
:1047C0005DFBFEE70000001814060000F8FF000083
:1047D000000000F00000000FFC0F0000F08F000050
:1047E000A0820000000F0000E080000000700000C8
:1047F0000010000000FF0F00002A0800000E080053
:10480000000000FFE0010000040600000000380086
:10481000FFFF0000180600000C060000080400005E
:104820001CCA000020CA000024CA000028CA0000D8
:1048300018CA000000C003009C0B0200A40B020079
:10484000A00B0200901402000619020008680F2253
:1048500004310240052AF9D1014A1040F746000010
:1048600000F0FFFF08680F2204310240052AF9D149
:1048700080221042F6D0014A1040F74600F0FFFFB8
:10488000FEE7000010B5002128220446F5F3C0F130
:104890000A4B23600A4B63600A4BA3600A4BE36038
:1048A0000A4B23610A4B63610A4BA3610A4BE36124
:1048B0000A4B23620A4B636210BD00BF0000000078
:1048C0006B0A02006C0A02009014020090140200AD
:1048D0000619020008190200B0BB0200B0BB0200BA
:1048E000E04203002DE9F04196B00AA8FFF7CAFFA5
:1048F0000A9B0B9F0D9CFF1A0C9B0F9AE41A5F4DAD
:104900000E9B3E19C3EB02082B685D48F61803F0B6
:10491000CFF804F57E7307339B0A46448DE80801FF
:1049200008F57E7808F1070807F57E724FEA9823AC
:104930000732029305233946920A039351482346CE
:1049400003F0B6F8504C514B276819682868CB1B08
:1049500003F57E750735AD0A8DE8A00007F57E7575
:104960000735039000F57E7001F57E72AD0A0730C1
:10497000800A07320295464D920A0490454803F09A
:1049800097F8236829684448C91806F5BE5301F50D
:104990007E723F339B0A0732920A009306F5A053BA
:1049A00003F086F83D4B3E48196803F081F83D4B13
:1049B000264619683C4B0A682F469A4203D03B486A
:1049C00003F076F824E014910B4604E014683648AE
:1049D000131D844203D11A4615AB9A42F6D33448CC
:1049E00014AB0068C1EB030CC51A841AC1EB020EAC
:1049F0008DE801102F481492CDF808C0CDF80CE0D6
:104A0000CDF810E0059506950794089403F050F84A
:104A1000294C206870B3B0F80680F5F389F6236856
:104A200008F1FF385C89024608FB04F5443408FBB2
:104A300004F405F57E7307339B128DE8180004F526
:104A40007E7307339B12029341462B461B4803F0AB
:104A50002FF833683A68591B9B181B1B03F57E70AF
:104A600001F57E720730800A07320090920A1448DE
:104A700003F01EF816B0BDE8F08100BFCC260000A0
:104A8000E11F8600F01F860088260000C82600006F
:104A9000A42600002E2086007220860090260000AA
:104AA000AC208600E41402004B415453C62086001B
:104AB000E8140200E9208600BC260000662186007A
:104AC0009221860008B57146044802F0F1FF40F6D5
:104AD0003900BDE80840FFF7A1BD00BF8E1F86006A
:104AE0002DE9F04703688EB0022B044618D1564AD0
:104AF000002112685161554A1068C10424D55449F7
:104B000020F480500B60D169524B40F40050196082
:104B10009C6804249C6010604F4802F0C9FF90E03C
:104B20000C2B11D1494D2A6891040DD522F4005265
:104B300042F4006268602A604848E16C02F0B8FF05
:104B40002B681A057DD57BE0103B0F2B02D8F9F3BB
:104B500029F276E03D4E4248F16902F0A9FFA36CCC
:104B600022460093636C3F480193A3680027029399
:104B7000E368B94603932168E36C02F099FF3A4B6E
:104B8000656C1B6804F11001C5EB030AE369374843
:104B90000093236A4FEA9A0A0193636AB846029324
:104BA000A36A03930EC902F083FFA36B04F12C01E7
:104BB0000093E36B2E480193236C02930EC902F01D
:104BC00077FFEB682B48009395E80E0002F070FF2A
:104BD000EB6905F1100100930EC9274802F068FF48
:104BE00004A8FFF74FFE254802F062FF1CE07A5947
:104BF000D30713D5FF2A11D9059B934208D2204B26
:104C00001B0D1B059A4209D303F580139A4205D860
:104C10001C48394602F04CFF09F101090437B9F18B
:104C20000F0F08F1010801D8D045E0D1336840F2F8
:104C3000033043F4806386E81800FFF7EFFC00E0E0
:104C4000FEE70EB0BDE8F08760150200EC1402002C
:104C5000241000E0201000E0ECD40100F0D40100AA
:104C6000FCD4010009D501009C0B02003DD50100D8
:104C700070D501009FD50100BDD50100FC1C860048
:104C80009D668000DAD5010070B51A4C8AB068467E
:104C9000FFF7F8FD2178C9B90698079D2D1A06D0AF
:104CA0002A46F4F3B5F706982946F9F3A1F0124B1A
:104CB00000221A7001232370104B1968C1B10B78C0
:104CC000B3B10F4B1868F5F397F511E00D4E31783D
:104CD00071B90898099D2D1A06D02A46F4F398F761
:104CE00008982946F9F384F00023237001233370D8
:104CF0000AB070BD281502002A150200BC2600006B
:104D000010150200291502000C4B1B68D3F814067D
:104D1000D3F8142690420A4A18BFD3F81406094B58
:104D200011681B68401A984205D3B0FBF3F003FBEF
:104D30000013136070470020704700BF9C260000DE
:104D4000E4260000C825000070B50446FDF3BAF75C
:104D50002046FDF3F7F605462046FDF377F60022E0
:104D6000064640F62A012046FEF330F00122AA4012
:104D700083691A4201D1013500E000252046314601
:104D8000FEF336F0284670BD2DE9F04104460E468C
:104D9000FDF398F72046FDF359F60022054640F64C
:104DA0002A012046FEF312F082690746436946B1A4
:104DB0004FF4004042F0004843F00046FFF7C0FBCC
:104DC00007E04FF4004022F0004823F00046FFF7D0
:104DD000D5FB20462946C7F818807E61BDE8F04122
:104DE000FEF306B0FFF7B0BF10B50446FDF36AF757
:104DF00001462046BDE8104000F048B92DE9F041D9
:104E00000E465021044615469846F9F349F50746E3
:104E100010B300215022F4F3FBF640F23C737B63A5
:104E20004FF47A73FB631C233B640C237B640423E1
:104E30000020C7F80C803E607D60BC60BB64084900
:104E4000F5F382F3C0B287F84C000138C0B20128F4
:104E500002D9022387F84C303846BDE8F08100BF04
:104E60003E29860000487047DCE701000048704793
:104E700060E801000048704700A60E0038B5D2F87F
:104E80000056044605F07C05AD08FFF7EBFF03E094
:104E90008378AB4207D00C3010B10388002BF7D1D8
:104EA0002046FFF7E3FF03884FF47A70584338BD7C
:104EB00010B51446FFF7DEFF0123C4F86036D4F8BE
:104EC0006436DBB2B0FBF3F34FF47A70584310BD95
:104ED0002DE9FF471446002202920392026AC4F8A9
:104EE00020360C2A06468946D4F8282606DD4FEAE5
:104EF00012484FEA88584FEA985803E04FEA1228C0
:104F00005FFA88F8012515FA03F300273046494671
:104F100022460097F8F3CAF40546012212FA07F375
:104F20002B4207D00092304649462246F8F3BEF4A1
:104F300025EA000501371F2FEFD1304602A903AA49
:104F4000F8F3DEF4029B002725EA030A3D4601231D
:104F5000AB4013EA0A0F08D0304649462246EBB26E
:104F6000FFF7B6FF874238BF074601351F2DEED148
:104F700008F10200C01904B0BDE8F08773B505461A
:104F800014461E4600914FF4CB6200214FF0FF33D0
:104F9000FDF364F52846002140F25C62234600964A
:104FA000FDF35CF57CBD002238B50C4613460421A8
:104FB0000546FFF7E3FF012C20F0F07308BF43F034
:104FC000F073284604214FF0FF32FFF7D7FF012C82
:104FD00005D149F64040BDE83840F9F3A5B138BDE8
:104FE0002DE9F04104468846FDF330F500210646E0
:104FF0002046FDF3FDF60746204600F012F9414633
:1050000005463A4618232046FFF762FF0B2302307D
:105010005843074B3146EB18B3FBF5F545432046A3
:10502000FDF3E6F60A23B5FBF3F5A8B2BDE8F0817F
:105030003F420F0070B504460E46FDF307F5002110
:1050400005462046FDF3D4F6314602462046FFF7DA
:1050500015FF294606462046FDF3CAF6304670BDC8
:1050600070B504460E46FDF3F1F4002105462046D6
:10507000FDF3BEF6314602462046FFF719FF2946EA
:1050800006462046FDF3B4F6304670BDFFF7E8BF94
:105090002DE9F041164C054627682FBBFDF3D6F4E9
:1050A000394606462846FDF3A3F6D0F81486D0F814
:1050B00014360746984518BFD0F8148642F210708F
:1050C000F9F332F1D7F81436D7F81426284693426C
:1050D00018BFD7F814363146C8EB0308642303FB26
:1050E00008F32360FDF384F62068BDE8F08100BF7B
:1050F00070150200F8B51F4604461546FDF3A6F4E8
:10510000002106462046FDF373F60223C0F8583608
:1051100057B1D0F85C3605F03F0223F4FC4343EA74
:105120004223C0F85C3604E0D0F85C566D0A05F006
:105130003F0520463146FDF35BF62846F8BD0121C8
:10514000FFF731BF0021FFF72EBF08B1F8F3ACB66F
:1051500070470000F8B5084C0546276808E0284667
:105160003E68FDF3AFF539467A68F9F3A9F337469F
:10517000002FF4D12760F8BD6C27000000234366A0
:105180007047F7B50022012113460546F8F340F4B5
:105190000024074621462822234628460094FDF392
:1051A0005DF4012106463B4628464FF0FF32F8F3F6
:1051B0002FF42846214628224FF0FF330096FDF3B6
:1051C0004DF4FEBD70B5456E044665B1D0F8C830EB
:1051D000343350F82320C36D9A4203D1006EA847A0
:1051E000054600E000252046616DFFF739FFA36EFC
:1051F000064653B1D4F8C820343254F82210E26D78
:10520000914202D1206E29469847304670BD10B5B4
:105210000446FDF357F501462046BDE81040FFF770
:1052200009BF10B50446FDF34DF501462046BDE823
:105230001040FFF72DBF704770B5456E044665B14D
:10524000D0F8C830343350F82320C36D9A4203D1CC
:10525000006EA847054600E000252046616DFFF777
:10526000BFFEA36E064653B1D4F8C820343254F8BA
:105270002210E26D914202D1206E294698473046B5
:1052800070BD70B50446FDF399F500283DD0A368C4
:10529000B3F5026F09D040F60402934207D1E568E6
:1052A0000C2D94BF0025012502E0012500E000251A
:1052B000EDB24DB920464FF400612A46D4F8C860DB
:1052C000FDF384F538B970BDD4F88400E8B110F569
:1052D00040501AD00026D0F8303123F00403C0F833
:1052E000303143F00103C0F830311B0903F00703EC
:1052F000032B03D020460021FDF3FAF52DB92046FB
:105300003146BDE87040FDF373B570BD43692DE9CA
:10531000F743222B05460E4640F3A880FDF34EF5D9
:10532000002800F0A180072E00F2A080AB68B3F542
:10533000026F0BD040F6040293420AD1EB680C2BAB
:1053400094BF4FF000084FF0010804E04FF001084F
:1053500001E04FF000085FFA88F8B8F1000F0AD1B9
:1053600028464FF400614246D5F8C890FDF32EF56B
:10537000044648B97BE0D5F88440002C77D014F57A
:10538000405474D04FF00009032E03D02846012169
:10539000FDF3AEF5D4F8303123F00403C4F8303116
:1053A00001239E42C4F8303104D9042E0CBF0D23D2
:1053B000092300E00D23C4F83031D4F83031012E38
:1053C00023F00103C4F8303101D9042E36D1FF2770
:1053D00000214FF4E2723B4628460097FDF33EF36E
:1053E0002223009300214FF4EE723B462846FDF342
:1053F00035F32823009300214FF4E6723B462846FC
:10540000FDF32CF38123009300214FF4E8723B4617
:105410002846FDF323F30123009300214FF4A472E7
:105420004FF0FF332846FDF319F3284600214FF4CF
:10543000A6724FF6FF730097FDF310F3D4F83031E6
:1054400023F0700343EA0616C4F83061D4F8303113
:1054500023F00803C4F83031B8F1000F07D1284613
:105460004946FDF3C5F402E0044600E0002420466E
:10547000BDE8FE8300207047FFF764BEFFF75FBE04
:105480002DE9F04104460D461646FDF3E3F30746C9
:1054900018B920460121FDF31BF4204614F01CF836
:1054A000804690B1CEB100232B80002606F1820108
:1054B0004046F4F327F2C3B2B3402A8801361343BF
:1054C000052E2B80F2D1002501E06FF01D0537B9C4
:1054D00020463946FDF3FCF301E06FF0190528463C
:1054E000BDE8F08107B5002302A921F8023D0122A1
:1054F000FFF7C6FFBDF806000EBDD0F86C3299422A
:1055000005D18879D0F1010038BF00207047002014
:10551000704703682DE9F0411F680446BE680D46D8
:1055200090463046216901F081DEB8F1000F0AD0C3
:105530003B681B7E3BB1216930462A460123BDE80A
:10554000F04101F02B9EBDE8F0812DE9F3411F46AB
:105550000368044601910092089DD3F8008009B1C8
:105560000D293EDD616820460022FFF7D2FFE16889
:105570000026666031B1236822891B685868F9F3F8
:105580009FF1E660009B13B1B3F5967F26DB4046A2
:105590002946FFF7B2FF20B3019951B123681B6878
:1055A0005868F9F37DF1E060F0B13946019AF4F3FF
:1055B000CBF201A90422656104F10800F4F3C4F2FE
:1055C000201D69460422F4F3BFF2009870B1204612
:1055D00061680122FFF79DFF002007E06FF01C00CB
:1055E00004E06FF0010001E06FF01A00BDE8FC81FB
:1055F0002DE9F04786B00368109CDDF844A01646FC
:1056000002F0010200920546224618685346139F95
:1056100015F042DC8046002840F09D80022E4CD0E0
:10562000032E1AD0012E40F08B802146042204A8BC
:10563000F4F38AF20222211D05A8F4F385F255F84D
:10564000100B3946BDF81480049E31F0BBDC414696
:10565000009032462846A31D2BE0022221460DF180
:105660001600F4F371F2211D042204A8F4F36CF285
:10567000022205A804F10801F4F366F2BDF8163021
:10568000012B60D1A37A6A6893425FDA39464FF002
:105690001809286809FB0359BDF81480049E31F0ED
:1056A00091DC09F11009009041464846324604F168
:1056B0000B03FFF74AFF80464DE00E9B6A681B68AC
:1056C0009342039342DA002B40DB012306A9ADF895
:1056D00016300B2321F8043DA01C3246F4F334F2BB
:1056E0000DF118090DF1160132462046F4F32CF2A3
:1056F00059F80C1D1827013107FB0151324604F1FE
:105700000800F4F321F20122494604F10A00F4F3FF
:105710001BF20399042207FB0151201D1431F4F3FD
:1057200013F2039B01335F43EA5BEB1902F10B01B8
:105730008A450ED304F10B005968F4F305F20AE030
:105740006FF0160807E06FF0240804E06FF001081E
:1057500001E06FF00D08404606B0BDE8F087F7B5F0
:10576000036807461D6895F87022002A2DD002892B
:1057700046693AB9284606F1BC01134600921AF070
:1057800057DA22E0998968685118F9F3E1F03B682B
:10579000044618B99A6801329A6016E09B89A28A79
:1057A0000069F968C018D31AA3823A892061F4F31A
:1057B000CBF1E38DB26843F0400328462146E385F0
:1057C00003B0BDE8F0401AF0D59A03B0F0BD38B58B
:1057D000054600240BE0182000FB045010304168FF
:1057E00021B1036913B10122FFF793FE01346B6805
:1057F0009C42F0DB002038BDF8B500240746064681
:10580000254608E03B68316A986801F00FDD00B971
:105810000135013418367B689C42F3DB2846F8BD1D
:1058200010B58A6B002309E0C81890F83C00064CBC
:1058300000F07F002056002804DB01339342F3D1AF
:10584000002010BD012010BD401B860002292DE95B
:10585000F84F05460C4616469B4614BF4FF0FF39DD
:105860004FF0000914BF002701274FF0000828E07F
:10587000022C14BF4FF0FF330023994511D0022CA6
:10588000C9EB070208D1042E08D0062E06D0082E38
:1058900014BF0423002302E0042300E000239A4203
:1058A0000EDD47F42C5A1FFA8AFAD5F85C015146EE
:1058B00038F05CDB20B12BF818A0B94608F10108DC
:1058C0000137022C0CBF0E2300239F4202DCB8F1EB
:1058D0001F0FCDD90A9BC3F80080BDE8F88F2DE9D2
:1058E000F74F1D460C9B0192D0F80080467B0C467A
:1058F00000930027EFE0072200212046F4F388F10F
:10590000009B022E33F8022B5FFA82F9009384F891
:10591000009008D1042D08D0062D06D0082D14BF04
:105920000223002302E0022300E00023A6F1020A82
:10593000DAF10002C3EB090342EB0A02934210DBE7
:10594000022E08D1042D08D0062D06D0082D14BF34
:105950000223002302E0022300E00023C3EB090935
:1059600011E0A6F1020CDCF1000949EB0C0907E09B
:10597000D8F85C01494638F0B7DA20B909F10109D5
:1059800023789945F4D9022E94F800A008D1042D6B
:1059900008D0062D06D0082D14BF0223002302E0F4
:1059A000022300E000235344022E0CBF0E220022EB
:1059B00093420FDC022E08D1042D08D0062D06D00C
:1059C000082D14BF0223002302E0022300E000237D
:1059D0009A4411E0022E0CBF4FF00E0A4FF0000A5D
:1059E00007E0D8F85C01514638F07EDA20B90AF1B8
:1059F000FF3A23789A45F4D24FF0000B64E00BF1A4
:105A0000020253F82210B1F806C0488E1CF0200C98
:105A1000C3B20DD000F44072B2F5807F02D19A1C5F
:105A2000023B06E0B2F5007F02D19A1E023300E08D
:105A30001A464B4501D3534503D94A4542D35245F3
:105A400040D8BCF1000F16D04B4514D3534512D8A3
:105A500000F44070B0F5807F05D12079FF280AD08E
:105A60000130207107E0B0F5007F04D16079FF2894
:105A700001D001306071C88880060BD54A4509D332
:105A8000524507D89A4205D0A379FF2B1AD001338B
:105A9000A37117E023780E2B0FD84046FFF7C0FE06
:105AA00028B1E378FF2B0DD00133E3700AE0A3782F
:105AB000FF2B07D00133A37004E06378FF2B01D0E4
:105AC000013363700BF1010BD8F818351A68934550
:105AD00095D3013707340D9B9F4204DA019A13686E
:105AE0009F42FFF608AF019B1F60BDE8FE8F0000DC
:105AF0002DE9F043D0F80080CDB0D8F8301006463C
:105B0000457B09894A93002400E0042100274A9B31
:105B1000384608E0073702EB070C1CF807CCBCF14D
:105B2000050F03D801309842F4DB00E00446082951
:105B300000F2858001A050F821F000BF9BDF00003B
:105B40006FE0000091DF00006FE0000035E0000032
:105B50006FE000006FE000006FE000003BDF00003E
:105B600000254FF6FF70294614E04FF6FF70002124
:105B70000D4633E00E1996FBF3F703FB176602EBB5
:105B8000C607BE1BB77827B9F77887423CBF357880
:105B9000384601319942EDDB002DE8D045F4306004
:105BA0000E2D8CBF4FF480554FF40055284347E02D
:105BB0002E1996FBF3F703FB1767FE00F71BD619A8
:105BC00096F8019096F8028096F803C009EB080653
:105BD00066448642BCBFB0B2D15D01359D42E7DB71
:105BE00031B994FBF3F103FB1144E3001C1B115D7D
:105BF0000E298CBF4FF480504FF40050014341F404
:105C000030601DE0022D1AD13AAF4BAB4FF02009A6
:105C10000093404629462A463B46CDF82C91FFF793
:105C200015FE4B9B02A901934AAA30462B46CDF89C
:105C300028910097FFF753FE02AA294666E7002045
:105C40004DB0BDE8F08300BF2DE9F04703F4407884
:105C500004461D46D8B2A8F50073D3F1000848EBFE
:105C60000308A0F1020C861CB8F1000F01D03346E6
:105C700001E06346B446002737E00E78A0F105093D
:105C80004E4530DB00F105094E452CDC91F80290C1
:105C9000B9F1000F13D191F803A0BAF1000F0ED1A2
:105CA00091F804A0BAF1000F09D191F805A0BAF15A
:105CB000000F04D191F806A0BAF1000F13D09E4254
:105CC00006D18E793EBBB8F1000F0AD00E7909E0FB
:105CD000664520D1B9F1000F1DD1CE78DEB90E791D
:105CE000CEB94E79BEB9013707319742C5DBD4F83A
:105CF000FC341B7863B107E02046002126F064DC09
:105D0000204626F057DC03E02046012126F05CDC2B
:105D10002846BDE8F08743F43065ADB20E2BCCBF0A
:105D20004FF480534FF400531D43D4F8FC341B78D8
:105D3000002BEDD0E0E770B50546BCB004680E4618
:105D400009B108292CD12023D4F818273B93236BC1
:105D500028461B890092D4F8202703A901923BAA68
:105D6000FFF7BDFD6B7B022B12D1D4F8FC341B78FE
:105D700073B1D4F83437B3F8A43303F44062B2F506
:105D8000406F05D1204603A93B9AFFF75DFF05E070
:105D90002846002103AA3B9BFFF7AAFEA4F816079A
:105DA0006B6813B1A86831469847D4F81817D4F82F
:105DB0001C276068F8F384F50023C4F8183760687E
:105DC00029461022F8F37CF53CB070BD2DE9F04770
:105DD0000D464FF0000840219AB00446C0F82087D5
:105DE000C0F81C1740681F46229EF8F359F5034679
:105DF000C4F8180700287DD02A6862B92022C4F8A8
:105E00002027226B04F5E461128920460091314677
:105E1000FFF71CFD25E0202A6FD8A9461EE059F89F
:105E2000043FD4F85C011FFA83FA514638F09ED83B
:105E3000002862D0B8F1000F05D019F8043C5FFAD1
:105E40008AF29A4259D9D4F82037D4F8182708F1A1
:105E5000010822F813A00133C4F820372B689845B5
:105E6000DDD3D4F82037002B47D060681021F8F339
:105E700017F50546002843D0259B4FF000088360A6
:105E80009DF88C30467311AE83732422C0F80480D1
:105E9000046080F80C8041463046F3F3B9F64FF0C9
:105EA000FF330293039304930593D4F81837C8EB98
:105EB00007020693D4F8203757420793194B47EB54
:105EC00002070A9303230C9320460221164A01235A
:105ED00000960197CDF82080CDF824800B95CDF861
:105EE0003480CDF8388018F0EFDD0646A8B9249B41
:105EF0006B6012E06FF0150604E06FF0010601E040
:105F00006FF01A06D4F8181739B16068D4F81C2756
:105F1000F8F3D6F40023C4F8183730461AB0BDE8B9
:105F2000F08700BF67E100002C9E850010B590F857
:105F3000143788B00446002B3ED0D0F868319B79E6
:105F4000002B64D180F8143703681B7E002B5ED0D1
:105F5000B0F81637002B5AD0036B186903F08CFE8B
:105F6000B4F81617884252D020461AF001DD2046B8
:105F700001F048FD2046B4F816171AF03FDB2368FD
:105F800093F82F306BB1D4F86C322046D3F8D4128A
:105F9000383115F0EBD90146C4F8AC0620460EF0B6
:105FA00083DA20461CF09ADD204600211CF0A0DF99
:105FB000204613F00DDE2AE003681B7E3BB3D0F8C9
:105FC00068319B791BBBD0F8000507A946F06ADE53
:105FD00002E01B7E99071AD407A846F06BDE034641
:105FE0000028F6D103E0012384F814370FE0226B78
:105FF00008A9126841F80C0D009203220192029048
:10600000039001222046FFF7E1FE0028EBD008B004
:1060100010BD00207047002070470020704701230A
:1060200080F87A30704770B590E818000D465868CF
:106030000C21F8F335F4064630B100210C22F3F3BD
:10604000E7F52E51002070BD6FF01A0070BD000002
:10605000F8B5836806465C6803680F590D465868B2
:106060004FF48471F8F31CF4786000282DD02B597C
:10607000002158684FF48472F3F3CAF53368C421E1
:1060800058682F59F8F30CF4B860F0B12B5900217F
:106090009868C422F3F3BCF52B5928499F683368EC
:1060A00032463B609868002301F0EED8B86660B1D4
:1060B0002B5923499F68336832469868002301F0C2
:1060C000E3D8C7F8C000002833D12B599B680BB325
:1060D000996E39B13368986801F0BAD82B5900220B
:1060E0009B689A662B599B68D3F8C01041B13368FE
:1060F000986801F0ADD82B5900229B68C3F8C020E6
:1061000032682B5950689968C422F8F3D9F32B5997
:1061100000229A602B59596869B133684FF4847230
:106120005868F8F3CDF32B5900225A606FF01A002B
:10613000F8BD0020F8BD6FF01A00F8BDE9F30000CB
:1061400095ED0000014638B551F8DE5B044610229B
:10615000284614F0C7D8284604F1EE011022BDE805
:10616000384014F0BF980000F0B51F4BA5B004688C
:10617000054620AA03F1080718685968164603C6A1
:106180000833BB423246F7D118681B79306033714F
:10619000204618A9102214F0A5D81CA910222046C8
:1061A00014F0A0D820A8F3F3C3F56A682024C23203
:1061B000009206220346019204AE214620AA05F170
:1061C0007E0718A802960394F9F3A6F431462246F6
:1061D0003846F3F3B9F405F19E0039462246F3F34D
:1061E000B3F425B0F0BD00BFE4E8010038B500F11C
:1061F0007E05044620212846F5F31AF2284604F1CC
:106200009E012022F3F384F420B92046BDE83840F3
:10621000FFF798BF38BD0000F0B52E4BDFB0044645
:106220000E4659AA03F1100718685968154603C5A8
:106230000833BB422A46F7D118682860B36DD907E6
:1062400046D49A0706D403F00403022B02D0002B95
:106250003ED001E0202300E0102305ADA4F87C30FF
:1062600006F1C2012846062204F1BE06F3F36CF4DF
:1062700004F17E0120223046F3F366F42046FFF756
:10628000B5FF31462022A81DF3F35EF459A8F3F3BD
:106290004FF526220192B4F87C2003460095039224
:1062A00045AD202159AA04F1DE000295F9F334F43A
:1062B0002946B4F87C2004F15A00F3F345F404F1C4
:1062C000FE0000210822F3F3A3F42046FFF7A7FE07
:1062D0005FB0F0BDF1E801007FB5436804AC9B6896
:1062E00044F8082D00930D460068B7212246082384
:1062F000F8F7CEFC064630B9284621460822F3F3CB
:1063000023F4304601E04FF0FF3004B070BD0000D0
:106310002DE9F04700F1FE050E469246B2F80080E6
:10632000294690F87B200446FFF7D6FF20B1284687
:1063300000210822F3F36CF406F1120708F158006B
:106340003818DD23C37194F87C3000F10709063357
:10635000037203220930154908F10608F3F3F4F338
:106360001FFA88F8012389F8053008F15803FF184F
:1063700094F87A3004F15A0103F00303FB71B4F886
:106380007C2007F10900F3F3DFF3B4F87C3006F169
:106390004F000233984429460822F3F3D5F3AAF8B4
:1063A0000080B4F87C000830BDE8F087C3C301006A
:1063B0002DE9F74F99460368B0F87C4005468B46B7
:1063C000586820219246F8F36BF20746002874D0F3
:1063D0002B684FF480715868F8F362F28046002809
:1063E00061D02B684FF481715868F8F359F2064672
:1063F000002870D0BAF1010F03D0BAF1020F66D1B4
:1064000023E005F18E0110223846F3F39DF30BF1E2
:106410009C01102207F11000F3F396F305F15A01E5
:1064200022464846F3F390F3384620213246F9F3EA
:1064300079F6404632464FF48071F9F3A3F64846A8
:1064400021463246F9F39EF629E0B5F87C300F2B51
:1064500008D82819C4F110025A300021F3F3D8F3F8
:1064600010240FE014F007020CD028195A30002134
:10647000C2F10802F3F3CCF34FF6F873234003F1B3
:106480000804A4B210200BF19C01224605F15A0326
:10649000CDF80090F1F33CF4C8B90834A4B20C9BD9
:1064A0001C80012418E0044606462B6839465868CB
:1064B0002022F8F305F216B90AE0044608E02B683A
:1064C000314658684FF48172F8F3FAF100E0002485
:1064D0002046BDE8FE8F04462B68414658684FF4BD
:1064E0008072F8F3EDF1E0E72DE9F04F9FB005463B
:1064F0000E460692D0F800A01F46002B00F0C58182
:106500008368022A5B68FB58D3F804809B68079372
:1065100038D0042A00F00081002A40F0B38107F14E
:106520001A0250466968712348F0ACDC074600281F
:1065300000F0AB8104694FF4BE4304F1120B2382D7
:1065400006995F225846F3F363F346F088031A0A6C
:10655000E2742375B8F8183008F11C091A0AA375FB
:10656000494662755046202213F0BCDE494604F1CC
:106570001F002022F3F3E8F20B23C8F80030DDF807
:10658000189087E1B8F80231B3F5007F02D141F4E9
:1065900072760AE0802B04D141F49E5646F008063C
:1065A00003E0042B08BF41F4E4766A68B8F804B04D
:1065B000926DADF876B002F00209B9F1000F0CBF90
:1065C0004FF004094FF002090BF1710B802B1FFAF9
:1065D0008BFB30D116F480532ED02C8A14F001049A
:1065E0001BD12846FFF7AEFD28466968FFF714FE69
:1065F00095F87A20B5F87C308DE8040201220392E8
:106600005046696805F15A0202944AF0D5DC2B8A9B
:1066100085F87B0043F001032B82BDF87630B5F896
:106620007C2013F0070302D102F1100301E01832BD
:10663000D31A9BB200E000239B4407F11A02504694
:1066400069681FFA8BF348F01DDC0746002800F04C
:106650001C8104695F2304F1120B00215F22238255
:106660005846F3F3D5F2330AE3742675B8F81830B8
:1066700008F11C011A0AA375627504F11F0020229B
:10668000F3F362F2B8F8042004F17100D8F80810AE
:10669000F3F35AF2BDF876301A0A42EA0323A4F85B
:1066A0006F30B8F80231802B27D1F30425D50DF1D6
:1066B000760228462146FFF72BFEBDF8763004F11E
:1066C0003F001A0A42EA0323A4F86F30A37B022B8F
:1066D00004D100211022F3F39BF204E005F18E01B6
:1066E0001022F3F331F25846314608F19C020023A0
:1066F000F4F3F6F6002800F0CC8094F86F2094F8BC
:10670000703043EA0223228A9B189BB21A0A42EA9B
:10671000032323820C2376E090F87A30B0F87C9043
:106720001B0103F0300341EA030646F46076B6B27B
:106730000023B00754BF09F1710909F179091FFA63
:1067400089F9ADF8763007F11A02504669684B4670
:1067500048F098DB0746002800F0978004695F2323
:1067600004F1120B0021A9F1120223825846F3F31F
:106770004FF2330AE3742675B5F87C3005F1BE019B
:106780001A0AA375627504F11F002022F3F3DCF1ED
:1067900004F13F0905F18E0C614610224846CDF800
:1067A00014C0F3F3D1F1082205F1FE0104F14F000A
:1067B000F3F3CAF10DF176030093284604F1710357
:1067C000414606F00302FFF7F3FDA37B4846022B88
:1067D000DDF814C004D100211022F3F319F203E014
:1067E00061461022F3F3B0F1BDF876301A0A42EA9E
:1067F0000322A4F86F20228A9B189BB21A0A42EA4D
:10680000032323820F23C8F800304FF0010941E031
:10681000204606F0030108F18C0209ABF4F31EF7E1
:10682000002831D00BF14D0009A91022F3F38CF1AF
:10683000B8F80231B3F5007F03D17B6A43F080736F
:106840007B62DAF8003093F895304BB1069B0BB1C0
:10685000022B05D17B6A23F4403343F480337B62FF
:106860006B6839469A68504619F084DA079BDAF863
:106870000800D3F8C0104FF47A72002300F08EDCC9
:10688000012702E0002700E0074638461FB0BDE8B8
:10689000F08F81460323E373B8F802315846802B0A
:1068A00014BFFE23022300F8053B08F15C01082217
:1068B000F3F34AF1B9F1000FBAD0A9E7D0F84831A3
:1068C00070B55C680646E1420D4640D00B59002B7E
:1068D0003DD0596859B14AF0A1DC2B594FF484726C
:1068E00059687068F7F3ECF72B5900225A602B595E
:1068F0009B68002B2BD0996E61B1B06800F096DCDC
:106900002B59B0689B68996E00F0A2DC2B590022CD
:106910009B689A662B599B68D3F8C01071B1B06818
:1069200000F084DC2B59B0689B68D3F8C01000F0ED
:106930008FDC2B5900229B68C3F8C0202B59C4223E
:1069400099687068F7F3BCF72B5900229A6070BD04
:10695000C16810B5044621B10068FFF7AFFF0023FE
:10696000E36010BD70B5C5680446002D52D0836841
:106970005B68EB585B68002B4CD01E8A1A68042EAB
:1069800014BF012602260C2A1CD00F2A2AD00B2A5B
:1069900040D193F80421511C022A83F8041108D92C
:1069A000C16821B140681A310F224AF0DBDB204672
:1069B0001FE003F15C000821F4F33AF6204631466B
:1069C000002222E093F80421511C022A83F80411CA
:1069D0000FD803F15C000821F4F32AF62046314673
:1069E000022212E093F80421511C022A83F80411B8
:1069F00003D9BDE87040FFF7ABBF03F15C0008218D
:106A0000F4F316F62046314604222B46BDE87040CA
:106A1000FFF76ABD70BD70B5064600680C46FFF70B
:106A20004DFF31680023CA18D2F84C2232B15269A6
:106A300022B1D068A04201D10020D0600433202BC5
:106A4000F1D17568631943B1615931B133680C22D2
:106A50005868F7F335F70023635170BD37B50C461E
:106A60001546014670B16BB1826852689B580A8B1B
:106A7000986852B1C38853B91A31234600954AF039
:106A800033DA05E04FF0FF3002E0104600E000206E
:106A90003EBD2DE9F04F026889B005468846069252
:106AA0009946002B00F0328183685B6859F8033007
:106AB0005C68D3F808A0002C00F02A81BAF1000F1E
:106AC00000F02881238A042B14BF0123022307939B
:106AD000B4F80231802B05D0B3F5007F02D0042B2F
:106AE00040F01A8104F15C0B0120082308F1170122
:106AF0005A4698F8137098F81460F4F38BF38345B2
:106B000000F00C81236846EA07260C2B63D00F2B7C
:106B100000F0E3800B2B40F0018106F4DC73B3F549
:106B2000847F40F0FB8004F13C07202208F11F0124
:106B30003846F3F309F009F11A0306930AF1480302
:106B40000093BAF8063004F18C0CCDF808C001931C
:106B5000A38A69680393C231069804F11C023B467C
:106B6000CDF814C0F4F3BCF316F4807FDDF814C044
:106B700008D0404606F003016246F4F311F4002801
:106B800000F0CC8098F86F2098F8703053EA022318
:106B900008D0E2889A4205D108F17100E168F2F369
:106BA000B7F728B16868069911224AF0DBDAB5E038
:106BB00084F804012B68DAF8C010986800F036DB1E
:106BC00058460821F4F334F52846079902224B462B
:106BD000FFF78AFCA2E006F4D873B3F5807F40F09B
:106BE0009D80F10509D5404606F0030104F18C02B1
:106BF000F4F3D6F3002800F09180002384F80431E8
:106C00002B68DAF8C010986800F010DB228A09F1CE
:106C10001A06238B06988DE84400696804F1AC02DB
:106C20004AF03ADAB4F80231802B02D11023236003
:106C300034E0042B32D12F8A0D2317F00107236093
:106C400022D12846FFF77EFA28466968FFF7E4FA62
:106C500095F87A20B5F87C30012A14BF012202226F
:106C600085F87A200092228A0698019201220392E6
:106C7000696805F15A0202974AF09ED92B8A85F875
:106C80007B0043F001032B8258460821F4F3D0F433
:106C90002846079904224B46FFF726FCB4F8023138
:106CA000B3F5007F05D1069A3146D2F8440101F0D0
:106CB00041FFB4F80231802B01D0042B08D16B685E
:106CC00006989B687921009332460623F7F7E0FF88
:106CD000B4F80231802B21D114E0F20507D54046EB
:106CE00006F0030104F18C02F4F35AF3B0B100236F
:106CF00084F804312B68DAF8C010986800F096DA4E
:106D0000102323602846FFF723FE07E0184606E01D
:106D1000204604E0504602E0002000E0012009B0D7
:106D2000BDE8F08F2DE9F3470B9E054690469A4645
:106D30008946002941D0002E41D0836800685B68F5
:106D4000F3585C689F6821464AF068DA092323609B
:106D500099F800302868302B6B682146B3F8623010
:106D60004A460CBF03F0800303F00403A4F8023189
:106D70000A9BCDF800A0019343464AF06FDAF8B1C0
:106D80006B69012B01D1F888D0B14FF0000884F86D
:106D900004812B68D7F8C010986800F047DA218A80
:106DA0000A2323602846042914BF012102214246F8
:106DB0003346FFF799FB012002E0084600E0304629
:106DC000BDE8FC8770B505460E4640684FF48471F7
:106DD000F7F366F5044648B100214FF48472F2F3EC
:106DE00017F7D5F8483184E86000A360204670BDED
:106DF000014628B103684FF484725868F7F360B510
:106E0000704770B50D46B4B00446002836D000294E
:106E100034D0038A4A8823F002031B041B0C12F0AF
:106E2000010F03820A881AD0A2F108039BB2382B03
:106E300024D8402A18D1002303A8043100934AF033
:106E400053D8064680B904F11A0015A92022F2F39E
:106E50007BF6238A304643F00203238210E0202A87
:106E60000CD143F002030382291D2A8804F11A0081
:106E7000F2F36AF62D880020258301E06FF001000F
:106E800034B070BDF0B5069F1446079E1A46059BA8
:106E900050B1012907D14161214605970696BDE809
:106EA000F040FFF73FBF0020F0BD10B588B1CC7BAC
:106EB000032C0BD14469012C08D18C7C022C01D00D
:106EC000FE2C05D1FFF7E5FD012010BD002010BD0F
:106ED000002010BD2DE9F04146681746D6F8D4329F
:106EE000D0F800805A8EADF5067D02F47042A2F50E
:106EF00080556A4242EB05020446404646F040DABD
:106F00004FF4007385930546002851D047B1E368DC
:106F1000002B4DD120462946FFF79AF8002847D18B
:106F2000A36820465B68EB589F68FFF71DF9B6F829
:106F30006230AB8703B1E560238A980708D5202229
:106F400007F1480004F11A01F2F3FEF52022FA805D
:106F5000FB88202B1BD185AB0093404650212A692A
:106F600005AB01F03DF808AB0093859B20460C3B38
:106F70000193E36801210293D5F8E820D5F8EC30BD
:106F8000FFF780FFA0B92046FFF7E2FC10E063683E
:106F90007069B3F86230B3F5007F03D106F1BC012C
:106FA000062202E0727E06F11A012B46FFF756FD1B
:106FB0000DF5067DBDE8F0812DE9F047C668054670
:106FC0000768002E33D083685B68F3589C68002CF8
:106FD0002DD004F16C0948464FF48071F8F3BCF4ED
:106FE000804600281BD104F1480120224846F8F3CE
:106FF000F3F42023E3806B6806F11A01B3F86230E2
:10700000B3F5007F05D1D7F84401BDE8F04701F0A2
:1070100090BD28464246BDE8F047FFF75BBF00221F
:10702000B868A16E1346BDE8F04700F0B798BDE818
:10703000F0877FB591F8943005460C4643B3D0F8FD
:10704000000503A945F02EDE10E0337E9B070DD529
:107050003369A3420AD101234FF0020E8DE80840A4
:10706000284621463246002345F034DF03A845F088
:1070700021DE06460028E8D13C23C4F88C30F7F323
:10708000A9F00123C4F8900084F8946084F8843057
:107090007FBD704710B5C3F8A010082019461C46E4
:1070A00033F0C6D984F8A40010BD38B5057D044678
:1070B000A5B1437D8BB9C068A16900F0B7D8D0F104
:1070C000010538BF002501236375E3690BB1A06892
:1070D000984700236375237500E00025284638BDD6
:1070E0000068F9F7FABB10B50468B4B051B101718A
:1070F000C922002101A8F2F38BF5236B01A91869BD
:1071000002F0E0FF34B010BD70B5036804461B68A0
:107110000D461B7E002B23D02AB18E79002E0CBF8A
:107120002026102600E01646294620463FF066DE5F
:1071300018214143324620463E3141F067D8BC21F8
:10714000204640F045DB95F9483001229A4020EA7C
:107150000202BC21204692B2BDE8704041F0569830
:1071600070BD4FF0FF3070474FF0FF3070472DE992
:10717000F7430A9F0B9E0C4605469046994600979A
:1071800001963FF061DA4B46284621464246009779
:1071900001963FF047DB2146012228463FF02ADBDB
:1071A000B4F83435D90606D52846214603B0BDE8E3
:1071B000F0433DF0599903B0BDE8F083406B704750
:1071C000F8B504460E46174690F85651FEF3A2F263
:1071D00060B10FE0736ADB0606D494F8573143F0D0
:1071E000020384F8573103E0383F3836372FF1D89F
:1071F00084F85651F8BDF8B504460E46174690F887
:107200005651FEF3EBF260B10FE0F388DA0606D4D4
:1072100094F8573143F0010384F8573103E0083FF5
:107220000836072FF1D884F85651F8BD2DE9F04102
:10723000A2B00446884690F8556190F8567190F8CF
:10724000545188226846F2F37FF420464146FEF30B
:10725000C9F4002832D1009B84F856719D4284F80D
:10726000545129D01BB994F8572172B111E0022B67
:1072700004D194F8572112F0010F05E0012B06D13B
:1072800094F8572112F0020F01D1FE2212E085B9C5
:107290000BE0012D02D112F0010F03E0022D03D10A
:1072A00012F0020F05D107E035B994F85521B2422A
:1072B00002D2002284F8562184F8543122B0BDE86D
:1072C000F08110B50446FEF323F5002384F857310E
:1072D000A4F85831C4F85C3184F8563110BD000070
:1072E00038B504460D46FEF381F500BBA36DDDB154
:1072F000EBB9D4F854210E4B13407BB194F85431C0
:10730000022B04D194F8573113F0010F05E0012B43
:1073100006D194F8573113F0020F01D1FE2300E09B
:10732000002384F8563138BD0BB184F8560138BDBE
:10733000FF0000FFF0B591B0ADF10406044605462C
:10734000B646002309E00769013397F807C04EF8F5
:1073500004CFD7F834C087F807C0B4F910700430F0
:10736000BB42F0DB2046FEF343F6002304E02A692B
:1073700056F8041F0133D171B4F91020043593423B
:10738000F5DB11B0F0BD38B515460446FEF3C6F680
:107390002B680BB10223A36538BD0E2973B50546D2
:1073A0000BD00F2910D1114601A80422F2F3CCF31F
:1073B00028460199F3F763FC08E0B0F85831002043
:1073C00003F00103136001E0FEF3ECF67CBDF8B5B9
:1073D00004460F46866EFFF38DF3054680B90422FE
:1073E00007F1140104F5AE70F2F3AEF3D4F85C319A
:1073F0004FF47A725343711CC4F85C3108BFA6661F
:107400002846F8BD836E013301D0FEF345B27047C4
:10741000F8B50C2904460D46174690F853610DD176
:1074200000210122FEF3E4F5204600210122FEF3B3
:107430009BF5002384F8CE3084F8CD30A36E294626
:10744000581C08BF84F8563120463A46FEF3F0F641
:10745000B4F86C3003F0C003C02B16D1D4F85C3103
:107460009BB194F85331B3420FD9E368A16898688F
:10747000FFF3DCF6E368A1689868D4F85C21012387
:10748000FFF38CF64FF0FF33A366F8BD2DE9F84308
:1074900004468946FFF3B8F3F6F39CF694F85431AA
:1074A0008046012B1DD82646002516E07769BB795A
:1074B000022B10D1B4F86C30DB050CD520464946C0
:1074C0004246F3F747FB30B90423BB7194F8CD3043
:1074D000013B84F8CD3001350436B4F910309D42BB
:1074E000E4DBBDE8F8837047002070477047002058
:1074F0007047704700207047704700207047704702
:1075000070477047704770477047704770474FF03B
:10751000FF30704770470020704700207047704769
:10752000704770470020704770472DE9FF410B9E60
:107530000C46B6F862500A9F15F00F0FDDF8308048
:1075400014D040F237153D4085B100970196CDF833
:1075500008800BF02BDC98F9343033B16378022BC0
:1075600003D9023B6370841E00E00446204604B049
:10757000BDE8F081F0B5069D0F46B5F86240059E66
:1075800014F4747F07D040F2371434401CB1BDE8C6
:10759000F0400BF03F9A3846F0BD00002DE9F04F67
:1075A0008FB00B4693461D99002205461A9EDDF8C2
:1075B0006CA009920A920593DDF86090199F2FF054
:1075C00001DD059B0BF00102D0F8D8820446009241
:1075D000194628683246534613F05EDC002840F016
:1075E000CD81032F0CD9042209A84946F2F3ACF24D
:1075F000072F05D90AA809F104010422F2F3A4F225
:10760000BBF1140F00F29D81DFE81BF0150019009B
:107610009B019B014600230087009200A300A90064
:10762000B7009B019B01BA007D0180019B019B017A
:10763000F8000D01850128460AF068D98DE028463A
:1076400009990AF08DD900280CBF6FF01C0700279C
:1076500093E1A479002C40F07781D8F82C1041B147
:107660006868D8F83020F7F32BF1C8F82C40C8F838
:107670003040002F00F0818168683946F7F310F13F
:10768000C8F82C00002800F06281C8F83070494624
:107690003A46F2F359F23CE1A379002B00F05A810B
:1076A000484604F1BC010622F2F332F20746C0B9A3
:1076B000A26DB4F862308DE81400D4F8D4223146BB
:1076C000029228465246FFF730FF321A0146A06D5B
:1076D000B4F8623052448DE811002846FFF74AFFA3
:1076E0004BE12846494645F041DE002800F035814F
:1076F000D0F8E840002C00F03081D0F8EC309A450A
:10770000C0F236816278304621460232F2F31CF232
:1077100063780027F618F7702FE1B4F95E302BB9C3
:10772000B4F95C30003318BF012374E0022372E027
:10773000099B022B04D10023A4F85C30012305E04F
:10774000003318BF0123A4F85C300023A4F85E3096
:10775000DFE0D5F83407FAF74FF83060D9E0D5F814
:107760003407099CFAF74EF8844200F3F980D5F803
:1077700034070999FAF743F8CBE0B5F8BE384AE088
:107780002B6893F8A030002B38D07E49062207A83A
:10779000F2F3DAF1314604220CA8F2F3D5F1311DEF
:1077A00004220DA8F2F3D0F107A806F10801062281
:1077B000F2F3CAF10D9B53B9D5F86821917981B9DB
:1077C0005269012A0DD02A6892F83F204AB907AAC7
:1077D00000921036284621460C9A019617F062DB7B
:1077E00072E02B681B7E002B00F0BD8028462146EE
:1077F00007AA06F1100317F041DB65E0032F40F202
:10780000B7800999002904DB28460BAA2FF01EDB5C
:10781000044614B1237933607BE00B9B1E3340F0A8
:10782000A5803460A2E0BAF1070F40F3A1800A9E60
:10783000032E05D0A6F102014E4246EB010600E000
:1078400000260999002921DB28460BAA2FF0FEDA31
:107850000446D8B90B9B1E331AD10A9B002B17DDA7
:107860002246234686F001062846099900962EF006
:1078700087DF044670B1284621462FF06BDC0746AF
:1078800050B1284621462FF0BFDB05E0002703E07A
:10789000074601E06FF01A070A9B032B6DD0002CFE
:1078A0006BD0002B27DD022B02D02279002A64D175
:1078B0002A68126F92075ED1A27992B1022B05D08D
:1078C000284621462FF078DA074656E063791BB147
:1078D000284621462FF0BCD8284621462FF094DBBD
:1078E0004BE0637E284600920192214604F11A0281
:1078F00029F026DE41E06379002B3ED02846214660
:107900002FF0A6D839E095F8C33484E7099B85F8B1
:10791000C334002731E02B68D3F88C4095F8293028
:1079200013B1284619F0F2DD204600214FF43972D8
:10793000F2F36EF10623238000270423638037606F
:107940001BE06FF0160718E06FF0060715E06FF008
:107950001A0712E06FF005070FE06FF01D070CE04B
:107960006FF01C0709E06FF0030706E0274604E00C
:107970006FF00D0701E06FF0080738460FB0BDE863
:10798000F08F00BF2C9E850070B505460E461CF09A
:107990006BDA0446C0B13146284640F26C521CF006
:1079A00075DB064620B9284621461CF0D1DA0AE0EC
:1079B000214640F26552F2F3C7F02846214640F2D4
:1079C0006552F6F37DF73446204670BD30B5054C60
:1079D0008568A54203D0BDE83040F2F31BB4002017
:1079E00030BD00BF080000208B7910B5044C0BB1EE
:1079F000012323702FF0ACD80023237010BD00BFEB
:107A0000E4180200054B0269197829B1D2F8D02098
:107A100012B100221A7070471AF02A9AE418020074
:107A200038B50546F2F7B7FF0128014607DD044CDB
:107A3000012328462370FAF3A5F20023237038BDF2
:107A4000DC18020010B5074C2378012B09D0064B37
:107A50001B78012B05D001232370FAF305F40023D2
:107A6000237010BDF0180200DC18020010B50446A7
:107A7000F9F32CF4002384F8173284F8183210BD7F
:107A800010B590F8163204465BB1084B1B6843B141
:107A9000D0F88011D0F884210223C0684A40FBF35B
:107AA00085F02046BDE81040F9F3C0B29014020002
:107AB0000FB430B5114AADF5037D964515D0104A87
:107AC000964512D087AB684640F20121869A819391
:107AD000F2F3D4F10025044604E01DF80500F6F3A6
:107AE00017F60135A542F8DB00E0002420460DF52D
:107AF000037DBDE8304004B0704700BFDB62820008
:107B0000FB5482002DE9F0478CB0149F0E46984636
:107B1000394600230446154608932FF053DA814670
:107B2000D0F8DCA265B1B8F1030F09D929460422C7
:107B300008A8F2F309F008A829460422F2F304F099
:107B40005F2E20DC5E2E80F2BF81352E72D00EDCDF
:107B5000162E00F0768103DC152E40F0148264E1CD
:107B60001C2E00F084812F2E40F00D822CE1372E48
:107B700000F0C680C0F2A580382E00F0E880392ED3
:107B800040F0018202E1C52E39D008DCA52E00F0BC
:107B90004081C42E15D09F2E40F0F5816DE1D82E86
:107BA00000F0B58103DCD72E40F0ED81A7E140F273
:107BB0003F139E4200F0BD81B6F5A07F40F0E38107
:107BC000C2E1A448FFF774FF0123B8F1070FC8BF53
:107BD00069682046D8BF00218DF82F30099113F035
:107BE00047D90746002840F0E8810899CA0700F104
:107BF000CD81204689B216F09BD82860DDE10123B3
:107C0000B8F1070FC8BF69682046D8BF00218DF8BA
:107C10002F30099113F02CD90746002840F0CD8170
:107C2000089AD30700F1B28191B22046120C1CF0E1
:107C3000B9D8C2E123681B7E002B00F0B681B8F1F1
:107C4000050F40F2B581B8F10D0F0BD9204605F1B3
:107C50000801A8F1080202F0C5DF0746002840F03D
:107C6000AC8109E0294604A80622F1F36DF7002350
:107C7000069304AD4FF00E0899F80660B6B9DAF82D
:107C8000901031B160689AF89420F6F319F6CAF8AA
:107C900090608AF8948060684146F6F301F6CAF86D
:107CA000900018B129464246F1F34EF7484629465E
:107CB0002AF0F4DFDAF89070002F0CBF0746002797
:107CC0007BE10023009320462946424609ABF3F7A7
:107CD00030FC0746002840F07081099A032A00F022
:107CE0005B81236B19688A4207D05B68D3F101037B
:107CF00038BF00230E3354F82330D3F8F03061E15D
:107D00000023009320462946424609ABF3F711FCB5
:107D10000746002840F05181089A02F16403672B5E
:107D200000F23781099B032B04D0216B09688B4239
:107D300040F04381002A04DB2046216B2BF0F2D86F
:107D40000246236BC3F8FC20C3F8F02035E1002382
:107D5000009320462946424609ABF3F7EAFB074663
:107D6000002840F02A81099A032A00F01581236B2C
:107D700019688A4207D05B68D3F1010338BF00233A
:107D80000E3354F82330D3F8F4301BE10023009372
:107D900020462946424609ABF3F7CBFB07460028AD
:107DA00040F00B81089B642B00F2F680099A032AAD
:107DB00004D0216B09688A4240F0FF80226BC2F830
:107DC0000031C2F8F430F8E02368089D93F83F30A2
:107DD000002B40F0E480D4F86801837913B10421CA
:107DE00044F0CED9003594F8723218BF012584F8DA
:107DF000505784F85955002B40F0A48004F5AA612F
:107E0000D4F85C010DB10E3100E00A3135F092DF9B
:107E10008DE001230022029320460F4913468DE88E
:107E200020010397F3F77EFD81E0B9F95E302BB9AD
:107E3000B9F95C30003318BF012300E002232B6046
:107E400080E0089B022B09D10023A9F85C300123B4
:107E50000AE000BFBCE901001C738600003318BFB4
:107E60000123A9F85C300023A9F85E306AE023689A
:107E700001211869FBF302F064E0A8F1040806236D
:107E8000B8FBF3F32B60D4F8000500230AA908938C
:107E900044F008DF11E03B7E98070ED508982A6869
:107EA000431C9A420893C0F08380062202FB0050D4
:107EB00007F11A010430F1F347F60AA844F0FADE9C
:107EC00007460028E7D17CE0B8F1070FC8BF696812
:107ED0002046D8BF002112F0CBDF074600286CD126
:107EE00039493A48FFF7E4FD236B0DF12F02009268
:107EF0001869314642462B4602F0B3FE17E0D4F82B
:107F000068319F79002F4DD194F816375AE0D4F894
:107F100068319B79002B45D1226B20461268294697
:107F200000920122019202930393FDF74FFF07464F
:107F300043E023681B7E002B37D02046294642466B
:107F400012F0D0D9002738E0B8F1430F30D9002D16
:107F500031D01F4C294603222046F1F3F5F5EB788A
:107F6000291DE37014221B48F1F3EEF505F1180109
:107F70001D221948F1F3E8F505F135010E221748E5
:107F8000F1F3E2F5DEE76FF0160716E06FF0140785
:107F900013E06FF01C0710E06FF002070DE06FF0C8
:107FA0001B070AE06FF00F0707E06FF0030704E01C
:107FB0006FF00D0701E06FF0010738460CB0BDE827
:107FC000F087089B2B60F8E79CE90100C8E90100F5
:107FD0002C0D0200E8D30100E8CE0100F8180200E1
:107FE0002DE9FF470C9C0546D2F8D4621746984607
:107FF000D4F800A000940BF0E3DD2A6892F8463034
:10800000980739D0D7F8CC30D90435D496F9341044
:10801000002931D1526B7AB313F002092CD102A896
:10802000164903222768F1F38FF502238DF80B30F0
:1080300001238DF80D3095F8FA3147448DF80C90F6
:1080400033B196F96A30002B03DA95F80A9700E00D
:108050009946D044B84502AB28BFC7EB080100934E
:1080600038BF002138460723DD228DF80E901BF023
:1080700075DE236809332360BDE8FF87C7C30100AD
:108080002DE9F0419046D0F8D822064652680D46B8
:10809000012A0368D0F8DC4206D0A1F1040EDEF11B
:1080A000000747EB0E0700E000271A68616AD269F3
:1080B000126D914238BF62624DB9D4F8901031B15F
:1080C000586894F89420F6F3FBF3C4F890503046C7
:1080D0002946424626F064D90FB100236362BDE809
:1080E000F0812DE9FF470C9C9946002303936368B8
:1080F000076823F0400363603B6806465B6B8A4673
:108100009046002B29D0D0F8CC309B0725D4931D66
:108110000393A9F10603029306E03846294603AA11
:1081200002AB13F003D838B903980299DD22F2F3B9
:10813000ADF005460028F0D12046002115F0BEDA4A
:108140005DB16B78182B08D0072B06D0636823F439
:10815000001323F04003636006E030465146424678
:108160004B46009428F0DEDABDE8FF8770B506467E
:108170000D461FF037D9294604463046F9F73EF937
:10818000204670BD10B588B00A9C00940B9C0194E9
:108190000C9C02940D9C03940E9C04940F9C0594DB
:1081A000109C0694119C0794F4F382F1044B042173
:1081B0000446D3F88C300A469847204608B010BDD4
:1081C000E0A6850038B590F8A131044663B903688C
:1081D0001B6F4BB1D0F81C58F5F3FCF7D4F82038DE
:1081E000EB1A1B18C4F81C382046BDE8384015F0BF
:1081F000439B2DE9F04104461AF02CDF236B1B68EA
:10820000022B47D120692BF0B5DE00283AD0236835
:1082100093F84220002A3DD0D4F8682191790029B2
:1082200038D193F83F30002B34D0D4F86C32B4F806
:108230002806D3F8D422528E90422BD1D4F8F827B6
:1082400042F20E701588013DADB285421AD8D2783F
:1082500020462AB1D3F8E0321B695B42934200DC2E
:1082600001211EF01BDDD4F8F8371B7993B1D4F847
:108270006C22D2F8E022126952429A420ADD20466C
:10828000002105E0204601211EF008DD20460121E5
:108290001EF0EADC0026A319D3F84C52ADB1D5F894
:1082A0008C7097B9AB7983B1AB6D9A070DD595F802
:1082B000843053B1F5F38EF7D5F8901028F044DEF2
:1082C00018B1C5F8887085F884700436202EE2D184
:1082D000236B1B68022B6DD120692BF04BDE00282D
:1082E00068D0D4F868319B79002B63D1236893F868
:1082F0003F30002B5ED0D4F86C32B4F82826D3F887
:10830000D4325B8E9A4255D12046922115F010DD71
:10831000400085B2002D4DD005F1180739462046A2
:1083200015F006DD05F11A010646204615F000DDC0
:1083300039468046204615F0FBDC8642ECD1D4F865
:10834000F83746EA08469A689E6096428CBFC2EBB0
:10835000060200223AB15A7901325A71D4F8F8373C
:1083600000229A7105E0997901319971D4F8F837B2
:108370005A71D4F8F8576B79052B0ED9EB68CBB945
:10838000236B186902F0A0FF236BE86018694FF4B3
:10839000E151BDE8F04102F09ABFAB79012B09D958
:1083A000E96839B1236B186902F091FFD4F8F83706
:1083B0000022DA60BDE8F0812DE9F04F87B09146E8
:1083C0009A4606468846DDF840B0119CF9F76DF8EC
:1083D000D6F8B0730546F5F395F600F57E730733CE
:1083E000B3F5A05F024602D24348444917E028464D
:1083F0000BF080DBD6F8C033984213D303230093ED
:1084000000230193029303932846172109F10A02DE
:10841000012313F035D93A483849D6F8C023FFF77D
:1084200047FB66E097F84630990716D0D8F85820F1
:1084300040F23713134083B195F86937DA070CD54A
:108440006368DB0309D5236C012B06D10022284683
:1084500021461346009212F0B1D9B9F8003003F06A
:10846000FC03202B636818BF0AF1040123F40013F6
:1084700023F0400363602B6818BFABF104025B6B11
:1084800004BF0AF10A01ABF10A0233B3D8F8CC30C9
:10849000980722D40491059206E02846394604AA9A
:1084A00005AB12F043DE38B904980599DD22F1F3EB
:1084B000EDF607460028F0D12046002115F0FED841
:1084C0005FB17B78182B08D0072B06D0636823F4A4
:1084D000001323F0400363600BE09DF84830304602
:1084E000029341464A465346CDF800B0019422F02B
:1084F000AFDE07B0BDE8F08FEEE9010081E90100D1
:108500000CEA01000C2A70B504460D46164654D8F4
:10851000324B934051D5D0F8B4364BB1D3F8D83262
:1085200033B15B68012B48D0032B46D0022B44D0DB
:10853000204616F043DA00283FD1D4F868315B6951
:10854000012B3AD045B1AB7933B1AB6D9A0703D566
:10855000D5F88830002B37D1D4F81808FEF3ECF5A5
:1085600028B1D4F86801092143F00ADE17E0D4F8F5
:108570006801082E837901D00C2E01D17BB128E04F
:10858000002B24D0D4F82835022B03D094F8F437EC
:10859000DB071ED5092143F0F3DD002070BD082E56
:1085A0001AD1204629460222002325F035DE002874
:1085B00014BF4FF0FF30002070BD204629463246E0
:1085C000BDE870402AF0DC996FF0190070BD1846C4
:1085D00070BD6FF0180070BD002070BD0000A812C3
:1085E00038B501220C46D1F84C1505462FF098D924
:1085F00028462146BDE838402DF0669D10B50C4652
:108600002DF026DE18B994F8F53284F8F43210BD56
:1086100003681A68536B23B192F844300BB131F000
:10862000FD9B18467047036A30B5002B2BD00368BA
:108630000C691B688D8A93F895303BB1CB8A03F0A7
:108640008003002B0CBF1E230C2300E00C2303F13E
:108650000B02954217D3E218E35C54781B021B19F6
:108660009BB2B3F5006F0ED193781B09042B0AD18E
:10867000D37A012B07D1436A01334362C3680133C4
:10868000C360002030BDBDE8304040F0499938B1AA
:1086900003682BB121B993F80B270AB183F80B17A4
:1086A00018F0449BB0F854380BB119F0DD9C7047BA
:1086B000F8F7AEBEFBF76CBE38B50546D0F8B4008F
:1086C00058B103784BB1F1F7D2FE044630B9D5F872
:1086D000B4000121F2F38AF000E001242846F4F30B
:1086E0004BF334B9D5F8B4002146BDE83840F2F375
:1086F0007DB038BD2DE9F04F87B00393119B159FD6
:108700000493149B8A461646DDF840B0129DDDF8AE
:108710004C80059327B1B96811B10120F2F76AFCCA
:108720000446002835D0036806F00102009218685C
:1087300051462A46434612F0AFDB814600282AD133
:10874000112E02D0132E11D109E02846F1F3ECF6D8
:10875000002820D104F5B8702946062203E004F56C
:10876000B67029460422F1F3EFF114E0049B204691
:108770001193059B51461493039B3246CDF840B0AC
:108780001295CDF84C80159707B0BDE8F04FFCF37B
:10879000BFB36FF01609484607B0BDE8F08F000080
:1087A00038B5D0F868410CB1A56800E02546044C06
:1087B0002560FCF389F4411C01D10023236038BDFE
:1087C000D4180200034A136813B10021116018463F
:1087D000704700BFD41802002DE9F0411646026828
:1087E0000C4612681F4692F8952005460969A38A2F
:1087F00012B1E28A100607D5152B05DD08480E31A7
:108800000622F1F385F138B12846214632463B462F
:10881000BDE8F041FCF3FAB64FF0FF30BDE8F0815F
:10882000CBC3010070B504461D46FEF3BBF50646FA
:1088300040B1636893F8AB3023B1E06F2946F2F79B
:1088400061F9B060304670BD38B54368044693F8AE
:10885000AB300D4613B18868F2F773F9204629460C
:10886000BDE83840FEF37AB62DE9F34707460E46D9
:1088700092461D46002B59D0012957D14FF4C073A1
:108880000193FAF31FF24FF440718046F6F308F0BB
:108890000446002852D000214FF44072F1F3B8F1A1
:1088A00038463146224601ABF1F348F01E3037D14D
:1088B000202222710422019B6271D022A271022225
:1088C0004FEA4309E2714A236222237022720B238A
:1088D000A92263706272FF2304EB0902A370E370A4
:1088E00002F8023C02F8013C05F10C0399450EDD4B
:1088F0002A46514604F10A00F1F326F13846314682
:1089000022464FEA690310F019FE054601E06FF0B8
:108910000E05404621464FF44072F5F3D1F70FE0C3
:10892000404621464FF44072F5F3CAF72B463846CD
:1089300031465246F0F32EF1054601E04FF0FF3587
:108940002846BDE8FC872DE9FF4180461E469F6B07
:10895000156945F09DDC0446C8B93B7A022B16D157
:10896000AB79A3B1B6F868308BB1AA6D40F237137A
:10897000134063B195F884304BB995F94820316FB5
:108980008DE8810002901123404645F059D82046D9
:1089900004B0BDE8F081F8B5D0F8B043D0F8AC73BE
:1089A00020F0B0DE94F82F300646FBB100257B198D
:1089B000D3F84C42BCB1A379ABB123799BB1A36D81
:1089C0009B0710D594F884306BB1F5F303F4D4F819
:1089D000901028F0B9DA30B10023C4F88830C4F818
:1089E0008C3084F884300435202DE0D13046F8BD39
:1089F000F0B585B00A9F0E4600970B9F1D46019764
:108A00000C9F044602970D9F039728F08FDBB379E4
:108A10005BB12946204644F0C3DD014628B120461B
:108A200005B0BDE8F04044F0B39C05B0F0BD0000D7
:108A30002DE9F3411F46036804461B7E0D4616468A
:108A4000002B4AD090F87532002B46D1D1F8008027
:108A50004046FEF7B3FB036902469979B1B1817EC6
:108A6000C80713D5D3F8CC1049050FD4B4F826168F
:108A700001F47041A1F58050414241EB00011031F9
:108A800053F8213013B193F8DF3033BB516800291C
:108A900023DB164B0B401BB1B8F8163003F007036D
:108AA00049061AD512492046CB5C02A941F8043D7B
:108AB0003B6009F0CDDD01300FD0019B3A689A424E
:108AC0000BD00C4A3B60D25CB8F8163002F00702BB
:108AD00023F007031343A8F81630204629463246F0
:108AE0003B4614F049D8BDE8FC8100BF400001803E
:108AF000C4D28500DC0A02000020704770470020C5
:108B00007047704700207047704770477047704744
:108B100000207047002070470020704770470020F9
:108B200070477047704700207047002070477047BB
:108B3000704770477047002070470000C26938B521
:108B4000120504460D46036914D50268D2F88C104C
:108B50008A6B01328A634FF47A71B2FBF1F001FB48
:108B6000102119B90648D96BFEF7A2FFE36923F477
:108B70000063E36120462946BDE838402CF00A9F97
:108B800034CB0100F8B504460F4616461D46F8F7EB
:108B900091F82046394632462B461CF00DDE204621
:108BA000BDE8F840F7F792BF08B511F007DC38B11F
:108BB000436A190304D4026812B143F400234362E8
:108BC00008BD70B50368044693F842300E4615465A
:108BD00023B1D0F840010122F8F7AAFA2046314625
:108BE0002A46BDE8704024F0199F704773B502F51E
:108BF000457400EB440440F62A16A588A680069E1C
:108C0000009603F06DDBA5807CBD70B50C46164662
:108C10004D6C17F0CBDF20B9B30202D5636C6564ED
:108C2000A36470BD70B5056804462B680E4693F8C2
:108C300030304BB12B6B186901F01EF8738E9842DF
:108C40001CBFD5F84025538620463146BDE870400C
:108C500028F0BC9C2DE9F04F87B09846109B054644
:108C60000193119B0E460293129B93460393149B10
:108C7000DDF84CA00493159B0593531F1B2B00F2AA
:108C8000B680624A9A4040F1B280B8F1030F00F218
:108C9000B1805046F1F348F4002836D0D5F86C3254
:108CA0009E420CD108F11C0306EB83035A6822B9DB
:108CB00008F5927255F822205A6044460DE0B379C7
:108CC00013B94FEA580900E0C14609F11C0906EB47
:108CD0008909D9F804701FB1BC794FF000095EE032
:108CE000B27C0421002A0CBF1022802201232846D6
:108CF00035F0D8DC041EC0F2848004F1A00355F8DE
:108D00002330C9F80430B94649E0F379B3B1D6F855
:108D1000D43228465C8E514604F47044A4F5805247
:108D2000544244EB0204224644F02ADB074660B971
:108D300028465146224644F03DDC03E02846514691
:108D400044F02EDC0746002857D0FB681BB9D6F844
:108D5000083353B1FB609C7928463946029A434652
:108D600035F010DE814678B101E04FF00109284668
:108D70003146019A534635F06BDC041E41DB04F1A9
:108D8000A00355F82330FB60D5F86C329E4206D024
:108D9000B37923B928463146224635F0E3DCA034C6
:108DA00055F82410B9F1000F0CD1CB79984509D1B1
:108DB0000B699B4506D1039814315A46F0F3A8F687
:108DC00000281DD0019B28461093029B3146119329
:108DD000039B5A461293049BCDF84CA01493059B19
:108DE0001593434607B0BDE8F04F36F033996FF066
:108DF000170406E06FF0070403E06FF01D0400E0C5
:108E00004C46204607B0BDE8F08F00BF10009080B0
:108E10002DE9F34790F8A04405460E461746B4B92D
:108E2000936D13F0080813D101F1A00350F823400B
:108E300074B12369002B40F0F4801C46984608E08A
:108E40002046F1F371F320B994F80C8001E000247E
:108E5000A046331F312B04D828463146784A35F0D6
:108E6000B7DD48EA06181FFA88F81FFA88F944B3F4
:108E7000D5F86C329F4200F0D980BB79002B40F0CE
:108E8000D580BB7C002B00F0D1802046F1F34CF361
:108E9000002840F0CB803B185B6F53B11A6942B198
:108EA0001B7B022B00F0C28048EA83281FFA88F956
:108EB000BCE004301028EED1B8E0E3790BB149F002
:108EC0000809352E07D806F53A71023128464900BF
:108ED0004A461AF067DF002C00F09480237B002BB9
:108EE00000F0A980D5F804154FEA061A1023284689
:108EF000514404F114020CF02FDAD5F88831002B1C
:108F00003DDA237A022B3AD195F8A034002B36D1E2
:108F1000BB6D190733D4A379292B30D8032B2ED955
:108F20000B2B2CD8032E09DD2046F1F3FDF228B9D6
:108F30002846214644F01ADA804601E04FF0000846
:108F4000D5F808353946424628680AEB030945F04A
:108F50007BDD221849462846143208230CF0FCD940
:108F6000D5F8083539460833424628689A4445F012
:108F700053DC2218514628461432082314E0237A81
:108F80000B2B58D195F8F037002B54D095F8F137CA
:108F9000002B50D0A379072B4DD8D5F8EC172846D5
:108FA000514404F1240210230CF0D6D943E0352EAD
:108FB00028D8237A022B20D14FF00E0808FB06F8A0
:108FC00000277B08703308F53871C919284634F832
:108FD000132002371AF0E6DE0A2FF2D108F53A71B3
:108FE00028460231B4F804211AF0DCDE284608F5E0
:108FF0003B71B4F806211AF0D5DE284631462246E8
:1090000035F0E6DC032E19DC284635F033DD03228B
:1090100003460092284600214FF4804212F0BCDB48
:109020000CE0237A022B7FF40FAF09E7237A0B2B96
:109030007FF447AF41E7032EB9D8E5E7BDE8FC87E9
:10904000329E8500074B1B783BB1074B1B6898424B
:1090500003D2064B53F820300BB934F0779B1846F7
:10906000704700BF7C0E0200540D0200580D020034
:1090700000207047074B1B783BB1074B1B68984299
:1090800003D2064B53F820300BB933F0679F1846D4
:10909000704700BF7C0E0200780E02001C0C02001C
:1090A0002C4B2DE9F04105460C46D3F800800026F4
:1090B0000BE0294F284607EBC6073946F0F316F6B2
:1090C00010B9FB789C4243D001364645F1D1234B81
:1090D0000026D3F800800FE0214F284607EBC60793
:1090E0003946F0F303F630B9FB789C4203D11D4BAF
:1090F00001221A7010E001364645EDD10CBB1A4B27
:109100002646D3F800800BE0184F284607EBC60729
:109110003946F0F3EBF510B9381DBDE8F0810136A2
:109120004645F1D1124B134FD3F80080002606E0DC
:1091300039462846F0F3DAF5043740B101364645A2
:10914000F6D128462146BDE8F04133F02F9E0A486B
:10915000BDE8F081D818020053EA0100740E020045
:109160002C0D02007C0E0200E818020053EA0100F8
:10917000EC18020053EA0100CA02860010B5034C45
:10918000216034F03DDA0023236010BDF4180200A2
:1091900038B50D46002408E00849284601EBC40113
:1091A0000422F0F3B5F430B10134054B1B689C4246
:1091B000F2D3002038BD012038BD00BF53EA0100C2
:1091C000E81802002DE9F047234B8EB01D68234BB1
:1091D00007468846D3F80090002D39D0036BA96864
:1091E00018696A46002400F079FD26462CE01C4BE5
:1091F00003EBC40AAB68012B04D19AF80500FFF712
:1092000037FF03E09AF80400FFF71CFF07A934F0CA
:10921000D3DB002307AA995C1DF8032011420FD06D
:109220003846514633F0AADD40B1B8F1000F05D001
:1092300008EB860051460422F0F3A2F5013602E065
:1092400001331C2BE6D101344C45D0D1304600E02F
:1092500028460EB0BDE8F087F4180200E8180200B6
:1092600053EA0100F8B507460E4600240EE00A4B0B
:109270000C2505FB043538462946F0F337F520B9AF
:109280002B799E4201D1A868F8BD0134034B1B68BD
:109290009C42ECD30020F8BD9CE90100E0180200DC
:1092A0000129034610D0D0F8BC20082AD0F8B020FD
:1092B00008BF41F40071A2F8D813B2F8DA03002213
:1092C00080B2A3F8202670474FF6FF707047D0F8A1
:1092D000B030A3F8D813A3F8DA237047D0F8B03031
:1092E000002130B5A3F8D8130124B3F8DA230225FE
:1092F000A3F8D843B3F8DA43A3F8D853B3F8DA3372
:10930000A4B2A0F820169BB2C2F3031141EA027284
:1093100044EA032042EA003030BDD0F8B0300022E9
:10932000A3F8FC13A0F82026B3F8FE0380B2704720
:10933000D0F8B03041EA0242C3F8FC237047002362
:1093400080F8E33000F58052FF2300F58A5082F860
:109350003A3080F830307047FFF7C0BF00207047C8
:10936000B0F8DA3003F47043B3F5805F09D1032A13
:1093700017DDA2F16503032B13D9A2F1C9030F2B4B
:109380000FD9132A0DDCA2F13403642B09D9A2F101
:10939000A9031F2B07D9D13A072A94BF0020012027
:1093A00070470020704700207047B0F8DA3003F4AF
:1093B0007042B2F5005F06D1DBB2C01800F59A50DA
:1093C0002F30007900E0002040B270470B7810B5D4
:1093D00080F82C364B7880F82D368B7880F82E3636
:1093E000CB7880F82F360023CA181479C2180133BD
:1093F000082B82F83046F7D110BD22B100F580531A
:1094000000229A609A8100F5825001600120704725
:109410006FF016007047F8B500F5905696F83E309C
:1094200004468B420D46174603D0D0F8883003B16E
:10943000984704F59254278086F83E50F8BD0020E6
:10944000704710B590F8E93094B043F0010380F80C
:10945000E93004460021302201A8F0F3D9F30021BD
:1094600010220DA8F0F3D4F30021042213A8F0F386
:10947000CFF311A800210822F0F3CAF394F8E930E1
:10948000002023F0010384F8E93014B010BD00215E
:1094900009F085BBC36970B5DC681B6D0546DB0749
:1094A0000E4607D52046F9F3EBF218B1EB699B693C
:1094B00098000FD4EB691A6DD10739D55A6D120691
:1094C00036D4D868F9F37AF4002831D0EB699B6977
:1094D0009B002DD5D5F8F830980729D46369E6B1FB
:1094E00006F47042B2F5005F17D1222B1149CCBFB0
:1094F0000C230023F2B2D8BF0F2120469A4001234B
:10950000F9F3C6F263690C49222B2046D8BF7021BB
:10951000CCBF4FF40072102205E006492046222BF2
:10952000D8BF0F2100220123BDE87040F9F3B0B28B
:1095300070BD00BF00F05555000E555513B50C46D3
:10954000012109F02CFB02A941F8040D0422204658
:10955000F0F3FAF200201CBD08B51429D0F8A820B9
:1095600002D015290ED109E092F91A2002A941F87A
:10957000042F18460422F0F3E7F201E0039B9376F0
:10958000002008BD6FF0160008BD10B590F81A361F
:109590000C462BB10231224609F058FFA3786370C4
:1095A00010BD012109F058BB10B500230446E21894
:1095B00001337F21652B82F89116F8D12046FFF701
:1095C000F0FF2046BDE81040FFF761BF044B1B7859
:1095D000012B02D100200070704716F031B800BF97
:1095E00028150200044B1B78012B02D100200070CB
:1095F000704716F04DB800BF2815020010B514468C
:10960000FFF7F0FF28B100210A46BDE81040F0F353
:1096100087B6204610BD0022FFF7F0BF2DE9F041CC
:1096200005460C4617461E46FFF7DCFF38B12846B4
:1096300021463A463346BDE8F04116F069B8304657
:10964000BDE8F0810023FFF7E9BFC36918693EF068
:109650004D9EC36918693EF03F9E70B505460C46A5
:109660001646FFF71DFE214600EA06022846BDE821
:109670007040FFF72CBE70B505460C461646FFF746
:109680000FFE40EA06022146284692B2BDE870402D
:10969000FFF71DBEF8B505460C4616461F46FFF7F8
:1096A000FFFD20EA06023E4032432846214692B2A0
:1096B000BDE8F840FFF70BBEF8B51F46069B154600
:1096C0001980079E0C46FFF7EBFD089B30801C803D
:1096D00033882F4023EA050343EA0705099B1D80D1
:1096E000F8BDD0F8B030A3F8FC13B3F8FE130A406D
:1096F000A3F8FE230023A0F820367047D0F8B0303E
:10970000A3F8FC13B3F8FE1389B20A43A3F8FE23AF
:109710000023A0F82036704710B5D0F8B0401340B1
:10972000A4F8FC13B4F8FE1389B221EA02021A432A
:109730000023A4F8FE23A0F8203610BD70B50B4618
:1097400005462DE01C46561E34F8022B910402F407
:109750004042890CB2F5804F12D001DC3AB11DE0D5
:10976000B2F5004F11D0B2F5404F17D112E01C46B0
:109770005A88284634F8043FFFF7CEFF013E0DE03B
:1097800028465A88FFF7D4FD08E028465A88FFF794
:10979000A8FF03E028465A88FFF7B0FFA31C721EFB
:1097A000002ACFDC70BDF8B51F46069B1546198010
:1097B000079E0C46FFF7B1FD089B30801C80338864
:1097C0002F4023EA050343EA0705099B1D80F8BDE6
:1097D00029B140F23B414FF6F872FFF782BF0249D0
:1097E0000422FFF7ABBF00BF1CEB010058B1B0F87B
:1097F000DE00B0F5006F05D0B0F5406F0CBF8020E3
:109800000020704740207047012380F8E130704706
:1098100080F82416704790F924067047704710B1FD
:10982000C36903B15977704710B1C36903B11977A0
:10983000704790F8E33010B50446002B5FD16422E6
:10984000A0F89C28A0F89E284FF44872A0F8A428FD
:109850006422A0F8A628A0F8A828A0F8AA28A0F8B2
:10986000AC28A0F8AE28A0F8B028A0F8B228A0F83C
:10987000B4280A22A0F83628A0F85428A0F83A28DC
:10988000A0F85C28A0F83828A0F85628A0F83C28B2
:10989000A0F85E28A0F82A28A0F82828A0F82C28EC
:1098A000A0F82E281422A0F83228A0F834280A2282
:1098B000A0F89027A0F892275022A0F894270A2217
:1098C000C0F8A038A0F83038A0F8AC37A0F8AE3710
:1098D000A0F84A28A0F84828C0F85838C0F86038DE
:1098E000436AA0F84C28A0F84E281422A0F850286B
:1098F000A0F8522803B19847012384F8E33010BD43
:1099000008B500F59653996A41B1C36918693EF0EC
:109910000BDDD0F1010038BF002008BD084608BDAE
:109920002DE9F84F0C46D1F810A0D1F800809B46E5
:109930008968E368002743EA812311469AB2054605
:10994000BDF828903E46FFF7F3FC1BE0BAF1200F6C
:109950000BD158F8072028465946120CFFF7E8FCAF
:109960002846494638F8072008E0BAF1100F0CBF26
:1099700038F8162018F8062028464946FFF7D8FC84
:109980000136043763689E42E0D3BDE8F88F2DE9C5
:10999000F74F0C460193D1F810800E68E368896890
:1099A0004FF0000A43EA812311469AB20546BDF8FA
:1099B0003070D146FFF7BCFC22E0B8F1200F2846FA
:1099C00039460DD1FFF7A9FC0199834646F80A00F4
:1099D0002846FFF7A2FC4BEA004046F80A000BE0DD
:1099E000B8F1100F04D1FFF798FC26F8190003E036
:1099F000FFF793FC06F8090009F101090AF1040ACE
:109A000063689945D9D3BDE8FE8F7FB50293089B63
:109A100003910593099B0192049301A90A9B98471E
:109A200007B000BD7FB50293089B03910593099B86
:109A30000192049301A90A9B984707B000BD00005A
:109A4000F0B53F4B8BB0D0F8B04007460D466A46A4
:109A500003F1100E18685968164603C6083373459B
:109A60003246F7D11868374B306005AA03F1100E63
:109A700018685968164603C6083373453246F7D14D
:109A8000186830600DB16B4600E005ABFA69002143
:109A9000106914223EF03EDC0023A4F86835002D46
:109AA0004FF48073A4F8C0370CBF40234123A4F8BF
:109AB0000C3541F60223A4F814354FF00003A4F846
:109AC0000835A4F80A35A4F84C354FF01403A4F86F
:109AD0006A3540F62603A4F868354FF00003A4F871
:109AE00000354FF0D003A4F802350CBFFA261E262D
:109AF000B4F80235002502E00A20F4F315F4B5426B
:109B000009DAB4F80E3501351B06F5D403E00A2056
:109B1000F4F30AF400E00B25013D08D0B4F80E354B
:109B20005805F4D503E00A20F4F3FEF300E00B251A
:109B3000013D03D0B4F89036D905F4D40BB0F0BD94
:109B4000D2C30100E6C30100D0F8F8300AB10B43DC
:109B500001E023EA0103C0F8F830704710B5D0F8EF
:109B6000F83021B143F01003C0F8F83010BD23F0F5
:109B70001003D207C0F8F8300BD500F58E535C6B9C
:109B8000C3691A6A9B6E9A4288BFC3EB0201C4F88C
:109B9000901010BDC36910B55821044647F67F7276
:109BA00018693EF0ADDBE3695A21186947F67F7208
:109BB0003EF0A6DBE3697021186947F67F723EF03C
:109BC0009FDBE3697221186947F67F72BDE8104098
:109BD0003EF0969B38B5D0F8B0300446D3F820312B
:109BE000C3690D461A6DD00707D5D868F8F348F752
:109BF00018B1E3699B6999000ED4E3691A6DD20725
:109C000015D55A6D100612D4D868F9F3D7F070B193
:109C1000E3699B6999000AD520461DB92946FFF7DB
:109C200039FC14E0B4F8DA10FFF734FC00E075B149
:109C3000062220460A49FFF781FDD4F8A83093F8A0
:109C40002C30012B0AD120460649042202E00649A5
:109C500020460E22BDE83840FFF770BD38BD00BF7A
:109C600042F101004EF1010056F10100A0F8DE10B2
:109C70007047A0F8DA107047B0F8DA00704740F685
:109C8000C31398420AD941F2C843984208D941F215
:109C9000446398428CBF0320022070470020704725
:109CA000012070477047000010B50023064A990054
:109CB00032F82340844202D15218508810BD01333B
:109CC0000E2BF3D1002010BDE4EA010008B5C8B2A4
:109CD000FFF7EAFFBDE80840FFF7D1BF70B50646C1
:109CE0000D461046144600211C22EFF391F7002286
:109CF00006F592510E4B097AD35A19B1942B01D91A
:109D0000A52B11D9022D02D10E2B04D90CE0012D67
:109D10000AD10E2B08D9D908012003F0070310FA45
:109D200003F3605C034363540432382AE0D170BD0E
:109D3000E4EA010030B500F59250047A00220F4B9E
:109D4000D35A43F430600E2B8CBF4FF480554FF440
:109D5000005528431CB1942B01D9A52B08D9022901
:109D600002D10E2B04D830BD012901D10E2B03D80E
:109D70000432382AE3D1FF2030BD00BFE4EA0100FD
:109D800010B590F8B2320B6090F82B364BB190F8CA
:109D90002A3690F8F8465BB214B15B4243F0804338
:109DA0000B6012B190F8F7361370002010BD30B57B
:109DB00000F5805595F83B50039CAD000E291570B9
:109DC00006D8002CA8BF001990F81E211A7030BDCB
:109DD0007F221A70A1F1220234EA240428BF04244D
:109DE0001E2A03D8021992F883211A70A1F1640285
:109DF000282A03D8021992F8E8211A7095391029F7
:109E000003D8001990F84D221A7030BD2DE9FF4794
:109E100000240746884691469A46FF252646414635
:109E20000DF10F020DF10E0338460094FFF7BFFF4E
:109E300007F598539B799DF80E2059B28A42C6BF08
:109E4000C3EB0203DBB200230134B34228BF1E463A
:109E5000AB4238BF1D46142C8DF80E30DFD189F887
:109E600000608AF80050BDE8FF87704790F8290627
:109E700070472DE9F04FB0F8DA30C26903F470434F
:109E8000B3F5805F14BF02250125A5B0526C05957E
:109E900040F23951D0F8A8508A420446079503D0C1
:109EA00040F28B518A4205D1A3F580514B4243EBDE
:109EB000010300E00023DBB2002165220AA8089319
:109EC000EFF3A6F6B4F8DA5005F44073B3F5407F2B
:109ED0000495EEB20BD0B3F5007F03D1DD2E05D88B
:109EE000023604E0022E01D9023E00E000262046A0
:109EF0000599FFF759FB2046FFF757FA0025B046B2
:109F00000990A34603954FF0FF0AA9462646E8B2FA
:109F10000690049920462A46FFF722FA00285FD0CF
:109F200096F8B27294F8AC300DF1280C05F80C706C
:109F300063B120464146059A069BCDF808C0FFF75D
:109F40007EFADDF808C0381805F80C0041460DF11E
:109F50008F020DF18E0320460095FFF728FF9DF834
:109F60008E3096F82C269A4228BF1A4604F598534C
:109F70009B7959B28A42C8BFC3EB02020AABE95CC3
:109F8000CCBFD2B200228DF88E208A4228BF0A466A
:109F900094F8E010EA54642904D84A43642092FB00
:109FA000F0F2EA540AABE85C9DF88F1096F891261F
:109FB000884228BF014609988A4294BFC0EB02003C
:109FC000C0EB0100C1B2039AE954069B514538BF6A
:109FD0008A46494588BF1A460392494528BF8946A3
:109FE00001350136142D92D1652204F5A2600021BD
:109FF000EFF30EF6039D002294F81A0684F81896E3
:10A0000084F829A684F82AA684F8F82684F8195634
:10A0100023460AA9515C83F8751508B1089D15B14E
:10A02000C1EB090101E0CAEB0101013283F810150F
:10A030000133142AEDD100235A46079D92F91015D9
:10A04000B5F9E60301334118DBB282F8101501328D
:10A05000042BF2D1E36A0BB12046984725B0BDE846
:10A06000F08F7F2938B5044626D80023E218013343
:10A07000652B82F8B212F9D10023E26984F8F73631
:10A08000107FF0B1D4F8F810890717D4D4F8B030A5
:10A09000D3F8203103F0010383F0010513B11069F7
:10A0A0003EF060D92046FFF7E4FE4DB9E369186938
:10A0B0003EF044D9284638BD052038BD184638BD85
:10A0C000002038BD70B500F52C760D4604460422FC
:10A0D000B01CEFF339F5291D0822B01DEFF334F55C
:10A0E00004F52E7005F10C0108220630EFF32CF573
:10A0F00004F5387005F1340108220630EFF324F539
:10A1000004F53A7005F13C0108220630EFF31CF526
:10A1100004F5307005F1140108220630EFF314F550
:10A1200004F5327005F11C0108220630EFF30CF53E
:10A1300004F5347005F1240108220630EFF304F52C
:10A1400004F5367005F12C0108220630EFF3FCF41B
:10A1500004F53C7005F1440108220630EFF3F4F4F5
:10A1600004F53E7005F14C0108220630EFF3ECF4E3
:10A1700004F5407005F1540108220630EFF3E4F4D1
:10A1800004F54270063005F15C010822EFF3DCF4BF
:10A1900095F8643084F81633D4F8B030D3F82051F1
:10A1A00015F0010509D12046FFF763FE5DB1E369B3
:10A1B0001869BDE870403EF0C198E369012518694F
:10A1C0003EF0D0D8EFE770BD80F8E0107047C3696B
:10A1D0009961704780F8D5104176704770B5044694
:10A1E0000D46FFF7F3F8224621460023E818067DC6
:10A1F00016B181F8386602E0007981F8380601333B
:10A200000131082BF2D10023E91891F8440010B174
:10A2100082F8480602E0097982F8481601330132D3
:10A22000082BF1D1E36918693EF09CD82046FFF76E
:10A2300020FEE3691869BDE870403EF07F9880F821
:10A24000D910704770470000F0B5C16985B04B7FE9
:10A250000446002B6AD090F81A36002B4AD00869C1
:10A260003F2228213EF04CD8E369242118691022AE
:10A270003EF046D8E36994F8292618692621120190
:10A280003EF03ED8E36932211869B4F8FC263EF06E
:10A2900037D826460025264A02AB1068516803C30A
:10A2A000E369186902AB595D3EF002D8E36996F99B
:10A2B00014250746B91D186992B23EF021D896F9C7
:10A2C0001425E36902EBD27252105242186907F169
:10A2D0000E0192B201353EF013D80136082DDAD1C5
:10A2E000E3690322009280221869012113463DF0A0
:10A2F000D3DF1BE00346042293F91405C51D48BFB4
:10A3000000F10E0525F00705013283F814550133DD
:10A310000C2AF1D194F9142508690732D2104E2184
:10A3200092B205B0BDE8F0403DF0EA9F05B0F0BD47
:10A33000FAC3010090F81A06704700F582531B79A2
:10A340003BB180F81A1680F81B1600F5905080F883
:10A350003C10704701232DE9F0430B730B689146C5
:10A3600043F008020A60B0F9FA2685B0013204BF52
:10A3700043F009030B6090F81A3605460C461BB1F2
:10A380000B6843F002030B602F4626464FF000088F
:10A3900097F8B2322846B37749460DF10F030DF115
:10A3A0000E02CDF80080FFF702FD9DF80F3008F196
:10A3B000010886F8B03197F87535013786F879329B
:10A3C0000136B8F1140FE3D195F81A3633B3EB69BF
:10A3D0001B7F1BB32846FFF738F995F81836284637
:10A3E000A37595F81836E37595F81936A37695F8A0
:10A3F0001936E37609F020F8236810B143F003031F
:10A4000001E023F003032846236004F10D0104F169
:10A41000150209F01BF82846FFF71BF905B0BDE847
:10A42000F08390F8D83013B1002380F8D8300020A2
:10A430007047C369012093F881300B70704773B582
:10A44000C3694FF0030283F88110C36901290092A8
:10A450000D464FF001024FF00001044618698CBF11
:10A4600013460B463DF018DFE3695A7F002A31D0CE
:10A47000D4F8B020D2F8202102F0010282F00106C7
:10A4800012B118693DF06EDF0222012D20464FF413
:10A4900082610DD91346FFF73FF9A5F1020E0122A3
:10A4A000DEF1000320464FF4826143EB0E0307E028
:10A4B0000023FFF731F920464FF4826101222B4639
:10A4C000FFF72AF936B9E369186902B0BDE87040B0
:10A4D0003DF0349F02B070BD38B590F8E2300446CC
:10A4E000002B69D1012280F8E220D0F8B020A0F83A
:10A4F000DA10D2F8202100F582521360D0F8F8303B
:10A500009A0706D490F8A02E1AB943F02003C0F899
:10A51000F830256A002D4FD001212046FFF758F969
:10A52000B4F8DA10B4F8DE3001F44061994203D097
:10A53000E36918693DF092DE012104F5965383F832
:10A540002D102046FFF746FB2046A847002384F83D
:10A55000E1302046FFF778FEE369204693F881104A
:10A56000FFF76DFFE36993F88020012AB4F8DA2041
:10A5700002F4704209D1B2F5005F01D19A6F09E08F
:10A58000DA6F012A88BF002204E0B2F5005F0CBF39
:10A590001A6F5A6FDA66D96E20460022FEF72DFF39
:10A5A000002384F8E230E369922118693DF08ADEE5
:10A5B00004F592544000608038BD10B590F8E93041
:10A5C000002B2AD0DB0719D5D0F8F0308B420FD101
:10A5D000C369D3F88C401B1983F88220C369D3F870
:10A5E0008C40072C01D0013400E00024C3F88C40DB
:10A5F00090F8E93023F0010380F8E93090F8E93071
:10A6000013F0020F09D023F0020380F8E930C36988
:10A610001869BDE810403DF09B9E10BD0B4690F8B8
:10A62000E910B1B9012B02D0022B04D101E0C0F82E
:10A63000F02080F8E930C3691B6AC0F8EC3000F5FF
:10A64000805393F8253023B111466FF05E02FFF777
:10A65000B4BF704710B50446FFF70EFB0221C2B22B
:10A660002046BDE81040FFF7D9BF08F074BF0023B3
:10A67000C1691A46C81890F982000133082B0244B8
:10A68000F8D1002AB8BF0732D20850B27047012172
:10A6900006F0A4BB704713B5044608F004FFE26956
:10A6A000136A0133136294F8E810002972D004F59C
:10A6B0009C50418819B1A4F88618A4F88818C1885C
:10A6C00019B1A4F88018A4F87C1804F59C51898865
:10A6D00019B1A4F87A18A4F87E18126EB3FBF2F13F
:10A6E00002FB113323B92046B4F8DA10FEF7D2FE8C
:10A6F000D4F8F83013F00E0F05D12046012194F85C
:10A70000DA20FFF78BFF94F8E9304BB1E3691A6A5E
:10A71000D4F8EC30D31A052B02D9002384F8E930A1
:10A7200004F582539A682AB1E369196A1B6E8A1A82
:10A730009A420CD3D4F8F830980708D42046FEF794
:10A740000DFE20B1E26904F58253126A9A60D4F8D2
:10A75000F83019071ED1D4F88C300BB12046984739
:10A76000E36918693DF068DD68B1E36901A918691A
:10A770000DF107023DF06ADD20469DF80710BDF897
:10A780000420FEF748FED4F8F8301A0702D120461C
:10A7900008F0E1FE00201CBD00F598531B7D0BB1B5
:10A7A00005F012B870470023C169C9180133082B9E
:10A7B00081F88220F8D10023C269A421D218013384
:10A7C000082B82F88210F7D1C3690022C3F88C20CD
:10A7D000DA6E032A07D100F580529169C90702D5C4
:10A7E0001B6A0833136100F58A53303300224FF699
:10A7F000A471013223F8021F102A1984F7D100F541
:10A800008E50002380F832307047000049F67533CF
:10A810004B6000230B604FF434029842ACBF01231D
:10A820004FF0FF3302FB03022DE9F0414FF0B47407
:10A8300092FBF4F004FB1022214800FB0323002BC1
:10A8400005DBDA130132B52A0DDD1B1808E05A4288
:10A85000D2130132521052425A3204DA03F5340351
:10A860004FF0FF3400E001240020024605464E6808
:10A87000AB420F68DFF84CC046FA02F809DDB84475
:10A880001741F61B4E605CF80060C1F80080AD19FE
:10A8900009E0C8EB07081741F6194E605CF8006044
:10A8A000C1F80080AD1B01320430122ADFD14B68A1
:10A8B00063434B600B685C430C60BDE8F08100BFF4
:10A8C00000004CFF24EB010038B500F58E5305461F
:10A8D000996B08E00B684FF43D72A363EB699868CD
:10A8E000F3F3EEF7A16B05F58E540029F2D105F5CF
:10A8F000925510354FF6CE73A1636563A5F8943079
:10A90000C5F8901038BD00F58E5310B55C6B00F59E
:10A910009653996A19B1C36918693DF005DD0023A2
:10A920006370A37010BD08B533B900F5905090F86E
:10A9300027101846116008BD29B1012903D002294A
:10A9400001D0032907D100F5905383F82710FFF7B2
:10A95000DAFF002008BD6FF01C0008BD80EAE0733C
:10A96000A3EBE073002001E00130C0B253FA00F223
:10A97000002AF9DC704710B50023024618464FF054
:10A98000804119410C1894424FEA50009CBFC4EB1F
:10A99000020208430233202BF1D1904238BF01302C
:10A9A00010BDC36983F89010C36983F89120C3690F
:10A9B00083F89210C36983F893207047C36983F8C2
:10A9C0009210704700F5985393F9360093F935309B
:10A9D0009842B4BF01200220704700000048704731
:10A9E00039F1010010B50C46002108F0D8F82070AC
:10A9F000012010BD7047084670470020704700F5E1
:10AA00008E50806B03E0C3888B4202D00068002820
:10AA1000F9D17047B0F8DA10FFF7F1BF70B504460E
:10AA20000D46FFF7ECFF05F47043B3F5805FE36973
:10AA3000EAB208BF42F480720646A02118693DF0D0
:10AA40005FDCA36A04F58E5116B106F5177202E0B9
:10AA500004F5925210324A6313B1204629469847B2
:10AA600036B304F58E535A6B537873B1E36904F52A
:10AA70009656B16A18693DF057DCE36900221869FF
:10AA8000B16A13463DF0CEDB12E004F5905393F823
:10AA900027306BB1032B0BD0E369D2F89020196AF1
:10AAA0009B6E8A1A9A4203D320460221FFF7B2FF17
:10AAB00020462946BDE87040FEF7ECBCE02910B501
:10AAC000044613DC41F430639BB20E29CCBF4FF433
:10AAD00080514FF400511943FFF7A0FF0123204696
:10AAE00084F8D83008F047FF002010BD6FF0120046
:10AAF00010BD70B50D460446D0F8B060FFF791FC6C
:10AB00001DBB04F596560A212046F28EFEF710FC76
:10AB1000204640F24B412A46FEF70AFC20462946D1
:10AB200006F082F8E369F5861B6D13F0020351D03D
:10AB3000328FD4F8B0304FF47A70A3F89C24B28FDF
:10AB4000A3F89E24F3F3F0F345E0E3691B6D9B0744
:10AB50001ED5D4F8B02004F59653B2F89C14B2F880
:10AB60009E2489B292B29963DA63B6F89C344FF4AA
:10AB70007A7023F400731B041B0CA6F89C34B6F8FF
:10AB80009E349BB243F40073A6F89E34F3F3CCF3E7
:10AB9000294620460122FFF791FF0546D8B904F562
:10ABA0009656F38E5BB90A212046FEF7B6FB40F2BB
:10ABB0004B41F0864FF6FF722046FEF7B9FB204668
:10ABC000012106F031F820460A214FF49472FEF775
:10ABD00095FD00E01D46284670BD38B505460C467B
:10ABE000FFF71FFC28463CB906F008FE28464FF444
:10ABF000404104F0D3FE0FE021460022FFF75EFF44
:10AC0000044648B9284621467022234606F052FDE4
:10AC100028465E2105F080FA204638BDF8B5054685
:10AC20000C46FFF7FEFB2846214634B905F596553C
:10AC300006F09CF82646AC8611E00122FFF73EFFA5
:10AC4000064660B905F59657BB8E23B928460A21FA
:10AC5000FEF763FBB8862846214606F087F83046A3
:10AC6000F8BDF7B5089E04460D461F463BB1032AC2
:10AC700005D9684619460422EEF366F701E0002381
:10AC80000093A82D00F0058117DC5C2D00F0B98041
:10AC900009DC3C2D00F0AA804A2D00F09C801B2D81
:10ACA00040F0F48027E05E2D2ED0C0F2B3805F2DFF
:10ACB0003BD0872D40F0EA8018E0C32D76D006DC2B
:10ACC000AA2D46D07EDBC22D40F0E080E1E0D42DFD
:10ACD00000F0B78003DCD32D40F0D880A4E0A5F5C8
:10ACE0009A75033D012D00F2D180E3E02046FFF785
:10ACF000BEFC3860DEE0E3691D7F002D40F0D480AB
:10AD00002046FEF71CFBD6E001233370E3695B7F2E
:10AD1000002B00F0C1802046FEF797FC2046BDF8CE
:10AD20000010FEF7FAFA38600FE001233370E36990
:10AD30005B7F002B00F0B0802046FEF786FC009A77
:10AD4000204691B2120CFEF7F3FA2046FEF781FC82
:10AD5000B0E0E3695A7F002A00F09E8018693DF058
:10AD600001DB2046FEF771FC00233B60D4F8BC20D9
:10AD7000082A13D10DF1070220460DF106018DF8C6
:10AD800006308DF8073008F061FB9DF906209DF92B
:10AD9000073092B29BB243EA02233B602046FEF7A3
:10ADA00058FCE36918693DF0C9DA83E0E3691B7F69
:10ADB000002B74D03B88032B34BF6FF00C056FF071
:10ADC000010578E0E3691B7F002B14BF6FF00C05D1
:10ADD0006FF003056FE0E3691B7F002B64D1236BE9
:10ADE000002B5FD02046009998471BE0E3691B7F4A
:10ADF000002B59D1204600997A68BB68FFF779FE8D
:10AE000010E0E3691B7F002B4ED120460099FFF72D
:10AE1000E4FE07E0E3691B7F002B45D12046009943
:10AE2000FFF7FCFE054646E0E36904F58054DA6E60
:10AE30003A60A56915F001053DD042F080023A6004
:10AE400038E0009B042B32D8E269D16E994231D0B0
:10AE5000157FD366002D2ED010693DF083DA009B5C
:10AE600023B1204600210122FEF7C7FAE36901223F
:10AE7000D96E2046FEF7C1FAE369002818690CBFB5
:10AE80006FF0020500253DF059DA14E06FF0160569
:10AE900011E06FF00C050EE06FF00A050BE06FF0AB
:10AEA000030508E01D4606E06FF0040503E06FF0BF
:10AEB0001C0500E000252846FEBDC3699B699B0078
:10AEC00007D5D0F8B0300322A3F8B426FF22A3F8A8
:10AED000B82670472DE9F041984688B000230793C3
:10AEE0000E9B0446032B0D460F9E119F04D907A805
:10AEF00041460422EEF328F6079940F286200B1C07
:10AF000018BF012385421A4600F0298135D840F246
:10AF10006A20854277D015D8532D09D8522D80F05C
:10AF20004A81502D00F04781512D40F0468187E045
:10AF300040F25A20854271D040F25B20854240F0B9
:10AF40003C816EE040F27E239D4200F0EA8009D809
:10AF500040F27A239D427CD040F27B239D4240F018
:10AF60002C81ADE0B5F5217F00F0F08000F2E980A2
:10AF7000B5F5207F40F02181D8E040F2D6239D42F4
:10AF800000F019811CD840F295239D4254D009D875
:10AF900040F291239D4247D040F293239D4240F0DE
:10AFA0000C8145E040F29D239D4200F0E28040F29A
:10AFB000B6239D4222D0B5F5277F40F0FE80D4E035
:10AFC00040F2DD239D4200F0F28009D840F2DA23FE
:10AFD0009D4200F0D480B5F5377F40F0EE80DBE095
:10AFE000B5F53D7F07D0C0F0E880A5F53E73063B80
:10AFF000012B00F2E2806FF01605F2E020463146A8
:10B00000FEF79CFAD7E02046FEF71FFB20463146AC
:10B01000FEF7BBFA2046FEF71CFBCCE094F8E830C4
:10B02000A1E084F8E830C6E004F59C546180C2E0F9
:10B0300004F59C54A180BEE004F59C54E180BAE084
:10B0400001230E932046334608B0BDE8F041FEF7D9
:10B05000DFB9E3691A7F002A00F0BE80D4F8B0207F
:10B06000D2F8202102F0010282F0010712B1186922
:10B070003DF078D92046FFF720FF2046FEF7E5FA9D
:10B0800004F59050457A8179C279037A0095857AE2
:10B090000195C57A029590F821000025039020467D
:10B0A0000495FEF7CEF930602046FEF7D2FA002F65
:10B0B00040F09780E3693D4618693DF03FD990E044
:10B0C0000A1602F00F02012A00F289800D1505F020
:10B0D0000305012D00F28380881500F0030003288A
:10B0E0007DD00E1406F00F06012E78D80F12FFB295
:10B0F000A7F10A03DBB2052B71D8CBB2012B01D922
:10B10000032B6CD104F590540E2F28BF0E27090F86
:10B11000A771E37126726572A072E27284F8211041
:10B1200049E008A9012341F8043D07E0B4F8DA102A
:10B130002046FEF7CBFD08A941F8040D30463A46FB
:10B1400032E004F5805484F83B1034E004F5805478
:10B1500094F83B3008A941F8043D304623E0D4F888
:10B16000F830C3F30013336025E020463246002355
:10B1700002E0204632460123FFF7D5FB1BE02046C4
:10B18000012108F0A4F9002508A941F8045D304622
:10B190000422EEF3D9F424E02046002107AA08F0A7
:10B1A000B4FA304607A90422EEF3CEF403E02046B9
:10B1B000002208F0AAFA002513E001910292294624
:10B1C0002046424633460097FEF7C6F910F1170FA6
:10B1D0000CBF0546002504E06FF0030501E06FF0A9
:10B1E0001C05284608B0BDE8F081D0F8F83013F00F
:10B1F000060F0CBF002001207047F8B50D46B0F8CF
:10B20000DA10044616461F46FEF760FD40B9B4F951
:10B21000FC303360B4F9FE303B60B4F900312B6090
:10B22000F8BDD0F8A80070472DE9F041C369054684
:10B230005B690C460A2BCF888E8806D9488A10F4A1
:10B24000807002D10123CB7731E02846FFF7E9FF78
:10B25000B4F808801B4BFFB24FEA98287F2F13F9F0
:10B260000830C8BFA7F58077FF1816F4006F05F502
:10B270009A5314BF93F91B3093F91A3090F95F1069
:10B28000FF18E28A79187F2902F4FF62C8BFA1F58E
:10B290008071D21042F430630E2ACCBF4FF480523A
:10B2A0004FF40052284649B21A43FFF7A4FB014667
:10B2B000B20B207749B2284602F00102BDE8F04106
:10B2C00007F0EEBCFE0E0200C369986E7047C369BA
:10B2D0009966704710B50C890399029B02910499F5
:10B2E000039105990491069905910069114622463A
:10B2F000BDE8104029F0429DB0FBF1F310B501F01C
:10B30000010401FB130004EB510108E05B008842DB
:10B3100004D3401A013304EB400000E04000013A3E
:10B32000D2B2FF2AF2D1884228BF0133184610BD9D
:10B33000D0F8A83001225A867047B0F8DA10D0F859
:10B34000A820CBB201F47041B1F5005F03D1D3184E
:10B3500093F8E73487E0702B5DD01CD8382B48D0A9
:10B360000CD82C2B3CD004D8242B33D0282B79D1CB
:10B3700033E0302B37D0342B74D137E0642B41D0FD
:10B3800004D83C2B38D0402B6CD138E0682B3CD013
:10B390006C2B67D13CE0882B4FD00CD87C2B43D052
:10B3A00004D8742B3AD0782B5CD13AE0802B3ED075
:10B3B000842B57D13EE0992B48D004D88C2B3FD01A
:10B3C000952B4FD13FE0A12B46D0A52B47D09D2BED
:10B3D00048D13EE092F8F63445E092F8F73442E086
:10B3E00092F8F8343FE092F8F9343CE092F8FA34FD
:10B3F00039E092F8FB3436E092F8FC3433E092F80E
:10B40000FD3430E092F8FE342DE092F8FF342AE06B
:10B4100092F8003527E092F8013524E092F80235E1
:10B4200021E092F803351EE092F804351BE092F813
:10B43000053518E092F8063515E092F8073512E068
:10B4400092F808350FE092F809350CE092F80A35C9
:10B4500009E092F80B3506E092F80C3503E092F81B
:10B460000D3500E00023D2F8E41490F82A268A1A59
:10B47000D31858B270470846704749B2481C40106C
:10B4800049100831C0F1080041EA001080B270474D
:10B49000B0F8DA20D0F8A83002F47042B2F5005FBC
:10B4A00006D193F83C0543B2013303D0C0B27047D4
:10B4B000002070470020704738B50446D0F8A850E7
:10B4C000FFF7E6FF10B995F8460540B1B4F8DA0089
:10B4D00000F47040A0F50053584240EB030038BD23
:10B4E00030B5D0F8A8008FB00023002501AC1D5561
:10B4F0000133322BF9D1531C90F8E93306D111B145
:10B50000B0F93E2503E0B0F9402511E081B1A02B50
:10B510004FF000038DF804301DBF8DF805308DF815
:10B5200006308DF807308DF806308DF8083031E0A0
:10B53000A02B4FF0000315D001218DF818108DF8C5
:10B540001910FE218DF81C108DF81D10FF218DF8AB
:10B550001A308DF81B308DF81E308DF81F108DF8C5
:10B56000223017E002218DF81810FC218DF81930D7
:10B570008DF81A308DF81B308DF81C108DF82230A4
:10B58000FE2104238DF81D108DF81E108DF81F105C
:10B590008DF830300EAB9A1812F9340C0FB030BD64
:10B5A00010B5C16900F581520B6A1268D0F8A84045
:10B5B000934201D39B1A01E0D243D31894F8BC42C2
:10B5C00090F8DA20944205D1886E834234BF00207F
:10B5D000012010BD012010BD7047D0F8A83093F8AD
:10B5E0000604002808BF1020704700001023164AE8
:10B5F00030B51946042449B24910C9B202424DB2CD
:10B6000003D0CB18DBB2AA4002E0EA405B1ADBB2FF
:10B61000013CF0D1024201D1013BDBB203EB43011B
:10B620005BB2C9B2032B0A460CDD033BD8400D28A0
:10B6300001D9CA1C06E00A2801D98A1C02E00828A0
:10B6400088BF4A1C50B230BD0000FFFFD0F8A830C0
:10B65000002283F8902383F8912383F8922383F8C0
:10B66000932383F894237047704708B540F2A441B0
:10B67000FDF753FE00F4404008BD70B50C4640F2A3
:10B6800039410646FDF749FE00F46070C011E080C4
:10B6900040F2B5413046FDF740FE40F2FB41054621
:10B6A0003046FDF73AFEEBB2C0B22D0A238065802A
:10B6B000A08070BD08B540F2FB41FDF72EFE00F4FE
:10B6C000FE40000A08BD2DE9F8430D4640F2B7617F
:10B6D00004469146FDF721FE40F2B66180462046C1
:10B6E000FDF71BFE40F2B56107462046FDF715FE4B
:10B6F00040F2B461064620460024FDF70EFE2146C6
:10B70000234650FA04F212F0010202D10131C9B20B
:10B7100000E001220133DBB2102B12D00134002AE9
:10B72000EFD001220DE0A3F1100456FA04F4E4076F
:10B7300002D40131C9B200E001220133DBB21F2B78
:10B740000FD8002AEFD001220BE0A3F1200457FA12
:10B7500004F4E40702D40131C9B200E0012201334C
:10B76000DBB22F2B0FD8002AEFD001220BE0A3F180
:10B77000300448FA04F4E40702D40131C9B200E00D
:10B7800001220133DBB23F2B04D94FF00F0C002311
:10B790003F2402E0002AEAD0F7E748FA0CF212F060
:10B7A000010202D1013CE4B200E001220133DBB22C
:10B7B000102B14D00CF1FF3C002AEED001220EE039
:10B7C000C3F11F0C47FA0CFC1CF0010F02D1013C25
:10B7D000E4B200E001220133DBB21F2B10D8002AB3
:10B7E000EED001220CE0C3F12F0756FA07F717F04D
:10B7F000010F02D1013CE4B200E001220133DBB2CF
:10B800002F2B10D8002AEED001220CE0C3F13F0606
:10B8100050FA06F616F0010F02D1013CE4B200E046
:10B8200001220133DBB23F2B01D8002AEED02C706D
:10B8300089F80010BDE8F88338B540F22341D0F80C
:10B84000A8400546FDF769FDC0B2A4F864034FF4B3
:10B85000AA612846FDF761FD8005800DA4F8680304
:10B8600040F234412846FDF758FDC0B27F28A4F8C5
:10B870006603C4BFA0F58070A4F8660340F23241AD
:10B880002846FDF74AFDC0B27F28C4BFA0F58070EE
:10B8900080B284F8BC0338BD2DE9F843B0F8DA2053
:10B8A000044602F47042B2F5805FD0F8A83007D1A8
:10B8B000B3F8920503B2013355D080B2BDE8F883E6
:10B8C000B3F890351AB2013202D098B2BDE8F883CD
:10B8D00040F2A541FDF721FD40F2A54181462046F9
:10B8E000FDF71BFD40F20D4180462046FDF715FD9A
:10B8F00040F20D4107462046FDF70FFD40F2A24100
:10B9000006462046FDF709FD40F2A24105462046C5
:10B91000FDF703FD08F4E04801234FEA283803FA55
:10B9200008F806F4E06600F4E0603612001213FA3C
:10B9300006F613FA00F05FFA89F91FFA88F8C14495
:10B94000FFB24F44B6B2EDB280B2BF19281807EB70
:10B9500040002830984080B2B0F5C86F38BF4FF42F
:10B96000C860BDE8F8834FF4C870BDE8F88370B5CF
:10B970000D4640F239410446FDF7CFFC40F67F43C7
:10B98000034043EAC513204640F2394140F6FF72B6
:10B990009BB2BDE87040FDF7BFBE70B50C1C18BF70
:10B9A000012405468022E3014FF49661FDF7B4FEC1
:10B9B0002846A3034FF496614FF48042FDF7ACFE96
:10B9C000284640F23B414022A301BDE87040FDF70C
:10B9D000A3BE70B50C460546FFF76CFE628823884F
:10B9E000064643EA0223284640F2B5414FF6FF726D
:10B9F0009BB2FDF791FE3602A388B6B228463343C8
:10BA000040F2FB4147F6FF72FDF786FE628823880D
:10BA1000284643EA022340F2FC414FF6FF729BB2F4
:10BA2000FDF77AFEA388284647F6FF72334340F2BB
:10BA3000FD41FDF771FE2846E188FFF798FF284693
:10BA40000121BDE87040FFF7A8BF70B50C1C18BFFE
:10BA50000124054623024FF496614FF48072FDF7EE
:10BA60005BFE0122284640F24C412346FDF754FE7E
:10BA7000230328464FF496614FF48052FDF74CFEA5
:10BA8000630328464FF496614FF40052FDF744FEDD
:10BA90002022630128464FF49661FDF73DFE6302C4
:10BAA000284640F2AE414FF40072FDF735FEB5F87E
:10BAB000DA3003F47043B3F5005F10D12846A302D7
:10BAC0004FF496614FF48062FDF726FE284640F25F
:10BAD000E5410822E300BDE87040FDF71DBE70BDE2
:10BAE000090270B58CB2234640F2FB414FF4FE428E
:10BAF0000546FDF711FE284640F2FD414FF4FE4297
:10BB00002346BDE87040FDF707BE70B50E460446FB
:10BB10001546334640F2456140F2FF32FDF7FCFD29
:10BB200020462B4640F2466140F2FF32FDF7F4FD1D
:10BB30002046334640F2476140F2FF32FDF7ECFD0C
:10BB400020462B464FF4C96140F2FF32FDF7E4FD79
:10BB50002046334640F2496140F2FF32FDF7DCFDFA
:10BB6000204640F24A6140F2FF322B46BDE8704069
:10BB7000FDF7D2BD01490C22FDF7E0BD88F30100BD
:10BB80002DE9F0471F46BDF82C50BDF82430BDF814
:10BB900020E089469046BDF8281005F0030203F026
:10BBA0000F0342EA032343EA0E334FEA811E5FFA92
:10BBB0008EFE43EA0E0301F0030143EA011343EA58
:10BBC000820340F2B6414FF6FF729BB20446BDF8C5
:10BBD0003060FDF7A1FD0F2207EA0203EF022046C5
:10BBE00040F2B741BFB2FDF797FD36033B46204612
:10BBF00040F2B1414FF46052FDF78EFDB6B206221D
:10BC000020462149FDF79AFD204640F2AE414FF40F
:10BC100070423346FDF780FD4FEA4823204640F24C
:10BC2000B1414FF4007203F47E43FDF775FD01222C
:10BC3000D9F1010338BF0023204640F24D41FDF702
:10BC40006BFDB4F8DA3003F47043B3F5005F11D143
:10BC5000204640F2B1414FF4C0523B46FDF75CFD37
:10BC6000ED004FF6F873204640F2E64118222B40D3
:10BC7000FDF752FD204640F2AE414FF4704233468C
:10BC8000BDE8F047FDF748BD62F4010010B5044679
:10BC900086B031B90F490E2206B0BDE81040FDF75D
:10BCA0004DBD09220C49FDF749FD00210322062361
:10BCB000009302920423039220460A4604910193C2
:10BCC000FFF75EFF2046012106B0BDE81040FFF7F8
:10BCD000BCBE00BF06FA010022FA0100D0F8A8306D
:10BCE000D3F8741529B1C3694FF420729868F2F340
:10BCF000E7B57047F8B5D0F8A8300646D3F87C55BC
:10BD0000D3F8787500240DE014236343E9180A6919
:10BD10004968F0694A438068E958D208F2F3D0F5DF
:10BD20000134E4B2BC42EFD3F8BD38B5D0F8A84036
:10BD30000546D4F87C3573B10121FFF7DBFFEA69D2
:10BD4000D4F87835906814225A43D4F87C15BDE8AD
:10BD50003840F2F3B5B538BD00F59853196910B500
:10BD6000044629B1C36942F608529868F2F3A8F56F
:10BD70002046FFF7B3FF2046FFF7D7FFE369D4F86B
:10BD8000A810986840F2CC52BDE81040F2F398B584
:10BD900010B54FF480520446002340F2C961FDF70C
:10BDA000BBFCD4F8A830B3F8C224D2B193F8E9337D
:10BDB0002046A02B40F2896101D1232200E03022ED
:10BDC000FDF7B6FAD4F8A830B3F8C234022B0ED17E
:10BDD0004FF48052204640F2C9611346FDF79CFCA7
:10BDE00005E0204640F289612322FDF7A1FA2046B2
:10BDF00004222749FDF7A2FC2046002240F2796187
:10BE0000FDF796FA204608222249FDF797FCD4F860
:10BE1000A8302046B3F8C2244FF4D961FDF788FA60
:10BE2000204606221C49FDF789FCD4F8A8304FF4BF
:10BE30008072B3F8C23420461A41013A4FF4D061FF
:10BE400092B2FDF775FAD4F8A8304FF4A072B3F8A7
:10BE5000C23420461A41013A92B240F28161FDF7A4
:10BE600067FAD4F8A8302046B3F8C23440F27F61B4
:10BE7000013B9BB2012B9ABF084AD25C3422FDF7EA
:10BE800057FA074920460E22BDE81040FDF756BC80
:10BE900028F3010030F301000EF40100FCF801006A
:10BEA000EEF6010070B540F23C410446FDF735FA6C
:10BEB00040F23B4106462046FDF72FFA46F00102CC
:10BEC000054640F23C41204692B2FDF731FA45F07A
:10BED0000102204640F23B4192B2FDF729FA4FF6AB
:10BEE000FE722046324040F23C41FDF721FA4FF607
:10BEF000FE7220462A4040F23B41FDF719FA2046E7
:10BF0000324640F23C41FDF713FA204640F23B41F5
:10BF10002A46BDE87040FDF70BBA802238B50D46C1
:10BF2000134640F2D1610446FDF7F6FB0DB1012D39
:10BF300005D120464FF4DA610F22FDF7F9F92046CA
:10BF4000BDE83840FFF7AEBF2DE9F0410D46B0F82F
:10BF5000DA10044601F47041B1F5005F14BFA52169
:10BF600089211F461646FDF79BF9B4F8DA1000F058
:10BF70000F0801F47041B1F5005F14BFA5218921BC
:10BF80002046FDF78DF900F0F000A8EB101885F8B9
:10BF90000080B4F8DA10204601F47041B1F5005F7A
:10BFA00014BFA6218A21FDF77BF9B4F8DA1000F05E
:10BFB0000F0501F47041B1F5005F14BFA6218A217D
:10BFC0002046FDF76DF900F0F000A5EB1015357077
:10BFD000B4F8DA10204601F47041B1F5005F14BFE7
:10BFE000A7218B21FDF75CF9B4F8DA1000F00F05FA
:10BFF00001F47041B1F5005F14BFA7218B212046E9
:10C00000FDF74EF900F0F000A5EB10153D70B4F807
:10C01000DA10204601F47041B1F5005F14BFA82189
:10C020008C21FDF73DF9B4F8DA1000F00F0501F4AA
:10C0300070412046B1F5005F14BFA8218C21FDF7A7
:10C040002FF9069B00F0F000A5EB10151D70BDE860
:10C05000F081000010B5D0F8A830044693F8E93319
:10C06000A02B03D111490422FDF768FB20464FF4B1
:10C070008E710022FDF72BF920460D491822FDF79D
:10C080005DFB04F59853DB890BB19BB200E00C23F8
:10C090002046FF2240F23461FDF73EFB0549204671
:10C0A0000922BDE81040FDF749BB00BF70F5010053
:10C0B00078F50100A8F50100B0F8DA1010B501F428
:10C0C00070410446B1F5005F14BFA5218921882283
:10C0D000FDF7FDF8B4F8DA10204601F47041B1F52F
:10C0E000005F14BFA6218A218822FDF7F0F8B4F87A
:10C0F000DA10204601F47041B1F5005F14BFA721AA
:10C100008B218822FDF7E3F8B4F8DA10204601F419
:10C110007041B1F5005F14BFA8218C218822BDE8D1
:10C120001040FDF7D4B8000070B505460E46002457
:10C13000074B325B195B28460234FDF7C8F8182C10
:10C14000F6D1044928462246BDE87040FDF7F6BA0C
:10C1500024F90100BEF6010070B504220D4607491E
:10C160000646FDF7EBFA0024054B2A5B195B3046C7
:10C170000234FDF7ACF8302CF6D170BD44F5010067
:10C1800040F301002DE9F04104461F461546B0F882
:10C19000DA80FFF772F908F47048B8F5005F14BF51
:10C1A0004FF0A5084FF089080246414620469DF809
:10C1B0001860FDF78CF829462046FFF75EF9B4F8C1
:10C1C000DA80024608F47048B8F5005F14BF4FF0FB
:10C1D000A6084FF08A0820464146FDF778F8394610
:10C1E0002046FFF74AF9B4F8DA50024605F47045E4
:10C1F000B5F5005F14BFA7258B2520462946FDF71E
:10C2000066F831462046FFF738F9B4F8DA500246AE
:10C2100005F47045B5F5005F14BFA8258C252046B0
:10C220002946BDE8F041FDF752B80000012970B57C
:10C2300004460D4616D106222949FDF77FFA20460D
:10C240003A212A462B46FDF725FA082220461346B6
:10C250004FF48D71FDF71EFA20467F210022FDF775
:10C2600036F832E079B91F490622FDF767FA204611
:10C270003A2101222B46FDF70DFA082220464FF401
:10C280008D7113461FE002291FD1B0F8DA307D21ED
:10C2900003F47043B3F5005F01D1032200E02A46A6
:10C2A000FDF715F8204628210F220123FDF7F2F9AA
:10C2B0008022134620464FF48971FDF7EBF92046A2
:10C2C000052107220223FDF7E5F9204640F23761F8
:10C2D0004FF440420023BDE87040FDF71DBA00BF97
:10C2E0003EFB01004AFB01002DE9F14FD0F8A830D8
:10C2F000044693F80A9093F80CA0DD7ADE7C49F4AA
:10C3000000791A7D49EA051993F816B00FFA8AF5F3
:10C3100093F8178049EA053546F40076ADB246EA4F
:10C320000216234909224BF4007B5F7D4BEA081B70
:10C3300093F81880FDF702FA20462B4640F2DB41C5
:10C3400047F2FF32FDF7E8F920462B4640F2DC4188
:10C3500047F2FF32FDF7E0F946EA073620462B4662
:10C3600040F20A4147F2FF32FDF7D6F94BEA0838AE
:10C370002046B3B240F20B4147F2FF32FDF7CCF951
:10C3800020461FFA88F340F20C4147F2FF32FDF7D6
:10C39000C3F92022204682211346FDF77BF90122B2
:10C3A00020467C21134601B0BDE8F04FFDF772B97D
:10C3B0006EF4010070B506220D4645490446FDF7AE
:10C3C000BDF90026434B2046995BFCF769FFA85353
:10C3D0000236182EF6D1072101222046FCF777FFFE
:10C3E0001022FF2113462046FDF754F9042213467C
:10C3F000204640F21F11FDF74DF90C222046364928
:10C40000FDF79CF901223A2113462046FDF742F937
:10C4100004223A2113462046FDF73CF90822134630
:10C4200020464FF48D71FDF735F90822052113469A
:10C430002046FDF72FF90122134620464FF48D7157
:10C44000FDF728F9122220462449FDF777F920222A
:10C45000822113462046FDF71DF9B4F8DA3003F4C3
:10C460007043B3F5005F09D1D4F8A8309E7ADA7A28
:10C4700046F4007646EA02161D7B01E000252E46B2
:10C480000122204613464FF49B61FDF745F92046F3
:10C49000B3004FF49B6140F6FC72FDF73DF90222B8
:10C4A000204613464FF49B61FDF736F92B032046D7
:10C4B0004FF49B614FF4E04203F47043FDF72CF915
:10C4C000074920460622BDE87040FDF737B900BF96
:10C4D000F4F4010024F9010000F5010018F5010051
:10C4E000AAF6010038B5D0F8A8500446FF22B5F8E6
:10C4F000663340F23441FDF70FF9B5F86433204656
:10C50000FF2240F22341FDF707F92046B5F86823E2
:10C510004FF4AA61FCF70CFF204604490422FDF702
:10C520000DF91420BDE83840F1F3FEB63CF50100EA
:10C530002DE9F047C369D0F8A8401B6D0F4640F2C3
:10C54000234103F48058054694F844A3FCF7E5FE24
:10C5500040F2344106462846FCF7DFFE3846FFF736
:10C5600045F894F84423B8F1000F0CBF4FF00908C8
:10C570004FF0060894F84833B4F86473002A00F0CA
:10C580008C80FF1AF6B23F18BF1B4FFA87F9B9F13A
:10C59000000F1EDAEB6928461B6D03F48053002B55
:10C5A00014BF03220822C9F100030CBF0B21042190
:10C5B0009A42A8BF1A46B4F8683301FB02324FF41E
:10C5C000AA6192B2FCF7B4FE19F1030F06DAF21C6D
:10C5D00005E0B9F1030F01DDF21E00E03246B4F8C8
:10C5E000643312B219B2C81C824202DD03339BB21B
:10C5F00003E08A42B8BF0A4693B2BAF1000F12D0E4
:10C600001AB2B2420FD0284640F22341FF22FDF772
:10C6100083F8284623490422FDF790F81420F1F30B
:10C6200083F6002600E00126B4F866237FB211B23B
:10C63000C8EB01007F428742BBB2BCBFC8EB02031C
:10C640009BB218B209318842C8BF02F10903B5F89C
:10C65000DA20C8BF9BB202F47042B2F5005F0CBF93
:10C6600094F94B8394F94C8343449BB2BAF1000F85
:10C6700005D0284640F23441FF22FDF74DF8284608
:10C6800040F22341FCF749FE94F8BC3384F8BD0323
:10C6900084F8BE0384F8BF3300E001263046BDE8CD
:10C6A000F08700BF58F701002DE9F04104460F461E
:10C6B0009046354906221E46069DFDF73FF8204666
:10C6C00040F282414FF6FF723B46FDF725F82046C7
:10C6D00040F28141FF224346FDF71EF83EB9204655
:10C6E00040F281414FF480723346FDF715F8204641
:10C6F00026490322FDF722F8BDF81C300A275F43C4
:10C70000002605E0BE4236DC6420F1F30DF601366A
:10C71000204640F28141FCF700FE8305F2D440F24E
:10C7200083412046FCF7F9FD40F28441064620464D
:10C73000FCF7F3FD40EA0640286040F285412046C0
:10C74000FCF7EBFD40F2864106462046FCF7E5FD8E
:10C7500040EA0640686040F287412046FCF7DDFD74
:10C760004FF4916106462046FCF7D7FD40EA0640AB
:10C77000A860012500E00025204605490622FCF7B7
:10C78000DDFF2846BDE8F081C6F40100D2F40100C7
:10C79000D8F4010070B540F24A410546FCF7BDFDF2
:10C7A00040F0440086B24FF6BF742846324634400B
:10C7B00040F24A41FCF7BCFD2246284640F24A417D
:10C7C000FCF7B6FD0420F1F3AFF54FF6BB72284637
:10C7D00040F24A412240BDE87040FCF7A9BD38B59F
:10C7E000054641F2893404E06420F1F39DF5013CF3
:10C7F00007D0284640F25141FCF78FFD10F4404F1E
:10C80000F2D1284640F25141FCF787FD10F4404F29
:10C8100014BF0020012038BD40F24C414FF6FC729D
:10C82000FCF75FBF38B5C36904460D4618698E2111
:10C830003BF048DDE369411918694900BDE838401B
:10C840003BF0409D2DE9F0410C4627210546174657
:10C85000FFF7E8FF10F001061DBF4FF6F076064027
:10C860004FF6F0784FF0010828212846FFF7DAFF4D
:10C8700000EA0800B0420AD0013C631C002B02DD34
:10C880001420F1F351F5002CEEDC002000E0012033
:10C8900007B13C60BDE8F081C36970B504460D4640
:10C8A00018698E2116463BF00DDDE36941191869C0
:10C8B00049003246BDE870403BF0229D70B5044609
:10C8C000D0F8A8500E4689B340F2DA6142F208026D
:10C8D000FCF714FF204640F2A6510522FCF728FD84
:10C8E000204640F2A251C322FCF722FD204640F22E
:10C8F000A5510722FCF71CFD204640F283514FF45E
:10C900004872FCF715FD204640F284510022FCF7E6
:10C910000FFD204640F285514FF40072FCF708FDF0
:10C92000204640F286510022FCF702FD20462721D6
:10C93000FFF778FF1EB140F00106B6B202E04FF6F5
:10C94000FE76064095F894330522ED1895F8953358
:10C9500020465A432621042A98BF0522FFF79CFF50
:10C960001036B6B2204627213246BDE87040FFF7A8
:10C9700093BF70B5D0F8A8300D46002183F8461358
:10C980000446FFF79BFF15B12046FFF7ABFD0322DE
:10C990002046134640F67A01FCF7BEFE204640F2E0
:10C9A000DA6142F208020023BDE87040FCF7B4BE31
:10C9B00010B500210446FFF7DCFF2046BDE810401B
:10C9C000FEF744BE70B50122044640F60501D0F8DA
:10C9D000A850FCF793FE20460722052340F22F4182
:10C9E000FCF79AFE20463021F8234FF4FF62FCF753
:10C9F00093FE0623204630210722FCF78DFE2046B9
:10CA000040F2144141F61062FCF792FC204640F2DD
:10CA100015414FF4C862FCF78BFC4FF47743204676
:10CA200040F2DF414FF47F42FCF776FE2046FFF7ED
:10CA3000B1FE204627220C49FCF780FE2046FF224B
:10CA4000B5F8C63540F23241FCF766FEB5F8C83598
:10CA50004FF47F421B02204640F232411340BDE8B2
:10CA60007040FCF759BE00BF82F80100002914BFD6
:10CA70000223002310B5002A18BF43F0010340F23F
:10CA80004D4103220446FCF747FE204640F24C414C
:10CA90000322BDE81040FCF731BE00002DE9F04F45
:10CAA0000446C5B000260191154643964296FCF710
:10CAB000CCFDE3694FF0805118690A463BF0E2DB98
:10CAC0000520F1F331F4334620464FF489614FF4E9
:10CAD0008042FCF721FE4FF4A842204640F2554127
:10CAE000FCF726FC40F256412046FCF716FC00F00D
:10CAF0000F0005280CBF4FF4A84245F20142204622
:10CB000040F25541FCF714FC00264FF0A008B14656
:10CB1000B246374640F256412046FCF7FEFB00097C
:10CB20004FEA005B40F257412046FCF7F6FB4FEA24
:10CB30001B5BB8F1900F4BEA003B1FDC7F2E1DDC26
:10CB40004FEA8B439B0CB3F5005FC8BFA3F580434E
:10CB500003F50062B2F5805F23D802A921F81A30EC
:10CB600044A901EB890252F8081CCA44CB1842F8C8
:10CB7000083C8AF0400A89F0010901364FEA1B3B64
:10CB80000BF00C0B4BEA071B18F0010F4FF6CC779C
:10CB90000BEA070702D0FBB2402B02D1B8F1010823
:10CBA000B8D1E369002218694FF080513BF06ADB8D
:10CBB0002046FCF74EFD429B9B114293439B9B11E9
:10CBC000802E439324D1002341A918460EE042EA67
:10CBD000070C02AC34F91CC00132C6EB0C04402A2D
:10CBE00004FB0400F3D10133022B04D09F0151F860
:10CBF000046F0022EBE7019C286080092060064B4F
:10CC0000A0F53A60183898428CBF0020012000E05F
:10CC1000002045B0BDE8F08F48F4FF0FF8B5D0F81C
:10CC2000B0300446D3F8203103F0010383F001074C
:10CC30001BB1C36918693BF095DB2046FCF705FD85
:10CC400032260025204640F2B151FCF766FB00F089
:10CC5000100080B200B10135013EF6B2002EF1D1D4
:10CC600064235D4340F6C4139D42204694BF0025D3
:10CC70000125FCF7EEFC1FB9E36918693BF05EDBA8
:10CC80002846F8BD38B504460846FEF7AFFCE36910
:10CC9000A0F19D05A02118693BF014DB2AB26FF0CA
:10CCA00061039A42B8BF1A46C1B252B22046BDE8EB
:10CCB0003840FDF782BC2DE9F04F00F582531B7917
:10CCC000D7B004460D46D0F8A870002B00F076824D
:10CCD000C3696A2118693BF0F5DA400086B2002E7C
:10CCE00000F06C822046FEF7C0FCE369024610B9F2
:10CCF0001869314660E2186931463BF0E3DA0128F1
:10CD000000F05C8206F16E039BB2049306F1AA0365
:10CD100006F1060B06F13A0A9BB21FFA8BFB1FFACB
:10CD20008AFA0593002D00F03882204640F2F9413E
:10CD3000FCF7F3FA020700F1418206ADAB1C019348
:10CD40001AAB02930DF16A0303932046002340F2CD
:10CD5000764140F2FF120095FCF725FD2B1D009354
:10CD6000AB1D01931BAB02930DF16E0303932046A1
:10CD7000002340F2774140F2FF12FCF714FD05F169
:10CD80000803009305F10A0301931CAB02930DF114
:10CD900072030393204640F2AA4148F2FF1248F280
:10CDA0007F03FCF700FD05F10C03009305F10E0372
:10CDB00001931DAB162202930DF1760303932046D7
:10CDC000134640F23B41FCF7EEFC05F110030093E3
:10CDD00005F1120301931EAB02930DF17A03462273
:10CDE00003932046002340F23C41FCF7DCFCB4F8FE
:10CDF000DA3005F1140203F47043B3F5005F05F176
:10CE000016038DE80C001FAB029341F22B020DF1CB
:10CE10007E030393204640F24C41134637D1FCF782
:10CE2000C2FC05F11803009305F11A03019320AB2E
:10CE300002930DF182030393204640F24D4144F2E8
:10CE40002B0244F20A03FCF7AEFC05F11C0300932D
:10CE500005F11E03019321AB072202930DF1860316
:10CE600003932046134640F2F941FCF79CFC05F180
:10CE70002003009322AB2235029307220DF18A038F
:10CE800003930195204640F2FA41134636E0FCF741
:10CE90008AFC05F11803009305F11A03019320ABF6
:10CEA00002930DF182030393204640F24D4144F278
:10CEB0002B0244F22203FCF776FC05F11C030093DD
:10CEC00005F11E03019321AB072202930DF18603A6
:10CED00003932046134640F2F941FCF764FC05F148
:10CEE0002003009322AB223502930DF18A030393B2
:10CEF0000195204640F2FA4107220023FCF753FC3B
:10CF00002EAB00930DF1BA03019342AB01220293C1
:10CF10000DF585730393204613460721FCF7CCFBE0
:10CF20002FAB00930DF1BE03019343AB102202938C
:10CF30000DF58773039320461346FF21FCF7BCFBD6
:10CF400030AB00930DF1C203019344AB0422029372
:10CF50000DF5897303932046134640F21F11FCF729
:10CF6000ABFB0FAB00930DF13E03019323AB40F6F7
:10CF7000440202930DF18E0303932046134640F6BC
:10CF80003811FCF710FC10AB00930DF14203019334
:10CF900024AB02930DF192030393204640F639111E
:10CFA00040F6440240F60403FCF7FDFB31AB00936E
:10CFB0000DF1C603019345AB012202930DF58B736E
:10CFC0000393204613463A21FCF776FB32AB0093DD
:10CFD0000DF1CA03019346AB082202930DF58D7340
:10CFE0000393204613464FF48D71FCF765FB33AB7A
:10CFF00000930DF1CE03019347AB082202930DF588
:10D000008F730393204613460521FCF755FB34AB81
:10D0100000930DF1D203019348AB042202930DF566
:10D0200091730393204613463A21FCF745FB35AB39
:10D0300000930DF1D603019349AB012202930DF544
:10D0400093730393204613464FF48D71FCF734FB22
:10D0500011AB00930DF14603019325AB02930DF143
:10D0600096030393204640F2D74147F2CB0242F2A7
:10D070004B03FCF798FB36AB00930DF1DA030193F9
:10D080004AAB202202930DF5957303932046134675
:10D090008221FCF711FB3A7BBB7AF97A120343F445
:10D0A000007342F0030243EA011342EA830312AA27
:10D0B00000920DF14A02019226AA02920DF19A0203
:10D0C000039220464FF49B6147F6FF729BB2FCF738
:10D0D0006AFB0025E3690DF11809186905EB0B01DE
:10D0E00039F805203BF00CD9E3690DF1680818699F
:10D0F00005EB0A0138F805203BF002D9E26909EB9B
:10D1000005030BF10201106949195A883BF0F8D860
:10D11000E26908EB05030AF10201106949195A880E
:10D1200004353BF0EDD8342DD4D10025E369049AC1
:10D130000DF1B809A918186939F805203BF0E0D8B5
:10D14000E3690DF584781869059B38F80520E9181E
:10D150003BF0D6D8049BE269991C09EB05031069E2
:10D1600049195A883BF0CCD8059BE269991C08EB19
:10D170000503106949195A8804353BF0C1D8242D9C
:10D18000D4D1E369B11C18690D223BF0B9D8E36929
:10D19000311D186909223BF0B3D8E36906F1E601B5
:10D1A0001A6A1869C7F83824B7F83C243BF0A8D8A5
:10D1B000E3693146186901223BF0A2D857B0BDE8B7
:10D1C000F08F000038B55B210446FD22FCF745FADC
:10D1D000204604214022FCF74EFA20464FF490717D
:10D1E0001022FCF748FA204678218022FCF743FA07
:10D1F000204640F229110222FCF73DFA2046572131
:10D200000122FCF738FA20465B210222FCF733FAB0
:10D2100041F28830F1F388F0144D02E00A20F1F376
:10D2200083F05C212046FCF73BF8800601D4013DE9
:10D23000F4D15C212046FCF733F8810603D5204663
:10D240005C21FCF72DF820465B21FD22FCF705FA56
:10D2500020465721FE22FCF700FA204640F2291111
:10D26000FD22BDE83840FCF7F8B900BF41420F008D
:10D270002DE9F84300F580539D6A884B4FF484767E
:10D28000B5FBF3F575431A235721B5FBF3F50446B7
:10D29000FCF706F817215FFA80F82046FCF700F843
:10D2A00018212046FBF7FCFF40F20511FB22074640
:10D2B0002046FCF7D2F9204604214022FCF7DBF996
:10D2C00020464FF490711022FCF7D5F920465721E3
:10D2D0000222FCF7D0F9204640F205110422FCF7A7
:10D2E000CAF920464FF483712A22FBF7F0FFADB252
:10D2F000204640F207116E22FBF7E9FFEAB2204612
:10D300003146FBF7E4FF2A0A204640F2091102F0F9
:10D310001F02FBF7DCFF204640F20511FD22FCF75F
:10D320009CF920464FF483710122FCF7A4F93220C6
:10D33000F0F3FAF75A4D02E00A20F0F3F5F7204631
:10D340004FF48571FBF7ACFFC20701D4013DF3D167
:10D3500020464FF48571FBF7A3FF10F0010F204624
:10D3600006D1FAB218210B25FCF785F92F460AE001
:10D3700040F20F11FBF794FF00F01F051D2D01D89F
:10D38000AF1C00E00B2719212046FBF789FF4FF463
:10D390008371FE2206462046FCF75FF9204640F2E4
:10D3A0000511FB22FCF759F9204640F20511042231
:10D3B000FCF761F9204640F205110222FCF75BF907
:10D3C00020464FF483710122FCF755F93220F0F327
:10D3D000ABF7DFF8CC9002E00A20F0F3A5F7204687
:10D3E0004FF48571FBF75CFFC30702D4B9F1010963
:10D3F000F2D120464FF48571FBF752FF10F0010F78
:10D40000204605D1F2B21921FBF761FF092605E09C
:10D410004FF48871FBF744FF00F01F062046FE2200
:10D420004FF48371FCF719F92046FB2240F20511F5
:10D43000FCF713F942464FEA461848EA862848EABC
:10D44000060820465721FBF742FF2046424640F699
:10D450003311FBF76DFF42464FEA8528204648EA24
:10D46000451840F63411FBF763FF204646EA0802F0
:10D4700040F63511FBF75CFF204648EA050240F60E
:10D480003611FBF755FF47EA4717FA05204640F6E5
:10D490003711D20DBDE8F843FBF74ABF40420F00F9
:10D4A00041420F0070B504460E4600256B4B2046E6
:10D4B000595BFBF7F5FE70530235302DF6D118227B
:10D4C00020466749FCF73AF93A21FB222046FCF74F
:10D4D000C4F8012220464FF48D71FCF7CCF83621B8
:10D4E00001222046FCF7C7F810224FF48D71204628
:10D4F000FCF7C1F81420F0F317F73A210122204677
:10D50000FCF7B9F81420F0F30FF7B4F8DA303A2149
:10D5100003F470430122B3F5005F204605D00023D9
:10D52000FCF7B8F82046CA2104221346FCF7B2F8EB
:10D53000082220464FF48D71FCF79DF825210E221C
:10D540002046FBF7C4FE252101222046FCF793F874
:10D55000B4F8DA30282103F470431E22B3F5805F5B
:10D56000204601D1082300E00C23FCF793F8142097
:10D57000F0F3DAF6052108222046FBF7A8FE802208
:10D580004FF489712046FCF776F81420F0F3CCF6BE
:10D59000FF2110222046FCF76EF8442240F21F11B2
:10D5A0002046FCF768F81420F0F3BEF60B210722A2
:10D5B0002046FCF760F8102240F213112046FCF7D9
:10D5C0005AF81420F0F3B0F6072101222046FBF7A9
:10D5D0007EFE1420F0F3A8F6022303222046FC214D
:10D5E000FCF758F8FD212046A622FBF770FE4422E6
:10D5F00040F21F112046FCF73EF81420F0F394F699
:10D60000FF2110222046FCF736F81420F0F38CF6A8
:10D61000B4F8DA30204603F47043B3F5805F02D1EA
:10D620001049082201E010490622FCF787F820463D
:10D630005921CC22FBF74BFE20465C212E22FBF722
:10D6400046FE20467821D722FBF741FE2046922154
:10D650001522BDE87040FBF73ABE00BF40F3010061
:10D6600086F70100E4F40100B6F701002DE9F04F60
:10D67000002789B0894640F245610646059706971E
:10D680000797D0F8A880FBF748FE40F24661850571
:10D690003046FBF742FE3C49840506223046FCF743
:10D6A0004DF8304639463A46FEF72FFA05AB00935F
:10D6B0004FF4FA7301934946304620223B46FEF769
:10D6C000F3FFAD0DA40D8146002847D005AB93E8CC
:10D6D000080C0BEB0A02012A3FD918460393FDF709
:10D6E0003DF904465846FDF739F9A4F1140212B287
:10D6F000BA42039B06DB3AFA02F13ED0551C2AFAE5
:10D7000005F506E051421AFA01F136D0D5430AFA7E
:10D7100005F524B2C4F11E04A340A0F10B073FB2EB
:10D72000002FC3EB050502DB3AFA07FA02E07F425D
:10D730001AFA07FA23D000B2C0F11F000BFA00FB5F
:10D7400095FBF1F59BFBFAFA05FB15A0FDF713F924
:10D75000AD058405AD0DA40D00E0B946304629465F
:10D760002246FEF7D2F9304608490622FBF7E6FFCB
:10D77000A8F8B852A8F8BA4202E0894600E0D146BB
:10D78000484609B0BDE8F08FFCF7010010F8010031
:10D7900038B504460D46A9B104221149FBF7CEFF66
:10D7A000D4F8A830204693F8E93340F64A11A02B6C
:10D7B0000CBF40F24F12A722FBF7BAFD20460949E1
:10D7C0000E2201E008490A22FBF7B8FFE369291C91
:10D7D000186918BF0121BDE838403AF0CD9D00BF5F
:10D7E00008F80100B0F90100D0F8010070B50D464D
:10D7F00006222849EDB20446D0F8A860FBF79EFF48
:10D800000C2D07D904F58A5393F93050003518BF11
:10D81000012500E0002596F81A35002B32D020466D
:10D8200040F64211FBF779FD00B20DB10F3800E070
:10D830000030D4F8F83018BF012013F0060F21D1C2
:10D8400096F82C30AB4200D1E0B1E369D868996812
:10D8500055B10122F0F3BAF120460121FFF798FFFC
:10D86000012386F82C3008E02A46F0F3AFF1204679
:10D870002946FFF78DFF86F82C50204606490C22DA
:10D88000FBF75CFF054920460422BDE87040FBF72A
:10D8900055BF00BF3CF80100E4F801003CF901006D
:10D8A00070B50C46B0F8DA101546D0F8A860FCF751
:10D8B0000DFA28B996F84C34237096F84D3401E0EF
:10D8C000002323702B7070BD07B540F256430093C0
:10D8D00040F2554240F25743FCF759F80EBDF0B5FF
:10D8E000144601328BB006460D46D0F8A87002D11E
:10D8F000FDF773FE44B297F96675EBB2013793FBFF
:10D90000F7F707230393202305930123FFB2029324
:10D9100006AB0193304607F5A07301A90493FFF706
:10D92000D3FF069BC0371B0DDBB20693304607AB17
:10D9300001A901930497FFF7C7FF0021069808AAE1
:10D9400009ABF2F31FF3002140200DF126030DF186
:10D950002202F2F317F3BDF92410BDF926309942E3
:10D9600009DABDF92200591AF2F3BEF3BDF82460BA
:10D97000ADF8220008E0BDF92000C91AF2F3B4F3B3
:10D98000BDF82660ADF82000BDF92000BDF92210D9
:10D99000F2F3B4F333B2032B01DD043E01E0C6F130
:10D9A000040636B2F31C9D400122731C12FA03F3E5
:10D9B00000EB800005EBC000C018023650FA06F6F6
:10D9C0007443E00880B20BB0F0BD30B5182387B0C7
:10D9D00003930023D0F8A8408022049320230593CA
:10D9E00040F27661134605460292FBF795FE04F17C
:10D9F0009C0306A941F8143D2846FFF765FF40F255
:10DA000071612846FBF789FC40F27361A4F89C021F
:10DA10002846FBF782FC40F27461A4F89E02284677
:10DA2000FBF77BFC40F27561A4F8A2022846FBF7E5
:10DA300074FC40F27961A4F8A0022846FBF76DFC63
:10DA400040F27661A4F8A4022846FBF766FC40F297
:10DA5000DA61A4F8A6022846FBF75FFC40F22551E4
:10DA6000A4F8A8022846FBF758FC94F86735A4F8F8
:10DA7000AA0284F8AC324FF48F612846FBF74DFCC4
:10DA80004FF49A61A4F8AE022846FBF746FC40F238
:10DA90002451A4F8B0022846FBF73FFCB4F86835DF
:10DAA000C00BA4F8B43294F80734A4F8B20284F896
:10DAB000B63294F8083484F8B73207B030BD30B5C8
:10DAC00040F2DF4189B0D0F8A8400546FBF725FCBD
:10DAD00080B2C3B27F2BA4F84C30C4BFA3F58073CF
:10DAE000A4F84C30000A7F28A4F84E0006ABC4BF4F
:10DAF000A0F58070A4F84E00019302230293112335
:10DB000003933B2304932846202301A90593FFF7A1
:10DB1000DBFE069B3F2B01D9803B0693069B2365CA
:10DB2000079B3F2B01D9803B0793079B40F2344171
:10DB300063652846FBF7F1FBC0B27F28C4BFA0F5A0
:10DB4000807080B284F8580040F224412846FBF7E8
:10DB5000E4FB000AA4F85A0040F225412846FBF7EE
:10DB6000DCFB06AB0193022302930D23C0B20393A7
:10DB70001C23A4F85C0004932846202301A90593E4
:10DB8000FFF7A2FE069B2364079B636409B030BDC8
:10DB90007FB500230293102304930DF11603009325
:10DBA00001230193694655230393FFF78DFEBDF8CA
:10DBB000160007B000BD2DE9F047D0F8A890044644
:10DBC00099F846354BB9FFF7E3FF40F3072645B216
:10DBD000ADB2B6B22F46B04607E0B9F84A85B9F8FB
:10DBE0004C75B9F84E65B9F85055B4F8DA3020469E
:10DBF00003F47043B3F5005F0CBFB9F86690B9F851
:10DC000068904FF0FF320121FDF76AFC01210FFA05
:10DC100089F282462046FDF763FC00211FFA80F955
:10DC20004FF0FF322046FDF75BFCC9EB0A0A1FFAF2
:10DC30008AFACAEB08081FFA88F8CAEB0707FF221E
:10DC40004346BFB2C9EB000940F652112046FBF72C
:10DC500063FD2046FF223B4640F65311FBF75CFD77
:10DC60002046FF22434640F65611FBF755FD1FFAAA
:10DC700089F92046FF223B4640F65711FBF74CFD41
:10DC8000C9EB06032046FF2240F648119BB2FBF782
:10DC900043FDC9EB0505204640F64911FF22ABB212
:10DCA000BDE8F047FBF738BD2DE9F04792463E4A04
:10DCB00092B0D0F8A85004460B466E4602F1200EF2
:10DCC00010685168374603C7083272453E46F7D19F
:10DCD000128809AE3A80354A02F1200E1068516868
:10DCE000374603C7083272453E46F7D112882046B0
:10DCF0003A809BB1002240F60F11FBF719FB95F813
:10DD0000E93309AFA02B14BF4FF010084FF01108F2
:10DD100014BF05210321264B264A12E001224FF4AD
:10DD20001161FBF705FB95F8E933234AA02B234B40
:10DD30006F4614BF4FF010084FF0110814BF0E21AA
:10DD40000A2108BF1A46002305E016463088013331
:10DD50002432824506D08B421FFA83F9F5DB4FF659
:10DD6000FF790BE0002507E0204637F8021B36F864
:10DD7000022FFBF7DDFA01354545F5DB2046FDF7BF
:10DD800087FB10B12046FFF716FF20460FFA89F9EE
:10DD9000FDF7F0FEB9F1FF3F0CBF4FF0FF30002060
:10DDA00012B0BDE8F08700BF04C4010026C4010022
:10DDB000240F0200DC130200D811020070100200D0
:10DDC0002DE9F043254B8BB0914604460D4601AA40
:10DDD00003F1200718685968164603C60833BB428A
:10DDE0003246F7D11B883380D4F8A83093F8E98302
:10DDF000B8F1A00F0CBF4FF011084FF0100865B933
:10DE00002E462F4617E001AB995B2046FBF785FABB
:10DE1000013729F80600023601E00026374647455B
:10DE2000F1DB0AE001AB995B39F806202046FBF7ED
:10DE30007FFA013702364745F4DB2046FDF728FB21
:10DE400010B12046FFF7B7FE2DB920460BB0BDE854
:10DE5000F043FDF78FBE0BB0BDE8F08326C4010090
:10DE600030B587B005AB00930223019300230293E2
:10DE700050230C4603936946102315460493FFF77D
:10DE800023FDBDF814302380BDF816302B8007B079
:10DE900030BD07B540F25643009340F2554240F280
:10DEA0005743FBF73DFD0EBD2DE9F04FB0F8DA30DA
:10DEB00089B003F47043B3F5005F04468B46D0F895
:10DEC000A85002D1B5F8C43304E0B3F5805F06D1A1
:10DED000B5F8C6331AB2013208BF702300E07023D0
:10DEE00007220492202206920122002703921B0699
:10DEF00007AA02920193B8463E460BEB070AF107C8
:10DF00009AF8039003D595F96635002B50D1B4F8F3
:10DF1000DA3003F47043B3F5005F00F086801BF83D
:10DF2000078008E01FFA88F8B5F83E341AB2B2F15B
:10DF3000FF3F18BF99469AF801309AF802201B0259
:10DF400043EA0243019A2046134343EA0803079336
:10DF500095F9663502A90133B6FBF3F3C033059397
:10DF6000FFF797FF07AB029395F96635204601331B
:10DF7000B6FBF3F303F5A07302A90593FFF7A4FC26
:10DF80009AF80420079B120523F07F4342EA0972A6
:10DF900023F470031343079395F966352046013344
:10DFA000B6FBF3F303F5A07302A90593FFF771FF26
:10DFB00001360537802EA0D195F96635002B3ED06D
:10DFC0004FEA09795E464FF48075019A204648EA87
:10DFD000020396F8422102A943EA024396F841213E
:10DFE00005F1800743EA022307930595FFF751FFE8
:10DFF00007AB204602A902930597FFF765FC079B34
:10E0000096F8442123F07F4349EA025223F4700337
:10E010001343204602A90135079305970536FFF7FC
:10E0200038FFB5F5A07FD0D109E0B5F840840FFAEC
:10E0300088F301337FF476AF4FF00F0874E709B02F
:10E04000BDE8F08FB0F8DA30D0F8A82003F47043C0
:10E05000B3F5005F03D1D2F87415FFF725BF704701
:10E060002DE9F041002486B005460594D0F8A8605B
:10E07000FDF7B3FA0723029320230493012380467C
:10E08000019396F966351BB1E00713D4670800E0E9
:10E090002746214628464FFA88F2FFF720FC06ABB8
:10E0A00043F8040D07F51077284669460093039757
:10E0B000FFF7EFFE0134E4B2802CE2D196F9663529
:10E0C0007BB101230193402405AB009304F5107349
:10E0D000013428466946E4B20393FFF7DAFE802C48
:10E0E000F2D106B0BDE8F081F0B5044687B0D0F8B3
:10E0F000A87000293CD00723029320230493012316
:10E10000019305AB97F8C262009300252BE006F15E
:10E11000C003204669460393FFF7D6FB05F1C00311
:10E12000204669460393FFF7B4FE06F5A073204628
:10E1300069460393FFF7C8FB05F5A07320466946BF
:10E140000393FFF7A6FE06F5107320466946039376
:10E15000FFF7BAFB05F51073204669460393FFF7F6
:10E1600098FE0135EDB297F8C232AB42CFD20CE047
:10E17000B0F8DA3003F47043B3F5005F02D104491C
:10E18000FFF792FE2046FFF76BFF07B0F0BD00BF20
:10E19000F8AC02007FB5090206AB23F8021D00931C
:10E1A000012301930023029357230393694610230D
:10E1B0000493FFF76EFE07B000BD2DE9F041D0F8E3
:10E1C000A8308AB083F8341083F8C11293F9663509
:10E1D00005460C4653B111F0010318BF08234FF454
:10E1E0008F614FF00C02FBF797FA640807234FF09A
:10E1F0002008039304F5A0730AAE04930DEB080303
:10E2000046F8243D012728463146CDF81480029770
:10E21000C034FFF759FB09AB2846314601930494FB
:10E22000CDF81480FFF750FB099B2846DAB2ADF811
:10E2300018201A0A1B0CDBB2ADF81C30089BD2B2B6
:10E240001B0F03F0070306A9ADF81A20ADF81E3026
:10E25000FDF7BFFB08992846090DC9B2FFF79AFFE1
:10E2600028463946FDF799FB0AB0BDE8F081000069
:10E27000F0B5514F8FB06E4604460FCF0FC697E8EA
:10E280000F0086E80F0020464C490422BDF8585084
:10E29000FBF754FA9DF8683020465B0040F2A3611A
:10E2A0000222FBF739FA9DF85C30BBB10EAB4FF49C
:10E2B000002243F8042D08930123099318230A939D
:10E2C00020230C9300230B934026204608A9FFF738
:10E2D000E0FD0B9B0133013E0B93F6D1204605EB8D
:10E2E0004505FDF755FD0135204640F2A161BDF819
:10E2F0006C20FBF71DF8ADB2204640F2A261BDF8DC
:10E300007020FBF715F82A46204640F27E61FBF7A5
:10E310000FF820462A490422FBF710FA013514228F
:10E320006A43013A20464FF4C86192B2FBF700F805
:10E330000022204640F27761FAF7FAFF082309939A
:10E34000152300250A9320230EA90C930DEB05033A
:10E3500041F8183D20460B95FFF79BFD204640F203
:10E360007B61BDF86020FAF7E3FF204640F27C6154
:10E37000BDF86420FAF7DCFF2A46204640F27D61B2
:10E38000FAF7D6FF29462046FFF704FF20460D493D
:10E390000422FBF7D3F90C4D02E00A20EFF3C4F797
:10E3A000204640F27661FAF7B8FFC30701D5013D78
:10E3B000F3D10FB0F0BD00BF48C4010060F7010009
:10E3C0003EF7010080F40100A18601002DE9F04331
:10E3D000D0F8A8908BB007468846032605240F2C5A
:10E3E000A8BF0F240025A3B20193384601212A4675
:10E3F0002B460095029503950495FDF7C1FBDB23A1
:10E4000002934FF4AF6304934FF482430593802348
:10E4100001220793384629462B4600950195039221
:10E4200006950895FFF724FFB8F1000F1ED140F2C2
:10E43000BA613846FAF771FF4FF6C07580010540A2
:10E4400040F2BB613846FAF768FF83011BB29B11AB
:10E450005B432DB2AD1105FB0535B5F5005F01DA63
:10E46000A41B03E0B5F5804F04DBA419013EF6B20E
:10E47000FF2EB4D1092CD4BF24EAE4740924C9F8CE
:10E48000384020460BB0BDE8F083F8B5D0F8A8605E
:10E490000746D6F87C55002405E029463846FFF7A4
:10E4A000F8FC01341435D6F878359C42F5D3F8BD24
:10E4B000F0B5C369D0F8A84087B0064680219868B7
:10E4C000F0F3EEF10546002800F08D80B4F81C341E
:10E4D000002203F4807E03F400731FFA83FC1FFA0A
:10E4E0008EFE034602F010070020FFB202F0010189
:10E4F00023F8020BCFB1BCF1000F03D0D4F81C14E9
:10E50000C1F3802112F0080FD4F8180403D000F4EE
:10E510007F00000C07E012F0200F03D000F47F40D2
:10E52000000A00E0C0B223F8020CBEF1000F01D0D7
:10E53000002F42D112F0040F02F0020717D0D4F8D6
:10E540000C0447B133F8027C09B1000E0BE000F473
:10E550007F00000C07E033F8027C19B100F47F4023
:10E56000000A00E0C0B2384323F8020C25E0900610
:10E5700010D527B133F8027CD4F8100403E033F847
:10E58000027CD4F8140409B1010E13E000F47F01F9
:10E59000090C0FE027B133F8027CD4F8100403E033
:10E5A00033F8027CD4F8140419B100F47F41090A4D
:10E5B00000E0C1B2394323F8021C0132402A91D154
:10E5C0000F2306A903930023049341F8145D10233D
:10E5D000304602920593FFF75CFCF3692946986880
:10E5E0008022F0F36DF107B0F0BD30B587B005AB18
:10E5F0000093012301931823029320230493002303
:10E6000003934FF4002305460593812406E0284632
:10E610006946FFF73EFC039B01330393013CF6D1AF
:10E6200007B030BD70B5D0F8A83086B093F89A55D1
:10E63000044645B12EE0314B142101FB0531204643
:10E64000FFF727FC01352E4B1B689D42F3D32D4B62
:10E6500006AD5A681B680192102202920026082219
:10E6600045F8183D2046694603960492FFF711FCD1
:10E67000E3691B6B082B0DD1234B20465A681B689E
:10E68000019212220292694620220396049200937C
:10E69000FFF7FFFB102304930DF116030093722381
:10E6A00008250126ADF8163020460023694603935D
:10E6B00002950196FFF7EDFB822320466946ADF8EF
:10E6C00016300396FFF7E5FB062369462046ADF8B2
:10E6D00016300395FFF7DDFB2046FFF7B3FC20461D
:10E6E000FFF7D3FE2046FFF7E3FE2046FFF7B8FC16
:10E6F0002046FFF77AFF06B070BD00BFC8000200D9
:10E70000A8FC0100ACFD0100380A0200F0B5B0F829
:10E71000DA30D0F8A84003F47043B3F5005F0CBFC3
:10E7200094F8403394F8413387B084F8423394F836
:10E730004233054684F84333B0F8DA3003F47043CB
:10E74000B3F5005F10D194F849335AB2002A06DCC1
:10E75000C3691B6DDA0401D5342300E0302384F84B
:10E76000483394F85C630FE094F84A335AB2002AB5
:10E7700006DCC3691B6DDB0001D5342300E03023C8
:10E7800094F85D6384F8483376B2002E48DD40F299
:10E79000DF412846FAF7C1FDC3B2000A80B281B258
:10E7A000022EA8BF02267F2BC8BFA3F580730AB232
:10E7B00006EB4606C8BF9BB2F6B27F2AC8BFA0F5DB
:10E7C000807177B2C8BF89B2BFB2CA1BDF1B92B2D9
:10E7D000FFB247EA022292B2284640F2DF41FAF73E
:10E7E000A7FD05AB009302230193112302930F238E
:10E7F00003932846082369460493FFF765F89DF8BC
:10E80000143028469B1B8DF814309DF8153069464E
:10E810009E1B8DF81560FFF73CFB2846FDF7BAFFFD
:10E8200094F84D130023FF2284F89A2384F8473389
:10E8300084F89C33B1B184F8423384F843332846DA
:10E8400040F22341B4F85033FAF766FF28464FF4FC
:10E85000AA61B4F86023FAF76BFD28460449042244
:10E86000FAF76CFF2846FCF7E7FF07B0F0BD00BFE2
:10E870005AF4010038B5B0F8DA20044602F47042C8
:10E88000B2F5005FD0F8A8300AD193F9F123013234
:10E890002DD1B3F9F823013229D1B3F92C2524E085
:10E8A000B2F5805F2CD193F95B2501321FD193F92A
:10E8B000F32301321BD193F95C25013217D1B3F94F
:10E8C0000024013213D1B3F9302501320FD1B3F94D
:10E8D000022401320BD1B3F93425013207D1B3F947
:10E8E0000424013203D1B3F93825013208D00125BF
:10E8F000102283F8665520464FF49A61134607E0CC
:10E90000002583F8665520464FF49A6110222B4665
:10E91000FAF702FF4FF48F6103222B462046FAF7E5
:10E92000FBFE2046FFF77EFE2046FDF793FB2046C8
:10E93000FEF748F82046BDE83840FFF7E7BE2DE96E
:10E94000F0478AB01E460DF127030546D0F8A840CF
:10E950008846009309A90DF1260317460DF12502FB
:10E96000FDF7F2FA284608A90DF12202FFF778FA1E
:10E970002846FFF70DF9072304932023069307ABDE
:10E980000293012303934FF45073814605934FF094
:10E99000000A35E013B118F0010F2FD15BB201333B
:10E9A000B8FBF3F303F5A073284602A90593FEF71D
:10E9B0008BFF079BBDF822A01B0D4FEA8A5A1B054F
:10E9C0004FEA9A5A4AEA030ABDF8203028469B05C6
:10E9D0009B0D4AEA832A02A9CDF81CA0FFF759FA39
:10E9E00094F9663528460133B8FBF3F303F5E07379
:10E9F00002A9CDF81C900593FFF74BFA08F1010826
:10EA0000B84594F86635C5D9BBB17F2F15D14FF401
:10EA1000C077284602A90597CDF81CA0FFF739FA60
:10EA200007F18003284602A90137CDF81C90059311
:10EA3000FFF72FFAB7F5E07FEBD1BDF8202006F104
:10EA4000340304EB43039A80BDF8222004EB46060E
:10EA50005A81A6F878909DF8243084F87E309DF88D
:10EA6000253084F87F309DF8263084F880309DF87A
:10EA7000273084F881300AB0BDE8F0872DE9F041F5
:10EA8000D0F8A84086B094F907144FF0FF3289B24D
:10EA90000646FEF724FF94F967350546022B08D198
:10EAA00094F90814304689B24FF0FF32FEF717FF91
:10EAB00000E00020072302932023049301232F1A50
:10EAC0000193304605ABB4F868154FF0FF32009360
:10EAD000FEF705FF0023C019A4F86A3548BFA4F863
:10EAE0006A05002594F866350BB1E9071CD45BB2C2
:10EAF000013395FBF3F3DBB203F510730393B4F822
:10EB00006835B4F96A85AB42294630464FF0FF328A
:10EB100038BFC7EB0808FEF7E2FEC8EB000005901F
:10EB200069463046FFF7B5F90135EDB2802DD9D1F0
:10EB300094F966357BB10123019305AB0093402422
:10EB400004F51073013430466946E4B20393FFF7CD
:10EB5000A0F9802CF4D106B0BDE8F08170B5002397
:10EB600086B002931023049305AB0093022304465E
:10EB7000ADF8141001930E46502369461546ADF8C2
:10EB800016200393FFF785F92046FCF795FC78B330
:10EB9000204640F6461140F2FF323346FAF7BCFDFC
:10EBA000204640F6471140F2FF322B46FAF7B4FDFB
:10EBB00020464FF4156140F2FF323346FAF7ACFDC0
:10EBC000204640F6511140F2FF322B46FAF7A4FDE1
:10EBD000204640F6541140F2FF323346FAF79CFDCE
:10EBE000204640F6551140F2FF322B46FAF794FDCD
:10EBF00006B070BDF0B5294B8BB0044605AD0E468E
:10EC00000FCB85E80F0004F582531B79D4F8A85088
:10EC10001BB195F8E034002B3ED020462049082255
:10EC2000FAF78CFD07230293202304930423019316
:10EC3000012705AB009385F86A704FF450732046A6
:10EC400069460393FFF725F90023099309AB019760
:10EC500000934FF45175204669460395FFF719F963
:10EC6000013540F25E339D42F5D120460D49122216
:10EC7000FAF764FD76004FF6FE73204640F2A94194
:10EC800040F2FF123340FAF747FD204640F2A361FD
:10EC900010220023FAF740FD0BB0F0BD68C401005C
:10ECA0000AF701001AF7010030B5182387B0039363
:10ECB0002023D0F8A840059380230293002306A9BF
:10ECC000049304F19C03054641F8143DFFF7E1F875
:10ECD0002846B4F89C2240F27161FAF729FB2846D5
:10ECE000B4F89E2240F27361FAF722FB2846B4F88A
:10ECF000A22240F27461FAF71BFB2846B4F8A02266
:10ED000040F27561FAF714FB2846B4F8A42240F2E9
:10ED10007961FAF70DFB2846B4F8A62240F2766135
:10ED2000FAF706FB2846B4F8A82240F2DA61FAF7AF
:10ED3000FFFA2846B4F8AA2240F22551FAF7F8FA69
:10ED40002846B4F8AE224FF48F61FAF7F1FA28465C
:10ED5000B4F8B0224FF49A61FAF7EAFAB4F8B23292
:10ED60004FF40042DB032846134040F22451FAF7E7
:10ED7000D3FC94F8AC32284684F86735B4F8B43242
:10ED8000A4F8683594F8B63284F8073494F8B732AA
:10ED900084F80834FFF772FE07B030BD2DE9F04F5C
:10EDA000C3690E464FF08051BBB00446D0F8A8505E
:10EDB000174618690A4639F065DA0520EFF3B4F210
:10EDC00020464FF489614FF480420023FAF7A4FCF7
:10EDD0000122204640F20A511346FAF79DFC0DF13C
:10EDE000E603349301233593112336930F2337938E
:10EDF0002046082334A93893FEF766FD002E40F024
:10EE00004A81B4F8DA3003F47043B3F5005F0CD1F3
:10EE1000E36995F8BF641B6D03F48053002B0CBFAE
:10EE200008230623FF2E08BF1E469DF8E6306FF02C
:10EE3000020202FB06323AAB03F8012D349320465E
:10EE4000102334A937937700FFF723F84FF6FE73AA
:10EE5000FE22204640F20A513B40FAF75DFC95F84D
:10EE6000C054FF2D00F0EC80002D00F0CB80102D61
:10EE700028BF1025C5F12407FFB2F6B272B27BB2EB
:10EE80009A4203DC002E14BF374601277AB2AA4209
:10EE900005F10106CCBF5FFA86FBBB46CBEB06064D
:10EEA0000D23F6B2369320234FFA86F8389309AB38
:10EEB00003EBC80300934FFA8BF35B0001937300DD
:10EEC000013303F0FF0302936B000133039305F159
:10EED000010A4FEA48034FEA4A00591CCDF818B01E
:10EEE0000796059004914FF0000993461E46019B3A
:10EEF000AB453593CABF7BB2CDF8DCA03793379BC7
:10EF0000009A4B445B00204634A937933492FEF7B5
:10EF1000DBFC029B0AE03AA800EB830252F8C41C17
:10EF2000023341F0800142F8C41CDBB2039A9342E1
:10EF3000F1DD002313E03AA800EB860252F8C41C6E
:10EF400000EB830242F8C41C049900EB810252F8E2
:10EF5000C41C00EB8302023342F8C01CDBB2B34294
:10EF6000E9DB059A09AB349320464FEA490334A9FB
:10EF700009F1250935923793FEF78BFFB9F14A0F56
:10EF8000B5D10E235A462BA8DDF818B036931023BE
:10EF90003893AA4200EB48033493C8BF7FB24FFABC
:10EFA0008BF3204634A9079E3593D4BFCDF8DCA05F
:10EFB0003797FEF789FC0AE03AA901EB460333F8DC
:10EFC0003C2C013642F4006223F83C2CF6B2AE42EF
:10EFD000F2D900230AE03AAA02EB480131F83C1CBE
:10EFE00002EB4302013322F83C1CDBB24345F2DB67
:10EFF0002BAB34932046002334A9CDF8D4A037930B
:10F00000FEF747FF01221346204640F20E51FAF761
:10F0100083FB4FF47E426B021340204640F20E51B8
:10F02000FAF77AFB204640F20F517F222B46FAF77F
:10F0300073FB204640F20F514FF47E52EB011BE070
:10F04000204640F20E5101220023FAF765FB2046CC
:10F0500040F20E514FF47E420023FAF75DFB20464A
:10F0600040F20F517F220023FAF756FB204640F270
:10F070000F514FF47E520023FAF74EFBE3694FF035
:10F0800080511869002239F0FDD82046FDF782FB37
:10F090003BB0BDE8F08F3E46C7E638B540F2A4412C
:10F0A0000546D0F8A840FAF738F9800B80B203285B
:10F0B00012D105F582531B7973B1284640F2734192
:10F0C000FAF72BF994F96635C005C00D01335843A2
:10F0D00000EBD070401001E094F8C10240B238BD9E
:10F0E00070B5C6B001ADD0F8A8600446002128462E
:10F0F0004FF48072EAF38CF5072343932023459362
:10F1000096F86A30419543B91E23429320464FF446
:10F11000507341A94493FEF7BCFE4023429320461E
:10F12000802341A94493FEF7B4FE46B070BD0000B1
:10F1300030B5072389B003932023059306AB0193D1
:10F140000123029300230446D0F8A850049308E05A
:10F15000204601A9FEF79DFE049B01330493069B04
:10F1600001330693069B7F2BF2D94FF4307304933F
:10F17000002307E001A9FEF78CFE049B01330493F2
:10F18000069B01330693069B20467F2BF2D909226A
:10F190005A49FAF7D3FA01212046FDF747F824220D
:10F1A00020465749FAF7CAFA2046FCF775FB400893
:10F1B00080B2E62806DC2046FCF76EFB43081933D4
:10F1C0009BB200E0FF23FF22204640F2A541FAF760
:10F1D000A3FA2046FFF784FFB5F8E623B5F8E43339
:10F1E000204603EB4205AD014FF6C0732B404FF4B0
:10F1F0009A6147F6C072FAF78FFA20460922414910
:10F20000FAF79CFAB4F8DA30204603F47043282168
:10F210001E22B3F5005F14BF18231C23FAF73AFA35
:10F22000012220463A211346FAF734FA08221346FF
:10F2300020464FF48D71FAF72DFA204625210C2235
:10F24000FAF745F8B4F8DA30022203F470433A21B1
:10F25000B3F5005F08BF1346204618BF0023FAF736
:10F2600019FA0822134620460521FAF713FA204618
:10F2700006222549FAF762FA47F20802204640F2D0
:10F28000D7414FF40053FAF747FA2046FCF704FB46
:10F29000102305930DF11E03019301230825ADF8FA
:10F2A0001E0002932046062301A904930395FEF74E
:10F2B000F0FD20460F221549FAF740FA2046352185
:10F2C000FF220023FAF7E6F9204636210322002325
:10F2D000FAF7E0F920462A462B464FF48D71FAF7EB
:10F2E000D9F94FF48062204640F2A4411346FAF760
:10F2F00013FA2046FCF7F8FF09B030BD44F90100CD
:10F30000FEF5010046F6010058F6010064F6010022
:10F310002DE9F0410446D0F8A850FCF7A6F9B0F565
:10F32000404F48D1E369E021186938F0CBDFB5F8E8
:10F330002E800746C8EB000840F2A5412046F9F7A9
:10F34000ECFF00F4E060060A0123B3401FFA88F8DE
:10F35000984530DD95F8C134EF85B34208D90136C0
:10F36000204640F2A5414FF4E0623302FAF7D4F9A7
:10F370002046FFF792FEB4F8DA3080B203F470430F
:10F38000B3F5005F0CBF85F8540485F85504288652
:10F390006E86D4F8A830400093F9663540F2A44157
:10F3A000013390FBF3F340F2FF1220469BB2BDE81D
:10F3B000F041FAF7B1B9BDE8F08100002DE9F04F56
:10F3C000044685B00F46D0F8A850FFF7A1FFD4F847
:10F3D000B030D3F8203103F0010383F00102019231
:10F3E0001BB1E369186938F0BDDF07212046F9F742
:10F3F00057FFFF21C6B22046F9F752FF40F21F1116
:10F400005FFA80F82046F9F74BFF40F23B415FFA84
:10F4100080F92046F9F781FF40F23C4182462046C0
:10F42000F9F77BFF40F2D74183462046F9F775FF95
:10F430004FF49B6102902046F9F76FFF0F22039073
:10F440003F492046FAF77AF9012207211346204660
:10F45000FAF720F91022FF2113462046FAF71AF98D
:10F460000422134640F21F112046FAF713F90A202E
:10F47000EEF35AF7202220464FF49A611346FAF72A
:10F480004BF90A20EEF350F7012F20461CD140F231
:10F490007641F9F742FF40F27741C7052046F9F778
:10F4A0003CFFC005C00DFF0DFF28A5F86E0588BF05
:10F4B000A0F50070FF2FA5F86C7588BFA7F5007741
:10F4C00080B2BFB2C51B09E040F27541F9F725FFD4
:10F4D000C505ED0DFF2D88BFA5F500752046072158
:10F4E0003246F9F7F4FE2046FF214246F9F7EFFED7
:10F4F000204640F21F114A46F9F7E9FE204640F245
:10F500003B415246F9F714FF204640F23C415A462F
:10F51000F9F70EFF204640F2D741029AF9F708FFAB
:10F5200020464FF49B61039AF9F702FF019B1BB938
:10F53000E369186938F002DF28B205B0BDE8F08F42
:10F5400034FA0100414392029B0100FB032001F5C4
:10F55000004101EB4000490090FBF1F0704730B5ED
:10F5600000238BB0079308930993072303934FF06D
:10F5700020030029059306AB18BF4FF430710193A7
:10F580004FF0010305460491029305D107A908AA8B
:10F5900009ABFBF732FE08E0B0F902310893B0F98D
:10F5A00004310993B0F906310793002407A90EC965
:10F5B0002046FFF7C7FF01A906902846FEF769FC21
:10F5C000049B01340133802C0493EFD10BB030BD88
:10F5D0002DE9F04104468AB00D4649B140F2D741C9
:10F5E000F9F79BFE01A906462046FCF7E3FE00E082
:10F5F0000E46202213464FF49A612046FAF78CF803
:10F600006420EEF391F640F276412046F9F785FE4C
:10F6100040F2A64107462046F9F77FFE8046FF05E7
:10F620004FEAC858FF0D4FEAD858204607A908AA44
:10F6300009AB87F4807788F48078FBF7DEFDC8EBB0
:10F64000070000F5FE70033007A980100EC9FFF710
:10F6500079FF47004DB1204601A9FCF765FD204622
:10F6600040F2D7413246F9F763FE38460AB0BDE8AA
:10F67000F0812DE9F84F9DF828508B469246994627
:10F680009DF82C70BDB100266FF000483546284625
:10F69000594652464B46FFF755FF404504DA0136BE
:10F6A000F6B2BE421BD080460135802DEFD16FF0FF
:10F6B0000040BDE8F88F4FF0FF367F2420465946C2
:10F6C00052464B46FFF73EFFB04204DD0135EDB236
:10F6D000BD4204D0064614F1FF34EFD22046BDE807
:10F6E000F88F2DE9F04F8BB00446002508AB07AA30
:10F6F000884606A9D0F8A8A0069507950895FBF7B7
:10F700007CFD20460DF126010DF12702FEF7C8F819
:10F710009DF8263006AF0393012397E8800A0093F3
:10F72000039B4A46019339465B462046FFF7A1FFFB
:10F730009DF827304A460493019306465B460095A0
:10F7400020463946FFF795FF9AF8E833814623B300
:10F75000B4F90431B4F902C105930123B4F906B137
:10F760000093039B624601935946059B2046CDF8C2
:10F7700008C0FFF77EFF049BDDF808C00746019331
:10F780000095204659466246059BFFF772FFBE4230
:10F79000B8BF3E468145A8BF8146B8F1010F02D0EF
:10F7A000B8F1030F02D17610CAF84464A8F1020838
:10F7B0005FFA88F8B8F1010F9CBF4FEA6903CAF8F5
:10F7C00048340BB0BDE8F08FF0B5D0F8A840002366
:10F7D00085B001930293039394F858340546002BA7
:10F7E00079D0FFF75AFC064608B17F2873D102AAE8
:10F7F00003AB284601A9FBF700FD40F23E61284615
:10F80000F9F78BFD40F2A641C7052846F9F785FDBB
:10F81000C005C00DFF0DFF2886BFA0F5807080B227
:10F8200000F58070FF2F88BFA7F58077C0F5FE70C8
:10F830008CBFBFB207F5807703303818801080B2D4
:10F84000BEB994F856340133DBB2042B84F8563435
:10F8500041D901A90EC984F85664FFF773FED4F8A4
:10F8600048244310043B9342B8BF1346C4F84434C1
:10F8700019E07F2E2FD194F857340133DBB2042BDB
:10F8800084F8573427D9002301A984F857340EC9C6
:10F89000FFF758FED4F84424431004339342A8BF22
:10F8A0001346C4F84834D5F8A8209BB2D2F84814BF
:10F8B000D2F844249342B4BF18461046814201DD79
:10F8C0008BB202E09A42B8BF93B2284640F2A741F9
:10F8D000FF22F9F721FF05B0F0BD30B5D0F8A850F0
:10F8E0009BB004460246002392F9100501A940424C
:10F8F000585004330132502BF6D195F86A306BB969
:10F9000007231793202319931423169315914FF46B
:10F910005073204615A91893FEF7BBFAD4F8A82017
:10F9200094F82936D2F84814D2F844249342B4BF4C
:10F9300018461046814201DD8BB202E09A42B8BF00
:10F9400093B2204640F2A741FF22F9F7E5FE95F871
:10F95000E833F3B194F82926B5F8E6332046D31AF4
:10F960001B024FF47F42134040F2D141F9F7D4FE1D
:10F9700094F8292695F8253595F8E6139B1AD31A9D
:10F980005B1A5BB2204640F2D141FF229BB2F9F7ED
:10F99000C3FE2046FBF7CCFC1BB030BD2DE9F04187
:10F9A00004460D46FBF761FE294607462046FBF755
:10F9B00062FD394605462046FBF75DFD4022B5F560
:10F9C000404F0CBF13460023074640F2DA61204641
:10F9D000D4F8A860F9F7A0FE1022B5F5404F14BF87
:10F9E00013460023204640F2A361F9F795FEA5F5E2
:10F9F000404E0122DEF1000343EB0E03204640F2AD
:10FA00006E41F9F789FEAF4200F09380B7F5404FA1
:10FA100002D12046FFF764FBB5F5404F20463AD1AE
:10FA2000FFF75BFFD4F8A830328E93F966355200A9
:10FA3000013392FBF3F3204640F2A44140F2FF125F
:10FA40009BB2F9F769FE738E20461B0240F2A54176
:10FA50004FF4E06203F47F43F9F75EFE0422204690
:10FA6000002340F21F11F9F715FEE369E021186940
:10FA700038F028DC0021F0852046FBF78EFFFF23BD
:10FA800086F83430204640F2A9414FF4004200236A
:10FA9000F9F742FE02E00121FBF77FFF204640F22A
:10FAA000A4414FF460422B46F9F736FEB5F5404FBE
:10FAB0000FD12046FBF700FD40F2A44100280CBF07
:10FAC0004FF4005300234FF400522046F9F724FE70
:10FAD00013E04EF201039D420FD12046FBF72DFCAF
:10FAE00001462046FFF786F8204640F2A941F9F783
:10FAF00014FCC0B2401086F8C10296F96735204662
:10FB0000012B0DDD40F2A441F9F707FC00F480431E
:10FB10009B13204640F225514FF40042DB0304E0E2
:10FB200040F225514FF400420023BDE8F041F9F7BF
:10FB3000F3BDBDE8F08138B50022D0F8A83080F8D8
:10FB40002B2693F8E024044692B190F92A26D3F8A4
:10FB500048148A4203DBD3F810359A4208DA20466B
:10FB60004EF20101FFF71AFF012384F82B3638BD4E
:10FB700004F582531B7983B12046FBF776FD002103
:10FB800005462046FFF70AFF2046FFF7A6FE20465F
:10FB90002946BDE83840FFF701BF38BD7FB50DF1FC
:10FBA0001603009301230193002302935723039329
:10FBB000694610230493FDF787FEBDF81600000A7E
:10FBC00007B000BD10B5002388B00593102307933C
:10FBD0000DF10603039301230446ADF806100493C8
:10FBE00003A955230693FEF754F92046FBF750FC72
:10FBF00010B12046FDF7DFFF08B010BD2DE9F04140
:10FC00000446D0F8A850002616E0B4F8DA2002F432
:10FC10007042B2F5805F06D11A7922B1890420467C
:10FC2000890C9A7805E05A792AB18904DA78204655
:10FC3000890CF9F74CFB013606227243C1498B1837
:10FC4000895A4FF6FF729142DFD12046732100227C
:10FC5000F9F73DFB204632216A22F9F738FB1922D9
:10FC600020463321F9F733FB95F8EC231AB12046EF
:10FC70003321F9F72CFBC2216F222046F9F727FB2D
:10FC8000902110222046F9F722FB10210022204665
:10FC9000F9F71DFB9B2107222046F9F718FB1D21D0
:10FCA00002222046F9F713FB1E2106222046F9F70F
:10FCB0000EFB204640F2EA4144F28862F9F738FB35
:10FCC000B4F8DA3003F47043B3F5005F40F04C81D0
:10FCD000B4F8FE3F95F8E9831AB2B8F1A00F0CBF53
:10FCE0004FF004084FF00208013218BF984609E0AF
:10FCF00004F58053B3F800800FFA88F3013308BF8E
:10FD00004FF002084FFA88F81FFA88F80722434696
:10FD1000204640F2EB41F9F7FFFCB4F8DA3003F487
:10FD20007043B3F5005F08D0B3F5805F07D195F855
:10FD30003B65003618BF012602E0002600E00126E0
:10FD4000370133460F22204640F2F241BFB2F9F7A5
:10FD5000E3FCF022204640F2F2413B46F9F7DCFC9E
:10FD600033460F22204640F2F141F9F7D5FCF0224C
:10FD7000204640F2F1413B46F9F7CEFC4FEA08231A
:10FD8000204640F2F2414FF4E06203F47F43F9F77A
:10FD9000C3FCB4F8DA30204603F47043B3F5805F57
:10FDA00004F598530CBF9E895E8940F2EB417302C3
:10FDB00003F47E434FF40072F9F7AEFCB4F8DA3086
:10FDC00003F47043B3F5805F07D004F59A539B8A20
:10FDD0001AB2013201D09B0200E0B3024FF48062FC
:10FDE00003F47C43204640F2EB41F9F795FC40F2E6
:10FDF000EB412046D4F8A860F9F78FFA00F4806050
:10FE0000801286F8470540F2EB412046D4F8A860FE
:10FE1000F9F783FA00F40070401286F84805D4F828
:10FE2000A830204693F8471593F848258A1A18BF3A
:10FE3000012283F84625FBF73FFB830203F47C4352
:10FE4000204640F646114FF48062F9F765FC2046E3
:10FE50003D490622F9F772FC04F5905393F83D30C2
:10FE60002BB10F22204677211346F9F713FC2046C9
:10FE70000021FFF7A7FE95F89A352BB92046FDF72C
:10FE8000A1F92046FDF7F4F9E3697A21186938F001
:10FE900019DA95F8EC23400086B22AB126B1E3695D
:10FEA000B11C186938F02CDA95F8ED232AB126B187
:10FEB000E3693146186938F023DA95F8BB34DBB1D1
:10FEC00004221346204640F21D11F9F7E3FB2046B9
:10FED0009F213F2295F8BC34F9F7DCFB20469E2198
:10FEE0003F2295F8BD34F9F7D5FB204677210F2244
:10FEF00095F8BE34F9F7CEFBB4F8DA3003F470436A
:10FF0000B3F5805F37D195F95835002B33D0B42144
:10FF100024222046F9F7DBF9B72124222046F9F7FD
:10FF2000D6F90322B8212046F9F7D1F995F95825D9
:10FF3000022A0BD12046B821F9F7C9F92046B5218C
:10FF400001220DE0D0130200BAF40100032A12D1FD
:10FF50002046B8210222F9F7BAF92046B52100223D
:10FF6000BDE8F041F9F7B3B9B3F5805F3FF4C0AE37
:10FF70004FF00208C6E6BDE8F08100BFFFF73EBEC5
:10FF80002DE9F043D0F8A8608DB096F966350446A7
:10FF90000D460F46ABB15F4B0B40002B03DA013B24
:10FFA00063F0010301330C22012B20464FF48F61D3
:10FFB00001D1082300E00023F9F7AEFB05EBD5756E
:10FFC0006D1007234FF02009039305F5A07386F801
:10FFD000347086F8C17204930CAF0DEB090347F837
:10FFE0002C3D4FF0010839462046CDF81490CDF84D
:10FFF0000880FDF769FC05F1C003394604932046EB
:020000040803EF
:1000000009AB0193CDF81490FDF75EFC099B2046E7
:10001000DAB2ADF818201A0A1B0CDBB2ADF81C30AE
:10002000089BD2B21B0F03F0070306A9ADF81E30E0
:10003000ADF81A20FBF7CDFC9DF82710204601F003
:100040007F01FBF74DFD08992046090DC9B2FEF767
:10005000A1F820464146FBF7A0FC089A2046910AE9
:1000600089059205920D890DFEF778FD05F5E0737F
:100070003946049320460AAB0193FDF725FC204640
:10008000BDF82810FFF79EFD05F51073394604935F
:1000900020460BAB0193FDF717FC0B9F4FF6F8734F
:1000A000FF003B40204640F2A66141F6FF72F9F79F
:1000B00033FB96F96735434529DD40F2255120464B
:1000C000F9F72BF9C0B28542D4BF0025012520469F
:1000D00040F225514FF480722B02F9F71DFB2046A8
:1000E00040F225514FF400726B02F9F715FB2046E0
:1000F00040F225514FF48062AB02F9F70DFB204628
:1001000040F225514FF40062EB02F9F705FB0DB008
:10011000BDE8F0830100008038B50C46002105469B
:10012000FFF73CFC28462146BDE83840FFF728BFD2
:100130002DE9F04F8BB0059204460491FBF795FA38
:1001400040F23B4102902046F9F7E7F8C0F38010F7
:1001500006A903902046FBF790FA4FF47A70EEF36D
:10016000E3F04FF47A70EEF3DFF004F598531A6978
:1001700000239846D11891F8201019B108F1010810
:100180001FFA88F80133042BF4D114270026D0E09D
:10019000D4F8B030D3F8203103F0010383F0010923
:1001A0001BB1E369186938F0DDD82046FAF785FEFF
:1001B00004F598531B69204603EB4503998CFFF720
:1001C000ABFF20460199FDF7E5FFB9F1000F03D120
:1001D000E369186938F0B2D84FF4004240F2A44104
:1001E00013462046F9F798FA41F28830EEF39CF076
:1001F00041F28830EEF398F041F28830EEF394F05B
:10020000204640F2A641F9F788F84FEAC0594FEA74
:10021000D959B9F1FF0F86BFA9F580791FFA89F97D
:1002200009F580794FF0100B4FF0000A204640F29C
:100230003E61F9F772F80BF1FF3BC005C00D1FFAE4
:100240008BFB8244BBF1000FF0D14FEA1A1A1FFA60
:100250008AFABAF1FF0F8CBFAAF5807A0AF5807A84
:100260003846002108AA09ABEFF38CF604F5985341
:100270001B6900215B1993F820000DF122020DF19A
:100280002603EFF37FF6BDF92410BDF926301FFADF
:100290008AFA994209DABDF92200591AEFF324F7D4
:1002A000BDF824B0ADF8220008E0BDF92000C91A5D
:1002B000EFF31AF7BDF826B0ADF82000BDF9200025
:1002C000BDF92210EFF31AF70FFA8BF3032BCCBF13
:1002D000ABF1040BCBF1040B0FFA8BFB012303FAF8
:1002E0000BF300EB800003EB40000BF1010B40FA35
:1002F0000BF000F10C03182B13D804F598531B696D
:100300002A1D53F822304FEA9909C018049BC9F1FD
:100310007F099855059B09EB9A0A03F806A0013658
:10032000B6B20135ABB24345FFF432AF0137652FAA
:1003300003D0FBB201930025F4E720460399FBF7B5
:100340002CFB204606A9FBF744FB20460299FFF749
:1003500025FB30460BB0BDE8F08F00002DE9F04FD3
:1003600087B00446D0F8A870FBF77FF98246204694
:10037000FEF793FE4FF489715FFA80F92046F8F793
:100380008FFF072183462046F8F78AFF00F001001F
:100390000090FF212046F8F783FF00F0100080B2A4
:1003A000019040F21F112046F8F77AFF00F0040098
:1003B00080B2029040F2AB412046F8F7AEFFD4F88D
:1003C000B030D3F8203103F0010383F0010203922F
:1003D0001BB1E369186937F0C5DF00212046FFF73C
:1003E000DDFA2046FAF769FD40F23B412046F8F776
:1003F00094FF04A9C0F380182046FBF73EF920467D
:100400000121FBF7CAFA20467F21FFF785FE012272
:10041000134620460721F9F73DF9102213462046DE
:10042000FF21F9F737F90422134640F21F11204645
:10043000F9F730F92046FEF77BFE062247492046B1
:10044000F9F77CF92046FFF7A9FB00210646204674
:10045000FDF7A0FE002220460121F9F7F1FA40F253
:10046000AB412046F8F759FF40F23E612046F8F7CD
:1004700054FFC505ED0D2B46204640F2A64140F243
:10048000FF12F9F749F997F8E8330BB320463449DE
:100490000922F9F753F9002220460121F9F7D0FA91
:1004A00040F2AB412046F8F738FF40F23E6120466B
:1004B000F8F733FFC30540F29A41204640F2FF129D
:1004C000DB0DF9F729F9204626490922F9F736F913
:1004D000204640F2A64140F2FF122B46F9F71CF9E4
:1004E00000234FF48052204640F24C41F9F714F9B2
:1004F00020463146FDF74EFE20464146FBF74DFAB9
:10050000204604A9FBF765FA20464946FFF704FE9A
:1005100020465146FFF742FA20464FF489715A4669
:10052000F8F7D5FE204607210122009BF9F7B2F823
:100530002046FF211022019BF9F7ACF8029B2046D0
:1005400040F21F110422F9F7A5F8039B1BB9E369D8
:10055000186937F0F3DE07B0BDE8F08FE0F5010071
:10056000ECF5010046F701002DE9F04F044695B087
:10057000D0F8A85040F2E7300E46EDF3D5F607214B
:100580002046F8F78DFEFF215FFA80F82046F8F745
:1005900087FE40F21F115FFA80F92046F8F780FECF
:1005A00005215FFA80FA2046F8F77AFEC0B2009083
:1005B00025212046F8F774FEC0B201904FF48971EE
:1005C0002046F8F76DFEC0B202904FF0000B884F46
:1005D000204637F80B10F8F7A0FE07AB23F80B0006
:1005E0000BF1020BBBF11C0FF1D1D4F8B030D3F8F2
:1005F000203103F0010383F0010203921BB1E36990
:10060000186937F0AFDE40F2A4412046F8F748FE03
:10061000002104902046FFF7C1F995F8C1527F21CF
:1006200020460595FFF778FD012207211346204655
:10063000F9F730F81022FF2113462046F9F72AF87F
:1006400004221346204640F21F11F9F723F8362200
:1006500020466849F9F772F82046FBF71DF9400873
:1006600080B2E62806DC2046FBF716F9430819336A
:100670009BB200E0FF23FF22204640F2A541F9F79C
:100680004BF825210C222046F8F721FE08221346BC
:1006900005212046F8F7FEFF092257492046F9F7C1
:1006A0004DF82046FBF7F8F8102312930123ADF81C
:1006B0004E0008250F9320460DF14E034FF0060B18
:1006C0000EA910950E93CDF844B0FDF7E2FB012E74
:1006D00020460BD149495A46F9F730F820222046E6
:1006E00082211346F8F7D6FF042605E044495A460E
:1006F000F9F724F80A260725012246F40076134666
:1007000020464FF49B6146EA0515F9F705F8AB0062
:1007100020464FF49B6140F6FC72F8F7FDFF022281
:10072000134620464FF49B61F8F7F6FF20464FF43E
:100730009B614FF4E0424FF40053F8F7EDFF2022A5
:10074000134620464FF49A61F8F7E6FF0121002294
:100750002046F9F775F9204640F27641F8F7DDFDBD
:10076000030402D40A20EDF3DFF5204607214246B8
:10077000F8F7ADFD2046FF214A46F8F7A8FD2046D0
:1007800040F21F115246F8F7A2FD20460521009ABB
:10079000F8F79DFD20462521019AF8F798FD20469F
:1007A0004FF48971029AF8F792FD002507AB795B47
:1007B0005A5B20460235F8F7BBFD1C2DF6D1059B90
:1007C000204659B2FFF7A8FC049A204640F2A44103
:1007D000F8F77DFD039A1AB9E369186937F0AEDDC1
:1007E00040F2E730EDF3A0F515B0BDE8F08F00BFA3
:1007F000C2F701009CFA010008FB01001AFB01008E
:1008000026FB010073B5D0F8B0300446D3F8203190
:10081000D0F8A85003F0010383F001061BB1C369AF
:10082000186937F09FDD04F582531B7923BBB4F8B8
:10083000DA2002F47042B2F5005F06D10422ADF86E
:1008400000200C22ADF8022005E0FF22ADF80020C8
:10085000ADF80220F02220466946ADF80420ADF83C
:100860000630FBF7B6F820469621FDF793FC2046AC
:100870000121FFF779FE5BE02046FFF76FFD204680
:10088000FEF72EFC20460021FEF769FE204638497F
:100890000F22F8F753FF95F8E833DBB1204601212A
:1008A000FEF75DFE95F92435204640F2D141FF2246
:1008B0009BB2F8F731FF95F82535204640F2D1413B
:1008C0004FF47F421B02F8F727FF204629490C22EC
:1008D000F8F734FF052228492046F8F72FFFD4F80F
:1008E000A830D3F84824D3F844343C2BB4BF19467D
:1008F0003C218A4201DD93B203E03B2BD4BF9BB283
:100900003C23204640F2A741FF22F8F705FFB4F848
:10091000DA30204603F47043B3F5005F0CBF95F85E
:10092000543495F855344FF440412B86FFF736F890
:1009300040F276412046F8F7F0FCC005C00DA5F85E
:100940006C0540F277412046F8F7E7FCD5F83434DF
:10095000C005C00DA5F86E051BB120460121FCF7AE
:10096000AAF91EB9E369186937F0E8DC7CBD00BF5D
:1009700006F9010056F901006EF90100F8B5D0F84A
:10098000A840012384F86130002384F8C033B0F814
:10099000DA30054603F47043B3F5005F02D194F8F2
:1009A000C13304E0B3F5805F06D194F8C233022B63
:1009B00002D1012384F8C033B5F8DA30284603F4B5
:1009C0007043B3F5805F0CBF94F8EB3394F8EA33CF
:1009D000002684F8E933638B0127A4F8BE32042291
:1009E0002249267084F8C26284F8C36284F8C46223
:1009F00084F86775F8F7A2FE28463946FBF78DFAAA
:100A000004221B492846F8F799FE2846FDF732FFD5
:100A10002846FFF7B3FA2846FFF7F4FE84F82C6067
:100A2000B5F8DA102846F9F7F9FF2846FDF747F838
:100A30004FF4804213464FF489612846F8F76CFE64
:100A40006420EDF371F4334628464FF489614FF486
:100A50008042F8F761FE28464FF44041FEF79EFFC2
:100A600041F28833E38684F89A75F8BDE2FB010011
:100A7000EAFB01002DE9F04FD0F8A860154603F11C
:100A8000340206EB4202B2F8048006EB4303B2F8EC
:100A90000A90B3F8787089B004464A468A464146BF
:100AA000FEF75CF820463946FFF78CF807230493DD
:100AB000202306934FEA8858012303934FEA98585E
:100AC00007AB02934FEA88284FF0000B2FE013B1D9
:100AD0001AF0010F29D15BB20133BAFBF3F303F52E
:100AE000A073204602A90593FCF7EEFE079A4FEA91
:100AF00089534FEA125B9B0D4FEA0B5B43EA0B0BEA
:100B0000204602A94BEA080BCDF81CB0FDF7C1F94D
:100B100096F9663520460133BAFBF3F303F5E0732B
:100B200002A905930797FDF7B4F90AF1010AAA454E
:100B300096F86635CBD9B3B17F2D14D14FF4C0757B
:100B4000204602A90595CDF81CB0FDF7A2F905F1E4
:100B50008003204602A9013507970593FDF799F90F
:100B6000B5F5E07FECD196F8810096F87E1096F806
:100B70007F2096F8803000902046FBF703FB09B0F9
:100B8000BDE8F08F70B500210446D0F8A8500B46A0
:100B90007F22FFF76FFF2046FEF786F82046B5F864
:100BA000B812B5F8BA22FAF7B0FF204640F2D16188
:100BB00004220023BDE87040F8F7AEBD70B50446CE
:100BC000D0F8A8300D46A9B193F8BC32002B29D03B
:100BD000FFF7D8FF20460422002340F2D161F8F746
:100BE0009BFD8022204640F276611346BDE87040AE
:100BF000F8F792BD0422134640F2D161F8F78CFD5C
:100C0000802220462B4640F27661F8F785FD20468B
:100C10002946FEF7D7FF204629462A46BDE8704000
:100C2000FDF79CBF70BD000010B5044611B9104916
:100C3000132218E012220F49F8F780FD012100224B
:100C40002046FBF713FF0C4906222046F8F776FDF5
:100C5000B4F8DA30204603F47043B3F5005F0CBFFC
:100C6000064907491E22BDE81040F8F767BD00BFDE
:100C700052FA010078FA01005EFB01006AFB0100F4
:100C8000A6FB01002DE9F04104460F46154640F24F
:100C9000DA6148F280021E469DF81880F8F72EFDB2
:100CA0002046FAF709FCB8B140F652112046F8F791
:100CB00034FBFF22C3B240F648112046F8F72CFD62
:100CC00040F653112046F8F728FB40F64911C3B20D
:100CD000FF222046F8F720FDD4F8A83093F84635D7
:100CE0007BB140F2EB412046F8F717FB00F40073AC
:100CF0005B12204640F2EB414FF480629B02F8F712
:100D00000BFD7B1EFF229BB2204640F24261F8F7AA
:100D100003FD4FF6FF739D4201D0013DADB2204669
:100D20004FF4C8614FF6FF722B46F8F7F5FC2046EA
:100D300040F241614FF6FF723346F8F7EDFC204672
:100D4000B8F1000F05D008490422BDE8F041F8F7DA
:100D5000F5BC40F23F610122F8F7EAFA2046012192
:100D6000BDE8F041FFF760BF88F40100F8B50F4619
:100D700040F23B410446F8F7D0FA40F23C410646C7
:100D80002046F8F7CAFA0546204677B10E221049E8
:100D9000F8F7D4FC20460121FFF746FF0D49204615
:100DA0000722BDE8F840F8F7C9BC04220A49F8F761
:100DB000C5FC2046324640F23B41F8F7B9FA2046DE
:100DC00040F23C412A46BDE8F840F8F7B1BA00BF0E
:100DD0008EF601001CF80100B6F6010070B504465D
:100DE0000D46F8F732FC20226B0120464FF4966145
:100DF000F8F792FC0023204640F2B1414FF4007214
:100E0000F8F78AFCB4F8DA3003F47043B3F5005F06
:100E100004D1D5F1010338BF002300E00023002DE9
:100E20000CBF202600262046602246EA83134FF49A
:100E30008261F8F771FC20464FF482618022EB0159
:100E4000F8F76AFC2046BDE87040F8F702BC0000E5
:100E50002DE9F04FC3B019939DF834319DF83091CE
:100E60000C939DF83831BDF844710D939DF83C31D9
:100E7000D0F8A8B00E939DF8403115460F934E4B15
:100E80000446884624AA03F1200E186859681646BD
:100E900003C6083373453246F7D11868182330600B
:100EA00034933EAB012632932046202336938DF8AF
:100EB00006618DF8076133963596FEF76FFE40F2B6
:100EC000D74110902046F8F728FAC0F3C0001190DF
:100ED00040F2D7412046F8F720FA00F4E040000B3A
:100EE0001290364920460622F8F728FC204634495D
:100EF0000F22F8F723FC204631461BAAFCF760FFBF
:100F0000204631460022FCF7CFFEB9F1000F17D181
:100F100020463146FFF762FFD4F8B030D3F82031D5
:100F2000DA0710D5E369B821186942F2107237F078
:100F3000E7D9E369186937F015DACDF8289003E0AE
:100F400000230A9300E00A9620460121FAF77DFD6E
:100F500020460121FFF768FE20460121FAF796FEA0
:100F600040F2EA412046F8F7D8F940F2EB411390FD
:100F70002046F8F7D2F940F2EB4114902046F8F7FA
:100F8000CCF900F0070340F2EB412046DB003822A9
:100F9000F8F7C2FB9BF8C13220463CA90B93FAF745
:100FA0006CFB95B12B7A204663B1697AFFF7B4F8F0
:100FB0006B7A0B9309E000BF88C4010090F4010034
:100FC0009CF401002946FAF704FD40F29C412046BA
:100FD000F8F7A3F940F2316115902046F8F79DF932
:100FE00040F2D66116902046F8F797F940F2DA61A0
:100FF00017902046F8F791F9002118902046FAF74B
:101000008CFF2046A4490722F8F798FB40AB2D93AC
:1010100001232E9307232F9375B19BF966356A7AC6
:10102000013392FBF3F303F5107330932046202332
:101030002DA93193FCF748FC409B4FF6F872DB007A
:101040001A40204640F271614093F8F771F920464A
:1010500092490C22F8F772FB0DF18E0A56460025D4
:10106000204636F8021FF8F71BF937AB5855013503
:10107000122DF5D1072220464FF48B71F8F727F98E
:10108000B4F8DA3003F47043B3F5005F05D12046BD
:1010900040F22D110122F8F71AF9072220464FF4E9
:1010A0009671F8F714F9B4F8DA3003F47043B3F535
:1010B000005F14D120466A21C222F8F708F92046C1
:1010C00098210C22F8F703F9204640F22F11032251
:1010D000F8F7FDF820469721F922F8F7F8F80B21E8
:1010E00007222046F8F7F3F81022204640F21311A9
:1010F000F8F7EDF81D2101222046F8F7E8F8012263
:1011000020464FF48A71F8F7E2F8B4F8DA3003F4C5
:101110007043B3F5005F04D120462E211022F8F76A
:10112000D6F820464FF495710822F8F7D0F82046FB
:1011300009210222F8F7CBF804221346204640F298
:101140001F11F8F7A7FA2046FF2110220023F8F715
:10115000A1FA2046072101220023F8F79BFA204636
:10116000052108220023F8F795FA4FF400421346B0
:10117000204640F2DA61F8F7CFFA4146199A0B9B04
:101180002046FDF723F9002583B2019301212A4669
:101190002B46064620460095029503950495FAF7DE
:1011A000EFFC0C9BAF4208BF4FF4824700930D9BAE
:1011B000204601930E9B414602930F9B2A460393C0
:1011C0004FF4AF630493802307934B46059706952E
:1011D0000895FDF74DF89BF90934002B2FD02CE032
:1011E000204632A9FCF770FB3E9B43F30B33872B61
:1011F00025DD013E0025B3B20193204601212A4698
:101200002B460095029503950495FAF7B9FC0C9BC3
:10121000204600930D9B414601930E9B2A46029364
:101220000F9B059703934FF4AF63049380230793B9
:101230004B4606950895FDF71BF8002ED0D141AA24
:10124000033220460DF58371FAF73DFA9DF8072128
:101250003F2A55D89DF90631002B51DB3F2B4FDC3F
:1012600052B29A424CDCB8F1000F28D1182342AD9B
:101270002F933FAB45F8543D294620463092FCF76A
:1012800023FB9DF90631294620463F9E3093454673
:10129000FCF71AFB0EE000BFBAF50100C8F501002B
:1012A00042A93FAB41F8543D204630953F96FCF7AC
:1012B000F0FD01359DF907216BB29A42F0DC18234D
:1012C0002F933E2342AD30933FAB45F8543D20462B
:1012D0002946FCF7F9FA3F23204629463093FCF7CC
:1012E000D8FD0123204629463093FCF7EDFA002370
:1012F000204629463093FCF7CCFD2046FCF765FBE1
:10130000204640F2EA41139AF8F712F8204640F2DC
:10131000EB41149AF8F70CF82046D721022200235B
:10132000F8F7B8F9082213462046D721F8F7B2F9A2
:10133000002320464FF494710822F8F7ABF92046B9
:101340004FF48B710022F7F7C2FF204640F29C4118
:10135000159AF7F7EDFF204640F23161169AF7F73C
:10136000E7FF204640F2D661179AF7F7E1FF189D94
:10137000204645F0010292B240F2DA61F7F7D8FF59
:1013800020460121FAF7C9FD119D2046EB0040F2ED
:10139000D7410822F8F7C0F9129D20462B0340F2EE
:1013A000D7414FF4E042F8F7B7F92046FBF734FA9B
:1013B0000025564637AB5A5D204636F8021F0135E8
:1013C000F7F785FF122DF5D14FF400620023204678
:1013D00040F24C41F8F7A0F920460021FFF724FC29
:1013E00020460021FAF731FB204640F23B41012222
:1013F0000023F8F791F900234FF40062204640F6ED
:101400003811F8F789F920460021FFF7E7FC20465C
:1014100000211BAAFCF7D4FC204608490F22F8F74C
:101420008DF90A9D1DB9E369186936F087DF2046FA
:101430001099FCF7AFFE43B0BDE8F08F68F70100EC
:101440002DE9F04F8DB0DDF858909B460123804682
:10145000924689F80830642400252E197610002160
:10146000B6B2DB2389F8096001274A460393404658
:101470000B4600910191029104970591FFF7E8FC5A
:10148000182308933F2309930BAB06934046202370
:1014900006A90A930797FCF717FA0B9B1A05121572
:1014A000524343F30B3303FB03230F4A1846D91768
:1014B00082457BEB010328BF344638BF35464FF0E9
:1014C000FF3312EB0A0243EB0B03824273EB01077B
:1014D00003D2504571EB0B0302D3631B012BBCDC21
:1014E00030460DB0BDE8F08F30F8FFFFF7B5044689
:1014F000D0F8A87090F8DA000E46F8F7D5FB40F661
:10150000B41290420546B4F8DA3008D0DBB2012BB1
:1015100007D00002A0F5C420A0F5806003E01A48BF
:1015200001E04FF4523000224FF47A71F9F7E4FEF3
:10153000A0FB002320460096FFF782FFA0F12802BF
:1015400092B21D2A1BD9272809D940F6B4139D420F
:1015500008D02D02A5F5BE20A0F5007004E04FF4E0
:10156000343001E04FF4703000224FF47A71F9F713
:10157000C3FEA0FB002320460096FFF761FF04385E
:1015800087F8C202FEBD00BF008E03002DE9F04FB8
:10159000D0F8A8308FB01646182293F8F4730A9248
:1015A0000DAA089201FB01FB20227BB20C920122C2
:1015B0000992B3F1FF3F08BF01273F2203230546ED
:1015C0000B9207934FF0050806230024039347F678
:1015D000FF73324605932846234621464FF0010902
:1015E000009401940294CDF81090FFF731FC284646
:1015F00008A9FCF769F90D9B1A051215524343F32C
:101600000B3303FB03235B45727A07D2002F4ED1C5
:10161000C8F1000A5FFA8AFACC4601E0C246A44645
:101620004FFA8AF91FFA89F909EB02040697A4B266
:101630006746C9EB040292B23FB15B4507D9CAEBDA
:10164000020A069F86F809A027E05B4524D323B24F
:101650007F2B21DC002B1FDB0623039301230021BA
:10166000049347F6FF7332467472059328460B467F
:10167000009101910291FFF7EBFB284608A9FCF7C6
:1016800023F90D9B4C441A051215524343F30B33B7
:1016900003FB0323A4B2CCE7069F079B4FFA88F80D
:1016A0004FEA6808013B5FFA88F807938CD10FB0C6
:1016B000BDE8F08F2DE9F04F8DB00393C369D0F8EA
:1016C000A88004460E4698684FF480611746EDF3F3
:1016D000E7F00546002800F0878004F58053DE61BE
:1016E00020460121FFF77AFB98F82C3043B12046C1
:1016F0003F490622F8F722F820460021FCF748F877
:10170000A6B101233B4A86EAE671A1EBE6715A4392
:10171000B2FBF1F91FFA89F901FB09F1013391429A
:101720009BB2EFD1B9F5807F02D956E04FF00209A4
:101730004FF0240B0BFB06FB49F640439BFBF3FBEE
:101740004FEA0B4B64234FF000089BFBF3FBAA46C8
:10175000464626E040460AA9F9F758F80B9AD844BD
:101760007A4303D4D2130132521004E05242D2130E
:101770000132521052420A9B9205920D7B4303D4D0
:10178000DB1301335B1004E05B42DB1301335B10BE
:101790005B429B059B0D43EA822301364AF8043BDA
:1017A000B6B24E45D6D1062220461349F7F7C6FFFA
:1017B0001523079300272023204605A909930595A3
:1017C00006960897FCF765FB039B2046009331467D
:1017D0004FF6FF723B46FFF755FAE36929469868D2
:1017E0004FF48062EDF36CF00DB0BDE8F08F00BFF8
:1017F00082F60100005A62020AFC010070B500F591
:101800008053D0F8A8500022DA6195F82C300446B5
:101810003BB12B490622F7F791FF20460121FBF748
:10182000B7FF204640F24461F7F777FD10F001035F
:1018300009D020460021FFF7F7F90222204640F2A6
:101840003F61134606E0810706D5204640F253412A
:101850004FF40042F7F760FF20461A490922F7F7D4
:101860006DFF20460021FFF7B9FA2046F9F724FE64
:1018700030B12046FCF78CF901462046FEF7A2F96C
:1018800095F8473520469B0203F47C4340F2EB4138
:101890004FF48062F7F740FFB5F84E357BB1204634
:1018A000FF2240F64811F7F737FFB5F850352046CC
:1018B00040F64911FF22BDE87040F7F72DBF70BD1B
:1018C000DEF70100EAF7010070B5054688B00C4666
:1018D000F8F7A7FD284634B9FFF790FF28462146C0
:1018E000FFF77CFA20E021460122F9F7E7F80446E9
:1018F000C8B928460121FFF771FA0D4B4026039322
:10190000152305932846102303A9079304960694EC
:10191000FCF7BFFA284631464FF6FF722346009483
:10192000FFF7B0F900E00124204608B070BD00BF09
:101930007E0E02002DE9F8430F010446D0F8A8906E
:10194000FDF7ABFB40F2D741064605462046F7F7C8
:10195000E4FC99F925358046581C0ED0002BB8BF01
:1019600003334022B7EBA30F204640F2D74101DA00
:10197000002300E01346F7F7CFFE04F58053DB6940
:1019800020464BB1FFF73AFF0520ECF3CDF420469B
:101990001B497022002301E019497022FFF78AFEDB
:1019A00020463146FEF7B8FB4FF00B0901212046D7
:1019B000FDF70EFEC61B002E3346B8BFF31C05EB29
:1019C000A305013D7F2DA8BF7F2525EAE5752046AB
:1019D00029460436FEF7A0FB082E02D9B9F1010909
:1019E000E4D12046FFF70AFF204640F2D7414246A5
:1019F000F7F79EFC2046FDF750FBBDE8F88300BFDB
:101A000000093D0070B5B1F1FF3F044615469DF950
:101A1000106001D08B190CE022B990F82916FFF75D
:101A200089FF01E0013204D020462946FFF782FFFA
:101A3000831920461946BDE87040FEF76DBB2DE9BD
:101A4000F04391B00546D0F8A840FDF726FB1C23D3
:101A50008DF8393001238DF83830B5F8DA305FFA77
:101A600080F803F47042B2F5805F08D1DAB2402A00
:101A700001D81B2200E02D228DF8392032E0B2F58A
:101A8000005F2FD1B4F82A150BB2013304D04FF602
:101A9000FF73002908BF1946B4F8F6331AB20132B1
:101AA00005D04FF6FF72002B08BF134601E04FF43C
:101AB0009173B4F82C7594F8F02338B2013004D047
:101AC0004FF6FF70002F08BF0746B4F8F86330B236
:101AD000013004D04FF6FF70002E08BF064694F880
:101AE000F19393E0DBB2402B2FD8B4F82E150BB254
:101AF000013304D04FF6FF73002908BF1946B4F82C
:101B0000FA331AB2013205D04FF6FF72002B08BF2C
:101B1000134601E04FF49173B4F8307594F85925E9
:101B200038B2013004D04FF6FF70002F08BF0746CF
:101B3000B4F8006430B2013004D04FF6FF70002ECC
:101B400008BF064694F85B9560E08C2B2FD8B4F85C
:101B500032150BB2013304D04FF6FF73002908BFD2
:101B60001946B4F8FC331AB2013205D04FF6FF72B1
:101B7000002B08BF134601E04FF49173B4F834759D
:101B800094F8F22338B2013004D04FF6FF70002FE2
:101B900008BF0746B4F8026430B2013004D04FF6F3
:101BA000FF70002E08BF064694F8F3932EE0B4F8B9
:101BB00036150BB2013304D04FF6FF73002908BF6E
:101BC0001946B4F8FE331AB2013205D04FF6FF724F
:101BD000002B08BF134601E04FF49173B4F8387539
:101BE00094F85A2538B2013004D04FF6FF70002F18
:101BF00008BF0746B4F8046430B2013004D04FF691
:101C0000FF70002E08BF064694F85C9509B2481C88
:101C100005D02846FFF78EFE84F8070414E019B2B9
:101C20004B1C06D028460CAAFFF7B0FC9DF83930B3
:101C300008E053B2013302D084F8072404E09DF891
:101C400039300BB184F8073439B2481C05D0284626
:101C5000FFF770FE84F8080411E031B24A1C08D086
:101C600028460CAAFFF792FC9DF8393084F8083416
:101C700005E04FFA89F3013318BF84F8089494F90A
:101C8000EF33013302D0FF2384F8083494F808249A
:101C900051B24B1C74D094F8073458B28142D8BF6B
:101CA00084F8083494F80834D8BF84F807248DF8F1
:101CB00039300026DB23039301273346284631467B
:101CC0000CAA00960196029604970596FFF7C0F8B5
:101CD0001823099320230B9308970FAB284607A9D5
:101CE00007930A96FBF7F0FD06F14003284607A983
:101CF00001360A93FCF7CDF8402EEED194F9072473
:101D000094F90834D31803EBD3735B10A4F8683547
:101D1000B5F8DA3003F47042B2F5005F05D1B4F8DB
:101D20005E2512B1A4F8682510E0DBB2402B03D881
:101D3000B4F8603513B107E08C2B02D8B4F86235E3
:101D400013B9B4F864350BB1A4F86835284640F2ED
:101D500024514FF400420023F7F7DEFC94F9663576
:101D6000B4F86825013392FBF3F39BB2284640F2A6
:101D70002551FF22F7F7D0FC022384F8673529E0CC
:101D8000012384F86735284640F22551FF227F233E
:101D9000F7F7C2FC284640F225514FF48072002329
:101DA000F7F7BAFC284640F225514FF400720023A1
:101DB000F7F7B2FC284640F225514FF48062002329
:101DC000F7F7AAFC284640F225514FF400620023A1
:101DD000F7F7A2FC0023A4F86A35284640F2255103
:101DE00094F96665F7F799FA0136B6B2C0B2464380
:101DF00094F96635A4F8686513B12846FCF73EFEF1
:101E000094F8EF3328465AB2013208BF94F80734E9
:101E100000218DF83930DB23039301230CAA0493AE
:101E20000B460091019102910591FFF711F82846A8
:101E30004146FEF771F9284640F27161F7F76DFAF5
:101E4000B4F86A2540F27161A0EBC20292B2284652
:101E5000F7F76EFA2846FBF7B8FD11B0BDE8F0833E
:101E60002DE9F04FC3B00592044616220F4613A881
:101E700000211193E7F3CCF6654B1FAA03F1080686
:101E800018685968154603C50833B3422A46F7D186
:101E900018689B882860AB805D4B23AA03F1080675
:101EA00018685968154603C50833B3422A46F7D166
:101EB00018689B882860AB80564D48F267012868F7
:101EC000ADF8F010696848F2452236ABADF8F42061
:101ED00003C327AA05F10803103518685968164688
:101EE00003C60833AB423246F7D118684A4D9B8887
:101EF000306069682868B38038AB03C32BAAA5F1AA
:101F00000E03063D18685968164603C60833AB42EF
:101F10003246F7D118689B883060B38047F6973314
:101F2000ADF8F830ADF8FC30E36900269868302150
:101F30003A963B96D4F8A850ECF3B2F406900028F9
:101F400000F07D8240F2DB612046F7F7E6F940F2CF
:101F5000DA610C902046F7F7E0F930490D90042241
:101F60002046F7F7EBFB0599072959D8DFE801F080
:101F70000B0458585817271F07260DF18C0A13AA6F
:101F80000DF1AC0851E000210A4620460B460096B0
:101F90000DF17C0AFAF7F6F8072613AA43E005F1DB
:101FA000820201260DF1F00A0DF1F8083DE005F17D
:101FB000820201260DF1F40A0DF1FC0835E041AB77
:101FC000033341AA009341A901320DF583732046E2
:101FD000F9F7BAFF9DF804219DF80531002143EA85
:101FE0000223ADF85A3000239DF80621ADF85C308D
:101FF0009DF80731ADF8601043EA0223ADF85E307A
:1020000004260DF1D80A13AA0DF1E0080DE000BF77
:10201000ACC40100BAC40100D0C40100FEF8010044
:102020000026B24632460DF19C084FF0400E1023B8
:10203000DFF820B28DE8084000210B232046CDF8C0
:1020400008B0F7F7EFFC05227B492046F7F776FB4F
:102050002046F9F70AFB4FF4805213460E9040F2E7
:10206000A4412046F7F758FB00212046FDF796FCD7
:1020700040F2DB412046F7F750F9704906220F90F5
:102080002046F7F75BFBB4F8DA30204603F47043E0
:10209000B3F5005F0CBF6A496A491222F7F74EFB9D
:1020A00040F2D7412046F7F738F9069910902046BC
:1020B000FBF7F8F9204640F23B41F7F72EF9C0F361
:1020C0008010079018B120463AA9F9F7D6FA57B907
:1020D000079A1AB92046298EFEF71EF8204634A921
:1020E000F9F7CBFA34AFB7F802903B884FEA0919F9
:1020F00049EA0329BB883868796849EA030932ABA1
:1021000003C31FFA89F92FA800210A22E7F380F5FB
:10211000B9F1000F0AD12FA84B490A22ADF8C89097
:10212000ADF8CA90ADF8CC90E7F30EF5204632A991
:10213000F9F74FFC0027042220464449F7F7FEFA3E
:102140004FF0100939460A232046414A0197CDF83D
:102150000090CDF808B0F7F765FC202339460193CD
:1021600020460A233A4ACDF80090CDF808B0F7F798
:1021700059FC204640F2534140F2A472F7F7D8F8D8
:10218000B5F8C87340F6A663002F08BF1F46059B2D
:10219000052B01D17F42BFB204F58053DB692BB11F
:1021A0002046FFF72BFB0520ECF3BEF03FB24FF4C7
:1021B0007A710123794358222046FFF77BFA40F2D7
:1021C000DA614FF6FF722046F7F7B2F8B4F8DA306A
:1021D000204603F47043B3F5005F0BBF95F89515E7
:1021E00095F8962505910592FCF757FFFF23C0B29D
:1021F000CDF82480B1460A902E4608934FF000088F
:102200005546A0E00021ADF8001135F8027B059A93
:1022100007F470673F0A2AB3042F03D0089B042BEE
:102220001ED119E00A9B059A9918C9B24BB231EA3E
:10223000230128BF7F2110E0CCF90100D6F901006D
:102240004CF50100E2F9010030F8010056FB0100F5
:1022500048F80100C36201000A992046FBF7ADFF70
:10226000F9B20891099B42A933F8022B099301EBBB
:10227000470333F84C3C1BB1D2B242EA032292B27C
:10228000033FBFB2204640F25241F7F751F8012F09
:102290000B9715D86B4B10274FF0450A0293204639
:1022A00000210DF1FE0201238DE88004F7F7ADFB5C
:1022B0002046002140AA01238DE8800CF7F7B2FBED
:1022C000204640F2514135F8022CF7F731F820460C
:1022D000FAF785FA00287BD06023DFF868A1102781
:1022E0000021019320460B2319AA0097CDF808A0DE
:1022F000F7F78BFB40230193002119AA0B232046FB
:102300000097CDF808B0F7F78DFB0B9A012A0BD890
:10231000452301934C4B2046029300210DF1FE0210
:1023200001230097F7F77EFB102360278DE88800D4
:102330002046002106F182020B23CDF808A0F7F712
:1023400064FB08F10108C8457FF45CAF602301938A
:102350003C4B06F1820735460293102620460021A9
:102360003A460B230096F7F750FB0123A5F8983067
:1023700050230193204600213A4604230096CDF8CD
:1023800008B0F7F74FFB552301932046002105F1D4
:102390008C0202230096CDF808B0F7F743FB2046E5
:1023A000F9F78AF8A0B140A90DF581722046FBF734
:1023B00057FD2046FBF7ECFBBDF800110546BDF8C4
:1023C00002212046FCF7CAFB20462946FDF7FAFB0E
:1023D000119911B92046FFF711FA20460699F9F72D
:1023E000BBFE204640F2D741109AF6F7A1FFE36901
:1023F000069998683022ECF363F2204640F2DB4104
:102400000F9AF6F795FF0022204640F25341F6F767
:102410008FFF079A1AB120463AA9F9F7DAFA20464F
:102420000E99FDF7BBFA204640F2DA610D9AF6F7F5
:102430007FFF204640F2DB610C9AF6F779FF43B04C
:10244000BDE8F08FF95C0100C36201002DE9F04F97
:1024500087B00446F9F709F904A906462046D4F8DE
:10246000A850F9F70AF92046F9F724F940F2D741C4
:1024700002902046F6F751FF03902046FDF78EFBB1
:10248000834626B92046FCF708FE824601E04FF05D
:10249000FF0AB4F8DA304FF02A0803F47043B3F5BA
:1024A000005F0CBF95F81E7595F81F7520467FB22A
:1024B00039460F223C23CDF80080FFF7A3FA95F8A8
:1024C0004695B9F1000F00F09280204640F2EB41B2
:1024D000F6F723FF1221C0F3402301222046F7F72D
:1024E000D9F86A780021521A18BF01220B462046FB
:1024F000FFF7B6FC2046FBF74BFB40F3072340B247
:10250000A5F84A35A5F84C0540F2EB412046F6F710
:1025100004FF00F480639B1220465B0240F2EB4113
:102520004FF40072F7F7F8F8002107220B46204617
:10253000FFF796FC2046FBF72BFB40F3072340B246
:10254000A5F84E35A5F85005FF222046B5F84A35C6
:1025500040F65211F7F7E0F82046FF22B5F84C3567
:1025600040F65311F7F7D8F82046FF22B5F84A3560
:1025700040F65611F7F7D0F82046FF22B5F84C3553
:1025800040F65711F7F7C8F82046FF22B5F84E3548
:1025900040F64811F7F7C0F8FF222046B5F850354D
:1025A00040F64911F7F7B8F895F84C35B5F84A15E3
:1025B000204643EA012189B2FDF704FB95F847352F
:1025C00020469B0240F2EB414FF4806203F47C43CF
:1025D000F7F7A2F895F8483520465B0240F2EB4148
:1025E0004FF4007203F47E43F7F796F810E00F22E1
:1025F0003C2320463946CDF80080FFF703FA6A787D
:1026000020460032494618BF01224B46FFF728FCFE
:102610002046F8F73DFF10B12046FBF7CCFA002129
:102620000B467F222046FCF78AF920465946FBF7E5
:10263000B1FD20460299F9F753FA204604A9F9F7AB
:10264000C8F9204640F2D741039AF6F771FE2046BA
:102650001EB13146FDF7A2F902E05146FDF75CFDDF
:1026600007B0BDE8F08F00002DE9F04F9846C36930
:10267000D0F8A860A7B004460F4698684FF483715D
:102680001546ECF30DF18246002800F0E881B8F120
:10269000020F16D10EE03B46197894F8DA20013D7E
:1026A000063F91420AD1204659889A88F9F72DFAB7
:1026B0000125CCE16B1E062202FB0377002DEAD137
:1026C000C5E1B8F1010F40F0C1812046F8F7CDFF18
:1026D000002109902046FDF761F900257B4F204637
:1026E000795BF6F7DDFD18AB58530235182DF5D19F
:1026F00040F231612046F6F710FE15220A9040F2B2
:1027000031612046F6F7FAFF40F24C412046F6F7D9
:1027100004FE40F24D410B902046F6F7FEFD4FF4CB
:1027200096610C902046F6F7F8FD40F2B1410D900D
:102730002046F6F7F2FD40F2F9410E902046F6F7FA
:10274000ECFD40F2FA410F902046F6F7E6FD40F628
:10275000381110902046F6F7E0FD40F6391111903F
:102760002046F6F7DAFD40F23B4112902046F6F79C
:10277000D4FD40F23C4113902046F6F7CEFD40F2E6
:10278000DA6114902046F6F7C8FD40F2DB6115903F
:102790002046F6F7C2FD40F2B74116902046F6F704
:1027A000BCFD40F23B4117902046F6F7B6FDC0F362
:1027B0008019B9F1000F07D0204624A9F8F75DFF72
:1027C00096F8C162079601E0CDF81C90204630993A
:1027D000FDF7A2FC062220463D49F6F7AFFFB4F80C
:1027E000DA3003F47043B3F5005F04D1204698213A
:1027F0000322F6F76CFD204636491922F6F79EFFB4
:10280000204635491822F6F799FFB4F8DA304FF030
:10281000030803F47043B3F5005F14BF04230023DF
:10282000089323E1B3B20093BBB2002501931FFAD2
:1028300088F32A4602932046089B2946039504956F
:10284000F9F79EF920460121F9F7FFF82B462046BB
:1028500022493C22FEF72EFF20464FF489712A467A
:10286000F6F735FD21AB00934FF4FA7B2B4620465B
:102870004FF480612022CDF804B0F9F715FF03462C
:1028800030B917480693F5F713F9069B1D4645E046
:102890002B46204611497822FEF70CFF20464FF4C4
:1028A00089712A46F6F713FD1EAB8DE8080820460D
:1028B0004FF4806120222B46F9F7F6FEA0B983463B
:1028C0000848F5F7F5F85D4628E000BF70F3010011
:1028D000A0F30100ACF30100DEF3010080841E00D0
:1028E00024F401003EF40100229A1F99239BB1EBCE
:1028F000420F0DD902EB8202914209D2209AB2EB2B
:10290000430F05D903EB83039A422CBF0025012511
:1029100016F1FF3602D3002D84D0012517F1FF37C1
:1029200003D3002D00F0A080012518F1FF3802D359
:10293000002D00F09B80204640F2D161042200234C
:10294000F6F7EAFE2DB120464FF48061FAF78EFECD
:1029500005462046FEF752FF204640F231610A9AB2
:10296000F6F7E6FC204640F24C410B9AF6F7E0FC05
:10297000204640F24D410C9AF6F7DAFC20464FF41F
:1029800096610D9AF6F7D4FC204640F2B1410E9ABA
:10299000F6F7CEFC204640F2F9410F9AF6F7C8FC54
:1029A000204640F2FA41109AF6F7C2FC204640F663
:1029B0003811119AF6F7BCFC204640F63911129AEC
:1029C000F6F7B6FC204640F23B41139AF6F7B0FC0E
:1029D000204640F23C41149AF6F7AAFC204640F209
:1029E000DA61159AF6F7A4FC204640F2DB61169AEC
:1029F000F6F79EFC204640F2B741179AF6F798FC8E
:102A0000204640F24C4104220023F6F785FE0026C2
:102A1000174B2046995B18AB9A5B0236F6F757FCCA
:102A2000182EF5D12046B9F1000F03D00799FDF714
:102A300073FB02E04946F8F7B0FF20460999FCF71E
:102A4000ADFF20460021F9F700F800E00025E3691A
:102A5000514698684FF48372EBF332F700E0054675
:102A6000284627B0BDE8F08F0626DBE60427FBE703
:102A700070F30100F7B50446F8F7F7FDE26904F5D5
:102A80008153126AD4F8A8501A60B4F8DA300022E0
:102A900085F8BC3204F5805383F82420D4F8B03094
:102AA0000746D3F8203103F0010383F0010653B148
:102AB000E369B821186942F2107235F021DCE3694C
:102AC000186935F04FDC20460121FEF787F90F2207
:102AD00026492046F6F732FE2046F9F7EDFA204661
:102AE0000021FDF76FF8002120460A46FCF736F872
:102AF0002046F8F7E2F904F582531B796BB12046C2
:102B0000FDF72CFC20460021FCF729FD95F8E83361
:102B10001BB120460121FCF722FD2046FFF796FC61
:102B20007F2300210093204601230A46FFF79CFDE6
:102B3000FF2385F8073485F808342046FAF76EF845
:102B400010B92046FEF77BFF20463946FCF726FFEA
:102B500020460021FEF742F936B9E369186903B04F
:102B6000BDE8F04035F0EA9B03B0F0BD5CF8010031
:102B70000129D0F8A83001D1FCF720BCB3F86C25AE
:102B8000B3F86E35FF2B88BFA3F50073FF2A88BF0B
:102B9000A2F500729BB292B29A1A10B2704770B549
:102BA000D0F8A830D3F8D063D3F8CC53D3F8D443BB
:102BB000FFF7DEFF631E05FB1065012616FA03F31F
:102BC000ED1855FA04F460B270BD2DE9F041B0F88B
:102BD000DA30064603F47042B2F5005FD0F8A84040
:102BE00004D1B4F85483B4F8847513E0DBB2942BA9
:102BF00003D9B4F88675022308E0632B03D9B4F82F
:102C00008875012302E0B4F88A75002304EB4303BE
:102C1000B3F85683B8F1FF0F1CD001213046FFF7FF
:102C2000BEFF193847433FB2002FCCBF07F5FA75F6
:102C3000A7F5FA754FF47A7395FBF3F5ADB24544F9
:102C4000ADB2304640F23441FF222B46F6F764FD28
:102C5000A4F86653BDE8F08170B5D0F8A83001291A
:102C6000D3F8DC63D3F8D853D3F8E04303D102217F
:102C7000FCF7A4FB09E040F27541F6F74EFBC005F6
:102C8000C00DFF2888BFA0F5007000FB1560631F12
:102C9000012515FA03F3043CC018204140B270BD71
:102CA00010B5D0F8A830CCB2D3F8D404020E7F2AE5
:102CB00044EA0020C8BFA2F58072C3F8D404D3F858
:102CC000D8048A1A1218C3F8D8249210C3F8DC2446
:102CD00010BD082270B5134604465721F6F7DAFCFA
:102CE00056212046F6F7DCFA00F0F80556212A4670
:102CF0002046F6F7ECFA0120EBF316F3562145F0E7
:102D000003022046F6F7E3FA0120EBF30DF3562118
:102D100045F007022046F6F7DAFA4FF49670EBF327
:102D200003F32046572108220023BDE87040F6F740
:102D3000B1BC00002DE9F04FB54B8BB004460D46F9
:102D400006AA03F1080718685968164603C608332F
:102D5000BB423246F7D11868306099889B79B180C0
:102D6000B371D4F8A8700023AA4E1A019159A94250
:102D700003D001330E2BF7D157E320469121B6182B
:102D80000022F6F7A4FA204638210722F6F79FFA28
:102D90000A2220468821F6F79AFAD4F8A83093F848
:102DA00082251AB120468821F6F791FA2A21204679
:102DB000327AF6F78CFA302103222046737AF6F73E
:102DC00069FC912103222046B37AF6F763FCF37A7B
:102DD00038210F222046F6F75DFC91210022204683
:102DE000F6F775FA382107222046F6F770FA337B9A
:102DF00030210C229B002046F6F74CFC5E210F226E
:102E00002046737BF6F746FCB37B5E211B01F02264
:102E10002046F6F73FFC6C212046F27BF6F757FA86
:102E2000082220463821F6F752FA91212046032243
:102E3000F6F74DFA0AAA551920465E2115F8112C0D
:102E4000F6F745FA012220467E21F6F740FA97F878
:102E5000EE231AB120463821F6F739FA0722134635
:102E600020462A21F6F716FC20462C210022F6F7F0
:102E70002EFA20462A210C22F6F729FA01222046B2
:102E80002C21F6F724FAD4F8A83093F852252AB367
:102E900093F8532520465E21F6F719FAD4F8A830A6
:102EA000204693F854252A21F6F711FAD4F8A830D1
:102EB000204693F855252B21F6F709FAD4F8A830C7
:102EC000204693F856252C21F6F701FAD4F8A830BD
:102ED00020462D2193F85725F6F7F9F9B4F8DA30A2
:102EE00003F47043B3F5805F04D12046BF21EE2286
:102EF000F6F7EDF902221346204640F21F11F6F7CD
:102F0000C9FB0422F72113462046F6F7C3FBF12143
:102F1000032200232046F6F7BDFBF221F82290237E
:102F20002046F6F7B7FBA223F321FF222046F6F74F
:102F3000B1FBB4F8DA3003F47043B3F5005F04D1A9
:102F4000D4F8A83093F8183506E0B3F5805F06D1C1
:102F5000D4F8A83093F81935012B00F05E820023D5
:102F600020469D210422F6F795FB002344212046AC
:102F70000293F6F795F9C0B2039040F22B11204668
:102F8000F6F78EF9C0B20490442120460722F6F7E6
:102F900072FB0E22204640F22B11F6F76CFB029AD0
:102FA00004F580539D6A0AB1680000E028461A4B78
:102FB0009D4205D9194FBD428CBF0427022700E06E
:102FC0000127B4F8DA8008F47048B8F5005F05D13D
:102FD00073684FEA400903EB430A02E04FF000092F
:102FE000CA4610220E49F8F787F90D490190794336
:102FF00010222846F8F780F9B8F5005F059011D146
:10300000504602211022F8F777F906460BE000BF80
:10301000D8C40100900F020080BA8C01007519031A
:1030200040420F0000264F2102222046F6F74FF9BA
:10303000CA4B4FEAC50B03FB07F8BBFBF8F808F1D6
:1030400001084FEA580808F1FF385FFA88F8522162
:10305000072220464FEA9803F6F71CFB5321602213
:1030600020464FEA4813F6F715FB08F101035F43CA
:10307000BB4ABBFBF7FBBB4F5A44B2FBF7F7013F20
:10308000FFB251213A4620460093F6F720F9059AFF
:10309000304611011022F8F72FF901374743009B02
:1030A0007B4304D4DF1301377F10013F07E06FEA51
:1030B000080808FB07F7FF1301376FEA67073B0AA9
:1030C00053210F22DBB22046F6F7E4FA5421FAB27C
:1030D0002046F6F7FCF80A2303FB0AFAA24F452123
:1030E000B9FBF7F9BAFBF9F809FB18AA4FEA5A023B
:1030F00012050AF0010A4FEA590302EB99024FEA5E
:103100000A5AB2FBF3F25344B3FBF9F94FEA18132E
:1031100009EB020720461F22DBB2F6F7BBFA4FEAA3
:103120000813462120464FF4F87203F0F003F6F737
:10313000B1FA3B0CDBB246210F222046F6F7AAFA81
:103140003A0A47212046D2B2F6F7C1F84821FAB22E
:103150002046F6F7BCF8029B41F29419002B08BFF9
:103160004FF4FA59A9F5D8794FF4F573A9F1030989
:1031700099FBF3F903FB09FA0AF52A7A4FF4256261
:103180004FEA4A2ABAFBF2FA40F27C6707FB0AF7D9
:10319000A7F55837A7F5C067B7FBF3F70CBF4FF497
:1031A000827B4FF4E17B7F0A4FEAC90307F01C02E0
:1031B00043EA92024221204692B2F6F788F807F0DD
:1031C0001F024321204642F02002F6F780F84FEA22
:1031D0004B224FF48773B2FBF3F303FB0AFA634A03
:1031E0004FEA5A2A624BB2FBFAF2D3184FF412415B
:1031F000B3FBF1F303F00F015E4B2046B3FBFAF390
:10320000A3F54C23A3F500631A0C41EA021292B213
:103210004021F6F75CF8584A4FF02553B3FBFAF318
:10322000A3F54633B2FBFAFA4FF4B841A3F50073A5
:10323000AAF56E3AB3FBF1F3AAF5007A03F00F0397
:10324000BAFBF1F243EA02124121204692B2F6F7AC
:103250003EF806F174434FF4966703F5900393FB31
:10326000F7F329275F434FF45C7303FB08F840F240
:103270002B5303FB09F909F5E4610BFB08F00C3152
:103280001022F8F739F807F5D81700EB670090FB24
:10329000F7F7FFB23C2F94BF4FF000084FF0010842
:1032A000B8F1000F00D07F08043FFFB23C213F225D
:1032B00020463B46F6F7EEF93C2140224FEA8813C0
:1032C0002046F6F7E7F9B4F8DA3003F47043B3F5C3
:1032D000005F04D1D4F8A83093F8273506E0B3F5A1
:1032E000805F1AD1D4F8A83093F82835012B14D177
:1032F000019A40F24510504331461022F7F7FCFF87
:10330000043708F1010808FB07F79E214743C02254
:1033100020464023F6F7BEF90CE0019B9620584367
:1033200031461022F7F7E8FF043708F1010808FBDF
:1033300007F74743B7F5160FD4BF00260126731CC5
:1033400003EB430397FBF3F7B7F5003F16DBA7F555
:10335000C033DB1301335B10DBB210E0404B4C0099
:103360003F420F0040420F00A0860100000068604D
:103370000021F6FF000084A30000302A00233D2135
:103380003F222046F6F786F93D214022B301204630
:10339000F6F780F9264B572120229D42204606D978
:1033A0001346F6F777F9234B9D4204D808E0002333
:1033B000F6F770F904E0102220465721134603E087
:1033C0002046572110220023F6F764F9019A4A217A
:1033D000B2F5341F204603DD0222F6F74CF902E075
:1033E000FD22F6F73AF90C22134644212046F6F75F
:1033F00051F90120EAF398F72046FFF76AFC2046CE
:103400004421039AF5F763FF049A204640F22B11FA
:103410000BB0BDE8F04FF5F75ABF04221346204623
:103420009D21F6F737F90123A0E50BB0BDE8F08F39
:1034300080BA8C010075190308B5F8F716F9A0F5E4
:10344000404EDEF1000040EB0E0008BD70B50023D9
:1034500013700B7000F582531B7904460D46164617
:1034600003B340F2AB41F5F758FF10F4004F20468C
:1034700002D040F2AB4108E040F23C61F5F74DFF6D
:10348000030406D5204640F23C61F5F746FF4008AC
:1034900028702046FFF7D0FF08B194F810052B786C
:1034A000C018307070BD38B5D0F8A840054694F803
:1034B00042335BB10021F9F701FA284619210022B5
:1034C000F9F7C0F910B9012384F8453338BD38B590
:1034D000D0F8A850044695F8423383B990F8E93003
:1034E000DA0744BF23F0010380F8E93090F8E930AF
:1034F00099072FD523F0020380F8E93038BD95F8FD
:10350000473323B9D1F1010338BF002300E0012381
:1035100085F84733F1B1012385F846330023C5F818
:103520006C3385F845332046FFF7BDFF95F84333EC
:10353000003318BF012385F8443313B12046F8F750
:10354000D1FF2046F8F782F820460121BDE8384037
:10355000F9F7B4B938BDF7B5D0F8A8400023019306
:10356000009394F842330546002B00F0CD8094F888
:103570004633002B00F0C880D0F8B030D3F82031AB
:10358000D90740F1C18094F84563002E40F0A08037
:1035900031463246F9F756F9002800F0998028465E
:1035A000694601AAF9F77AFA002800F09180019B98
:1035B000C4F86C3394F84633012B40F0898094F8BA
:1035C00091E394F89003009A734631461EE05FB28F
:1035D000DC3754F827C0624536BF44F827204FF047
:1035E000000C624654F8277038BF4FF0010C0133CD
:1035F000DBB2C91901365FB2F6B2072FC8BF00238C
:10360000BCF1000F02D00092009A15E04FFA86FC40
:1036100047B2BC45DBDBF6E75FB2DC37013354F879
:1036200027C0DBB244F82720891801365AB2072A8E
:10363000C8BF0023F6B2624677B2072FECDD43B273
:10364000072B009205DC0023013084F8923384F8C4
:10365000900394F99033082B3AD194F89433E318FB
:1036600093F8972393F8996394F89233FC2B02D83C
:10367000013384F8923394F89233934228D10EF1B7
:10368000010384F891335BB2072B02DD002384F839
:103690009133062384F890332846F8F749FF18B988
:1036A0002846F7F7D3FF10E094F89333FC2B02D8A9
:1036B000013384F8933394F89333B34205D194F8EB
:1036C000943313B9012384F89433002384F892339C
:1036D00094F846130023012984F84533284602D183
:1036E000F9F7ECF802E01946F9F743F92846D4F85F
:1036F0006C13F9F7C7FA002384F8473394F89C3326
:1037000013B9012384F89C33FEBD38B51546D0F8B3
:10371000A8407AB194F8431394F84223C36942EA6B
:1037200041042C6018698C2134F0CCDD44EA00405F
:10373000286038BDCB080DD101F00103C1F3400171
:1037400084F8423384F8431323B90121BDE838409B
:10375000F9F70FB938BD2DE9F843044688461746F6
:10376000D0F8A8604FF00009F7F7A7FB2046012129
:10377000FDF734FB4D460DE001210022F6F760F91C
:103780003846EAF3D1F52046FBF787FC01351FFAEE
:1037900080F9EDB245452046EED30021FDF71EFB32
:1037A00086F8C092BDE8F8832DE9F043B0F8DA302E
:1037B000D0F8A8508BB085F8BC32D0F8B0300446B1
:1037C000D3F8203103F0010383F0010953B1C36939
:1037D000B821186942F2107234F092DDE369186979
:1037E00034F0C0DD40F2A5412046F5F796FD00F427
:1037F000E060070A2046F7F738FF002180462046A0
:10380000FCF7CCF84FF440412046FCF7C7F82046BF
:10381000FBF766FCD4F8A830D3F84824D3F8443436
:10382000402BB4BF194640218A4201DD93B203E028
:103830003F2BD4BF9BB24023FF22204640F2A7413A
:10384000F5F76AFF0023204640F2A5414FF4E062FD
:10385000F5F762FF4FF47A7232212046FFF77BFFC3
:103860000121204695F8C062FDF7B8FA2046F7F727
:1038700024FB3B02204640F2A5414FF4E062F5F7FD
:103880004BFF00212046FCF789F895F8C472012F00
:103890003AD1204607A9FDF729FE39462046FAF716
:1038A00023FCD4F8A830D3F84824D3F844343E2B72
:1038B000B4BF19463E218A4201DD93B203E03D2B9D
:1038C000D4BF9BB23E23204640F2A741FF22F5F72A
:1038D00023FF0023204640F2A5414FF4E062F5F7B4
:1038E0001BFF204632214FF47A72FFF734FF95F820
:1038F000C032DBB995F8C2322046043385F8C232B3
:103900000121FAF7F1FB11E000210123DB228DF800
:10391000243003920493204607AA0B468DF82560B5
:103920000091019102910591FDF792FA20464146DE
:10393000FCF734F8204609490422F5F7FFFEB9F1F7
:10394000000F03D1E369186934F0F8DC2046002148
:10395000FDF744FA0BB0BDE8F08300BF7AF8010030
:10396000082903D00A2903D0022903D1FFF782B81E
:10397000FFF71ABF704710B50446F7F79EFA2046C6
:103980000021FCF70BF820460821BDE81040FFF7A6
:10399000E7BF38B500F5805393F824300446D0F8DB
:1039A000A85013B9F7F7FCFDE0B1D4F8F830590787
:1039B00006D194F8F5301BB920460921FFF7D0FF56
:1039C000D4F8F8301A070DD104F5805292F92C2062
:1039D00042B91B0606D494F8F5301BB920460221E3
:1039E000FFF7BEFFD4F8F83013F00E0F02D12046D7
:1039F000FBF78EFCD4F8F83013F0060F3ED1D5F863
:103A000034244AB3E369D5F83814186A411A91424C
:103A100034D36A21186934F055DC410089B2B1B160
:103A2000E369186934F04EDC88B940F276412046EB
:103A3000F5F773FCC005C00DA5F86C0540F27741A1
:103A40002046F5F76AFCC005C00DA5F86E052046B6
:103A50000021F9F730F911E040F276412046F5F700
:103A60005CFCC005C00DA5F86C0540F2774120460E
:103A7000F5F753FCC005C00DA5F86E052046F7F715
:103A8000F4FDB0F5404F0BD02046FBF706FB20B10C
:103A900000237F2885F8563402D0002385F8573458
:103AA00038BD00002DE9F0415FFA81F80446D0F8F6
:103AB000A85040460E46F6F7F7F83146074620462E
:103AC000F6F7D7F82046B4F8DA10F9F78FFE04229B
:103AD00020465B49F5F732FE41462046FFF72AF9BA
:103AE0000A20EAF321F44FF4004213464FF48961AF
:103AF0002046F5F711FE2046F8F7D4F978000521A5
:103B00000022F7F7F9FB3946002280464FF42010D7
:103B1000F7F7F2FB40F2576107461FFA88F220469A
:103B2000F5F706FC20464FF4CB61BAB2F5F700FC7E
:103B30004FF4007320464FF489614FF44072F5F75B
:103B4000EBFD94F8DA300E2B07D0B5F8622013B2F3
:103B5000B3F1FF3F08BF152200E01E22A5F8402563
:103B60002046002112B2FAF79FF820B1204600212A
:103B70001422FAF799F894F8DA3038220E2B0CBF99
:103B800018230023204640F2EB41F5F7C5FDB4F8B9
:103B9000DA30204603F47043B3F5005F0CBFB5F88C
:103BA0006620B5F86820012113B2B3F1FF3F08BFCA
:103BB0000222A5F83E2512B2FAF776F8182220461E
:103BC0002049F5F7BBFD2046F7F70FFBB4F8DA20E4
:103BD00095F8BC32D2B280B10E2B02D90E2A05D98B
:103BE00001E00E2A02D82046012101E020460021F2
:103BF0003246BDE8F041FCF7E1BF9342204601D1D7
:103C0000012B03D10821FFF7ABFE01E0FCF7BAFF5F
:103C100000210A462046FBF7C1F82046FEF7D5FFF3
:103C200020460121FFF753FC04F582531B792BB189
:103C300020460321BDE8F041FBF753BDBDE8F0810C
:103C400078F9010080F901008068F3F301B3000006
:103C500030B5848804F00303012B08D0022B0CD06C
:103C6000002B2BD108780523B0FBF3F030BD0B7887
:103C7000144A03F00703D05C30BD0D78CB78087987
:103C800005F07F02290643EA002042F0006302D5D6
:103C900043F4806305E0A10644BF42F0006343F4AF
:103CA0004073010648BF43F40003420648BF43F493
:103CB000800300F0300043EA004030BD4FF4007054
:103CC00030BD00BF39F1010070B586680446D4F8F4
:103CD000F811B068F3F3AAF2FF2384F8E2314FF051
:103CE000FF33A361236800229A71336B02210546DA
:103CF0001869F5F729FF204637F0ACDDD5F1010052
:103D000038BF002070BD38B50B6804460D4673B14E
:103D1000D3F87C1129B1036840F20C72D868EAF339
:103D2000CFF523682968D8686269EAF3C9F5236882
:103D30002946D8681022BDE83840EAF3C1B50368C7
:103D400070B510210546D868EAF3AAF50446A0B17B
:103D50002B686969D868EAF3A3F50646206028B99C
:103D600021462846FFF7CFFF344606E00023C0F87F
:103D70007C312146284638F075DE204670BD37B5C7
:103D8000054601A9D0F8000538F08CDF09E0284687
:103D9000214639F0E7D9636C1BB92846214639F032
:103DA000F7DA01A838F086DF04460028EFD13EBDDF
:103DB0002DE9F34788461546002858D0002956D0EB
:103DC0000A88D0F804A0D0F89873D0F89463002A39
:103DD00048D0B1F80290002419F00109FC80BC80A1
:103DE00024D0402A13D104313846234600943DF0B4
:103DF0007BD8A04238DBB6F8022112F0400231D065
:103E0000002D37D0DAF80C003CF010D833E0A2F1E6
:103E100008039BB2372B27D807F108000431E5F3DC
:103E200093F6B8F80080A7F8048024E0202A1ED872
:103E3000043107F14800E5F387F6B6F80241B8F817
:103E40000080012314F04004A7F80490A7F806802E
:103E5000C6F8CC300FD06DB1DAF80C003BF0E6DFDD
:103E60004C4608E0144606E04FF0FF3403E06FF0E4
:103E7000010400E02C462046BDE8FC8710B50DF09B
:103E8000E9FA0446F0F700FF2046BDE81040EAF3E7
:103E900059B0AAAA030019580000101800000FAC6E
:103EA00000001472000050F200004096000050F232
:103EB00001000050F20200000050F20201000090E8
:103EC0004C00AAAA03001958000050F20201010098
:103ED000000364000027A4000041435E0061322F0C
:103EE000000050F204000050F200000FAC0000147B
:103EF00072000001AF810100001018000050F200B4
:103F0000000FAC00004096000000000000001018F8
:103F100000000C0B120F180A240E3009480D60081F
:103F20006C0C0C1218243048606C5E00600062005B
:103F30007800D400092F160E0E05696C306D616390
:103F4000616464723D30303A31313A32323A33335F
:103F50003A34343A353500626F6172647479706551
:103F60003D30786666666600626F6172647265767F
:103F70003D3078313000626F617264666C616773E6
:103F80003D38006161303D330073726F6D7265764C
:103F90003D3200000FAC000050F200AAAA03001945
:103FA0005800CC0102000000D40000000000000016
:103FB0000001000000006E840B000000D40000002F
:103FC000000000000001000000000C12182430481E
:103FD000606C000010091E091F0924092509260923
:103FE000200921092709280929092209230930095B
:103FF0003109320912090F090009010906090709E7
:1040000008090209030909090A090B090409050934
:104010000C090D090E09110900FC070069A505002E
:10402000FF010000695D0A0000040800975E0A00B5
:104030000102000097A6050006000000060000002F
:1040400006000000060000000E0000000E00000048
:104050000E0000000E00000016012D012C016A0068
:10406000980097002F010B0013011D0014012E0072
:104070002A0109001F010700FF0005002184238495
:10408000348384806782568034828480678256803D
:104090003482977A977A977A977A877A877A977B12
:1040A000977A877A877A977BFFEEDDCCBB99887702
:1040B0006655443322110000594D80009557800009
:1040C00049588000315680000D5A8000C158800048
:1040D000295A8000455A8000795780004D5680004B
:1040E000755A800025558000F15980000D588000D8
:1040F00069548000C14E8000E95180005552800013
:10410000C9518000DD58800051518000D155800098
:10411000A555800015568000E14F8000895580002C
:10412000FD4E80000D290000E90A0100ED4D8000E0
:10413000854E8000A94F8000D94D8000094E800037
:10414000514C8000654C8000000000000000000021
:1041500000000000C14F800025528000F95180000E
:10416000D128000028000000776C300073645F6C79
:104170006576656C5F7472696767657200737069F4
:104180005F70755F656E6162006172705F6D616323
:1041900061646472006172705F72656D6F746569ED
:1041A00070000000F83B86000000000007000000DF
:1041B000FF3B860001000000070000000B3C86006A
:1041C00002000000000000001B3C8600030000000D
:1041D00007000000263C86000400000000000000EC
:1041E000373C86000500000008003000413C860096
:1041F0000600000000000000B9C501000800000032
:1042000006000000C5C5010009000000070000000D
:1042100000000000000000000000000070666E5FFB
:1042200073757370656E640058408600000000006E
:1042300008001400604086000100000008008800AB
:1042400068408600020000000800380070408600C8
:1042500003000000080008007E4086000400000003
:104260000100000082408600050000000000000000
:104270008B40860006000000080038004CC6010094
:104280000700000001000000000000000000000026
:1042900000000000352E39302E3233302E333800F6
:1042A000776C25643A202573202573207665727318
:1042B000696F6E20257320465749442030312D25E3
:1042C000780A0041756720313220323032300030B8
:1042D000383A31383A3538005C7825303258007732
:1042E0006C635F696F766172733200727373695FBA
:1042F0006F666673657400505A443A2025643E2503
:1043000064206F722025643E256420613D25640A87
:10431000006C6F775F727373695F7472696767654A
:1043200072006C6F775F727373695F64757261742A
:10433000696F6E0074635F656E61626C65007463C3
:104340005F706572696F640074635F68695F776D41
:104350000074635F6C6F5F776D0074635F7374618B
:10436000747573006173736F635F73746174650058
:1043700064796E74780074785F737461745F6368D5
:104380006B0074785F737461745F63686B5F7072E5
:10439000640074785F737461745F63686B5F7261EB
:1043A00074696F0074785F737461745F63686B5FC6
:1043B0006E756D0072785F726174650069735F5726
:1043C00050535F656E726F6C6C65650069735F77E3
:1043D00070735F656E726F6C6C6565001BC7010062
:1043E000010000000600000041C7010002000000BB
:1043F0000600000052C70100030000000600000094
:1044000064C7010004000000060000006EC7010040
:10441000050000000600000078C70100060000004B
:104420000600000081C70100070000000600000030
:104430008AC70100080000000600000094C70100C0
:104440000900000006000000A0C701000A000000EB
:1044500006000000A6C701000B00000006000000D7
:10446000B2C701000C00000006000000C2C7010036
:104470000D00000006000000D4C701000E0000007F
:1044800006000000E4C701000F0000000600000065
:10449000ECC701001000000001000000FCC7010093
:1044A00010000000010000000000000000000000FB
:1044B0000000000005A58100FDA5810000000000AE
:1044C000000000000DCD820089E68200F5CB82005D
:1044D000EDCC8200737472616E67652063617365F1
:1044E0002E2E2E72656C65617365206973202564BC
:1044F0002C2064656C74612025642C20696E692D04
:104500003E72656D5F77696E646F772025640A007F
:1045100025733A20616D7064752D3E6D61785F7012
:1045200064753D25642C20616D7064752D3E62615B
:104530005F74785F7773697A653D25642C20616DBF
:104540007064752D3E62615F72785F7773697A651A
:104550003D25640A0025733A20776C20646F776EDE
:10456000210A0025733A20776C207570210A0077A4
:104570006C635F616D7064755F726563765F6164C3
:104580006462615F7265715F7072655F70617463B0
:104590006800776C635F616D7064755F72657374DA
:1045A00061727400A6CB86001000000006000000B7
:1045B000529B860001000000010000005D9B860008
:1045C00002002000070000006F9B860003004000EF
:1045D000080007007C9B86000400400008000400DF
:1045E0008B9B860005004000080004009A9B860013
:1045F0000600000008000400AB9B86000D001000C0
:1046000007000000A79B86000E00200007000000A6
:10461000B49B86000700100007000000BF9B8600C7
:104620000800000008001000D69B8600090000006A
:1046300006000000C99B8600240000000600000060
:10464000FEC786000A00000006000000AB7286006C
:104650000F00000001000000D59B86000B008000C9
:1046600001000000DA9B86000C000000050000003D
:10467000E59B86001D00000003000000FA9B8600F9
:104680001E00000007000000139C86001F000000B1
:1046900007000000259C86002100000005000000A6
:1046A0003B9C86002000000003000000499C86001F
:1046B00011008000010000004F9C8600180040009F
:1046C00008000600539C8600190000000500000049
:1046D000619C86001A000000010000006C9C8600AE
:1046E0001B0040000100000000000000000000006E
:1046F00000000000D5508300215783000000000017
:1047000000000000776C25643A2050485954582026
:104710006572726F72282564290A00776C74786755
:1047200070696F005454545454000000000000009D
:1047300000005050505050000000000000000000E9
:10474000230000000300000000084C4C4C4C4C4C73
:1047500014141400000100006464646464646464FC
:104760006464646464000000000000000000000055
:1047700000000000010000000064000000000000D4
:1047800000000000000000580000000000000000D1
:10479000000154545400000000000000000000001C
:1047A0005050500000000000000000000000234CAA
:1047B0004C4C4C4C4C4C4C4C4C4C4C4C0000004029
:1047C0004040404040400000000000014848484848
:1047D0004848484848484848480000000000000051
:1047E00000000000000000000800000003000000BE
:1047F0000001424242324242141414000000000000
:104800000300000000013E3E42343E4214141400F6
:104810000000000054545400540000000000000048
:104820000000000000000000000000000000000088
:1048300023000000030000000001444444384440C9
:10484000141414000000000032424242424242422C
:10485000424232424200000000000000000000001E
:104860000000000008484A4A4A4A4A4A4A4A4A4A14
:104870004A480000003434343434343434340000D2
:1048800000004E4E4E4E4E4E4E4E4E4E4E4E4E0032
:1048900000000000000000000000000000000854BC
:1048A000545400540000000000000000005050501C
:1048B0000050000000000000000000233A3E3800D5
:1048C00042000000000000000000000000000000A6
:1048D00000000000000000000A000000006400006A
:1048E0000000000000000000000000580000000070
:1048F0000000000000013C42424242424242424229
:104900003C0000000000000000000000000000006B
:10491000000000344A4E4E4E4E4E4E4E4A38000075
:104920000000000000000000000000000000000087
:1049300036444444444444444444364A400000001D
:10494000000000000000000000000000082E4444A9
:10495000444444444444442E463A000000000000CD
:10496000000000000000000000083C3E3E3E3E3ECD
:104970003E3E3E3E3C3E3E00000000000000000087
:1049800000000000000008344444444444444444CB
:104990004438444000000000000000000000000017
:1049A000000000083844484848484848484438000F
:1049B00000000000000000000000000000000000F7
:1049C000085C5C5C5C5C5C5C5C5C5C5C5C5C000033
:1049D0005050505050505050500000000001000006
:1049E0000100000000014E4E4E344C381E1E1E00C9
:1049F0000000000003000000000142444230443047
:104A000014141400000000000300000000013E3EEA
:104A10003E3C3E3E14141400000000000300000061
:104A20000001444444364C381414140000000000C3
:104A30000300000000013E3E30363A2C14141400EE
:104A4000000000004242424242424242424242424E
:104A5000420000002E343434343434343400000046
:104A6000004A4A4A4A4A4A4A4A4A4A4A4A4A000084
:104A7000002E3434343434343434000000003E3EEC
:104A80003E4A0000000000000000000028282840E6
:104A900000000000000000000000004644444A00FE
:104AA0000000000000000000000000000000000006
:104AB000000000000000000A3844444444444444D8
:104AC00044443844440000002C38383838383034F6
:104AD000340000000000000003000000000042421B
:104AE000424242421414140000000000030000007F
:104AF00000003E3E3E3E3E3E141414000000000006
:104B000054545454000000000000000000005050B5
:104B10005050000000000000000000002338444412
:104B20004A4A0000000000000000000000000000F1
:104B30000000000000000000000A00000000340037
:104B40000000000000000000000000003400000031
:104B500000000000000000545454545400000000B1
:104B600000000000004848484848000000000000DD
:104B70000000002340404040404040404040404012
:104B800040000000000000000000000000000000E5
:104B90000854545454540000000000000000005019
:104BA00050505050000000000000000000235454FA
:104BB0005400540000000000000000004848480075
:104BC00048000000000000000000235C5C5C005016
:104BD00000000000000000000050485000440000A9
:104BE00000000000000000234C4C4C4C4C4C4C4C42
:104BF0004C4C4C4C4C000000000000000000000039
:104C000000000000090000000100000000013E3E1D
:104C10003E323E3614141400000000000100000073
:104C200000013E3E3E343E381414140000000000E3
:104C30000100000000014242423C423C1E1E1E0098
:104C4000000000000100000000014E4E4E364C38BE
:104C50001E1E1E0000000000545454545400000056
:104C600000000000000048484848480000000000DC
:104C70000000000023000000030000000000464682
:104C800046484A481717170000000000610A8600CE
:104C90007E0A86009B0A86000F0B8600490B860061
:104CA000660B8600630F8600240E8600410E860088
:104CB000141086006B108600311086009C10860050
:104CC000D01086000411860060118600B1118600A4
:104CD000830B8600A00B86000C0F8600F70B860066
:104CE000CE118600310C86006B0C86009411860074
:104CF000DA0B86005E0E86004E0C8600290F8600B9
:104D0000B80A8600D50A8600F20A86007B0E860065
:104D10004E108600BD0B8600980E86009D0F860003
:104D2000B50E8600880C8600D20E8600140C860014
:104D3000290F8600BA0F86002C0B8600440A8600D5
:104D4000800F8600460F8600EF0E860078CC0100AB
:104D500060CD01007DCD010026CD010095CC010084
:104D60009ACD010091CE0100F1CD0100DFCB010011
:104D700018D0010088CB010043CD0100B2CC010066
:104D8000B7CD010074CE0100C8D20100E8CE010009
:104D9000D4CD0100A4CF0100FCCB01003838383855
:104DA00038000000000000000000343434343400C7
:104DB00000000000000000000000000003000000F0
:104DC0000000404040404040141414000000000027
:104DD0003A3A3A3A460000000000000000000000A5
:104DE00000000000000000000000000008384444FB
:104DF000444A000000000000000000000000000025
:104E00000000000000000000002A00000000540024
:104E1000000000000000000000000000440000004E
:104E2000000000000000010018098600C00D860087
:104E3000E80D8600200D8600AC0D860030CC010008
:104E40004CD00100A0D301001CCF010038D00100DC
:104E500008CF01001CCC010064CC010024CE01006D
:104E600060D00100A8D0010038CE0100D4D30100E9
:104E700010CE01003CD3010004D4010074D0010025
:104E80004CCE010060CE0100E8D3010018D401002F
:104E9000ECD101008CD30100343A3A3A3A3A3A3A2A
:104EA0003A3A3A2C2C000000323C3C3C3C3C00009E
:104EB00000000000005454540054000000000000A2
:104EC00000000048484800480000000000000000C2
:104ED00000233E4848424600000000000000000059
:104EE00000000000000000000000000000000A00B8
:104EF00038383E42000000000000000000000000C2
:104F000000000000000000000000000A0300000094
:104F100000004444444C4C4C17171700000000009C
:104F20003232323800000000000000000000383843
:104F3000383800000000000000000000004C0000B5
:104F4000004C000000000000000000500000005075
:104F50000000000000000000000100000700000049
:104F600000084848483C3C3C141414000000000071
:104F7000030000000000424242424242171717005D
:104F800000000000383E383E4200000000000000F3
:104F90000000000000000000000000000000000011
:104FA0000A0000000300000000014444443444446B
:104FB0001414140000000000030000000008444422
:104FC00044384444141414000000000000000000A1
:104FD0000F00150003000000000064646464646452
:104FE00024242400000100000100000000004850BB
:104FF00048384C381E1E1E0000000000C8E686001F
:105000000000000008000C00D7E686000100000048
:1050100007000400E9E6860002000000080008001E
:10502000FBE6860003000000070004000BE7860093
:105030000400000008001C001BE7860005000000BB
:1050400008000C002CE786000600000007000400A2
:1050500043E786000700000007000400BCD40100FD
:105060000800000007000400CCD401000900000083
:1050700007000400E0D401000A00000008009000CE
:10508000000000000000000000000000706B745F72
:1050900066696C7465725F69636D7000706B745FD4
:1050A00066696C7465725F69636D705F636E7400CE
:1050B00077616B655F7061636B6574005365742025
:1050C000425250542061742025780A000A465749FC
:1050D000442030312D25780A000A545241502025B1
:1050E00078282578293A2070632025782C206C7246
:1050F0002025782C2073702025782C207073722046
:1051000025782C20787073722025780A0020207270
:10511000302025782C2072312025782C20723220E6
:1051200025782C2072332025782C20723420257885
:105130002C2072352025782C2072362025780A0004
:10514000202072372025782C2072382025782C20BA
:1051500072392025782C207231302025782C20724D
:1051600031312025782C207231322025780A000A2E
:1051700020202073702B30202530387820253038BF
:1051800078202530387820253038780A00202073A0
:10519000702B313020253038782025303878202584
:1051A00030387820253038780A0073702B25782025
:1051B000253038780A00646561646D616E5F746FD4
:1051C0000072616D73746279646973007061256443
:1051D0003D307825257800706425643D307825259C
:1051E00078006E7672616D5F6F7665727269646564
:1051F0000000000086060200D009000080060200C0
:105200003E3E0000820602003E020000000702004F
:105210003C0000008406020012020000600104004D
:105220000300010064010200C000000060010400EE
:1052300003000100660102000A0000006001040092
:105240000400010064010200140000006001040079
:1052500007000100640102008301000060010400F6
:105260002500010064010200F40100006001040057
:1052700096050100660102002B0400006001040095
:1052800097050100640102000001000060010400B4
:10529000D7010100640102003C000000600104002D
:1052A000DC0101006601020034000000600104001E
:1052B000E20101006401020030000000600104000E
:1052C000E7010100660102002C00000060010400FB
:1052D000ED010100640102002C00000060010400E7
:1052E000F2010100660102002800000060010400D4
:1052F000F8010100640102002800000060010400C0
:10530000FD0101006601020028000000FFFF00000F
:1053100000000000600104000500010364010400B6
:10532000000019002401040004000000280104000A
:10533000000000002C010400000000003001040007
:1053400000000000340104000A047000340104006D
:10535000EFBED40034010400050000FF3401040056
:1053600001FF02FF300104001800000034010400B6
:105370000A04E00034010400EFBE480034010400D8
:10538000050000FF3401040001FF02FF34010400A6
:10539000001018013401040002030010340104005D
:1053A00018F1F2F334010400BBCC0000300104001A
:1053B0006806000034010400140470003401040085
:1053C000EFBE580134010400000000FF3401040066
:1053D00001FF02FF34010400001018013401040031
:1053E0000203030934010400BF000010340104006B
:1053F0000000000030010400380000003401040007
:1054000000000000300104008806000034010400A0
:105410001404800034010400EFBE180234010400BB
:105420000000030934010400BF000003340104003C
:1054300000010203340104000405000134010400EA
:1054400002030405340104000000000030010400E0
:105450005800000034010400000000003001040086
:1054600038000000340104000F200007340104005C
:105470000000940034010400000000903401040096
:1054800074757677340104000000000034010400D4
:105490000000050034010400FFFFFFFF300104009D
:1054A00068020000340104006E84330034010400FB
:1054B000DCBA500034010400D40000AB3401040015
:1054C000BADABADA34010400001018F13401040029
:1054D000F2F300103401040018F1F2F33401040077
:1054E000100000003401040000000000340104003A
:1054F00000000A00340104000100000E3401040021
:105500004252434D340104005F54455334010400BA
:10551000545F53533401040049440104340104002E
:1055200082848B96340104000301010634010400D7
:105530000200000030010400680000003401040093
:105540000A04280234010400DCBA8000340104009B
:105550000000FFFF34010400FFFFFFFF34010400DF
:10556000001018F134010400F2F3001034010400BB
:1055700018F1F2F334010400D0AF0000340104004C
:1055800000000000340104000000000134010400A8
:105590000200000E340104004252434D3401040065
:1055A0005F54455334010400545F535334010400E5
:1055B000494401043401040082848B9634010400C0
:1055C000030101063401040002010000300104005F
:1055D00068040000340104000A04280234010400B5
:1055E000DCBA8000340104000000FFFF3401040035
:1055F000FFFFFFFF34010400001018F13401040024
:10560000F2F300103401040018F1F2F33401040045
:10561000D0AF000034010400000000003401040099
:1056200000000001340104000200000E34010400F7
:105630004252434D340104005F5445533401040089
:10564000545F5353340104004944010434010400FD
:1056500082848B96340104000301010634010400A6
:10566000020100000001040000000001900402009B
:1056700000000000A0040200F1F30000B0040200EA
:10568000EFFD0000A8040200FFFF0000A8040200D4
:1056900000000000AA04020000000000A4040200B0
:1056A000CF1A0000AC04020000000000BC0402009D
:1056B00000000000A6040200D7020000B6040200A9
:1056C000FFFD0000AE040200FFFF00000604020020
:1056D0000100000006040200000000000C040200AB
:1056E0001800000006040200000000004804020048
:1056F000000C000002040200A007000002050200E6
:105700000000000000050200004000000205020049
:105710000400000000050200004000000205020035
:105720000800000000050200004000000205020021
:105730000C0000000005020000400000020502000D
:10574000C000000080050200FFFF0000820502008B
:10575000FFFF000084050200FFFF00008605020035
:10576000FFFF000088050200FFFF00009C0502000B
:10577000F0FF00004005020000800000200502004C
:10578000060F0000400502000080000040050200F6
:105790000081000020050200101D000040050200ED
:1057A0000081000040050200008200002005020088
:1057B0001E28000040050200008200004005020093
:1057C000008300002005020029310000400502008E
:1057D0000083000040050200008400002005020054
:1057E000323F000040050200008400004005020036
:1057F0000085000020050200404100004005020035
:105800000085000012060200010000002E060200C2
:10581000CDCC0000300602000C00000000060200A3
:105820000480000096060200080000009A060200AC
:10583000E400000088060200000000009C06020050
:105840000200000088060200001000009C06020012
:105850000200000088060200002000009C060200F2
:105860000200000088060200003000009C060200D2
:1058700002000000880602000B0F00009E060200D6
:1058800007000000100502000B0000005004020099
:10589000014E0000520402005B010000E40402001B
:1058A0009000000004040200B4000000540502004F
:1058B000FF3F0000600104000400010364010400D4
:1058C0000000000064010400B40000006401040052
:1058D0004700470064010400000064006401040004
:1058E00030094000600104000D0001036401040060
:1058F0000200020064010400010080006401040051
:105900000500000064010400000080006401040040
:1059100064006400640104000E0047006401040098
:10592000000500006001040015000103640104008B
:105930000000420864010400E00B07006401040059
:105940000A000000600104001A0001036401040061
:1059500000C0660B600104001D0001036401040027
:10596000102700006401040000007A0360010400B5
:1059700020000103640104000600102760010400F8
:1059800023000103640104000000F6066401040022
:105990000000AA0A6401040000003200640104004F
:1059A0000A0E0B09640104000E02000064010400E9
:1059B0000000520A6401040000003F016401040079
:1059C000FFFF000C6401040032046E066401040051
:1059D0000200F209600104002E00010364010400CA
:1059E0000000008060010400320001036401040033
:1059F0000000320B60010400340001036401040064
:105A00000000CC056001040058000103640104009B
:105A10004252434D640104005F5445536401040045
:105A2000545F5353640104004944000060010400C2
:105A300060000103640104003900000064010400F7
:105A40005000000064010400C00000006001040078
:105A50007000010364010400AA03AA0364010400A6
:105A6000AA03AA0364010400AA03AA0364010400B0
:105A7000AA03AA0364010400EC03D6036401040032
:105A8000C003AA0364010400F703E10364010400F6
:105A9000CB03B50364010400AA03AA036401040054
:105AA000AA03AA0364010400AA03AA036401040070
:105AB000AA03AA0364010400EC03D60364010400F2
:105AC000C003AA0364010400F703E10364010400B6
:105AD000CB03B50364010400020402046401040062
:105AE00002040204640104000E04020464010400C0
:105AF00002041A04640104000204020464010400A4
:105B000002040204640104000204020464010400AB
:105B10002604020464010400020402046401040077
:105B200002040204640104000E040204640104007F
:105B300002041A0464010400020402046401040063
:105B4000020402046401040002040204640104006B
:105B5000260402046401040000001F006401040024
:105B6000FF031F0064010400020000006401040040
:105B700002000000600104009800010364010400B9
:105B800000001F0064010400FF031F006401040003
:105B90000100000064010400010000006001040035
:105BA000A00001036401040000001F006401040060
:105BB000FF031F00640104000100000064010400F1
:105BC0000100000060010400A8000103640104005A
:105BD00000001F0064010400FF031F0064010400B3
:105BE00001000000640104000100000060010400E5
:105BF000B800010364010400E700EC006401040044
:105C000000007B00640104007E00000064010400C9
:105C1000000000006401040000004F516401040012
:105C20003F00000064010400000000106001040057
:105C3000C000010364010400372437246401040018
:105C40003724372460010400930101036401040038
:105C50000F00400064010400E6060000600104003B
:105C600097010103640104001A08000060010400A8
:105C7000A001010364010400FFFFFFFF64010400B1
:105C8000FFFFFFFF64010400FFFFFFFF640104004A
:105C9000FFFFFFFF64010400FFFFFFFF640104003A
:105CA000FFFFFFFF64010400FFFFFFFF640104002A
:105CB000FFFFFFFF60010400BC0101036401040059
:105CC0000000050060010400C50101036401040037
:105CD0000000100364010400E000FFFF6401040001
:105CE0000309BF006401040000000309640104000B
:105CF000BF000010640104000309BF006401040038
:105D00000003000060010400CD01010364010400F0
:105D1000FFFFFFFF64010400FFFFFFFF64010400B9
:105D2000FFFFFFFF64010400FFFFFFFF64010400A9
:105D3000FFFFFFFF64010400FFFFFFFF6401040099
:105D4000FFFFFFFF64010400FFFFFFFF6401040089
:105D50002000CB0164010400000054006401040031
:105D60000000AB086401040000001004640104009A
:105D700084000200640104000000140064010400B7
:105D8000CF0102006401040044000000640104002B
:105D9000AF08020064010400100464006401040000
:105DA00002020000640104001000CA016401040042
:105DB00002003C00640104000000AA086401040021
:105DC000020010046401040054000208640104008D
:105DD0000000080064010400CE010000640104001A
:105DE0003400000064010400AE08000064010400F7
:105DF0001004440064010400020A0000640104006D
:105E00000800C901640104000200300064010400BC
:105E10000000A908640104000200100464010400E9
:105E20003C0002106401040000000400640104004E
:105E3000CD010000640104002C0000006401040096
:105E4000AD08000064010400100434006401040083
:105E500002120000640104000400C801640104008F
:105E600000002C00640104000000A8086401040084
:105E700000001004640104003000021964010400F1
:105E80000000000064010400CC0102006401040071
:105E90002C00000064010400AC080200640104004E
:105EA0001004300064010400021A000064010400C0
:105EB000C0000A04640104007000000064010400D2
:105EC0003A010A046401040028022CC064010400A1
:105ED000F2020A04640104000000000164010400ED
:105EE0006000140464010400380000006401040030
:105EF000020114046401040014012CC064010400B4
:105F0000DE01140464010400000080006401040048
:105F1000220037046401040015000000640104003D
:105F2000DF0037046401040065002CC06401040034
:105F30002E0137046401040000002F0064010400F6
:105F400011006E84640104000B0000006401040071
:105F5000D4006E846401040033002CC0640104008A
:105F6000FC006E8464010400000018006401040059
:105F700002008A9D64010400FB0002086401040021
:105F8000C54EFA0064010400020A8334640104006F
:105F9000FE000210640104006227F900640104009D
:105FA0000212421A64010400FD0002196401040097
:105FB000B113F80064010400021A811164010400A5
:105FC000FC00021C64010400C10FFC00600104001D
:105FD0007B03010364010400070014006401040052
:105FE0001E0000006001040083030103640104003B
:105FF000000000F064010400C3301092640104004A
:106000005031802264010400C330000060010400AC
:10601000880301036401040000001004600104000F
:106020008C0301036401040080000000600104008F
:106030008E030103640104000500000060010400F8
:106040000B04010364010400000007026001040066
:106050001404010364010400010000006001040055
:1060600016040103640104000C0000006001040038
:1060700053050103640104000000180060010400DE
:106080005505010364010400983A983A640104003C
:10609000A60E6400640104000000F4016401040021
:1060A0000F00000064010400A861A86164010400FD
:1060B00030751E00600104005D05010364010400E9
:1060C00050C30000600104005F0501036401040087
:1060D000000014056401040050C3000060010400C6
:1060E0006305010364010400204E00006401040004
:1060F00000000F0064010400F401040060010400CA
:10610000690501036401040000003100640104001A
:1061100000000300640104000100070064010400A2
:10612000C8AF00006401040088130000640104008B
:10613000FFFFFFFF6001040070050103640104001C
:1061400000002C01640104000000A00F60010400A5
:1061500073050103640104000000030064010400EE
:1061600000002C0164010400FFFFFFFF6401040034
:10617000881300006401040064000000640104004E
:10618000DC05401F600104007A050103640104007E
:10619000010001006401040002000000600104002D
:1061A0007D05010364010400020000006401040095
:1061B0000000409C64010400204E000064010400C3
:1061C000B80B0000600104008205010364010400B3
:1061D0000000204E6401040000000500640104007A
:1061E000DC053F006401040071020000640104004A
:1061F00030750000600104008A0501036401040099
:10620000C409A00F600104008D05010364010400AE
:106210000200D007600104008F050103640104003F
:10622000204E204E60010400950501036401040026
:10623000BE00000060010400B10501036401040018
:10624000E803000060010400ED050103640104009F
:106250000000000060010400F60501036401040071
:1062600088130000600104000300020064010400C0
:106270001F0000006001040004000200640104002B
:10628000FF03000060010400050002006401040037
:106290001F00000060010400060002006401040009
:1062A0000700000060010400070002006401040010
:1062B0000400000060010400080002006401040002
:1062C000FFFF0000600104000900020064010400F7
:1062D00000000000600104000A00020064010400E4
:1062E00000000000600104000B00020064010400D3
:1062F00000000000600104000C00020064010400C2
:1063000000000000600104000D00020064010400B0
:1063100000000000600104000E000200640104009F
:1063200000000000600104000F000200640104008E
:10633000000000006001040010000200640104007D
:106340001F0000006001040011000200640104004D
:10635000000000006001040012000200640104005B
:10636000000000006001040013000200640104004A
:106370000000000060010400150002006401040038
:106380000000000060010400160002006401040027
:1063900000000000FFFF0000000000006362756362
:1063A0006B5F73776672657100000000E02E01017B
:1063B0000150000000000000C83202010149000045
:1063C000899DD8004038030101420000AAAAAA0012
:1063D000003C0401013E000000008000483F050130
:1063E00001390000D05E4200A041060101390000E1
:1063F00049922400004B0701013200000000000018
:10640000584D080101300000071F7C00204E090193
:106410000130000000000000C05D0A0101280000FA
:1064200000000000A8610B010126000066666600FE
:1064300090650C0101240000C44EEC0030750D0184
:10644000012000000000000018920E02013300003D
:10645000F93E560000960F020132000000000000D5
:10646000409C1002013000000000000080BB1102BF
:1064700001280000000000000000000000000000F3
:1064800000000000D9E8010000000000080008003A
:10649000D8E801000100000008000B000000000027
:1064A00000000000000000006D6B6565705F616CAE
:1064B00069766500496E697420436F756E74657204
:1064C0000047726F7570206B657920657870616E1A
:1064D00073696F6E00000000000000000000000003
:1064E0000000000062746100414D502D253032786B
:1064F0002D253032782D253032782D253032782DEB
:10650000253032782D25303278006274616D70004C
:106510006274616D705F666C616773006274616D57
:10652000705F6368616E006274616D705F31316EBF
:106530005F737570706F7274006274616D705F6606
:1065400062006274616D705F73746174656C6F6713
:1065500000776C635F61705F70726F636573735F08
:106560006173736F6372657100000000776C635F25
:10657000696F63746C5F70617463686D6F640070E1
:10658000617463685F696F766172730072656164DC
:106590002073686D656D0A0025733A20446F20579B
:1065A0004C435F4745545F5048595245472F574C1D
:1065B000435F5345545F5048595F52454700257328
:1065C0003A2072656A6563742064756520746F2073
:1065D0006E6F206D656D282564290A0025733A20A9
:1065E00072656A6563742064756520746F206F76C8
:1065F0006572206D61786173736F63282564290A61
:10660000006F747072617700666162696400616D29
:106610007064755F7274730072657365745F636E26
:106620007473000020798600000000400300000021
:1066300031EA010008000800080000003D7D8600E6
:1066400001000880080000008976860002000040F2
:1066500008000000CCBB86000300004006000000DC
:10666000AB9B8600040010000700000038EA010020
:106670000500000005000000647D860006000000A3
:1066800008001C003EEA01000700000001000000B5
:10669000D69B8600090000000600000048EA0100C1
:1066A0000A000000070000000000000000000000D9
:1066B0000000000001006C09020071090300760966
:1066C00004007B09050080090600850907008A0986
:1066D00008008F09090094090A0099090B009E0916
:1066E0000C00A3090D00A8090E00B4093CC4070062
:1066F0003BC4070000002D00A7901A0047090E00B8
:10670000012007008B93030038CA01002AE500002E
:10671000977200004C390000A61C0000530E0000C8
:106720002907000095030000CA010000E5000000F1
:1067300073000000390000001D0000002E66616239
:106740002E0025732E6661622E256400776C256409
:106750003A205363616E20696E2070726F677265B4
:1067600073732C20736B697070696E672074787016
:106770006F77657220636F6E74726F6C0A00706F52
:106780007765722061646A210A0063636B62773205
:10679000303267706F0063636B62773230756C32D2
:1067A00067706F006C65676F66646D627732303258
:1067B00067706F006C65676F66646D627732307505
:1067C0006C3267706F006D6373627732303267705E
:1067D0006F006D637362773230756C3267706F0073
:1067E0006D6373627734303267706F006C65676F0A
:1067F00066646D6277323035676C706F006C656708
:106800006F66646D62773230756C35676C706F00DF
:106810006C65676F66646D6277323035676D706F77
:10682000006C65676F66646D62773230756C3567D2
:106830006D706F006C65676F66646D6277323035BE
:106840006768706F006C65676F66646D6277323081
:10685000756C356768706F006D63736277323035C1
:10686000676C706F006D637362773230756C35677B
:106870006C706F006D63736277343035676C706F66
:10688000006D63736277323035676D706F006D63D2
:106890007362773230756C35676D706F006D63733E
:1068A0006277343035676D706F006D637362773275
:1068B00030356768706F006D637362773230756C66
:1068C000356768706F006D63736277343035676861
:1068D000706F006D63733332706F006C65676F6645
:1068E000646D3430647570706F0062773430706F2F
:1068F00000636464706F0073746263706F0062772A
:10690000647570706F00747870696432676130000C
:10691000747870696432676131006D6178703267D4
:106920006130006D6178703267613100706132678B
:1069300077306130007061326777306131007061AB
:1069400032677731613000706132677731613100D1
:10695000706132677732613000706132677732611F
:106960003100697474326761300069747432676130
:10697000310063636B3267706F006F66646D3267FE
:10698000706F006D63733267706F30006D637332C8
:1069900067706F31006D63733267706F32006D63C3
:1069A000733267706F33006D63733267706F3400DA
:1069B0006D63733267706F35006D63733267706F2C
:1069C00036006D63733267706F3700747870696476
:1069D00035676C613000747870696435676C61315B
:1069E000006D61787035676C6130006D617870356D
:1069F000676C613100706135676C773061300070B1
:106A00006135676C7730613100706135676C773163
:106A1000613000706135676C7731613100706135CC
:106A2000676C7732613000706135676C7732613145
:106A3000006F66646D35676C706F006D63733567EA
:106A40006C706F30006D637335676C706F31006D03
:106A5000637335676C706F32006D637335676C708C
:106A60006F33006D637335676C706F34006D6373E3
:106A700035676C706F35006D637335676C706F369A
:106A8000006D637335676C706F370074787069647C
:106A90003567613000747870696435676131006D05
:106AA00061787035676130006D617870356761318C
:106AB000007061356777306130007061356777301D
:106AC0006131007061356777316130007061356721
:106AD0007731613100706135677732613000706104
:106AE00035677732613100697474356761300069E8
:106AF000747435676131006F66646D3567706F005F
:106B00006D63733567706F30006D63733567706FD9
:106B100031006D63733567706F32006D6373356775
:106B2000706F33006D63733567706F34006D63731E
:106B30003567706F35006D63733567706F36006D44
:106B400063733567706F3700747870696435676890
:106B500061300074787069643567686131006D6117
:106B600078703567686130006D617870356768618D
:106B7000310070613567687730613000706135676A
:106B80006877306131007061356768773161300056
:106B9000706135676877316131007061356768779A
:106BA00032613000706135676877326131006F663D
:106BB000646D356768706F006D6373356768706FFB
:106BC00030006D6373356768706F31006D637335C6
:106BD0006768706F32006D6373356768706F33007C
:106BE0006D6373356768706F34006D637335676804
:106BF000706F35006D6373356768706F36006D6355
:106C000073356768706F3700616E7473776974638A
:106C10006800616135670074737369706F73326700
:106C20000065787470616761696E326700706465D1
:106C30007472616E6765326700747269736F326770
:106C400000616E74737763746C3267007473736978
:106C5000706F7335670065787470616761696E3550
:106C600067007064657472616E6765356700747281
:106C700069736F356700616E74737763746C356721
:106C800000656C6E61326700656C6E61356700741B
:106C9000656D706F66667365740070687963616CAA
:106CA0005F74656D7064656C7461007061326777E4
:106CB000306133007061326777316133006D617824
:106CC0007035676133006D61787035676C613300D2
:106CD000706135677730613300706135676C77308C
:106CE00061330070613567773161330070613567FA
:106CF0006C773161330070613567773261330070D2
:106D00006135676C77326133006030180C6C482451
:106D100012004C84FFE0B084F7F7F984F7FF3B4999
:106D200017203C49C5274D84FF834CC4001FB784FE
:106D3000FF80B184FFDFB0C40808FA84F7FFF9C40C
:106D40000800000050F2010035010830080003007F
:106D50005AF20100430100000100000064F201004A
:106D60002D0108000100000071F201004801080037
:106D70000300000081F20100490108000300000047
:106D80008EF201004A010800030000009CF201009D
:106D90004E01080003000000A7F201003D01400081
:106DA00007000700B3F201007A01000407000000A9
:106DB000C1F201003F01000006000000CCF201001A
:106DC0004001000002000000D7F201007C01000039
:106DD00002000000E4F20100420100000700000090
:106DE000F0F201005B01000404000000FEF201006B
:106DF00028000800030000000FF301002900000034
:106E0000010000001CF301007F01000002000000EF
:106E10000000000000000000000000007068790021
:106E20007478696E7374707772007068795F6D75CD
:106E3000746564007068795F7761746368646F6714
:106E4000007068795F676C697463687468727368EE
:106E5000007068795F6E6F6973655F757000706848
:106E6000795F6E6F6973655F64776E007068795FD4
:106E700070657263616C007068795F7278697165C2
:106E80007374007068796E6F6973655F73726F6D8C
:106E9000006E756D5F73747265616D0062616E6422
:106EA0005F72616E67650073756262616E643567FB
:106EB000766572006D696E5F7478706F77657200C9
:106EC0007068795F74656D7073656E736500706866
:106ED000795F6F636C736364656E61626C6500708B
:106EE00068795F7278616E7473656C007068795F41
:106EF0006372735F776172007A460300734670179E
:106F00007446440475463F00704681068C4649002D
:106F100036001A013A002500280005001201FF0082
:106F20001F010B0013010700FC00FD00FF00C00063
:106F3000CA00C5001200570059005C00780092009A
:106F4000980016012C016A000B001B0013011D00A4
:106F500014012E002A011201DA0600800080D306F7
:106F600000800080D30600800000DA060080000068
:106F7000F90401000100FA04010000004C040018AB
:106F800000184D04006000603809FF01FF01390955
:106F9000FF019E003B04030003003C0403000000CB
:106FA000DA46FFFFDBC60300D10604000400B70485
:106FB000007F006CB10400200000390900020000CD
:106FC000380900020002B00408000800B0040008FC
:106FD0000008390900080000380900080008C946FF
:106FE00000068046FF0081463F01256420092025D8
:106FF00064200A004572726F722067657474696E4E
:1070000067206C6F77206971206573740A00457280
:10701000726F722067657474696E6720686967684B
:10702000206971206573740A00004AC444004A4410
:107030008000B10400040000B10400800000D80406
:1070400001000000D80402000000D704080000007E
:107050008B4600007646A1B85384FF7F53C400805E
:10706000D70408000800D7040070002076068000CE
:107070000000DA06010000006C08040000006C0843
:10708000400000006C0800040000EB04C001000098
:107090006A04FFFF1900DA0620002000100408002F
:1070A0000000810400020002100408000800DA0653
:1070B00020000000D7440000D70401000100D704DD
:1070C000400000003B04040004003C0404000000F5
:1070D0003809400040003809040004003909400024
:1070E0000000390904000400D70402000200D7049C
:1070F00080000000D70401000100D70440004000D8
:10710000D70408000800D704007000204AC44400D7
:107110004A4480004C84FFE73B840C009A05FF033F
:1071200026009B05FF0389009C05FF038A009C0540
:1071300000FC00209D05003C002C9D05FF038C00F9
:10714000D7C6010031C600183B4400003C44000093
:107150004C440000E6440000F9440000B044000044
:1071600038490000B04400004E44000067C50300E9
:107170004AC444004A448000480400030001080651
:10718000FF0017000406FF07EA0331C61500D60604
:1071900003000000DAC68F003B04010001003C043C
:1071A000010000003809000800083909000800083B
:1071B000D70401000100D70440004000D7040100BB
:1071C0000100D70440000000370600C00080A4047E
:1071D00000400000A40400800080D00420000000D3
:1071E000A404FF010000A504FF00FF00A504007037
:1071F0000050A504000700000D04FF0040000D042E
:1072000000070004A204FF004000A20400070004DD
:10721000A804FF000100A60400800080A604FF016E
:10722000FF009A04FF01FF00D70408000000D70404
:10723000007000203809040004003909040004002B
:10724000A40400100010D70404000400D704000FA9
:107250000000424902003B4900003C4900003B0459
:10726000020002003C04020000003B041000100079
:107270003C04400000004B44FFFFDA0640004000A1
:10728000A404002000000A80D7FDDA867FFF3B04BB
:107290000400000038094000000038090400000024
:1072A000D70402000000D70401000000D704080042
:1072B0000000D80401000000D80402000000CE46FF
:1072C0000000CB460000CC460000CD4600009D46A5
:1072D000FF07A4460000A5460000A40400400040AB
:1072E000A40400400000DAC64000A404008000802E
:1072F000A40400400040A40400200020B00480004A
:1073000000003B0440000000A90400800080874684
:10731000600042460700D70401000000D9040100C4
:107320000100D904020000004AC444004A4480001D
:10733000A3C60100A386FEFF760680008000DA0661
:10734000010001006C08040004006C0840004000CB
:107350006C08000400044C04001000104D040040B0
:1073600000404C04000800084D04002000003B04CD
:10737000020002003C04020000003B040100010086
:107380003C0401000000D70401000100D7044000C4
:1073900040000305A404D004D904DA04A604380983
:1073A0003909D804D004D704A5040D04A204424925
:1073B00007003B4917203C49C527D60603000100BA
:1073C000DA0608000000DA0680000000D10604009A
:1073D00000004B06400040003B4917203C49C527B0
:1073E0004B06010001004B0608000800340600FFB0
:1073F0000000DAC680000AC0280200000000000079
:1074000000000000000000000000000080070004F1
:1074100000048007000200020040014002400340D7
:107420000440054006400740075B07807606800061
:107430000000DA06010000006C08040000006C087F
:10744000400000006C08000400004AC444004A44A4
:1074500080003A09800080002304FF0049003404C2
:10746000FF00FCFF1604FF00A4FF160400FF009FAE
:10747000240400FF002A230400FF002D2504FF0040
:107480000F000005FF000F00000500FF000F2004A3
:10749000FF000A00340400070001FF0400FC00188C
:1074A0004249000042490F00424900003B49170091
:1074B0003C49C5073B04010001003C0401000100F8
:1074C0003C04010000003B04010000001808DAC67B
:1074D0004000DBC60300D00401000000D304FF001D
:1074E0000000D30400FF0000D00410000000D0040E
:1074F000040000000700FF001F013A001A01050008
:10750000820086002E0113017D0028004AC4440039
:107510004A44800003050100000003050400000048
:10752000030510001000D00402000000D204FF0088
:107530000000D20400FF0000D00408000000100486
:1075400080000000A8440A004AC444004A44800065
:107550003B04010001003C04010001003C04010067
:1075600000003B04010000003B04020002003C0458
:10757000020002003C04020000003B040200000084
:1075800042490F004249000042490F004A4484002A
:107590004A448000D3462222D3462022DA46FFFF07
:1075A000030508000800DB04FF03A602DB040070EB
:1075B00000209A05FF0326009B05FF03A5009C05FC
:1075C000FF03A6009C0500FC00289D05003C001C54
:1075D0009D05FF03A8004C04000800084D0400208E
:1075E0000000B00400010001B644FFFFB7040F0023
:1075F0000F004C04000800084D0400200020B004D7
:1076000000010001D70408000000D80401000000B8
:10761000D804020000003B04040004003C04040001
:1076200000003B84EDFF3C04020002004C84D0EFDC
:107630004D84D7BF4D04040004004D040300010035
:10764000F984F8FFFA84F8FF3B04020002003C04CE
:10765000020000003B04100010003C044000000049
:107660004C04001000104D040040004003050100D0
:107670000000030504000000A40400400000A4046E
:1076800000800000D00420000000A504FF00FF00DF
:10769000A50400700050A504000700000D04FF00C1
:1076A00040000D0400070006A204FF004000A204F1
:1076B00000070006D90470002000D9040007000369
:1076C000D90400700010DA0400100000DA04002071
:1076D0000020A60400800080380904000400390955
:1076E00004000400A40400100010D70408000800DF
:1076F000D70400700010D70408000800D7040070F9
:107700000030100402000000100401000000D90441
:1077100004000000D90408000800D9040400040093
:10772000D904080000005344A90A3D49C0004D0493
:10773000040000004C04040004004C04080008008D
:107740004D04080008004C04200020004D042000D7
:107750000000F90402000200FA0402000200F90429
:1077600004000400FA0404000400F904010001000C
:10777000FA04010001004C04080008004D04080050
:1077800000004C04200020004D0420002000F904DB
:1077900002000200FA0402000000F90404000400E0
:1077A000FA0404000000F90401000100FA040100D9
:1077B00000004AC480004A847F000A46A0006A4450
:1077C0001900100402000000100401000100100460
:1077D00002000200100401000000D60603000000B1
:1077E000DA06080008005F36291F5F36291F5F365A
:1077F000291F5F36291F0A000900060005000A003C
:107800000900060005000A000900060005000A003C
:107810000900060005000A000900060005000A002C
:107820000900060005000A000900060005000A001C
:107830000900060005000A000900060005000A000C
:107840000900060005000A000900060005000A00FC
:107850000900060005000A000900060005000A00EC
:107860000900060005000A000900060005000A00DC
:1078700009000600050000000E00000000020003E1
:10788000000400060008000B001001100210031095
:10789000041005100610071007170720072D0740D2
:1078A00000000000000000000000000000000000D8
:1078B00000000000000000000000000000020003C3
:1078C000000400060008000B001001100210031055
:1078D000041005100610071007170720072D074092
:1078E0000000000000000000000000000000000098
:1078F0000000000000000000000000000000000088
:107900000000000000000000000000000000000077
:107910000000000000000000000000000000000067
:107920000000000000000000000000400000000017
:107930000000000000000000000000000000000047
:107940000000000000000000000000000000000037
:1079500000000000F8410100F8210000FB210000B8
:10796000FB410000DBFE01007B2100003321000011
:10797000EB400000A3FE01004B0200004C0A020095
:1079800010000000100000000000000008000000CF
:107990004D014D014D014D014D014D014D014D0177
:1079A0004D014D014D014D014D014D014D014D0167
:1079B0004D014D014D014D014D014D014D014D0157
:1079C0004D014D014D014D014D014D014D014D0147
:1079D0004D014D014D014D014D014D014D014D0137
:1079E0004D014D014D014D014D014D014D014D0127
:1079F0004D014D014D014D014D014D014D014D0117
:107A00004D014D014D014D014D014D014D014D0106
:107A1000090F1418FE070B0FFBFE0105080B0E11D2
:107A20001417000000000000000306090C0F1200EC
:107A30000000000000000000000306090C0F1215F2
:107A4000181B00000000000003EB00000101010111
:107A50000101010101010101010101010101010116
:107A60000101010101010101010102030103020100
:107A700001010101010101010101010101010101F6
:107A800001010101010101010101010101010101E6
:107A900001010101010101010101010101010101D6
:107AA00001010101010101010101020301030201C0
:107AB00001010101010101010101010101010101B6
:107AC00001010101010101010101010100000000AA
:107AD00000000000000000000000000000000000A6
:107AE0000000000000000000000000000400000092
:107AF0000000000004000000080000000100000079
:107B000005000000090000000D0000004D0000000D
:107B10008D0000000D0000004D0000008D000000F1
:107B2000CD0000004F0000008F000000CF000000DB
:107B3000D30000001301000013050000130900002A
:107B400053090000530D0000531100009311000071
:107B5000935100009391000093D100009311010014
:107B60000000000000000000000000000000000015
:107B70000000000000000000040000000000000001
:107B800004000000080000000100000005000000E3
:107B9000090000000D0000004D0000008D000000F5
:107BA0000D0000004D0000008D000000CD00000021
:107BB0004F0000008F000000CF000000D300000045
:107BC0001301000013050000130900005309000011
:107BD000530D000053110000535100005391000059
:107BE00053D1000053110100535101005391010082
:107BF00053D1010000000000000000000000000060
:107C00000000000000000000000000000000000074
:107C10000000000000000000000000000000000064
:107C20000000000000000000000000000000000054
:107C30000000000000000000000000000000000044
:107C40000000000000000000000000000104020429
:107C500003040404050406040704080409040A04D0
:107C60008B058C058D058E058F0590009100920087
:107C700093019401950196019701980199019A0148
:107C80009B019C019D019E019F01A001A101A201F8
:107C9000A301A401A5010000C0FD010040000000F7
:107CA0000200000000000000100000009404020028
:107CB0004000000001000000000000001000000073
:107CC00084FD01000A0000000B000000000000001D
:107CD0002000000094070200140000000C000000C7
:107CE0000000000020000000E807020094000000EF
:107CF0000D00000000000000200000007C000200D9
:107D0000260000000E00000000000000100000002F
:107D100026FC0100400000000F00000000000000F1
:107D20001000000016FC0100100000001000000010
:107D3000000000000800000040FE01003C000000C0
:107D4000110000000000000008000000FCFE01001F
:107D50006000000012000000000000002000000091
:107D60007CFE010080000000140000000000000004
:107D700008000000600302009A00000017000000E5
:107D80000000000010000000ACFC01006C000000CE
:107D900000000000000000001000000014050200B8
:107DA000A0000000180000000000000020000000FB
:107DB00000000000000000000000000000000000C3
:107DC00000000000000000000000000000000000B3
:107DD0000400000000000000040000000800000093
:107DE0000100000005000000090000000D00000077
:107DF0004D0000008D0000000D0000004D0000004F
:107E00008D000000CD000000520000009200000034
:107E1000D2000000D6000000160100001605000088
:107E20001609000056090000560D0000561100000A
:107E300096110000965100009691000096D1000026
:107E4000961101000000000000000000000000008A
:107E5000000000000000000000000000040000001E
:107E60000000000004000000080000000100000005
:107E700005000000090000000D0000004D0000009A
:107E80008D0000000D0000004D0000008D0000007E
:107E9000CD0000005200000092000000D20000005F
:107EA000D6000000160100001605000016090000AB
:107EB00056090000560D00005611000056510000F2
:107EC0005691000056D10000561101005651010094
:107ED0005691010056D10100000000000000000092
:107EE0000000000000000000000000000000000092
:107EF0000000000000000000000000000000000082
:107F00000000000000000000000000000000000071
:107F10000000000000000000000000000000000061
:107F20000000000000000000000000000000000051
:107F30001A0034004E0068009C00D000EA000401E2
:107F4000340068009C00D0003801A001D401080270
:107F50004E009C00EA003801D4017002BE020C03FE
:107F60006800D0003801A00170024003A80310048B
:107F700018009C00D0000401EA0038018601D000FE
:107F80000401040138016C016C01A0013801860173
:107F90008601D401220222027002040138016C0120
:107FA00038016C01A001D401A001D401080208022B
:107FB0003C028601D4012202D40122027002BE02D8
:107FC0007002BE020C030C035A0336006C00A200C0
:107FD000D8004401B001E6011C026C00D800440145
:107FE000B00188026003CC033804A2004401E6011A
:107FF0008802CC031005B2055406D800B0018802EF
:1080000060031005C0069807700818004401B0010D
:108010001C02E60188022A03B0011C021C0288022D
:10802000F402F402600388022A032A03CC036E04DC
:108030006E0410051C028802F4028802F402600338
:10804000CC036003CC0338043804A4042A03CC0313
:108050006E04CC036E041005B2051005B20554067B
:108060005406F606000000000000000000000000BA
:108070000000000000000000000000000000000000
:1080800000000000000000000000000000000000F0
:1080900000000000000000000000000000000000E0
:1080A00000000000000000000000000000000000D0
:1080B00000000000000000000000000000000000C0
:1080C00000000000000000000000000000000000B0
:1080D00000000000000000000000000000000000A0
:1080E0000000000000000800000008000000080078
:1080F0000000080000000800000008000000080060
:10810000000008000000080000000800000008004F
:10811000000008000000080000000800000008003F
:10812000000008000000080000000800000008002F
:10813000000008000000080000000800000008001F
:10814000000008000000080000000800000008000F
:1081500000000800000008000000080000000800FF
:1081600000000800000008000000080000000800EF
:1081700000000800000008000000080000000800DF
:1081800000000800000008000000080000000800CF
:1081900000000800000008000000080000000800BF
:1081A00000000800000008000000080000000800AF
:1081B000000008000000080000000800000008009F
:1081C000000008000000080000000800000008008F
:1081D000000008000000080000000800000008007F
:1081E000000008000000080000000800000008006F
:1081F000000008000000080000000800000008005F
:10820000000008000000080000000800000008004E
:10821000000008000000080000000800000008003E
:10822000000008000000080000000800000008002E
:10823000000008000000080000000800000008001E
:10824000000008000000080000000800000008000E
:1082500000000800000008000000080000000800FE
:1082600000000800000008000000080000000800EE
:1082700000000800000008000000080000000800DE
:1082800000000800000008000000080000000800CE
:1082900000000800000008000000080000000800BE
:1082A00000000800000008000000080000000800AE
:1082B000000008000000080000000800000008009E
:1082C000000008000000080000000800000008008E
:1082D000000008000000080000000800000008007E
:1082E000000008000000080000000800000008006E
:1082F000000008000000080000000800000008005E
:10830000000008000000080000000800000008004D
:10831000000008000000080000000800000008003D
:10832000000008000000080000000800000008002D
:10833000000008000000080000000800000008001D
:10834000000008000000080000000800000008000D
:1083500000000800000008000000080000000800FD
:108360000000080001001000100020000100300093
:108370001000400022005000220160002202700024
:1083800022038000220490002205A0002206B000F3
:108390002207C0002208D0002209F000220A1000A3
:1083A000220B2000220C3000220D4000220E500033
:1083B000220F600005000000000000000000000027
:1083C000000000100000000000000020000000007D
:1083D000000000300000000000000040000000002D
:1083E00000000050000000000000006000000000DD
:1083F000000000700000000000000080000000008D
:108400000000009008000000000000A0080000002C
:10841000000000B008000000000000C008000000DC
:10842000000000D008000000000000E0080000008C
:10843000000000F00800000000000000090000003B
:1084400000000010090000000000002019000000DA
:10845000000000301900000000000040190000007A
:10846000000000501900000000000060190000002A
:1084700000000070190000000000008019000000DA
:108480000000009019000000000000A0190000008A
:10849000000000B019000000000000C0190000003A
:1084A000000000D019000000000000E019000000EA
:1084B000000000F019000000000000001A00000099
:1084C000000000101A000000000000201A00000048
:1084D000000000301A000000000000401A000000F8
:1084E00000000050020000000000006002000000D8
:1084F0000000007002000000000000800200000088
:108500000000009002000000000000A00200000037
:10851000000000B002000000000000C00A000000DF
:10852000000000D00A000000000000E00A00000087
:10853000000000F00A000000000000000B00000036
:10854000000000100B000000000000200B000000E5
:10855000000000300B000000000000400B00000095
:10856000000000501B000000000000601B00000025
:10857000000000701B000000000000801B000000D5
:10858000000000901B000000000000A01B00000085
:10859000000000B01B000000000000C01B00000035
:1085A000000000D01B000000000000E01B000000E5
:1085B000000000F01B000000000000001C00000094
:1085C000000000101C000000000000201C00000043
:1085D000000000301C000000000000401C000000F3
:1085E000000000501C000000000000601C000000A3
:1085F000000000701C000000000000801C00000053
:10860000000000901C000000E0010200600000007B
:108610001200000000000000200000005F36291F4B
:108620005F36291F5F36291F5F36291F6E6F637201
:1086300063005344494F0043444300000D1680003B
:108640008D13800025118000291480001D138000E7
:10865000A1168000990C0100011380002D138000E9
:10866000000000001D168000C5270000776C000088
:10867000000000000000000000000000F0250000E5
:1086800000000000000000000000000000000000EA
:10869000000000000000000005000000FFFFFFFFD9
:1086A0001400000005000000FFFFFFFF01000506A9
:1086B0000500000005000000050000000E0E0E0E73
:1086C0000E02090D0A080D01090D0A080D01090D18
:1086D0000A080D01090D0A080D01090E0A090E0606
:1086E0000A0E0B090E02093A160E0E05093A160E6D
:1086F0000E050A0E0B090E050A0E0B090E020A0ED4
:108700000B090E0214C0C015110514C0C0151105C7
:1087100014C0C015110514C0C015110514C0C01532
:108720001105093A160E0E0514C0C015110514C026
:10873000C0151105093A160E0E05093A160E0E055A
:10874000093A160E0E0514C0C0151105093A160E89
:108750000E05093A160E0E05093A160E0E0509B257
:108760001C0E0E0512B119111108000000000000C6
:108770000000000000000000736470636D646576A3
:108780000000000000000000F80B020000000000E4
:1087900000000000000000000000000000000000D9
:1087A00000000000C993800095A98000BDA9800049
:1087B000D5938000B593800075938000D19180009F
:1087C00000000000B1A98000A952020085520200F9
:1087D0007152020055AA80000000000021AA80000A
:1087E00085AA800031AA80006DAA800000000000E8
:1087F0000000000000000000000000000000000079
:108800000000000000000000000000000000000068
:108810000000000000000000000000000000000058
:108820000000000000000000000000000000000048
:108830000000000000000000000000000000000038
:108840000000000000000000000000000000000028
:108850000000000000000000000000000000000018
:108860000000000000000000000000000000000008
:1088700000000000000000000000000000000000F8
:1088800000000000000000000000000000000000E8
:1088900000000000000000000000000000000000D8
:1088A00000000000000000000000000000000000C8
:1088B00000000000000000000000000000000000B8
:1088C00000000000000000000000000000000000A8
:1088D0000000000000000000000000000000000098
:1088E000000000000000000000000000E8CE0100D1
:1088F000D4CD0100A4CF0100FCCB01005F5F0001DB
:10890000430040005858000B460043005859000FE0
:1089100044004100585900104500420045550000F0
:1089200004000600470000000000000000000000F6
:108930000000000000000000000000000000000037
:108940000000000000000000000000000000000027
:108950000000000000000000000000000000000017
:108960000000000000000000000000000000000007
:1089700000000000000000000000000000000000F7
:1089800000000000000000000000000000000000E7
:1089900000000000000000000000000000000000D7
:1089A00000000000000000000000000000000000C7
:1089B00000000000000000000000000000000000B7
:1089C00000000000000000000000000000000000A7
:1089D0000000000000000000000000000000000097
:1089E0000000000000000000000000000000000087
:1089F0000000000000000000000000000000000077
:108A00000000000000000000000000000000000066
:108A10000000000000000000000000000000000056
:108A20000000000000000000000000000000000046
:108A300000000000E8D3010018D40100ECD10100CF
:108A40008CD3010005000000440000000100F9186B
:108A5000010DE400F4DEF106FC0F27FAFF1DF01013
:108A600018090AF210E01714041114F1FAF2DBF7F6
:108A7000FCE2FBE1EE130DFF1CE91A17180300DA04
:108A8000E803E617E4E9F3FF121305E104E225F732
:108A900006F2ECF1FC11E914F0E0F6F2E80910102E
:108AA000011DD9FA040F0F060CDE1C00FF0D07187C
:108AB0001AF60EE4160FF905EC181B0A1EFF002625
:108AC000E2FFE50A14180705EA0FF2E4E6F60808E3
:108AD0000808080808090A08080707010202020234
:108AE0000202020202020202020202020202010168
:108AF0000000000000000000C5011DFFE0FFC0FFF6
:108B0000E0FF0000000000FF000000006B0382FE99
:108B1000E7FFCCFFE7FF080002000000D7010BFFD2
:108B2000EEFFDCFFEEFFA7033CFEECFF1700ECFFBF
:108B3000720385FEAEFEF801AEFE070004000000E1
:108B4000980160FFCBFF96FFCBFF9C0345FE2500FD
:108B5000C1FF2500B10316FEE4FEA501E4FE0700F7
:108B6000010000006C0900000B0A00070A888880D9
:108B700002000000710900000B0A00070A888880C3
:108B800003000000760900000B0A00070A888880AD
:108B9000040000007B0900000B0A00070A88888097
:108BA00005000000800900000B0A00070A88888081
:108BB00006000000850900000B0A00070A8888806B
:108BC000070000008A0900000B0A00070A88888055
:108BD000080000008F0900000B0A00070A8888803F
:108BE00009000000940900000B0A00070A88888029
:108BF0000A000000990900000B0A00070A88888013
:108C00000B0000009E0900000B0A00070A888880FC
:108C10000C000000A30900000B0A00070A888880E6
:108C20000D000000A80900000B0A00070A888880D0
:108C30000E000000B40900000B0A00070A888880B3
:108C400014000100BF0131FFF20049FEF20087036A
:108C500061FE33FF620133FF800378FEDAFEE90034
:108C6000DAFE080015000100BF0131FF18010EFEF9
:108C70001801870361FE16FF7C0116FF800378FE52
:108C80008FFF93008FFF090016000100BF0131FF25
:108C9000620055FF6200870361FE1FFF6B011FFF2B
:108CA00079037EFEF4FE5D00F4FE0800170001006B
:108CB000BC0131FF740042FF7400870361FE52FF64
:108CC000020152FF800378FE7FFFF1FF7FFF080063
:108CD00018000100B40131FFDFFF1D00DFFF880332
:108CE00061FE87FF90FF87FF7F0378FECDFEF401D2
:108CF000CDFE080019000100AD0131FFB8FF3E00B4
:108D0000B8FF820361FEAAFFB1FFAAFF7F0378FECE
:108D1000C7FEFE01C7FE08001A000100930154FFC0
:108D2000D9FF0C00D9FF1B03C7FE4CFF38004CFFD6
:108D30003303B8FE80FF280080FF08001B000100FD
:108D4000890154FFCFFF1300CFFF1703C7FE00FFB9
:108D5000500000FF2E03BDFE8BFF25008BFF080097
:108D60001E000100BB0119FFC3FF1D00C3FF6B0301
:108D700061FE66FF480066FF7C0378FE56FF4F00E9
:108D800056FF08002C000100BF0131FFE00071FE1A
:108D9000E000870361FE8BFFC4008BFF800378FE39
:108DA000B2FEC000B2FE0800000001009F015207A1
:108DB000400080004000180378064000800040001A
:108DC0000A032E0640008000400008000100010058
:108DD0009201370703013B0003019F020207440091
:108DE00036004400600247075D00A7005D000800F0
:108DF000020001009F01520740008000400018035C
:108E00007806C0008001C0000A032E0640008000E2
:108E100040000800030001002E013107810002011B
:108E200081009202B806CD009A01CD00F202E00660
:108E3000AA005401AA0008001400010068015CFFA8
:108E4000F200C6FEF200F002B8FE33FFCB0033FFA3
:108E5000FF02E0FE03FF49FF03FF080015000100C9
:108E600068015CFF950052FF9500F002B8FE33FFE9
:108E7000A40033FFFF02E0FE00FFEFFE00FF08004A
:108E80001600010068015CFF62009CFF6200F002B6
:108E9000B8FE33FF7C0033FFFF02E0FE00FFA0FEC0
:108EA00000FF0800170001005E015CFF8CFF52000C
:108EB0008CFFF002B8FE33FF280033FFFF02E0FE14
:108EC0007FFF15FF7FFF08001800010045015CFFD0
:108ED000E0FFD8FFE0FFF402B8FE00FF29FE00FF2C
:108EE000FE02E0FEFAFEAA00FAFE080019000100E8
:108EF0002B015CFFCDFFC0FFCDFFE002B8FE00FFFD
:108F000029FE00FFFD02E0FEFAFEAA00FAFE0800BC
:108F10001A000100150197FFD9FF8BFFA8FF7D0202
:108F20002EFFC0FF40FF70FF660248FF80FF80FEFB
:108F3000E0FE08001B000100F50097FFCFFF6DFF6A
:108F400092FF72022EFF5EFF1BFE95FE650248FF38
:108F5000C2FF46FF75FF08001E0001002E0131FF11
:108F6000C3FF86FFC3FF9202B8FE33FF66FE33FFE6
:108F7000F202E0FE56FFACFE56FF0800280001009A
:108F800068015CFFF200C6FEF200F002B8FECD0000
:108F900035FFCD00FF02E0FEFF017201FF01080076
:108FA000050100080001FFFF0000000000000000B4
:108FB000A200000000FF00FF00000000000000FF12
:108FC000000000007802A0FE80FF00FF80FF080084
:108FD00001000000760179FFF0FFE0FFF0FF1F03C2
:108FE00074FECEFFE0FFCEFFEE022BFE2CFF320020
:108FF0002CFF080002000000770116FFDBFFB4FF22
:10900000DBFF1F0374FEE0FFECFFE0FFEC02F2FE6B
:1090100080FF1E0080FF080003000000770116FF9C
:10902000DBFFB4FFDBFF1F0374FEE0FFECFFE0FF9C
:10903000EC02F2FE6CFF23006CFF0800040000004D
:109040003301AEFFCBFF96FFCBFF0B0385FECBFFBB
:109050000A00CBFFFD022BFE2CFFCA002CFF0800EC
:109060000000000000000000000000000000000000
:1090700000000000000000000000000000000000F0
:1090800000000000000000000000000000000000E0
:1090900000000000000000000000000000000000D0
:1090A00000000000000000000000000000000000C0
:1090B00000000000000000000000000000000000B0
:1090C00000000000000000000000000000000000A0
:1090D0000000000000000000000000000000000090
:1090E0000000000000000000000000000000000080
:1090F0000000000000000000000000000000000070
:10910000000000000000000000000000000000005F
:10911000000000000000000000000000000000004F
:10912000000000000000000000000000000000003F
:10913000000000000000000000000000000000002F
:10914000000000000000000000000000000000001F
:10915000000000000000000000000000000000000F
:1091600000000000000000000000000000000000FF
:1091700000000000000000000000000000000000EF
:1091800000000000000000000000000000000000DF
:1091900000000000000000000000000000000000CF
:1091A00000000000000000000000000000000000BF
:1091B00000000000000000000000000000000000AF
:1091C000000000000000000000000000000000009F
:1091D000000000000000000000000000000000008F
:1091E000000000000000000000000000000000007F
:1091F000000000000000000000000000000000006F
:10920000000000000000000000000000000000005E
:10921000000000000000000000000000000000004E
:10922000000000000000000000000000000000003E
:10923000000000000000000000000000000000002E
:10924000000000000000000000000000000000001E
:10925000000000000000000000000000000000000E
:1092600000000000000000000000000000000000FE
:1092700000000000000000000000000000000000EE
:1092800000000000000000000000000000000000DE
:1092900000000000000000000000000000000000CE
:1092A00000000000000000000000000000000000BE
:1092B00000000000000000000000000000000000AE
:1092C000000000000000000000000000000000009E
:1092D000000000000000000000000000000000008E
:1092E000000000000000000000000000000000007E
:1092F000000000000000000000000000000000006E
:10930000000000000000000000000000000000005D
:10931000000000000000000000000000000000004D
:10932000000000000000000000000000000000003D
:10933000000000000000000000000000000000002D
:10934000000000000000000000000000000000001D
:10935000000000000000000000000000000000000D
:1093600000000000000000000000000000000000FD
:1093700000000000000000000000000000000000ED
:1093800000000000000000000000000000000000DD
:1093900000000000000000000000000000000000CD
:1093A00000000000000000000000000000000000BD
:1093B00000000000000000000000000000000000AD
:1093C000000000000000000000000000000000009D
:1093D000000000000000000000000000000000008D
:1093E000000000000000000000000000000000007D
:1093F000000000000000000000000000000000006D
:10940000000000000000000000000000000000005C
:10941000000000000000000000000000000000004C
:10942000000000000000000000000000000000003C
:10943000000000000000000000000000000000002C
:10944000000000000000000000000000000000001C
:10945000000000000000000000000000000000000C
:1094600000000000000000000000000000000000FC
:1094700000000000000000000000000000000000EC
:1094800000000000000000000000000000000000DC
:1094900000000000000000000000000000000000CC
:1094A00000000000000000000000000000000000BC
:1094B00000000000000000000000000000000000AC
:1094C000000000000000000000000000000000009C
:1094D000000000000000000070B50446DFF328F330
:1094E000002144220546E0F393F36369152B2B60BA
:1094F00001D0162B01D9104B6B606B68C3B1AC6007
:109500002046E9F3DFF3E8602046E9F3A3F30646DB
:1095100018B920460121E9F3DBF36B6820469B680C
:10952000984705462EB920463146E9F3D1F300E0CD
:109530001D46284670BD00BF6C0A02002DE9F047A9
:1095400004460F4691469846E9F384F3054618B958
:1095500020460121E9F3BCF32046E9F37BF3C0B1D7
:109560002046E9F36DF3A0B92046FFF7B5FF824628
:1095700090B12046EBF782FFDAF8043050465E697E
:1095800039464A464346B04706462046EBF774FF45
:1095900004E06FF0180601E04FF0FF361DB92046D9
:1095A0002946E9F395F33046BDE8F0870523C0F876
:1095B00094312023C0F89C31234B01221B68C0F852
:1095C0009821C0F8AC214FF06402C0F8B0214FF0F0
:1095D0000602002BC0F8C02140F23C720CBF0723EA
:1095E0000023C0F8C4214FF00802C0F8A031C0F831
:1095F000C8214FF010034FF01502C0F8A431C0F895
:10960000B831C0F8BC31C0F8CC21C0F8D03103D09B
:109610000E4B1B68013B00E003231C22C0F8D43131
:109620000423C0F8D831C0F8DC21C0F8E8310C229E
:109630000623C0F8E021C0F8EC3110220023C0F866
:10964000E421C0F8F0317047EC260000D42500007A
:10965000D0F8101238B5044669B18068E1F38CF097
:10966000D4F810120546E822A068E5F329F100239A
:10967000C4F8103200E00D46284638BD1FB5044638
:1096800006238068E8210393E5F30AF1C4F8100289
:1096900068B10021E822E0F3BBF200230093A06848
:1096A000D4F8101203AA1C23E1F3FEF001E04FF0FE
:1096B000FF3004B010BD00002DE9F0418AB01D4616
:1096C000DDF84080944B0846C3F8008011461746E9
:1096D000E8F35CF0002800F0198128464FF4077188
:1096E000E5F3DEF00446002800F0118100214FF47C
:1096F0000772E0F38DF2A560C4F814802046FFF7EE
:1097000055FF864B1E68C4F80C621EB136780036D1
:1097100018BF0126824B04F128001A680121002A93
:1097200014BF31221122E1F391F100230093019340
:109730000293384629464246119B05F0CDFCE06075
:10974000002800F0DB80E9F375F12060E068E9F3C0
:109750008FF16769734A7B68734903F0010383F0F3
:109760000103D4F800C0002B18BF114684F87631ED
:1097700040F629039C456060D4F808E0E26807F5EC
:10978000007303D110B107F5087701E007F50477FE
:109790000097D4F8B8010190D4F8BC010290D4F835
:1097A000C40103904FF0FF300490D4F8C00105903D
:1097B00008200690002007907046EEF7E3FC6062F8
:1097C000002800F09B80D4F80C12B1B10B78A3B143
:1097D000E2F3F6F755492246D4F80C02E0F3B8F765
:1097E000D4F80C0252492246E0F3ECF72EB12046A1
:1097F000FFF744FF002840F0818001210A46606A9B
:10980000E2F3E6F720460021E2682B4603F094FBE2
:109810002061002872D000210B462046454AE4F31F
:10982000A1F30023C4F8900184F879314248E6F3AB
:1098300005F010B3E0F334F4012383403F48C4F84B
:109840008031E5F3FBF710B1E0F32AF408B1D4F866
:109850008001C4F884013A490020E0F375F6030C56
:10986000A4F88831A4F88A013BB100212046354A8A
:109870000B46E4F377F3C4F88C0100203249E0F39F
:1098800063F6012809D184F8160230490020E0F37C
:109890005BF6012804BF2E4B18602046E7F3D6F58F
:1098A00018B30020C4F8A0012A49E0F34DF628B10E
:1098B000012384F8F9312848EEF7FAF80020274907
:1098C000E0F342F688B125490020E0F33DF64FF081
:1098D000807300F00F000AA901F8010D4FF44072E7
:1098E000009320460F23E1F721F81D481D49224629
:1098F000E4F3E8F61C48EAF789FE08E0A068214690
:109900004FF40772E4F3DCF7002400E0044620463D
:109910000AB0BDE8F08100BFF4260000BC260000BC
:10992000EC260000AE278600B6278600DD9B80006F
:10993000952A000065A68000052886000E2886006E
:1099400017288600499B80001F2886009CC50100BF
:10995000901402002A28860034288600ADC5010034
:109960004D288600E59A8000D596800038B5002500
:10997000044680F87551006903F018FB2046E7F3B0
:1099800083F7E0682946E9F33DF0D4F8900128B167
:10999000E4F37CF2D4F89001E4F3C2F2D4F88C0141
:1099A00028B1E4F373F2D4F88C01E4F3B9F2E0687F
:1099B00005F00AFAD4F8103223B11B7813B120460F
:1099C000FFF746FEA06821464FF40772BDE8384015
:1099D000E4F376B77FB506464FF4BC714068E4F314
:1099E0005FF70446C0B100214FF4BC72E0F310F100
:1099F0000B4B266000930B4B0025019330682346E8
:109A000009490A4A0295039502F04ED84FF496632D
:109A1000C4F8603184F86451204604B070BD00BFC2
:109A2000250B0100052F0000D4C50100853B8600F1
:109A300010B5044670B1036822461868064902F062
:109A40006BD82368214658684FF4BC72BDE81040BB
:109A5000E4F336B710BD00BF853B860070B5044601
:109A600000282BD0816869B1C3689868EDF3DEF3F4
:109A7000E368D0F10105A168986838BF0025EDF3CF
:109A8000E7F300E00D46616F0026A66529B1E368A3
:109A9000A26F5868E4F314F766672046EDF711FCEF
:109AA000E36822461868074902F036D8E368214681
:109AB00058684FF4B072E4F303F700E00546284617
:109AC00070BD00BFEB3D860030B54FF4B07185B07E
:109AD00005464068E4F3E4F60446E0B100214FF4A3
:109AE000B072E0F395F0E560A868C5F818480D4934
:109AF00022460023EDF3C8F3A06060B10A4B28684A
:109B0000009300230193029303930849084A2346D4
:109B100001F0CADF18B12046FFF7A0FF002420465D
:109B200005B030BD75300000D9E1800058C6010095
:109B3000EB3D860038B50446D0F884000D4608B1E8
:109B400002F02AFDD4F8800008B105F0E9FBE06FCF
:109B500008B1FFF76DFF606F08B1FFF77FFFA068E6
:109B600008B100F0F5FC284621468C22BDE83840BB
:109B7000E4F3A6B62DE9F04F074689B08B460020E6
:109B80008C2190461D46139EE4F38AF60446002875
:109B900077D000218C22E0F33BF02660384605F0B8
:109BA00079F807AB019005932A4682464FF00009E9
:109BB000204641F2E4413346CDF80090CDF808B09C
:109BC000CDF80C80049400F067FD0546002853D0C2
:109BD000A06003F06DDD2B696060E3602B4B10210A
:109BE000A3642B4A3346276164643846E0F354F09B
:109BF0002B6931461B6E27489A6B274BEDF758FFB0
:109C0000324648461299254B8DE8800102F01AFE33
:109C10000646002830D16368012783F87870362122
:109C20003A46D5F87C0224F097DB1D4B2846E363C7
:109C3000FFF74AFF6067F8B16368284683F8A470AD
:109C4000FFF7C8FEE067B8B1284605F00DFBC4F881
:109C5000800088B1284602F075FCC4F8840058B131
:109C6000104B02968DE84800039628680E490F4A6B
:109C7000234601F019DF20B120465146FFF75AFF75
:109C80000024204609B0BDE8F08F00BF55F78000E2
:109C9000FB418600789A0200C4C6010029FB8000BF
:109CA000EFBEAD0D99F880007CD28500C5428600DC
:109CB000024B01221A70EAF7E7BF00BF2815020025
:109CC000D0F8AC1110B5044629B18068EDF3C0F2AC
:109CD0000023C4F8AC31D4F8C41129B1A068EDF365
:109CE000B7F20023C4F8C431D4F8741529B1A068C0
:109CF000EDF3AEF20023C4F87435D4F8F81629B1A8
:109D0000A068EDF3A5F20023C4F8F836D4F8FC16E9
:109D100029B1A068EDF39CF20023C4F8FC36D4F816
:109D2000E036196A31B1A068EDF392F2D4F8E0366A
:109D300000221A62D4F83C1529B1A068EDF388F22C
:109D40000023C4F83C35D4F8941729B1A068EDF38A
:109D50007FF20023C4F89437D4F8B01829B1A06872
:109D6000EDF376F20023C4F8B03810BD10B5044608
:109D7000006805F0D9FFD4F8480120B105F062FB76
:109D80000023C4F84831D4F8583113B10023C4F883
:109D90005831D4F83C0120B105F0F2FA0023C4F8A0
:109DA0003C31D4F8400120B101F09CFA0023C4F802
:109DB0004031D4F84C0120B105F018FC0023C4F860
:109DC0004C31D4F8540120B105F08EFB0023C4F8C7
:109DD0005431D4F8600120B107F082F90023C4F8AF
:109DE0006031D4F8383113B10023C4F83831D4F8D5
:109DF000640120B102F036FA0023C4F86431D4F8CB
:109E0000000520B107F060FA0023C4F8003510BD4A
:109E100038B503680446D0F860561A495869E0F32B
:109E200093F32870236818495869D4F86056E0F312
:109E30008BF3E870D4F860361A780AB10F2A01D192
:109E400001221A70D4F8603601211A785A70D4F8B9
:109E500060562846E0F334F1A870D4F86036DA781A
:109E60000AB10F2A01D10122DA70D4F8603601213B
:109E7000DA781A71D4F86046E01CE0F321F16071E1
:109E800038BD00BF3D79860052798600036870B501
:109E90005D69044614492846E0F356F340B220B900
:109EA00028461249E0F350F340B2431E0E2B0ED861
:109EB000012803D1D4F86026002304E0022806D14B
:109EC000D4F8602601239371D4F86026D371084931
:109ED0002846266BE0F338F386F804012046F0F3B9
:109EE000D3F6012070BD00BFC65C8600CB5C860047
:109EF0000E5D860070B504462146006807F0BAF989
:109F0000C4F8000500284CD0206805F0F3FE206856
:109F1000214601F059FBC4F83407002843D02046FD
:109F200005F04AFAC4F83C0100283ED0204601F072
:109F300025FAC4F84001002839D0204607F07EF801
:109F4000C4F86001002834D020682146A2681D4B67
:109F500005F006FBC4F87C0200282CD0204602F055
:109F6000CFF9C4F86401002827D000250126A4F801
:109F7000305884F8885884F88A5884F889682046CC
:109F800005F074FAC4F84801002818D02368284660
:109F900083F8A360236883F8A960236883F8A0602E
:109FA00070BD292070BD2A2070BD312070BD3220C7
:109FB00070BD352070BD392070BD3C2070BD432080
:109FC00070BD00BF9D6D8100F0B5D0F840550021F7
:109FD000AC2287B004462846DFF31AF66423EB85EB
:109FE000032385F8603000220123D4F85C014FF48C
:109FF0002C5123F0FFDCFF2804D1236B186919686A
:10A00000EFF798FE21686886236BA4F8260691F87E
:10A010004660FF27002100F440601A89B0F5406FC8
:10A0200014BF142028201B688DE88200039006F0DE
:10A030000306D4F8600602968078049005F1380093
:10A040002EF004DE236893F84630980703D0EB889F
:10A0500043F02003EB8007B0F0BD000038B50446A4
:10A060002C49806822460023EDF30EF1C4F8AC01C0
:10A0700000284DD0A068284922460023EDF304F1C2
:10A08000C4F8C401002843D0A06824492246002314
:10A09000EDF3FAF0C4F87405002839D0A06820491F
:10A0A00022460023EDF3F0F0C4F8F80600282FD084
:10A0B000A0681C4922460023EDF3E6F0C4F8FC0634
:10A0C00030B3A068184922460023D4F8E056EDF3D7
:10A0D000DBF02862E0B1A068144922460023EDF3CA
:10A0E000D3F0C4F83C0598B1A0681149224600237A
:10A0F000EDF3CAF0C4F8940750B10023A0680D49ED
:10A100002246EDF3C1F0C4F8B008003018BF0120BA
:10A1100038BD00BF3DAA81003D708100CB580000D2
:10A1200095918100858F8100256E8100895981007C
:10A13000396B8100496F8100F8B542F60131002585
:10A14000FF2301266427044680F8473680F8C4348C
:10A15000A0F8281680F8286080F8687780F84256C2
:10A1600080F84C6680F8435680F8496680F8465679
:10A1700002214FF0FF3203F0E3D9204631462A4650
:10A1800003F0DED920460C214FF0FF3203F0D8D97E
:10A1900020460B212A4603F0D3D920460E214FF04A
:10A1A000FF3203F0CDD920460D212A4603F0C8D94D
:10A1B00020460F214FF0FF3203F0C2D904210222C2
:10A1C000204603F0BDD9D4F86036032284F84866EF
:10A1D0009A71D4F8603640F62A11DA71A4F82A167A
:10A1E000A4F82C16A4F82E16A4F83016A4F83216EB
:10A1F000A4F83416A4F8361640F62B11A4F8381635
:10A200002168A4F87A5581F89550A4F83E260222D8
:10A21000A4F8402604220721A4F83C260F22A4F823
:10A220003A16A4F87C58A4F87E7884F8EA5184F8A9
:10A23000EB5184F81E5284F8EE5184F8EC5184F806
:10A24000FA6184F80B5784F80C2784F8A05423464D
:10A25000D3F89024C3F88022957101350433042D7E
:10A26000F6D123680025012684F850574FF0FF32BD
:10A2700083F84D605A63236804F5CC6783F8426025
:10A2800023680B2283F84350236884F8CF5183F866
:10A2900039502368381D83F8AA60236884F8DF5199
:10A2A00084F8E061C4F8E45184F8E1512946DD66A0
:10A2B000DFF3AEF4DD2384F864360923032284F847
:10A2C0006536B81D1A49DFF33FF4022384F8693676
:10A2D000236884F8566584F8576583F84C506423E6
:10A2E000A4F88C38236884F89257A4F8905793F810
:10A2F000462092070CD093F94C304BB1D4F8FC04B3
:10A300002430F2F38DF5D4F8FC043230F2F388F502
:10A31000226801234FF4487184F82538A4F85C17AB
:10A3200082F8A2302368FF2283F8B520F8BD00BF71
:10A33000C9C2010041F2E443984240F0C88044F2AF
:10A340002033994200F0C58044F22533994200F051
:10A35000C08044F20333994200F0BB8044F22133C1
:10A36000994200F0B68044F22433994200F0B18063
:10A3700044F21833994200F0AC8044F21933994208
:10A3800000F0A78044F21A33994200F0A28044F210
:10A390001133994200F09D8044F21333994200F04A
:10A3A000988044F21233994200F0938044F21433BF
:10A3B000994200F08E8044F21533994200F0898072
:10A3C00044F21633994200F0848044F21B339942E0
:10A3D0007FD044F21C3399427BD044F21D33994222
:10A3E00077D0A1F58643A3F1280292B2022A70D950
:10A3F0002B3B9BB2022B6CD944F24133994268D07B
:10A4000044F24033994264D0A1F58643503B9BB25D
:10A41000022B5ED944F2533399425AD044F2573357
:10A42000994256D04AF69D13994252D044F2543381
:10A4300099424ED044F22F3399424AD044F22E33FF
:10A44000994246D044F23433994242D044F23533F3
:10A4500099423ED044F2363399423AD0A1F5864330
:10A46000A3F1370292B2022A33D944F21672914212
:10A470002FD044F2277291422BD044F243329142C2
:10A4800027D0A3F1600292B2012A22D9A3F1460299
:10A4900092B2022A1DD9A3F1310292B2012A18D92F
:10A4A000553B9BB2012B14D9A1F58643583B9BB277
:10A4B000012B0ED944F2633399420CD044F2703030
:10A4C000C0EB010CDCF1000040EB0C0070470020F9
:10A4D00070470120704701207047836B70B50025DD
:10A4E00083F84C50C36B012683F84C600446816BA3
:10A4F000E2F7EDFEE16B2046E2F7E9FE2946204651
:10A50000F7F30EF2A36B204683F84D50E36B314610
:10A5100083F84D50D4F860364FF0FF35DE72D4F832
:10A5200060369D81F7F3FCF1D4F860369B78B34236
:10A530000CD9A36BFF2283F84D50E36B83F84D20B9
:10A54000B4F8CB3443F08003A4F8CB3470BD0000E2
:10A55000F8B50446002800F09A8001F0BFFB0646DB
:10A56000204603F04BD900B90136D4F8F01649B1B2
:10A570006068D4F8F426E4F3A3F10023C4F8F436B9
:10A58000C4F8F0362046D4F81815FAF36BF02046DC
:10A59000D4F8D816FAF366F0D4F820152046FAF36A
:10A5A00061F0D4F82C1521B160684FF49662E4F3A1
:10A5B00087F1D4F87C0220B104F0FCFF0023C4F83A
:10A5C0007C32254604F1200706E0D5F84C1211B183
:10A5D00020461CF019DD0435BD42F6D1012120468C
:10A5E00032F0A8DE204601F00FFE276BB96911B1E9
:10A5F000204632F033D90025BD61D4F85C0101F06A
:10A60000F5FE2046FFF75CFB2046FFF7AFFB204638
:10A61000D4F82C18E1F780F9C4F82C58D4F8B854C1
:10A6200006E0294660681022EF68E4F349F13D46F0
:10A63000002DF6D1C4F8B85420681649224601F01E
:10A640006BDAD4F8340718B100F098FFC4F8345727
:10A65000D4F8680120B106F0EBFD0023C4F868319E
:10A66000D4F8181751B16068D4F81C27E4F328F126
:10A670000023C4F8183701E008F08ED9D4F8782206
:10A6800020466168002AF7D100F002FC00E006468F
:10A690003046F8BDBB5C86002DE9F04F8DB00692C8
:10A6A000DDF85C801A9A9946002307910A9300927C
:10A6B000074641460698189A199B9DF858B0DDF850
:10A6C0006CA009F05DF8064610B11E230A9320E342
:10A6D000FFF7EEFA404649460AAA00F0C7FC0446D6
:10A6E000002800F01683D0F86036FF22C0F80480FE
:10A6F000056883F81C21836B87600363436B4946BD
:10A70000C362AE4BC5F80490C5F8B0301A9BC5F8CB
:10A710000C80C0F87831032385F821B080F86937C0
:10A720004FF0FF33C0F8CC3880F89D61FFF704FD8F
:10A730002046F9F32DF1204604F06AFF0646002872
:10A7400040F0F4822046394642464B4606F0DCFC97
:10A75000C4F8680108B91F23B0E2994B02968DE84E
:10A76000480003969749984A2346206801F09CD9EF
:10A77000964B02968DE8480003969549954A2346E4
:10A78000206801F091D9189A199B02921A9A0393A2
:10A79000049220460799069A4B46CDF800B0CDF8B2
:10A7A000048001F011FB06460A90002840F0BE82AA
:10A7B0002369186EEAF796FEA4F8BE082046F6F361
:10A7C00097F708B9142379E231460BAA2046F8F32B
:10A7D0001BF431462046BDF82C200136F8F31EF458
:10A7E000062EF1D1012785F89A7004F5BE72206912
:10A7F00005F1140119F05EDE77496869DFF3A4F60C
:10A80000764906466869DFF39FF67549A4F8620841
:10A810006869DFF399F6B4F86238A4F86408A4F81C
:10A820007837A4F87A076F496869DFF38DF66E49C7
:10A83000A4F854086869DFF387F684F856086B4972
:10A840006869DFF381F684F8580869496869DFF3BD
:10A850007BF684F85A0867496869DFF375F684F86F
:10A86000570865496869DFF36FF684F8590863494A
:10A870006869DFF369F684F85B0861496869DFF3AA
:10A8800063F684F85C085F496869DFF35DF684F875
:10A890005E085D496869DFF357F684F860085B4934
:10A8A0006869DFF351F684F85D0859496869DFF398
:10A8B0004BF684F85F0857496869DFF345F684F87A
:10A8C00061082046FFF7A4FAD4F86036226B84F8BA
:10A8D000F07784F8F17710691978DA78F0F761F891
:10A8E000E26A20690023C118D1F8A070D11804339E
:10A8F000182B4F60F7D104F5CB77394619F00ADFF2
:10A90000062205F14E003946DFF31EF1B4F882311C
:10A9100044F21D3293421DD00AD844F216329342BB
:10A9200018D044F21A32934214D044F213320DE09C
:10A9300044F22A3293420DD002D844F2213205E08B
:10A9400044F22D32934205D044F25232934201D068
:10A95000002300E001230E3354F823302046236304
:10A96000FFF794FA08B91823A8E1216B0F2240F2EF
:10A97000FF33A1F80621A1F8083101F1FC0201F52D
:10A980008073204600F088FF236BD3F8FC20C3F8C7
:10A99000F820C3F8F020D3F80021C3F8F4201A6897
:10A9A000022A07D101225A75236B204603215A7DC2
:10A9B00002F0C6DDF2072FD500222EE025E65A056B
:10A9C00079DB810078D48500BB5C8600A539000066
:10A9D0000CC801000FC70100D6688600E268860037
:10A9E000F5688600076986001C6986002B69860069
:10A9F0003A698600496986005A6986006B69860053
:10AA00007C6986008A69860098698600A669860046
:10AA1000B6698600C6698600012285F84620204670
:10AA20000A2102F08DDD216B20461C31FAF3E6F598
:10AA30007F23216B00932368002293F8463001F1B5
:10AA40001C0003F003035031019313462EF03CD950
:10AA50002046F6F3A7F64FF4D163C4F874382046C5
:10AA6000FFF748FA07460A90002840F05F81204629
:10AA70004946FFF7F3FA08B920231FE1204601F009
:10AA8000BDFCC4F85C0108B9212317E12046FFF79B
:10AA90009BFA3946A74AA84B20460097019406F036
:10AAA0001FFCA64B1A1D07CA1B688DE8070007216B
:10AAB0002046224607F0C2DE04212046A04AA14BD0
:10AAC0000097019406F00CFC0028C4F88C0701DA0A
:10AAD0002223F3E02046414607F034DF08B964231F
:10AAE000ECE04FF0FF33C4F8040897490093204688
:10AAF000964A974B00F070D8C4F82C08002800F054
:10AB00001581204601F08BFB08B12323D6E0236892
:10AB1000062293F8A130A5F86420012B02D140232E
:10AB2000A5F86430D5F88C3006221A804FF43972BB
:10AB30005A80D5F89030C422012704F500712046D0
:10AB40001F805A80063108F0D1DED4F83C010DF0A8
:10AB50005BDF08B184F8CF71022384F8C0341E2370
:10AB600084F8CB34102384F8CC34236B5B89022B1C
:10AB700002D81C2384F8CB34FF23002184F8CA3484
:10AB800084F8C93484F8C8342046F7F36DF3236899
:10AB9000002783F8B4704FF0FF33C4F8D431204657
:10ABA0003946F2F379F3204684F8DC71FFF795FC1F
:10ABB000330748BF84F8DC71F00603D52046002136
:10ABC000F2F36AF3B1070ED5A26B002382F84D3081
:10ABD000E26B82F84D30B4F8CB3423F080031B04D1
:10ABE0001B0CA4F8CB34720703D520460021F6F3E2
:10ABF000B7F6330607D5B4F8CB3423F010031B04A3
:10AC00001B0CA4F8CB34236893F842309BB116F0A8
:10AC1000600F10D006F0200106F040022046002907
:10AC200014BF00216FF00001002A14BF00226FF052
:10AC3000000200F093FB02238DF8203000238DF8F2
:10AC400021308DF822308DF823308DF824308DF8A6
:10AC50002530B4F8823144F21D3293421DD00AD817
:10AC600044F21632934218D044F21A32934214D06E
:10AC700044F213320DE044F22A3293420DD002D84E
:10AC800044F2213205E044F22D32934205D044F2E1
:10AC90005232934201D0002600E0012606F10E0751
:10ACA00054F8279008A920464A4631F099DDC9F8A2
:10ACB000180054F82710886910B937230A9335E033
:10ACC000443050312822DEF33FF754F82730204635
:10ACD0009B699E62EB6D43F00403EB651D4BC8F866
:10ACE0000C40C8F80830EDF76DFABAF1000F02D049
:10ACF0000023CAF80030236817495869DFF350F47D
:10AD000080B100210A46DFF30BF3144BC0B2186088
:10AD100008E0BAF1000F04D00A9B0024CAF8003002
:10AD200000E0544620460DB0BDE8F08F2046FFF706
:10AD30000FFCEEE739AE820001AE8200E4C80100EC
:10AD4000D5A18100ADA181002D578100415781001F
:10AD500019578100B54282001BC70100D0140200C0
:10AD60002023092210B5036010244360026140F2E1
:10AD70003C738261012208218360C2610423046262
:10AD80004264402440F29E32C36041614362846267
:10AD9000C362162443638163C26400210322836576
:10ADA000022304630164026541664265C26503666D
:10ADB00010BD38B505460C46002928D0496D11B1A3
:10ADC000C022E3F37DF5D4F88C1039B128464FF456
:10ADD0003972E3F375F50023C4F88C30D4F8901081
:10ADE00031B12846C422E3F36BF50023C4F8903058
:10ADF000E16929B128466822E3F362F50023E361A3
:10AE000028462146B822BDE83840E3F359B538BD9D
:10AE1000F8B51646B82205460F4609F037D904465C
:10AE200010B940F2E9332BE028463946682209F090
:10AE30002DD9E06110B940F2044321E0FFF790FF03
:10AE400028463946C02209F021D9606510B940F280
:10AE5000EB3315E0284639464FF4397209F016D91C
:10AE6000C4F88C0010B94FF47B7309E028463946CA
:10AE7000C42209F00BD9C4F8900038B940F2ED3380
:10AE8000214633602846FFF794FF00242046F8BD92
:10AE900038B50D460446002800F0E780D0F81815B4
:10AEA00039B128464FF48472E3F30AF50023C4F85D
:10AEB0001835D4F8201539B128464FF48472E3F3DD
:10AEC000FFF40023C4F82035D4F8B41439B128466F
:10AED00040F2AC42E3F3F4F40023C4F8B434D4F801
:10AEE000401531B12846AC22E3F3EAF40023C4F85C
:10AEF0004035D4F86C1229B1284609F029D800232E
:10AF0000C4F86C32D4F8FC1431B128464022E3F383
:10AF1000D7F40023C4F8FC34D4F8841669B123684C
:10AF20005BB1DB694BB19B690C2201335A43284664
:10AF3000E3F3C6F40023C4F88436D4F8BC1419B182
:10AF40002846B422E3F3BCF4D4F8901421B1284687
:10AF50004FF4AE62E3F3B4F4D4F8581631B1284696
:10AF60003822E3F3ADF40023C4F85836D4F8601661
:10AF700039B128464FF49072E3F3A2F40023C4F8E9
:10AF80006036D4F8F81731B128461022E3F398F46C
:10AF90000023C4F8F837D4F8D81639B128464FF44E
:10AFA0008472E3F38DF40023C4F8D836D4F8E016A5
:10AFB00031B128462422E3F383F40023C4F8E036B9
:10AFC000D4F8EC1631B128466822E3F379F4002373
:10AFD000C4F8EC36D4F8441731B12846EC22E3F338
:10AFE0006FF40023C4F84437A16B21B128464FF415
:10AFF0000672E3F365F4636B7BB1996A31B1802229
:10B000002846E3F35DF4636B00229A622846616B85
:10B010002C22E3F355F400236363216821B1284611
:10B02000FFF7C7FE002323602369B3B1D3F8F810FC
:10B0300018222846E3F344F423690022D96FC3F8A9
:10B04000F82019B128465822E3F33AF4284621693A
:10B05000FC22E3F335F4002323612846214640F621
:10B06000D402BDE83840E3F32BB438BD2DE9F041FC
:10B07000164640F6D40205460F4609F007D80446A6
:10B0800000283DD02623C0F82838394628463246C5
:10B09000FFF7BEFE2060002800F01A81904B04608C
:10B0A0001B683946C0F89C30FC22284608F0EEDFC9
:10B0B0008046206110B940F2ED3308E184603946E2
:10B0C0002846182208F0E2DFC8F8F800C0B1284688
:10B0D00039465822D4F8108008F0D8DFC8F87C0030
:10B0E00070B123692846DA6F39462C32C3F88020C4
:10B0F0004FF4847208F0CADFC4F8180530B902E0D2
:10B1000040F2EE33E3E040F2EF33E0E02846394628
:10B110004FF4847208F0BADFC4F8200510B94FF478
:10B120007C73D4E02846394640F2AC4208F0AEDFEA
:10B13000C4F8B40410B940F2F133C8E028463946E7
:10B14000AC2208F0A3DFC4F8400510B940F2F23396
:10B15000BDE039462846ECF717FC0146C4F86C02FE
:10B1600010B940F2F333B2E020461BF0DFDA284694
:10B170003946402208F08ADFC4F8FC0410B94FF4C5
:10B180007D73A4E023680C22DB6928469B6939465D
:10B1900001335A4308F07ADFC4F8840610B940F24C
:10B1A000F53394E028463946B42208F06FDFC4F83E
:10B1B000BC0410B940F2F63389E0284639464FF412
:10B1C000AE6208F063DFC4F89004A8B100F5AE7376
:10B1D000C4F8943400F52E7300F582600430C4F88E
:10B1E0009C04C4F8983428463946382208F04EDFCB
:10B1F000C4F8580630B902E040F2F73367E04FF484
:10B200007E7364E0284639464FF4907208F03EDFC2
:10B21000C4F8600638B128463946102208F036DFF7
:10B22000C4F8F80710B940F2F93350E0284639461F
:10B230004FF4847208F02ADFC4F8D80610B940F23F
:10B24000FA3344E028463946242208F01FDFC4F8C8
:10B25000E00610B940F2FD3339E02846394668224D
:10B2600008F014DFC4F8EC0610B940F2FE332EE00B
:10B2700028463946EC2208F009DFC4F8440710B923
:10B2800040F2FF3323E0284639464FF4067208F0B7
:10B29000FDDEA06358B100F58670E06339462846AC
:10B2A0002C2208F0F3DE8046606330B902E040F201
:10B2B00001430CE040F2024309E02846394680226F
:10B2C00008F0E4DEC8F8280038B940F203433360E0
:10B2D00020462946FFF7DCFD00242046BDE8F0812A
:10B2E000BC26000070B50446002834D0054600F1A5
:10B2F0002806D5F8501221B12368F4225868E3F3E8
:10B30000DFF20435B542F4D1A16B69B194F8A333EF
:10B310001BB123689868EBF389F72368A16B9868E1
:10B32000EBF396F70023A363D4F8781221B12368D6
:10B33000E8225868E3F3C4F22368224618680649F5
:10B3400000F0EADB2368214658684FF46A72BDE8D2
:10B350007040E3F3B5B270BD67898600D0F8403124
:10B36000481C18BF83F89C13501C83F89E1383F865
:10B370009F2318BF83F89D2370470000F0B54FF45A
:10B380006A7185B005464068E3F38AF204460028F6
:10B3900000F0C68000214FF46A72DEF339F42560B4
:10B3A0006868E821E3F37CF2C4F87802002800F032
:10B3B000A9800021E822DEF32BF4202084F8A203E8
:10B3C00008214FF47A70E174217560860621C82047
:10B3D000012384F827100022FF21A08605260220E1
:10B3E0002768A3726373A373E3732374637484F88D
:10B3F000943384F8953384F8963384F8973384F83B
:10B40000983384F8993384F89A3384F89B33A3747F
:10B4100084F828102273E27284F8296084F82A20C4
:10B4200084F82B003F6897F8A17084F89E139F4220
:10B430000CBF1F46032784F89F134FF4006184F864
:10B440002C70E16384F82D306675A07523460521C4
:10B4500002200132D975D8770133082AF7D10027A5
:10B460000126204684F82E7084F82F6009F0F2D867
:10B47000204685F8C3640AF00DDF042128462A4AD5
:10B480002A4B0097019405F02BFFB842606039DB2E
:10B49000274B28680093274B27490193274B284ABD
:10B4A00003932346029700F0FFDA074650BBA868D3
:10B4B000244922463B46EBF3E7F6A06310B3224B48
:10B4C00084F87C621A1D07CA1B688DE807002246B3
:10B4D0002846062107F0B2D9FF2384F8A1332B6850
:10B4E000204693F842100BF035DFC823C4F8E03251
:10B4F00020460BF015D920463146ECF737FE84F88C
:10B50000A3730DE0D4F8781219B16868E822E3F368
:10B51000D7F1214668684FF46A72E3F3D1F1002451
:10B52000204605B0F0BD00BF95CB82001DCB820048
:10B5300045CF82003D930000A0E0850079D98200CC
:10B5400067898600F9910000F4C8010070B50A4BC4
:10B5500086B00D466C4603F11806186859682246F5
:10B5600003C20833B3421446F7D12846694618226D
:10B57000DEF3EAF206B070BDF9C2010070B5D0F892
:10B58000AC630446D0F8B053304600F07BF8D4F8F2
:10B59000D013B068EBF34AF6B068D4F8D013EBF3ED
:10B5A00057F600232246C4F8D0332846054900F058
:10B5B000B3DAE86821464FF47E72BDE87040E3F3E9
:10B5C0007FB100BFAB9986002DE9FF413C23C1F854
:10B5D00024370523C1F8283705460F46C0684FF4C5
:10B5E0007E71E3F35DF1044600283DD000214FF465
:10B5F0007E724FF00008DEF30BF3C4F8AC73C4F8AE
:10B60000B05384F801802046E6F7FCF8C4F8C00384
:10B61000384600F04DF8064638B12146E8684FF448
:10B620007E72E3F34DF144461EE0204604F563715B
:10B63000FFF78CFFB8680E4922463346EBF324F639
:10B64000C4F8D00378B120460EF0A8DE094B284696
:10B650000093094B09490193094A23460296039630
:10B6600000F022DA00E00446204604B0BDE8F08194
:10B670008D2583009D118300C70D0100D4C90100F1
:10B68000AB99860038B5D0F8305704466DB10749FC
:10B690002246006800F040DA606829464FF40A62EA
:10B6A000E3F30EF10023C4F8303738BD529E860014
:10B6B000F0B54FF40A6185B004464068E3F3F0F05A
:10B6C000054620B9C4F830074FF0FF30D4E0002120
:10B6D0004FF40A62DEF39CF2226805F120032B602E
:10B6E000002608236B612E61DC2113662046634A25
:10B6F000634B0096019405F0F3FDB042A86105DAB2
:10B700002046FFF7BFFF6FF00100B5E05D4B002260
:10B7100043F8042BF2071FD55B4901270A780D2A4D
:10B7200007FA02FE03DCD21917FA02F001E04FF427
:10B730000040CA78012111FA02F70D2A47EA0E07E4
:10B7400047EA000003DC521811FA02F201E04FF45C
:10B750000042024343F8042CB00723D54A4901278D
:10B760004A7853F804EC0D2A07FA02FC03DCD219DC
:10B7700017FA02F001E04FF400408A78012111FA33
:10B7800002F70D2A47EA0C0747EA000003DC5218CB
:10B7900011FA02F201E04FF40042024342EA0E02C3
:10B7A00043F8042C710723D5374901270A7953F848
:10B7B00004EC0D2A07FA02FC03DCD21917FA02F096
:10B7C00001E04FF400404A79012111FA02F70D2AF5
:10B7D00047EA0C0747EA000003DC521811FA02F2AC
:10B7E00001E04FF40042024342EA0E0243F8042C07
:10B7F000320723D5244901278A7953F804EC0D2A0E
:10B8000007FA02FC03DCD21917FA02F001E04FF448
:10B810000040CA79012111FA02F70D2A47EA0C0704
:10B8200047EA000003DC521811FA02F201E04FF47B
:10B830000042024342EA0E0243F8042C0136102E65
:10B840007FF465AF114B002603933146104A23461F
:10B85000206800960196029600F026D90D4B1A1D1D
:10B8600007CA1B688DE8070020460321224606F020
:10B87000E5DFC4F83057304605B0F0BD015783000E
:10B88000A15683008427000090E085009D5083002E
:10B89000529E860024CB010030B58C8942F25605B9
:10B8A000AC4208D842F25505AC4223D242F25005D0
:10B8B000AC422FD108E042F260018C421FD04EF220
:10B8C000F5418C4226D11FE0C989012904D16FF0CE
:10B8D0003B0111600F2103E06FF04501116014215D
:10B8E00019600368D3F88030DB0418D51368023B75
:10B8F000136030BD6FF04A011160142208E06FF050
:10B900004A0111600F2203E06FF095011160962249
:10B910001A6030BD6FF04A01116014221A6030BD08
:10B9200038B504460625E06820B1044B1B689847EB
:10B930000023E3600434013DF5D138BDE0A6850065
:10B94000436C1F2B05D84FF00070184100F0010028
:10B95000704700207047016EB0F84A3010B58A6A0F
:10B96000B3B1FF2B16D9180B0138012814D803F4F2
:10B970007060000A09280FD878B103F0F000902811
:10B980000AD803F00F0009288CBF0020012004E032
:10B99000184602E0012000E00020CC6A41F2E441B8
:10B9A0008C4215D1A2F582610739012903D83F2BBA
:10B9B00098BF002010BD40F20C418A4207D040F2EF
:10B9C00021418A4204D1502B98BF002010BD002095
:10B9D00010BDC36E4FF0407030B5C3F86001002059
:10B9E0001CE011F8034C11F8045C240444EA0564DB
:10B9F00011F8015C07302C4311F8025C44EA05247D
:10BA0000C3F8644111F8064C11F8075C240244EABB
:10BA1000054411F8055C2C43C3F86441073190429A
:10BA2000DFD330BD90F85E3010B504463BB9044B0F
:10BA300004491A68FFF7CDFF012384F85E3010BD7A
:10BA400030BC020034BC0200D0F8501810B50446D7
:10BA500041B1D0F84C2840689200E2F331F700235E
:10BA6000C4F85038D4F8481859B16068DEF384F649
:10BA70006068D4F84818E822E2F322F70023C4F8FB
:10BA8000483810BD2DE9F04F036804698BB0DE69BA
:10BA90008246E36B174608A80821684ADEF3FCF0EB
:10BAA000E368002B40F0BE80E16E206E01F500716E
:10BAB000D4F80090E0F3E0F4A36801469868EBF353
:10BAC00079F3002800F0B780226EE16E17B101F51E
:10BAD000007300E03B4601F5087107B137688DE857
:10BAE000820071684FF0FF370291B16804970391AB
:10BAF000F168DFF854810591A1684846D1F828180B
:10BB0000CDF81C80069108A9ECF73CFB0025E0600D
:10BB1000E36E0095326802950192039504970595AE
:10BB20000695CDF81C80834608A9226E03F5107394
:10BB30004846ECF727FBE36E206100953268C5EBC1
:10BB40000B0EDEF1000B4BEB0E0B019202950395F1
:10BB5000049705950695CDF81C80A84208BF4BF0C8
:10BB6000010B08A9226E03F520734846ECF70AFB87
:10BB7000E36E606100953268029501920395049727
:10BB800005950695CDF81C80A84208BF4BF0010B27
:10BB900008A9226E03F530734846ECF7F3FAE36E1A
:10BBA000A06100953268029501920395049705956E
:10BBB0000695CDF81C80A84208BF4BF0010B08A9E0
:10BBC000226E03F540734846ECF7DCFAE36EE06161
:10BBD00000953268029501920395049705950695A4
:10BBE000CDF81C80A84208BF4BF0010B08A94846BD
:10BBF000226E03F55073ECF7C5FA2062A84214BF19
:10BC000058464BF00100A8B925460626E86830B131
:10BC10000B4B0C49D3F884309847C5F8A000043585
:10BC2000013EF3D1A16F504608310022E6F744FBF4
:10BC3000012000E028460BB0BDE8F08FFB418600F4
:10BC4000E0A68500C3268600142600001FB5022347
:10BC5000039312230446C0F84C3848214068E2F3AD
:10BC60001FF6C4F85008D0B1D4F84C280021920037
:10BC7000DDF3CEF76068E821E2F312F6C4F8480875
:10BC800068B10021E822DDF3C3F701230093606867
:10BC9000D4F8481803AAB423DEF306F601E04FF007
:10BCA000FF3004B010BD000083680B4A5A620023C5
:10BCB00080F886300323A0F88C300223A0F88E3061
:10BCC0000723A0F888300423A0F88A3042F6013315
:10BCD000A0F89C30704700BF64A8E7BE70B5046947
:10BCE0000546206E08B1E9F749FA2046FFF718FE2D
:10BCF000A66F706A18B103F0C5FF00237362606F0E
:10BD000003F0E6FD206F05F090F9616E29B120681F
:10BD1000A26EE2F3D5F500236366206E18B103F03E
:10BD200053F8002323662046E6F7E6FA2846FFF795
:10BD30008BFE002070BD0000C36E4FF4803210B542
:10BD4000C3F86021D3F86011D3F86441C3F86021CF
:10BD5000D3F860111949C3F86411C3F86021D3F80E
:10BD60006001D3F86401884223D1C3F86021D3F87D
:10BD700060111349C3F86411C3F86021D3F860015E
:10BD8000D3F8640188424FF0000015D1C3F8602158
:10BD9000D3F86021C3F86441C3F88C01D3F8203193
:10BDA000B3F1042F07D007481B1A584240EB030099
:10BDB00010BD002010BD012010BD00BFAA5555AA1E
:10BDC00055AAAA55000400842DE9F04F04699B464A
:10BDD000E363E36F97B0DDF884A0A3679DF880303C
:10BDE000A06023710546C4F800A0204616460F4601
:10BDF000FFF75AFF249B3046009304F1640301933C
:10BE000004F1680302935146229A239B03F064F9DC
:10BE10002066002800F0CF81D4F864808149404634
:10BE2000DEF3BEF320B100210A46DEF379F287B2D9
:10BE300040467D49DEF3B4F348B100210A46DEF303
:10BE40006FF24FF6FF7380B2984218BF064638462D
:10BE50003146FEF76FFA002800F0AF8140F612017C
:10BE60000022A4F84070A4F84260206EE6F3AEF71A
:10BE7000E066206EE6F3FCF5D4F86C906064C5F8DB
:10BE80000C902046FFF75CFD002800F09881206EA2
:10BE9000E9F7D1F92046002117F006DD20464FF0E2
:10BEA000FF31E6F7B1FA2046FFF746FF002800F021
:10BEB000888140465D49DEF347F3FF2808BF012033
:10BEC000A4F84A002046FFF746FD002800F07B81D9
:10BED00057494046DEF338F3564984F84800404657
:10BEE000DEF332F35449E0644046DEF32DF3236E73
:10BEF00041F26B02D96A206591420AD19B6A4E2BAE
:10BF000007D1B4F84A30402B03D9E36C43F0020365
:10BF1000E364E36C990604D5012120460A4619F032
:10BF200079D8B4F842200123C4F89830B4F840001E
:10BF30002B68A5F88221226EA5F880011A61626C37
:10BF40009A6094F8482083F87C202B68E26CB4F85F
:10BF50004A00C3F88020226DA3F87A00C3F8842039
:10BF6000D4F8982020465A62A9682A4605F04AF873
:10BF70002067002800F02981626C236E0892B4F8D3
:10BF800040200690ADF830209A6BB4F842000D9234
:10BF9000DA6B05930E921A6CADF832000F9294F89A
:10BFA000482004A810929A6ACDF810A01192B4F813
:10BFB0004A20CDF81CB01292DA6ACDF82C80139288
:10BFC000E26C1492226D15925A68DB6809920A930A
:10BFD00003F040FC6067002800F0F980B4F84230BC
:10BFE00044F21D32934229D00AD844F216329342C9
:10BFF00024D044F21A32934220D044F213320DE09E
:10C0000044F22A32934219D002D844F2213205E098
:10C0100044F22D32934211D044F2523293420DD069
:10C0200000260CE0D1AD86004837860084AE86003D
:10C03000E5AE8600863786009E7986000126314669
:10C040002046E6F779F9A36F002E0CBF02220122E9
:10C050001A605E602B6B206E83E84400EF6AE6F3A3
:10C06000F5F4D9F85C313860624A6365A365636CA6
:10C07000062101FB0323A76F183BC4F8B830606F9B
:10C0800049463A68434603F06BFC7862002800F0AA
:10C09000A080A36F616D586AEEF799F8A36F03F162
:10C0A0002202009203F11C0103F11E02586A2033A0
:10C0B00003F015FCA76F786A03F021FC87F82800CD
:10C0C000A36F2F6B586A03F01AFC3875A76F786A54
:10C0D00003F018FCA36FB861DA8B032A7BD1296BBC
:10C0E000586A0861988B4A8108811A8C588C8A8119
:10C0F000C8810F2240F2FF309A82D882314628460A
:10C100000122FFF7BFFC002867D0A26F2B68506A9E
:10C1100093F89910EEF75EF80021204618F0ACD89D
:10C1200008212046E6F7ECFA204619F0DDDB009501
:10C13000206E3149314A0023E6F304F620460021FF
:10C1400019F0B4DB2046E6F7A5F8002847D004F143
:10C15000DC052946DEF318F02846DEF3D5F1002889
:10C160003FD12846DEF3E0F10546002839D12046CC
:10C1700017F0E2D9A3681B68D3F89C00002834D0DC
:10C180000378002B2FD01E492246DEF3E1F2A3688C
:10C190001C491B682246D3F89C00DEF313F3A06809
:10C1A000FFF754FDE06800B3A3681B68D3F89C1048
:10C1B000E0F306F31AE00B2518E00C2516E00D2538
:10C1C00014E00E2512E00F2510E019250EE01025D1
:10C1D0000CE011250AE0122508E0132506E01525DC
:10C1E00004E0162502E01D4600E00546284617B08B
:10C1F000BDE8F08FEC0A020069C1830085C18300AD
:10C2000025C0830049C0830010B504461BF0A0D8A8
:10C21000012201462046BDE810401BF0119937B5B8
:10C2200005461BF095D80023C5F84C0280F848302D
:10C230002A68044692F82F10284600914E32214673
:10C2400019F034DE38B1284621461AF0DDDE4FF011
:10C25000FF3003B030BD2846214603B0BDE8304072
:10C260001AF0789F37B50446002845D0D0F8201141
:10C2700031B103689868EAF3EBF70023C4F8203182
:10C2800023681A6892F82F202AB3D3F8000501A971
:10C2900030F008DD12E043685A060FD5D4F82C516F
:10C2A000451907E00B684822C5F810312368586823
:10C2B000E2F306F3D5F810110029F3D101A830F00C
:10C2C000F9DC0028E7D106E00A685868C4F8402184
:10C2D0004822E2F3F5F2D4F8401123680029F3D1A3
:10C2E000186806492246FFF317F423682146586868
:10C2F0004FF4A472E2F3E4F23EBD00BF91BA8600AF
:10C300007FB505464FF4A4714068E2F3C9F20446D4
:10C31000002855D000214FF4A472DDF379F42A4BA4
:10C3200025600093294B00260193294B286803932D
:10C330002849294A23460296FFF3B6F32B6B1A6865
:10C34000022A05D15B7D002B0CBF1623302300E0B1
:10C350003023A2194436B6F5887F1374EED1A8684D
:10C360001E492A460023EAF38FF70646C4F8200147
:10C3700030B9686821464FF4A472E2F3A1F21EE0DE
:10C380004FF49673C4F81C3145F27353A4F8383156
:10C390004623A4F83A31124B0026C4F840612846DF
:10C3A0008DE828004FF48A710E4A0F4B04F098FF75
:10C3B000B042C4F82C0103DA2046FFF753FF34469D
:10C3C000204604B070BD00BFF90C8400410A010092
:10C3D0007D0A840070E3850091BA86003D068400E2
:10C3E000D9128400E5128400A5128400014620B110
:10C3F0000368B022D868E2F363B27047F7B5066805
:10C400000546B021F068E2F34BF20446002800F044
:10C4100087800021B022DDF3FBF3042226606560F3
:10C420000021C5F85C4101A8DDF3F2F32B6893F815
:10C430007C205869012A06D93A49DEF3B1F0014659
:10C4400088B101A809E03849DEF37EF009280346E7
:10C4500009D8364901A801EB83010322DDF390F4EA
:10C4600000238DF80730032201A904F10800DDF351
:10C4700087F40023E3722B682D495869DEF364F0DA
:10C48000336941F26B02D96AE06091420CD19B6A38
:10C490008B2B09D1022807D101A826490422DDF3FC
:10C4A0004FF408B90323E360336941F26B02D96AA0
:10C4B00091420DD19B6A932B0AD101A81E490422F7
:10C4C000DDF33EF420B9E368042B01D10623E360D9
:10C4D000284601A920F0A4DF064650B9174901A853
:10C4E0000322DDF34DF4284601A98DF8076020F002
:10C4F00097DF05F5AA6701A90322002607F10A00C4
:10C50000DDF33EF40E4985F85D6507F10E00032268
:10C51000DDF336F485F86165204601A921F00ADCD7
:10C520002046FEBDB3C48600B9C48600CE02860094
:10C53000BCC48600C3C4860071C28600C6C486001F
:10C54000CAC4860030B52C2185B005464068E2F3A8
:10C55000A7F10446B8B100212C22DDF359F30823DA
:10C56000A3610A4B25600093002301930293039378
:10C57000074A234628680749FFF396F22A680123F1
:10C5800082F896302371204605B030BD050B85003A
:10C5900091E686002CD4010038B50446002828D046
:10C5A0000368144918682246FFF3B6F2636905E090
:10C5B0001D68596820462BF099DF2B46002BF7D1D8
:10C5C000236905E01D68596820462BF08FDF2B4654
:10C5D000002BF7D1A16A21B1236890225868E2F3B9
:10C5E0006FF12368214658682C22BDE83840E2F3F9
:10C5F00067B138BD91E686002DE9F84305468846C7
:10C60000E6F360F300212846E6F3F2F304462846F9
:10C610006E69AF69E8F7E6FB0A2E814616D90F2E40
:10C6200016D02846E8F7F3FD142E054603D9A36873
:10C6300023F00803A360A368142E43F00103A36052
:10C6400014D9A36843F00803A3600FE0022E0FD9AA
:10C650002846E8F7B7FDD4F8A430054623F0FF03D9
:10C6600043F00203C4F8A430022303E0012301E0F5
:10C67000104D3023A268D20707D407F01802082A09
:10C680000CBFB5FBF3F54FF4E11507F003070026E7
:10C690000BE004F54073B8F1000F05D03002181814
:10C6A00049462A460023C0470136BE42F1DBBDE8B9
:10C6B000F88300BF00C63E052DE9F04116469846B6
:10C6C00004460D46E6F3C2F1002107462046E6F394
:10C6D0008FF300221346114901EB020EDEF804E04D
:10C6E000BEF1000F0DD10C225343CA18CE50436A3D
:10C6F00055601E430A4BC2F808801E604662012541
:10C7000004E001330C32052BE5D1002520463946E3
:10C71000E6F36EF32846BDE8F08100BF3C2600003A
:10C72000782600004369142B01DD02F023BD704719
:10C73000134B13B51360134601E0114C1C60043316
:10C74000ADF17C04A342F8D3033020F003000D4B7D
:10C75000091A0D4C1960002323600C4C0839236022
:10C760000B4C80E80A0023600A4C22600A4C02F558
:10C77000A0522260094A1360094B58601CBD00BFDB
:10C780004B415453C826000088260000A426000010
:10C79000CC260000E4140200E814020090260000F9
:10C7A000C02600001FB5E8200021E1F317F40C4C6F
:10C7B0002060A0B10021E822DDF32AF204AA0123BF
:10C7C00042F8043D00230093064B2168186840F2AC
:10C7D0003C73DEF369F020681221DEF3AFF01FBD79
:10C7E000BC26000010150200B1F5E06F73B50446D9
:10C7F0000E46154606D103690091002101911E687D
:10C800000A460CE00D4B00221868E6F3DFF2014601
:10C8100080B123690022009601921E6820462B46B3
:10C82000B04738B1064BA0611A68656122621C608E
:10C83000002001E04FF0FF307CBD00BF8C260000DF
:10C840000C1502002DE9F84310200C4600219146FA
:10C850009846E1F3C3F3054600B3124E3068E6F3A1
:10C86000F5F0099B074623B9306821464A46E6F3AE
:10C87000ADF23068E6F366F101238340EB60089B7C
:10C88000C5F80480AB60084B30681A6839462A60E6
:10C890001D60E6F3ADF20020BDE8F8836FF01A00EA
:10C8A000BDE8F8838C2600009826000007B500211B
:10C8B000E6F39EF2074B4FF400611860064B00F55B
:10C8C0007060186000200246044B00900190FFF752
:10C8D000B9FF0EBD9C260000E01402006D608000D0
:10C8E00013B5224C224B00211C2220460193DDF37C
:10C8F0008FF1012323601F4B1B6843F8044C00F0A9
:10C9000083F9ADF59E513C390A461B48FFF710FFED
:10C91000E1F320F500F07EF8002002F0BBF9174BA0
:10C92000174C186002F0B0FB2060FFF7BFFF2068D3
:10C9300000F0FAF8E8F7E8F9206800F0E1F80022E2
:10C9400010481149E1F3BEF6002210481049E1F306
:10C95000B9F6104900221048E1F3B4F62068FFF759
:10C96000E1FEFFF71FFF20681CBD00BFEC140200B2
:10C97000ADDEADDE9C0B0200E042030010150200AC
:10C980008C260000D81F860015CD0000DB1F860016
:10C99000656580008D608000DE1F860070B51C4CD0
:10C9A000A668002E33D112092260A38102F56142EC
:10C9B0004FF4E13392FBF3F5A06061602046032160
:10C9C0008022E1F361F620463146EAB2E1F35CF6FB
:10C9D000204601212A12E1F357F6032120460A4698
:10C9E000E1F352F6012120460A46E1F34DF62046D6
:10C9F00004210822E1F348F6204602210122E1F356
:10CA000043F64FF47A70BDE87040E1F38DB470BD29
:10CA10001415020038B5A4200021E1F3DFF2134C15
:10CA2000206000B30021A422DDF3F2F04FF4806017
:10CA300000212568E1F3D2F2A860206885682DB94D
:10CA4000E1F332F225604FF0FF3038BD4FF48062E1
:10CA5000C260456100212846DDF3DAF02268044B0C
:10CA600000201A6038BD4FF0FF3038BD2415020099
:10CA7000D426000070B51B4D04462B6833B91A4EFE
:10CA800033680BB9FFF7C6FF33682B602868174B74
:10CA9000586130B300230360C0F89C304360236CBE
:10CAA0000E3B012B03D920461149FFF7A5FD114B81
:10CAB0009A6812B12A68C2F89C30002407E0D2F8C4
:10CAC0009C0018B19368195DE1F3E8F501342A6818
:10CAD00013699C42F3D308480849E1F3F3F5014B8D
:10CAE000186870BDD426000024150200EC14020062
:10CAF000CD4D020014150200BD218600A5688000FE
:10CB000010B54022002306490446FFF7D5FD054B2A
:10CB1000002220469A60BDE81040FFF7ABBF00BF7F
:10CB2000A9698000141502002DE9F041044600F0C7
:10CB3000D5F82A48E7F762FD2046E8F755F9284B73
:10CB4000284AC318B3FBF2F3274A20461360E8F7DC
:10CB500068FB00F578700730244B4FF47A75B0FB12
:10CB6000F5F01860236A2249002B40F2FF33C8BF5A
:10CB70006FF07F43B3FBF0F01E4B202218600023C0
:10CB80002046FFF799FD00201B49DDF3DDF41B4F24
:10CB900006463860F8B12046E8F726F9B6FBF0F80B
:10CBA000A8F10208B8F1000F15DD154E002134225E
:10CBB0003046DDF32DF0134B7460B360304605FB57
:10CBC00008F10122E1F3FEF028B139682046BDE802
:10CBD000F041DFF307B4BDE8F08100BF11CF0000E2
:10CBE0003F420F0040420F00D0250000C825000042
:10CBF00001678000CC250000E6D50100E826000092
:10CC00002C150200E56680000D4B00211A6842F0E9
:10CC100010021A601A6822F400721A60094A136836
:10CC200043F0807343F480331360074B07221A608C
:10CC300043F8041C59685A60044B20221A6070475C
:10CC400014ED00E0FCED00E0241000E000E400E062
:10CC50002DE9F84304461E4690460D46E6F332F0B1
:10CC60002046E5F3F3F64146324607462046E6F312
:10CC7000ADF02046E5F366F740F62A0106460022AD
:10CC80002046E6F3A3F04FF00108814685B108FA8B
:10CC900006F5836933EA050502D14046E7F76EFCE5
:10CCA00001360120B040E7F74BFCC9F818500EE000
:10CCB000701C08FA06F608FA00F0E7F75FFC404639
:10CCC000E7F73EFCD9F818301E43C9F81860204633
:10CCD0003946BDE8F843E6F38BB000002DE9F84390
:10CCE0000446E5F3EFF7204640F60E010022E6F396
:10CCF0006DF0054600282FD00768D0F80080204648
:10CD0000E5F3B6F60428064605D825D108F4E02850
:10CD1000B8F5403F20D100204449DDF315F4D8B9DF
:10CD200007F0F0073F090FE0013F072E2F6108D9F8
:10CD30000C2E06D02B6C03F44063B3F5406F00D08B
:10CD400010B13B4B01206B61002FEDD1D5F8E831DC
:10CD500023F01003C5F8E831002240F62A012046EE
:10CD6000E6F334F0334D40F2DD5628602046E5F31B
:10CD70007FF6314B18602B681A6842F080721A6097
:10CD80001A6842F002021A600022C3F8E02102E0B1
:10CD90000A20E1F3C9F22B68D3F8E0319B0301D4F8
:10CDA000013EF5D100210B4620464FF40062FFF70B
:10CDB0004FFF00210B46204640F61202FFF748FFC6
:10CDC00000210B46204640F62902FFF741FF20468E
:10CDD0000121E7F7D9FF00201849DDF3B5F3F0B1E1
:10CDE0002046E5F333F640F62A01064600222046A7
:10CDF000E5F3ECF7D0F814900746D0F89880204679
:10CE0000E5F324F60123834043EA09037B6148F0FC
:10CE10000103C7F8983020463146E5F3E9F72B685F
:10CE20001A6A42F003021A62BDE8F883F1D50100E4
:10CE3000FF7F01216015020064150200E6D50100A4
:10CE400010B58469A068FCF791FDE068E8F77DF90A
:10CE5000002010BD10B584690021342204F11C00AB
:10CE6000DCF3D6F6034BA06863622462EAF7FEFDAA
:10CE7000002010BD05AA80002DE9F347274D9946F3
:10CE80002B680646072B0F46924640DC01F002FF56
:10CE900050218046E1F304F5044600283AD00021F1
:10CEA0005022DCF3B5F62B68A4F8149084E848000F
:10CEB0002761C4F80C80204641F2E4414A464346CB
:10CEC0008DE88004FCF7F8FBA06010B300200A99FD
:10CED0000B9A134B8DE84004FFF7B4FC074618B1DA
:10CEE000A068FCF743FD12E0A068E4F395F02B681E
:10CEF000A0610F210B4A3046DCF3CEF6F7730A48E7
:10CF00003146EAF7D5FD2B6801332B6002E000249F
:10CF100000E004462046BDE8FC8700BF681502001B
:10CF200031AA8000CC9A0200AC9A020001468068C7
:10CF30005022E1F3C5B400002DE9F041DFF868802C
:10CF40001F4698F800300546072B144621D838466E
:10CF50004C21E1F3A5F40646E0B100214C22DCF3BC
:10CF600057F698F80030B46086F84430013388F8FA
:10CF70000030022386E8A000B36438460821E1F3BC
:10CF80008FF40446306440B100210822DCF340F6FF
:10CF900000E000263046BDE8F08131464C22E1F346
:10CFA0008FF42646F6E700BF6C150200C26B1AB17B
:10CFB00000235362826B5362C068FFF7B7BF000063
:10CFC0002DE9F04FD1F8FC3091B00B9303F560637D
:10CFD000044609933CE10E22002320460BA9DBF313
:10CFE0005BF00F28064600F03B81002220460BA98B
:10CFF0001346DBF351F010F00E0F40F02E819A4BE8
:10D0000000F4F877334040F23B421B0A3F09B2EB91
:10D01000165F04D140F6FF72934200F0198100F4CC
:10D020007852510A0891002A00F0128100F4F82B7E
:10D0300000F47802D20C4FEA9B3B079212EB0B02F2
:10D0400019D140F267318B4240F002810CAB019361
:10D050000DAB02930EAB03930FAB049320460BA9C9
:10D0600013460092DAF3B6F7002800F0F1800C9B2B
:10D07000C4F85433ECE0D4F8CC5004EB8502C2F889
:10D08000D462C2F8140305F1340244F822300026B9
:10D090000BE0012220460BA91346DAF3FDF700F05E
:10D0A0000E00022840F0D9800136BE42F1D100279F
:10D0B0003A460CAE0DF134080DF138090DF13C0A79
:10D0C00020460BA93B4600970196CDF80880CDF885
:10D0D0000C90CDF810A0DAF37DF70246C0B94023DA
:10D0E0008DE8480320460BA91346CDF810A0DAF3CB
:10D0F00071F760B90D9B002B40F0AF800F9F002FA0
:10D1000040F0AB800E9BB3F5805F01D0A5E0012716
:10D110000C9A05F1440344F823200E9A05F1740398
:10D1200044F8232001260CAB01930DAB02930EAB08
:10D1300003930FAB0022049320460BA933460092C1
:10D14000DAF348F770B1012E0CD10E9BB3F5805F76
:10D1500008D10C9905F1640244F8221005F184020B
:10D1600044F8223001360028DDD1012619E043467B
:10D1700000E00023002200920CAA01920DAA029264
:10D180000EAA03920FAA049220460BA9324603F17D
:10D190000108DAF31FF70028E9D1B8F1000F5CD0DD
:10D1A0000136089A9642E4D100261FE0C02300937E
:10D1B0000CAB01930DAB02930EAB03930FAB049337
:10D1C00020460BA932460023DAF304F7002844D0A6
:10D1D0000F9B002B41D10E9BB3F5805F3DD126B94B
:10D1E0000C9A04EB8503C3F8942201365E45DDD129
:10D1F000002624E0802300930CAB01930DAB029337
:10D200000EAB03930FAB0493089B2046012B0CBF7E
:10D210003246721C0BA90023DAF3DCF6E8B10F9B4F
:10D22000DBB90E9BB3F5805F17D1BBF1000F05D1C1
:10D2300026B90C9A04EB8503C3F8942201360799AA
:10D240008E42D7D127B9D4F8CC300133C4F8CC30D2
:10D250000B9B099A9342FFF4BEAE0023C4F8CC3076
:10D2600011B0BDE8F08F00BF00FF0F008260416089
:10D27000016070470EB4F3B581680446012945D9B1
:10D2800008AB4068079A0193DCF3F8F5431C0646A7
:10D2900003D0A368023B984202DD0020A06036E084
:10D2A00060683D21DCF318F540B367682568C71B4B
:10D2B00021E028463A46DCF32BF4B0B9EB5D3D2B78
:10D2C00013D12846DCF334F56268471C731CDB1B62
:10D2D000521BE919D2182846DCF36CF46368DB1B97
:10D2E0006360A368DF19A76008E02B4613F8012BE1
:10D2F0001D46002AFAD161688D42DAD3A368701CFA
:10D300001B1AA36063681B18636000E00020BDE87F
:10D31000FC4003B070472DE9F041551A012D0C4631
:10D320001F46069E0EDD2946E1F3BAF2804670B133
:10D3300021462A46DCF308F4C7F800800020356057
:10D34000BDE8F081002018603060BDE8F0816FF02A
:10D350001A00BDE8F08100002DE9F04FA7B00E9152
:10D360004FF480510D900F921093E1F399F20990D0
:10D37000002801F0DF8023A809994FF48052FFF7BD
:10D3800075FF4FF4805209980021DCF341F400232B
:10D390004FF0FF328DF84C3007920B93089301F059
:10D3A00094B80E9B012253F8045B0C920E93002359
:10D3B0000A930C9A15F803B042B10BF1FF32D2B2C6
:10D3C0005F1CFD2A0DD8EE5D9F1C0BE00BF1FF32B8
:10D3D000D2B2FD2A96BF5E460C9E4FF0800B5F1CBA
:10D3E00000E00026BB19B3F5607F81F26B80BBF1D2
:10D3F000200F28D007D8BBF1150F0DD0BBF11B0FA4
:10D4000041F05A805FE0BBF1220F33D02ED3BBF145
:10D41000800F41F051805CE0EB195A78EB5D12020D
:10D42000D318072B0FDDBC1C2C198349224623A8D7
:10D43000FFF720FF2046DCF37BF4FA1C12187F492B
:10D4400023A8AA180EE0EC196278EB5D1202D2183C
:10D450007B4923A8FFF70EFFE378A27879491B02E6
:10D4600023A89A18FFF706FF01F026B8EB5D0A9390
:10D4700001F022B80A9A0C2A00F0EF879DF84C3090
:10D48000002B41F01980EB5D042B41F0158007F172
:10D49000020805EB08042046DDF346F0002841F0C1
:10D4A0000B8015F80830D80701F10680204613A933
:10D4B000DCF382F6079B013340F0FE87EB199A7983
:10D4C000DB791202BFE3EB19DA7923A89B795E4975
:10D4D000AFE0EB5DEC19822B00F2EE87DFE813F092
:10D4E0009B00BA003001EB01AB02E701AC01B701D0
:10D4F0003C01BF02D302E402E902EC075002DC0166
:10D50000EC0700031B039F0038033C034A034E0350
:10D51000F5009803EC076301B7036901EC07EC071A
:10D52000EC07BF03D003D30324040605EC07EC0784
:10D53000D60593008B008300900697069E06A506ED
:10D54000EC07F4025F01EC07EC07FC00B807AC063F
:10D55000EC07EC07EC07EC07EC07EC07EC07EC0733
:10D560006F01D506E7060507230741075F077D071B
:10D570009A07A107EC077401EC07EC07EC07EC072E
:10D58000EC07EC07EC07EC07EC07EC07EC07EC0703
:10D59000EC07EC07EC07EC07EC07EC07EC07EC07F3
:10D5A000EC07EC07EC07EC07EC07EC07EC07EC07E3
:10D5B000EC07EC07EC07EC07EC07EC07EC07EC07D3
:10D5C000EC07EC07EC07EC07EC07EC07EC07EC07C3
:10D5D000EC07EC07EC07EC07EC07EC07EC07EC07B3
:10D5E000EC07EC07A8074FEA960A5FFA8AFA4FF0B1
:10D5F000000800F0C7BD4FEA56095FFA89F94FF0FD
:10D60000000800F093BD4FEA56095FFA89F94FF020
:10D61000000800F07ABD23A80C4900F01BBFE37896
:10D6200022791B0443EA0263627809491343A27812
:10D6300023A843EA022215E7B09B02001A9E0200CB
:10D640006E9B0200119F0200D2A10200499D0200C0
:10D65000E59A0200A27863781202D2189F4923A8A3
:10D66000FFF708FE2279E378120223A89C49D2181A
:10D67000FFF700FE062E40F21F87A279637912029F
:10D6800023A89849D218FFF7F5FD082E40F2148719
:10D69000237AE2791B0223A893499A18FFF7EAFD3F
:10D6A0000A2E40F2098707F10A0807F1090415F864
:10D6B00008202B5D1202D21823A88C49FFF7DAFD4F
:10D6C00015F808302A5D1B0270E0A37862781B020F
:10D6D0009A18079200F0F0BE854B0622B6FBF2F2D4
:10D6E0001A704FF00008994624E043461021814A01
:10D6F0001BA8DCF3D1F2434610217F4A1FA8DCF3BC
:10D70000CBF26378A2781BA943EA022223A8FFF791
:10D71000B1FD6379A2791B0443EA0263E27823A88E
:10D72000134322791FA943EA0222FFF7A3FD08F160
:10D730000108063499F800309845D6DB00F0BCBEED
:10D74000022E03D123A86D4900F084BEA37862782D
:10D750001B0223A8694984E6A27863781202042E8A
:10D760001A4405D92379E1781B0609045B181A438A
:10D7700023A86349FFF77EFD062E40F29D86EB1934
:10D780009A7959791202082E0A4405D9197ADB7957
:10D7900009061B04C9180A4323A85A4962E623A8AC
:10D7A000594900F057BEA37862781B0223A8574955
:10D7B00057E601360023F6B20C9300F07DBEA37845
:10D7C000627823A8524947E2494BF2081A704FF099
:10D7D000000899462AE043461021464A1FA8DCF378
:10D7E0005BF243461021444A1BA8DCF355F2E37870
:10D7F00022791B0443EA026362781FA91343A278CB
:10D8000023A843EA0222FFF735FDE379227A1B04BD
:10D8100043EA0263627923A81343A2791BA943EA6E
:10D820000222FFF727FD08F10108083499F80030BB
:10D830009845D0DB00F040BE23A836496278FFF758
:10D8400019FD022E40F2388623A8334946E1002212
:10D8500023A832496378FFF70DFD022E40F22A8695
:10D86000012223A82D49A378FFF704FD032E00F021
:10D870002186022223A82949E378FFF7FBFC042E26
:10D8800000F01886032223A824492379FFF7F2FC2D
:10D890000122089200F010BE1F49627823A8FFF70A
:10D8A000E9FC23A81D490122A37800F0CEBD23A8DE
:10D8B0001B4900F0CFBDB31E082B00F2FD85DFE849
:10D8C00013F00900FB05FB05FB05FB054C003E00C2
:10D8D0003800330023A8134900F0BCBD32A0020079
:10D8E000F3A002003C9F02007A9B0200919C020080
:10D8F0006D150200FCD5010007D60100C69C020090
:10D90000B5A00200F29B0200D29D0200919B020092
:10D910006C9C0200F19A02002AA10200FF9D020005
:10D92000B5A102006AA0020023A89649627AFFF717
:10D93000A1FCEB1923A894491A7AFFF79BFC07F185
:10D940000708924915F8082023A8FFF793FC23A89D
:10D950008F4915F80820FFF78DFC4FF00008A278DA
:10D9600063788C491202414423A8D21808F10908AF
:10D97000FFF780FC0234B8F11B0FF0D100F09CBD22
:10D98000142E19D0172E03D0132E40F0958519E0D0
:10D9900005EB0708804998F8162023A8FFF76AFCD2
:10D9A0007E4998F8152023A8FFF764FC23A87C493A
:10D9B00098F81420FFF75EFCEB1923A87949DA7C6C
:10D9C000FFF758FCB146A2464FF000082646B27851
:10D9D000737875491202414423A8D21808F1090846
:10D9E000FFF748FC0236B8F11B0FF0D14E464FF05E
:10D9F0000008227AE3796D491202414423A8D21823
:10DA000008F10B08FFF736FC0234B8F1210FF0D112
:10DA100000249AF80E209AF80D306549120209196F
:10DA200023A8D2180B34FFF725FC212C0AF1020A97
:10DA3000EFD100F041BDE1786278A37800912179BF
:10DA400023A8019161790291A1790391E17904916F
:10DA5000217A05915749FFF70DFC00F02DBDA04636
:10DA600043460024B0461E4616F8013FFF2B04D063
:10DA700023A851492246FFF7FDFB0134042CF3D1C2
:10DA8000464600F019BD627823A80AB1A3781BB9F5
:10DA90004A49FFF7EFFB02E04949FFF7EBFBEB19BF
:10DAA00023A84849DA78DDE4A378627823A84649B8
:10DAB000D2E0E37822791B0443EA0263627823A868
:10DAC00013434249A278B4E523A841496278FFF79D
:10DAD000D1FB022E40F2F0843E4923A8A278C1E493
:10DAE0007C1C2A5D3C4902F00F0223A8FFF7C2FB11
:10DAF0002A5D3A491209BC1C23A8FFF7BBFB2A5D2B
:10DB0000374902F0070223A8FFF7B4FB2A5D23A8D8
:10DB1000D208344919E07C1C2A5D334902F00F0217
:10DB200023A8FFF7A7FB2A5D30491209BC1C23A8D4
:10DB3000FFF7A0FB2A5D2E4902F0070223A8FFF79A
:10DB400099FB2A5D2B49D20823A802F0030289E43D
:10DB500023A8294900F07EBC2849627823A8FFF752
:10DB600089FB2749A27823A8FFF784FB23A825492E
:10DB7000E27877E423A8244900F06CBC23A8234969
:10DB800000F068BC2BA002006AA002001D9F0200EA
:10DB9000539B0200A09D0200449B02005D9C02007A
:10DBA000B99C0200619B0200809F02005E9D020002
:10DBB00077A00200CEA00200079B020095A1020000
:10DBC000AAA10200C8A10200DB9D020074A102000C
:10DBD00034A10200549D0200D89A0200BB9D0200AD
:10DBE000239B0200C5A002000FA10200E59B0200DA
:10DBF00067A102003FA1020080A10200E69D020091
:10DC000022A00200C89D0200C49E02007A9C02006D
:10DC100007F1010805EB08042046DCF385F4002831
:10DC200040F04A8415F80830D90700F145842046B1
:10DC300013A9DCF3C1F2079B013340F03D84EB19DB
:10DC40005A799B791202D318079300F035BCA27859
:10DC500063788F49120623A842EA032202E48D4921
:10DC6000627823A8FFF706FB8B49A27823A8FFF769
:10DC700001FB2379E2781B0223A88849FFF7F1BB57
:10DC800023A88749E6E394F8028063784FEA0828DE
:10DC900098441FFA88F883494FEAD82223A8FFF74F
:10DCA000E9FA08F4E062120A7F4923A8FFF7E2FAD2
:10DCB00008F0F802D2087D4923A8FFF7DBFA08F044
:10DCC000060252087A4923A8FFF7D4FA23A8794913
:10DCD00008F00102FFF7CEFA042E40F2ED8323791B
:10DCE000E4781B021C19A4B27349E20A23A8FFF7C7
:10DCF000C1FA04F4E0627149120A23A8FFF7BAFAE4
:10DD000004F0F8026E49D20823A8FFF7B3FA04F032
:10DD100006026C49520823A8FFF7ACFA23A86A4907
:10DD200004F00102FFF79EBB6849627823A8FFF761
:10DD3000A1FA4FF000086649A27823A8FFF79AFAE3
:10DD4000CDF800802279E3781202D31801930222E1
:10DD50006049434623A8FFF78DFACDF80080A279E9
:10DD600063791202D318019302220123594923A88F
:10DD7000FFF780FACDF80080227AE3791202D318F7
:10DD80000222019323A853491346FFF773FA1E2E6C
:10DD900040F292835049627A23A8FFF76BFA4F4909
:10DDA000A27A23A8FFF766FA4D49E27A23A8FFF783
:10DDB00061FA4C49227B23A8FFF75CFACDF800807A
:10DDC000A27B637B1202D31801934249052243468A
:10DDD00023A8FFF74FFACDF80080227CE37B1202E4
:10DDE000D31801933B490522012323A8FFF742FAE8
:10DDF000CDF80080A27C637C1202D31801933549D0
:10DE00000522022323A8FFF735FACDF80080CDF8CC
:10DE10000480227DE37C1202D3180293324905224A
:10DE20006C234FF0010923A8FFF724FACDF80090E6
:10DE3000CDF80480A27D637D1202D31802932A4993
:10DE400005226C2323A84FF0020AFFF713FACDF83E
:10DE500000A0CDF80480227EE37D1202D318029345
:10DE6000214905226C2323A8FFF704FACDF800808E
:10DE7000CDF80480A27E637E1202D318029323A8F9
:10DE8000194905226823FFF7F5F9CDF80090E0E085
:10DE9000559F0200049F0200CE9E0200F59E0200E4
:10DEA000A9A0020057A10200039C0200109C0200DE
:10DEB000E1A10200149B0200C49F0200FEA1020027
:10DEC00031A20200099E020048A10200539B0200F9
:10DED000DB9E0200FEA00200A89F02009F9C0200A1
:10DEE000629F0200B89B02007F9D02009849627801
:10DEF00023A8FFF7BFF94FF001089649A27823A89D
:10DF0000FFF7B8F9CDF800802279E3781202D31830
:10DF1000019302220023904923A8FFF7ABF9CDF823
:10DF20000080A27963791202D318019302228A49F0
:10DF3000434623A8FFF79EF9CDF80080227AE379C3
:10DF40001202D3180222019323A883491346FFF734
:10DF500091F91E2E40F2B0828049627A23A8FFF721
:10DF600089F97F49A27A23A8FFF784F97D49E27AEB
:10DF700023A8FFF77FF97C49227B23A8FFF77AF9D2
:10DF8000CDF80080A27B637B1202D3180193724903
:10DF90000522002323A8FFF76DF9CDF80080227C2D
:10DFA000E37B1202D31801936B490522434623A851
:10DFB000FFF760F9CDF80080A27C637C1202D318D1
:10DFC00001936549052202234FF0000923A8FFF7BA
:10DFD00051F9CDF80090CDF80480227DE37C120247
:10DFE000D3180293614905226C2323A8FFF742F955
:10DFF000CDF80080CDF80480A27D637D1202D31895
:10E0000002935A4905226C2323A84FF0020AFFF716
:10E0100031F9CDF800A0CDF80480227EE37D120214
:10E02000D3180293514905226C2323A8FFF722F944
:10E03000CDF80090CDF80480A27E637E1202D31842
:10E04000029323A8494905226823FFF713F9CDF865
:10E050000080CDF80480227FE37E1202D318029361
:10E060000522682323A84149FFF704F9CDF800A051
:10E07000CDF80480A37F627F1B029B18029323A824
:10E080003A4905226823FFF7F5F815E2A27863788C
:10E090001202D218364923A8FFF7ECF8A279637967
:10E0A00012061B04D218237923A81B02D218E37886
:10E0B0003049D218FFF7DEF8122E40F2FD81A27A25
:10E0C000637A12061B04D218237A2B491B02D2183A
:10E0D000E37923A8D218FFF7CDF8A27B637B120661
:10E0E0001B04D218237B23A81B02D218E37A2349EE
:10E0F000D218FFF7BFF8A27C637C12061B04D3186A
:10E10000227C12029B18E27BBBE0A27863781202A9
:10E11000D31800930222434623A8194908F10108A5
:10E12000FFF7A8F80234C845EFDDC5E1A2786378AF
:10E130001202D31800930522434623A8104908F180
:10E140000108FFF797F80234C845EFDDB4E100BFDE
:10E15000929D0200E89E0200FEA00200B69F02000F
:10E16000AC9C0200719F0200C79B02007F9D0200D1
:10E17000BBA102001CA10200479F0200D69B020027
:10E18000A09B0200CDF80080A27863781202D31819
:10E19000019305226C2323A8B14908F10108FFF778
:10E1A00069F80234D045EDDD4FEA56095FFA89F986
:10E1B00009F1010C09F10209BC44B94405EB090459
:10E1C000CDF844B04FF00008B3462E466546CDF872
:10E1D00000802278C9EB04035B5D1202D31801931F
:10E1E0000522682323A89E4908F10108FFF742F899
:10E1F0000234D045EBDD35465E46DDF844B05BE1E8
:10E20000A37862781B0223A89649FFF72AB9A3785E
:10E2100062781B0223A89449FFF723B9A378627898
:10E220001B0223A89149FFF71CB9A37862781B024F
:10E2300023A88F49FFF715B92279E37812061B044A
:10E24000D218A3788B491B02D218637823A8D2185E
:10E25000FFF710F8227AE37912061B04D218A3798B
:10E2600023A81B02D21863798349D218FFF702F85A
:10E27000227BE37A12061B04D318A27A12029B189F
:10E28000627A23A87D49FFF7ECB8A278637812027E
:10E2900023A87B49D218FEF7EDFF042E40F20C8133
:10E2A0002379E2781B0223A87649FFF7DAB82279AE
:10E2B000E37812061B04D218A37823A81B02D218F5
:10E2C00063787149D218FEF7D5FF062E40F2F4802C
:10E2D000227AE37912061B04D318A27923A812022A
:10E2E0009B186A496279FFF7BCB8DFF8B4914FF028
:10E2F0000108B04580F2E0802279E37812061B0421
:10E30000D218A37849461B02D218637823A8D218E2
:10E3100008F10408FEF7AEFF0434B8F1190F09F153
:10E320001809E6D1C8E0DFF87C914FF00108B0454C
:10E3300080F2C2802279E37812061B04D218A378F7
:10E3400049461B02D218637823A8D21808F10408A2
:10E35000FEF790FF0434B8F10D0F09F11309E6D16F
:10E36000AAE0DFF844914FF00108B04580F2A480A4
:10E370002279E37812061B04D218A37849461B02BF
:10E38000D218637823A8D21808F10408FEF772FFA8
:10E390000434B8F10D0F09F11409E6D18CE0DFF86F
:10E3A0000C914FF00108B04580F286802279E37825
:10E3B00012061B04D218A37849461B02D2186378B0
:10E3C00023A8D21808F10408FEF754FF0434B8F16A
:10E3D0000D0F09F11409E6D16EE0DFF8D4904FF08B
:10E3E0000108B04568DA2279E37812061B04D218D6
:10E3F000A37849461B02D218637823A8D21808F1E3
:10E400000408FEF737FF0434B8F10D0F09F11409C1
:10E41000E7D151E0A37862781B0223A81C49FFF7DB
:10E4200020B8A37862781B0223A81A49FFF719B80D
:10E430002279E37812061B04D318A27864781202BA
:10E440009B18154923A801221B19FEF713FF33E07F
:10E45000124923A86278FFF705B800220A922BE040
:10E46000D49F0200299E020089A10200FB9A0200AB
:10E470009B9F0200479F0200D69B0200F09D020076
:10E480000BA202001EA202003EA0020054A0020045
:10E49000849C0200309B020098A002002A9F020088
:10E4A000349E0200D49C0200219C02000D9D0200BB
:10E4B000E69F020001230893BBF1FF0F07EB060361
:10E4C0007EF477AF0B9A01320B920B9B0F9A93421B
:10E4D0007EF467AF079B5A1C04D023A818491A463C
:10E4E000FEF7C8FE9DF84C3023B123A8154913AAA6
:10E4F000FEF7C0FE00201449DCF352F030B9089A50
:10E5000022B923A81149FF23FEF7B4FE249A002361
:10E5100002F8013B309B099900930D98109B2492BF
:10E52000FEF7F9FE099904464FF480520D98E0F386
:10E53000C7F101E06FF00104204627B0BDE8F08F7D
:10E54000F2A102009FA102000E5D8600FF9D020065
:10E550002DE9F04F8DB0059205460E4606A8002124
:10E5600014229A460B91DBF353F3634B1C78002C77
:10E5700040F0B6806B69232B0EDD1C222846214615
:10E5800023460094E4F36AF2002809DA4FF0010907
:10E590000227CDF8109007E004274FF0010902E0B0
:10E5A0000C274FF0030904942846E4F30BF20128EA
:10E5B000834602D0022813D105E028463146DBF31A
:10E5C0005BF240000BE02846FAF786FF044638B1BC
:10E5D000DBF300F2C30503D52046DBF3F1F10B902A
:10E5E0000B99002951D03046E0F35AF10446002837
:10E5F0007CD0BBF1010FDDF82C8003D0BBF1020F02
:10E600001AD10AE0002102908DE802010391284608
:10E61000059A3346DBF32AF20CE00CAB4FEA5802C2
:10E6200043F8042D284601212246DBF387F10B9B9A
:10E630005B000B9300284BD122884FF6FD73013A03
:10E6400092B29A4205D9304621464246E0F338F16B
:10E650001CE0049A1AB104EB470706971BE0E31984
:10E6600062880693A388A7F5805707EB12221B0642
:10E6700002EB1343E3180793E388DB19E3180893CD
:10E680002389DF19E719099705E088461B4B002409
:10E6900006934FF00109169B3046009306A94A469F
:10E6A0005346FEF759FE90B91549DBF34DF738B1E3
:10E6B000169B2846DAF800101A6800F025FB06E0E1
:10E6C000169B2846DAF800101A6800F03FFB24B1C8
:10E6D000304621464246E0F3F3F0074A0123137027
:10E6E000169B0020CAF80000186001E06FF01A00C5
:10E6F0000DB0BDE8F08F00BF40270000899B0200ED
:10E7000012D6010030B51946039B049C43B14CB1AD
:10E7100000251D6025600394BDE83040FFF718BF59
:10E72000184630BD204630BD084B1A888A4204D0B6
:10E730009A888A4206D1012200E0002203EB82037C
:10E74000987800E0FF2040B2704700BF8CA2020022
:10E75000F8B5044615461F46002B7BD0E6F782FB32
:10E7600006460BE0BB4208D1D5F80026B37802F08C
:10E770007C02B3EB920F07D1F8BD0C36002E69D0A6
:10E780003388002BEED1F8BDD5F81836642023F07D
:10E79000C073C5F81836D5F81C3640F2DD5723F0A3
:10E7A000C073C5F81C36DFF3BFF502E00A20DFF3C3
:10E7B000BBF5D5F8E0319B0301D5013FF6D100232D
:10E7C000C5F860363179F378D5F8642609061B055B
:10E7D00001F0706103F4700322F07F620B43134376
:10E7E000C5F864360223C5F86036D5F86436727908
:10E7F00023F0FE5323F4781343EA025343F48023B7
:10E80000C5F864360323C5F86036D5F86426B368C6
:10E8100002F07F4223F07F431343C5F86436236A36
:10E82000012B05DDD5F8003643F48063C5F80036CA
:10E83000B278D5F8001692004FF6837302F07C028E
:10E840000B40134332887F32D211013A43EA02432C
:10E85000C5F80036F8BD00002DE9FF41036A044603
:10E86000042B476A03DD07F0F867BF0D02E007F0ED
:10E87000F0777F0D2046E4F3E9F000218046204642
:10E88000E4F3B6F20025064613E0102168460D4A6F
:10E890002B46DBF301F200206946DBF381F638B149
:10E8A00000210A46DBF33CF5C6F85856C6F85C066C
:10E8B0000135EBB2BB42E8D320464146E4F398F27F
:10E8C000BDE8FF81633686002DE9FF410546E4F38C
:10E8D000BDF0002180462846E4F38AF22B6A074601
:10E8E000042B6E6A01DDF60E02E006F0F056760E9D
:10E8F000002413E0102168460C4A2346DBF3CCF1D8
:10E9000000206946DBF34CF638B100210A46DBF300
:10E9100007F5C7F85046C7F854060134B442E9D1A8
:10E9200028464146E4F364F2BDE8FF815B36860089
:10E93000F7B5053A06461F46062A2ED8DFE802F04C
:10E9400004160B0F082D120004230F25012410E0DC
:10E9500004230F2508E003231F25002409E00323D7
:10E960001F2505E002230325112402E004230F25BF
:10E9700005242F40A740009300214FF4CB624FF0B5
:10E98000FF333046E4F36AF03046002140F25C6227
:10E9900015FA04F30097E4F361F0FEBD2DE9F043AE
:10E9A000002485B0054602940394E4F34FF0214619
:10E9B00080462846E4F31CF26F6A044607F4F857D1
:10E9C0003F0A03264B4B013E03EBC60213F83630D9
:10E9D000C4F820365368C4F82836002EF2D11DE062
:10E9E00008216846444A3346DBF356F10020694665
:10E9F000DBF3D6F588B100210A46DBF391F42B6AEC
:10EA00000C2B06DDB0F5803F03D2C3B2000A43EA07
:10EA10000040C4F82066C4F828060136BE42DFD1A3
:10EA20004FF00309354E09F1FF3906EB0916F3687B
:10EA30000BB9002321E02846984700B3F9E70121EC
:10EA400099403268114217D0C4F8203696F9042054
:10EA500022B1012A04D001320ED106E0B26809E0E9
:10EA6000D4F82416B2680A4304E0D4F82426B16826
:10EA700022EA0102C4F824260133BB42DFD1B9F1F6
:10EA8000000FCFD14E4613E0082168461C4A33469A
:10EA9000DBF302F100206946DBF382F538B1002197
:10EAA000C4F820660A46DBF33BF4C4F824060136BA
:10EAB000BE42E9D102A903AA2846DEF321F7039B4F
:10EAC000029AD4F81C16134319430393C4F81C1676
:10EAD00023B1C4F81C360AB1C4F818264FF4FA6002
:10EAE000DFF322F428464146E4F382F105B0BDE8A5
:10EAF000F08300BF74A202005136860044A20200D7
:10EB000056368600F8B5044616460F46E3F39EF7E0
:10EB1000002105462046E4F36BF1394602463346B0
:10EB20002046FFF715FE20462946BDE8F840E4F3ED
:10EB30005FB138B50446E3F389F700210546204666
:10EB4000E4F356F1236A012B04D1D0F8003623F404
:10EB5000007304E005DDD0F8003643F40073C0F81C
:10EB6000003620462946BDE83840E4F341B10000B4
:10EB700038B504460D46FFF7A7FE00222946204679
:10EB8000DFF312F02046E3F361F70B49054600205E
:10EB9000DBF3DAF44FF4002210F001034FF0000130
:10EBA000204618BF1346DEF333F720462946BDE85A
:10EBB0003840E4F31DB100BF78368600F8B5036A2B
:10EBC0000546092B2ADDE3F341F7002106462846D6
:10EBD000E4F30EF1D0F80846074614F4807418D018
:10EBE0004FF00043C0F86C364FF47A70DFF39CF3BB
:10EBF000D7F86C460023E404E40C6403C7F86C36D1
:10EC000004F54244074B04F5A874B4FBF3F4642301
:10EC10005C4328463146E4F3EBF000E00024204654
:10EC2000F8BD00BFA0860100F8B504460D460020DF
:10EC30001649DBF389F4164987B20020DBF384F42C
:10EC400040F2DC51002F18BF3946C6B22046FFF70C
:10EC50006BFD00280CDBC7B22946204607223B4645
:10EC6000FFF766FE2046294608223B46FFF760FE76
:10EC70002EB12046294632460123E6F73BFA2046CC
:10EC80002946BDE8F840FFF7E7BD00BF6F368600B4
:10EC9000CCE7010038B5002105461020DFF39EF1D6
:10ECA000002104461022DAF3B3F76560204638BD30
:10ECB00038B50C461546E4F305F01021DFF3F0F506
:10ECC00048B110234360054BC4601A688560026038
:10ECD0001860002038BD6FF01A0038BD6C270000A6
:10ECE00008B5064B1B683BB9054B196821B1054BAC
:10ECF0001A680AB1FFF7DCFF002008BD6C2700008E
:10ED0000A00B0200A40B020038B50C461546E3F335
:10ED1000D9F71021DFF3C4F590B110230A4A4360FC
:10ED2000002303601368C46085601BB91060184637
:10ED300038BD13461A68002AFBD11860104638BD4A
:10ED40006FF01A0038BD00BF6C27000038B50C46C4
:10ED50001546E3F3B7F71021DFF3A2F548B110230E
:10ED60004360054BC4601A6885600260186000202B
:10ED700038BD6FF01A0038BD6C27000001207047C5
:10ED80000020704738B541F2E4430446C3620D46A3
:10ED900029B108460949DBF3D7F3A06240B9002046
:10EDA0000749DBF3D1F3A06210B94FF6FF73A362FA
:10EDB00028460449DBF3C8F3206338BD5437860086
:10EDC0005B3786008637860030B585B00190002419
:10EDD00004A840F8044D01A90422DAF3B5F6019D18
:10EDE000CDB12B46D3F8882012B10022C3F8882079
:10EDF00001340433102CF5D10398DAF343F6039869
:10EE0000E6F7A8F9054B9D4205D0686D29464FF4F9
:10EE10005672DFF355F505B030BD00BF781502001E
:10EE20002DE9F843002104469846089FDDF8249018
:10EE3000E3F3DEF705462046E3F31AF60A28C8BFD7
:10EE4000EB6A6061C8BF636422286B68C8BFD5F8ED
:10EE5000AC20A361C8BFE261DB0004D5D5F804365D
:10EE60006362DBB223624FF4E063A3604FF0FF33D1
:10EE7000E360112323612646002513E02946E3F3CE
:10EE8000B7F72046E3F3F4F5B8F1000F03D0D6F856
:10EE90001031984503D0D6F88830994500D13D60AF
:10EEA00001350436D4F8CC3020469D42E6D339688B
:10EEB000E3F39EF70120BDE8F88300002DE9FF474A
:10EEC0000C9D9246DDF8349088464FF4567200212E
:10EED00004461F460E9E012D08BF0025DAF398F662
:10EEE00011232361C4F88470C4F85890C4F854A066
:10EEF0006560002D40F0B3802046294642464B46CF
:10EF0000FFF73CFF002800F0AE804FF0C059D9F861
:10EF1000003020461A0F22609AB2A26303F47022D6
:10EF200003F470031B0D23640E3B120C012B8CBFEA
:10EF300000230123E26384F8483049464246FEF745
:10EF40003FF8D4F8CC30002B00F08B8004AB43F8B2
:10EF5000045D8DE88800204649462A462B46FFF787
:10EF60005FFF00287FD02046FFF7BAFE0F9B009678
:10EF70000193204629463A46636DFFF7C3FB0028FC
:10EF800073D106B136683B4F20463146FFF7FAFE93
:10EF90003D78002D2FD16369132B0BDD4FF40061F9
:10EFA00020462A46E3F312F703998565C565204696
:10EFB000E3F31EF72046616DFFF7BBFD2046616D50
:10EFC000FFF7D6FD30462C49DBF3BEF2024620B9EE
:10EFD0002046616DFFF7F2FD02462046616DFFF7A6
:10EFE00091FD2046616DFFF7D9FC2046616DFFF76A
:10EFF0001BFE01233B7063690F2B0FDD1F49304659
:10F00000DBF3A2F21E4B0021002808BF1846009037
:10F01000882220464FF0FF33E3F320F530461949AC
:10F02000DBF3BEF238B117493046DBF38DF201460F
:10F030002046E6F7A6F86369142B17DD002529465C
:10F0400008222B4620460095E3F308F5294640F0B8
:10F050000403082220460093E3F300F506E00024B1
:10F0600004E01C4602E0044600E02C46204604B0C2
:10F07000BDE8F087D0180200E2388600EB38860041
:10F080005A000A00F13886001FB50F4C024623785B
:10F09000BBB910B90346014601E00C4B191D002015
:10F0A0000090019002930391094844F210714FF0CF
:10F0B000C053FFF703FF28B1064B20221A6001233B
:10F0C0002370034804B010BD74150200F41502004B
:10F0D00078150200742700002DE9FF4780460F468F
:10F0E00008464FF4567191469A460D9E0E9DDFF3E9
:10F0F000D7F30446D8B10C9B414601933A464B46A0
:10F10000CDF800A002960395FFF7D8FE804638B9E7
:10F11000214638464FF45672DFF3D2F3444606E0F8
:10F1200006B13668E66705B12D68C4F88050204600
:10F1300004B0BDE8F0870020DBF306B210B50B4940
:10F140000446FFF7F8FF80B278B9E06F0749DBF3B8
:10F15000FBF180B248B9E06F0549DBF3F5F14FF6FA
:10F16000FF7380B2002808BF184610BD48378600DC
:10F170004E37860073B50023ADF806308369044628
:10F18000990067D58368B3F5026F09D040F6040291
:10F19000934207D1C5680C2D94BF0025012502E0DC
:10F1A000012500E00025EDB24DB920464FF4006185
:10F1B0002A46D4F8C860E3F309F640B94AE0D4F827
:10F1C0008400002846D010F5405043D000266369E3
:10F1D000222B4FF00003D8BFC0F86831C0F864316B
:10F1E000C0F860316369222B03DC1D4BC0F8443149
:10F1F00005E00123C0F84831FF23C0F84C316369B2
:10F20000222B4FF0000306DCC0F88031C0F87C31BF
:10F21000C0F8783103E0C0F87431C0F870311DB91E
:10F2200020463146E3F3E4F520460DF10601FFF7F1
:10F23000A7FD90B9BDF8060080B163692046222B76
:10F24000D9BF4FF480210A46064940220023E3F348
:10F250001FF402E04FF0FF3000E000207CBD00BF53
:10F260000000FBBF400055552DE9FF4103680546EE
:10F270007021D868DFF314F30446002843D000213E
:10F280007022DAF3C5F404236360B4232560A381FC
:10F29000A046274600260DE0182202FB06423C61EC
:10F2A000A8681B4910320023E7F3EEF738621837DD
:10F2B000F0B1013663689E42EEDB164B16490093AF
:10F2C00000230193029303932868144A2346FCF316
:10F2D000EBF318E0D8F8201031B123689868E7F311
:10F2E000B7F70023C8F82030013508F1180800E00E
:10F2F000054663689D42EDDB23682146586870220D
:10F30000DFF3DEF20024204604B0BDE8F08100BF48
:10F310008FDB000021DA0000B4E80100D9E8010029
:10F3200070B50446002826D00368134918682246A1
:10F33000FCF3F2F32546002610E0296A29B1236880
:10F340009868E7F385F700232B62E96921B1236808
:10F350002A8B5868DFF3B4F20136183563689E4291
:10F36000EBDB18225A432168103248682146BDE879
:10F370007040DFF3A5B270BDD8E8010000207047EF
:10F3800010B50446A8B109F045D90A49606822467B
:10F39000FCF3C2F3E16E21B163683C22D868DFF36D
:10F3A0008FF263682146D8687022BDE81040DFF311
:10F3B00087B210BDD58D860030B5702185B0054669
:10F3C0004068DFF36DF2044600282FD00021702240
:10F3D000DAF31EF42B682560636068683C21DFF374
:10F3E0005FF2E066F0B100213C22DAF311F4114B38
:10F3F00011490093002301930293104B104A039389
:10F4000060682346FCF350F360B901236382A38252
:10F4100020462946FFF7B2FF002803DB204609F00B
:10F42000F5D903E02046FFF7ABFF0024204605B0E6
:10F4300030BD00BF390B830040E18500290C8300FB
:10F44000D58D860010B5044668B103682246186859
:10F450000549FCF361F32368214658680822BDE89A
:10F460001040DFF32DB210BDCCBB86007FB5054642
:10F4700008214068DFF314F2044618B30021082283
:10F48000DAF3C6F3002604212846104A104B0096F2
:10F49000019401F025FFB04260600FDB0D4B28683E
:10F4A00000930D4B0D4901930D4B0E4A03932346D8
:10F4B0000296FCF3F9F208B9256003E02046FFF755
:10F4C000C1FF0024204604B070BD00BF57E4000017
:10F4D00047EE00004BE4000047E4000008E90100AB
:10F4E00043E40000CCBB8600F8B5056804461B4920
:10F4F00028682246FCF310F30026B30103F5847359
:10F50000E158E71819B168683A89DFF3D9F17968E9
:10F5100019B168687A89DFF3D3F10136042EECD192
:10F52000D4F80C1221B16868B4F81022DFF3C8F1E6
:10F53000D4F81C1211B1A868E7F38AF6D4F82012A7
:10F5400019B168680422DFF3BBF1686821464FF403
:10F550002372BDE8F840DFF3B3B100BF14E9010046
:10F560002DE9F04106460F46C0682C211546984605
:10F57000DFF396F10446C0B100212C22DAF348F300
:10F58000E5602846C4F81C80A76026610849224629
:10F590000023E7F379F60546A06130B923692146D7
:10F5A000D8682C22DFF38CF12C462046BDE8F08190
:10F5B0003D66840010B50446E7F777FDA16961B1A7
:10F5C000237D23B1E068E7F331F600232375E0687B
:10F5D000A169E7F33DF60023A36123692146D868BA
:10F5E0002C22DFF36DF1002010BD000038B5056856
:10F5F0000446224628680549FCF38EF268682146D5
:10F600005022BDE83840DFF35BB100BF3CE4860028
:10F610001FB5084A0346009200220192029203920B
:10F620000549064A0068FCF33FF2003018BF01208C
:10F6300005B000BDCDF9000054EA0100AFE90100BA
:10F6400070B5D0F8B8400E46084600291FD0DAF34E
:10F650006FF3054690B91AE0204631462A46DAF3A0
:10F6600057F228B9635D3D2B02D10135601970BD99
:10F67000234613F8012B1C46002AFAD114B1237833
:10F68000002BE9D13046BDE87040E0F3D7B070BD43
:10F690002DE9F34100F59A58B8F8183004460E46A3
:10F6A00033B30846DAF344F307461748DAF340F376
:10F6B0003F18E3691037BFB298683946DFF3F0F0BE
:10F6C0000546E0B1B8F81830104A00933946334681
:10F6D000DAF3E2F229462046E9F778FFE36980464B
:10F6E000294698683A46DFF3EBF0B8F1000F07D1EE
:10F6F0002046314602B0BDE8F041E9F767BF8046D9
:10F70000404602B0BDE8F0816CEB010072EB0100F5
:10F710002DE9F04F00F59A591C46B9F8183085B01C
:10F72000064688469246D0F8B870002B38D0084676
:10F73000DAF3FEF283462548DAF3FAF28344F369FA
:10F740000BF1100B1FFA8BFB98685946DFF3A8F0FA
:10F750000546002833D0B9F81830594600931C4AA2
:10F760004346DAF399F230462946E9F73BFF039026
:10F7700068B138462946DAF77CFE40B1504506DDCF
:10F78000384629465246DAF3EDF6814600E0A146B6
:10F79000F369294698685A46DFF392F0039B8BB9C8
:10F7A00038464146DAF765FE58B1504509DD38461E
:10F7B0004146524605B0BDE8F04FDAF3D3B6814674
:10F7C00000E0A146484605B0BDE8F08F6CEB0100B3
:10F7D00072EB010070B590F8C43001261B499E40C1
:10F7E0000546E9F718FF05F58054C0B284F83200E9
:10F7F0000138C0B2013EFD28F6B202D9732384F865
:10F80000323094F83230284684F833301049E9F722
:10F8100002FFC0B284F8340005F5805508B10F2806
:10F8200002D1052385F8343095F8322095F834302C
:10F8300046EA0616D31A85F83530002385F83630A7
:10F8400085F8383085F8376070BD00BFE5A202004A
:10F85000BFA2020038B5982105460068DFF320F00A
:10F860000446002832D000219822DAF3D1F12B6827
:10F87000A3606B68E360AB682361EB6863602B692E
:10F8800063612B8CA3846B8CE3846B6AA362AB6A89
:10F89000E362EB6A23632B6B63636B6B6364AB6B39
:10F8A000A364EB6BE3642B6C23656B6C63656B6922
:10F8B000A365AB69E3650F2323663C236366782366
:10F8C000A3660323E366002384F89430204638BD02
:10F8D000014618B180689822DEF3F2B7704710B580
:10F8E000B0F8BC400C80B0F8C0101180B0F8C62051
:10F8F0001A8090F8C820029B01201A8010BD90F851
:10F90000D4007047D0F8CC007047000038B5012112
:10F910000446E9F75DFF2046E9F71EFD0F4D030F92
:10F9200005402D0B84F8C83042F2640300F00F004C
:10F930009D42A4F8C65084F8C90007D042F266037D
:10F940009D4214BF4FF0FF35002500E00025204602
:10F950000021EAF73FF9284638BD00BF00F0FF0F4D
:10F960002DE9F0478A460021D0F808900446154654
:10F97000C0680A469846E3F355F00307074614D5D6
:10F98000266896B13046294600F0AAFA002800F011
:10F990005F81F369D6F8CC10186928F069DCD6F8D5
:10F9A000E4300133C6F8E43059E1484641F2883189
:10F9B000DEF376F70646002800F05181002141F27F
:10F9C0008832DAF325F106F59253103306F58E529C
:10F9D0005363012386F8E130E26C41F26B039A42F3
:10F9E000C6F8B0A0F46105D1636C932B0CBF012362
:10F9F000182300E01823A6F82236642300210422ED
:10FA000086F8E030022D06F59053C6F8B88083F8EA
:10FA1000381083F8392083F83A1083F83B2005D159
:10FA2000FF0744BF4FF40053C6F8CC30D6F8CC10D3
:10FA3000206928F01DDCD6F8B030B3F8E073F36924
:10FA4000BFB2D868E5F74EFD06F59A531883F06902
:10FA500007F00F03C6F8C030824A836A07F470616A
:10FA60009A18090A012AC6F8BC1007D94AF6E60214
:10FA7000934203D04AF6E202934206D1C36A023BA4
:10FA8000012B02D80923C6F8C030092907D1042365
:10FA9000C6F8BC30D6F8C0301033C6F8C0300123E9
:10FAA00086F8C430D6F8BC303F0B022BC6F8D070B5
:10FAB00007D90A2B00F2CC804FF07A629A4040F1CD
:10FAC000C78006F580533C225A6100229A614FF4A8
:10FAD0000062A6F8DE2042F6013341F62432022D00
:10FAE00018BF1346A6F8DA3086F8003730465E496C
:10FAF000E9F778FD88B15C493046F769E9F78BFD95
:10FB0000594938673046F769E9F785FDF369786741
:10FB1000022D0CBF1A6F5A6FDA6606F590520A234F
:10FB200093710323D3710122002786F8E82006F59C
:10FB30009152177006F58058092288F83B20F26927
:10FB400086F8E97586F8EE7586F8F37586F8F87527
:10FB500086F8FD75304682F89330FFF73BFE06F5D8
:10FB600096534FF6CE729A8488F8397086F8F470FE
:10FB700033467F22013783F82C2683F8912683F8B9
:10FB8000B2220133652FF4D14FF0FF33A6F8FA36D5
:10FB9000002386F8AC303046294601F0A3F900284E
:10FBA00056D03046E9F7CBFB3046FFF7AFFE0546AF
:10FBB00000284DD12D4906223046E9F71FFD06F5F4
:10FBC0009857B8712A4901223046E9F717FD2949AB
:10FBD00038752A463046E9F711FD06F59A57B8768A
:10FBE000254930460722E9F709FDF8762A463046CE
:10FBF0002249E9F727FD7319013503F59A53182DAA
:10FC00001877F3D100252A4630461D49E9F71AFD39
:10FC10007319013503F59A530E2D83F83400F2D190
:10FC2000D6F8E4300133C6F8E430F3691A68D868CE
:10FC3000C6F8B4202660FFF79DFA06F1B803C6F8AF
:10FC4000B830304606F1BC011C22D9F37DF706E03E
:10FC50003146A06841F28832DEF332F600263046A3
:10FC6000BDE8F0871D57FFFFF0A2020094A202003A
:10FC7000B3A20200A6A20200D7A20200D0A20200F4
:10FC80009FA2020070B50446002832D0D0F8E4509C
:10FC9000013DC0F8E450002D2BD100F59656B16A15
:10FCA00021B1C3691869F3F7CFFFB56204F58E532C
:10FCB000002583F83D502046EAF706FEE269136806
:10FCC000A34203D1D4F8B430136005E0D3F8B420D4
:10FCD000A24208BFC3F8B450E36E0BB12046984768
:10FCE000E3692146986841F28832BDE87040DEF34E
:10FCF000E7B570BD1FB5094B094900930023019377
:10FD000002930393074A0368FBF3CEF6002814BF5F
:10FD10004FF0FF30002005B000BD00BF05370100E7
:10FD200074F101004CF2010001490268FBF3F4B6E2
:10FD30004CF201000023F0B51C4607E0CD182F68F7
:10FD4000C618C7502D790134357105339442F5D169
:10FD5000F0BD0000022938B505460C460AD003293B
:10FD600011D0012916D106220B49E9F7E7FCEB690E
:10FD7000002205E006220949E9F7E0FCEB690122CF
:10FD800083F8812038BD06490622E9F7D7FCEB69E4
:10FD900083F8814038BD00BF32FB0100F2FB010057
:10FDA000FEFB010038B5D0F8A8400023C4F8743534
:10FDB00094F8C153104B114A4FF42071022D14BF17
:10FDC00015461D46C3699868DEF36AF5C4F87405E4
:10FDD00088B180222946FFF7ADFF94F83A35022B0F
:10FDE00008D1D4F874050649A0301522FFF7A2FF08
:10FDF000012038BD012038BD5CB10200F8AC020022
:10FE00005CB502002DE9F047D0F8A8300646D3F8DB
:10FE10007C55D3F8787500241BE04FF0140808FBDC
:10FE200004F805EB08031A695B6855F808A003FBA2
:10FE300002F9F3694FEAD90998684946DEF330F5CB
:10FE400045F8080040B151464A46D9F37DF60134E1
:10FE5000E4B2BC42E1D30120BDE8F0872DE9F041D6
:10FE60001C4BD0F8A8601B68C26900271421054606
:10FE7000C6F87C75C6F8783590685943DEF310F5FE
:10FE80000446C6F87C0510B3BC46B84614E0EB69DE
:10FE900004EB0C071B6D08F1010813F4805F14BF1D
:10FEA0000D4B0E4B03EB0C0EBEE80F000FC7DEF838
:10FEB00000300CF1140C3B60D6F878359845E6D349
:10FEC00001212846FFF79EFF003018BF0120BDE842
:10FED000F08100BFE407020094AC0200F8B0020019
:10FEE0002DE9F0410F4686B079490446D0F8A85074
:10FEF000E9F791FB774928722046E9F78CFB7649B0
:10FF000068722046E9F787FB7449A4F8FC00204694
:10FF1000E9F781FB7249A4F8FE002046E9F77BFB74
:10FF20007049A4F800012046E9F75CFB38B120468F
:10FF30006C49E9F770FB10B1012385F8E83395F8B7
:10FF4000E83313B367492046E9F765FB6649A4F82F
:10FF500002012046E9F75FFB6449A4F8040120464A
:10FF6000E9F759FB6249A4F806012046E9F753FB7B
:10FF7000604985F824052046E9F74DFB04F58053D8
:10FF8000002285F8250583F83B205B492046E9F7E8
:10FF900042FB5A49C5F8340414222046E9F72EFBE7
:10FFA0005749A5F83C045A222046E9F727FB554952
:10FFB00085F8540408222046E9F720FB524985F8C9
:10FFC0004C0403222046E9F719FB504985F84D04FB
:10FFD00008222046E9F712FB4D4985F84E0403221A
:10FFE0002046E9F70BFB4B4985F84F0408222046D1
:10FFF000E9F704FB484985F8500403222046E9F755
:020000040804EE
:10000000FDFA464985F8510408222046E9F7F6FA38
:10001000032285F8520442492046E9F7EFFA4149A4
:1000200085F853042046E9F7F6FA3F4985F8580465
:1000300002222046E9F7E2FA3C4985F8C10420464D
:10004000E9F7D0FA18B120463849E9F7E4FAE8743C
:1000500037492046E9F7C6FA28B120463449E9F77E
:10006000DAFA287501E008232B7520463149E9F7B3
:10007000B9FA28B120462F49E9F7CDFA687501E0B1
:1000800002236B7520462C49E9F7ACFA28B12046CB
:100090002949E9F7C0FAA87501E00423AB752046A9
:1000A0002649E9F79FFA28B120462449E9F7B3FA2F
:1000B000E87501E00823EB7520462149E9F792FA3B
:1000C00000283FD020461E49E9F7A5FA28763BE0F4
:1000D0008CAA02002DAA02004AA70200FCA9020075
:1000E00050A7020033A8020018A702003FAB02008D
:1000F0004FA402000DA4020025AC0200CBA6020012
:10010000D2AA020050AB0200DDAB020015AB020028
:1001100012A3020026AB020023A3020004AB0200DC
:100120003EAC0200E9AA020080A4020050A5020031
:100130003DA5020089A9020048AB020037AB0200CE
:10014000DAA5020002232B76B7492046E9F763FAC5
:10015000B649A8722046E9F75EFAB549E87220462A
:10016000E9F759FAAA7AEB7A28736A73AB73E873E2
:100170002A746B74A874AF492046E9F74CFAB4F8B6
:10018000FC1004F5985204F59A5351871980B4F87D
:10019000FE105FFA80F891875980B4F8001184F856
:1001A0001A81D18799802046A349E9F734FA0026BD
:1001B00080B2A31900F00F020136A8EB4202000939
:1001C000042E83F81E21F4D120469C49E9F723FA36
:1001D00000F00F02A31952000136C2EB0802000919
:1001E0000C2E83F81E21F3D195492046E9F713FA26
:1001F000944906462046E9F70EFA80B240EA0646E0
:100200006E60142306F00F01E21849000133C1EBC0
:10021000080136091C2B82F81611F3D18A492046B1
:10022000E9F7F9F9894968832046E9F7F4F988493B
:1002300028772046E9F7EFF9864968772046E9F7FD
:10024000EAF98549A8772046E9F7E5F98349E8778F
:100250002046E9F7E0F9824985F822002046E9F7CF
:10026000DAF9804985F821002046E9F7D4F97E497A
:1002700085F8E0042046E9F7CEF90126C5F8E40444
:10028000142101A8794A3346D9F306F5D4F8B80009
:1002900001A9DAF385F130B100210A46DAF340F022
:1002A000AB1983F8E70401360F2EE9D170492046D7
:1002B000E9F7B1F96F4985F8F6042046E9F7ABF99B
:1002C0006D4985F8F7042046E9F7A5F96B4985F8EB
:1002D000F8042046E9F79FF9694985F8F9042046B2
:1002E000E9F799F9674985F8FA042046E9F793F99F
:1002F000654985F8FB042046E9F78DF9634985F8DF
:10030000FC042046E9F787F9614985F8FD04204699
:10031000E9F781F95F4985F8FE042046E9F77BF9A2
:100320005D4985F8FF042046E9F775F95B4985F8D2
:1003300000052046E9F76FF9594985F8010520467F
:10034000E9F769F9574985F802052046E9F763F9A5
:10035000554985F803052046E9F75DF9534985F8C5
:1003600004052046E9F757F9514985F80505204667
:10037000E9F751F94F4985F806052046E9F74BF9A9
:100380004D4985F807052046E9F745F94B4985F8B9
:1003900008052046E9F73FF9494985F8090520464F
:1003A000E9F739F9474985F80A052046E9F733F9AD
:1003B000454985F80B052046E9F72DF9434985F8AD
:1003C0000C052046E9F727F9414985F80D05204637
:1003D000E9F721F93F49A5F814052046E9F71BF98B
:1003E0004FF00042A5F816053B492046E9F706F90B
:1003F0003A49C5F810052046E9F70DF9384985F85E
:1004000024002046E9F707F9364985F823002046FD
:10041000E9F701F9344985F820002046E9F7FBF8AF
:10042000324984F8260663E04EA3020029A80200A0
:1004300054A4020021A70200D7A602006BA9020063
:10044000FDA202005EA40200BEA7020044A30200B7
:1004500013A902001EA9020034A30200E2A50200B3
:1004600018A60200EAA702001CA802007AA5020052
:1004700056A70200ADA80200C9A80200DAA802002F
:1004800058AA020069AA020090AB0200A1AB0200C8
:10049000A0A70200CBA70200F8A702007AAA0200D8
:1004A00029A9020094AA0200A6AA0200C8A5020077
:1004B000EBAB0200FDAB020086A30200BFA302006B
:1004C000CEA40200EDA4020091A802001BA4020029
:1004D00071A4020078A60200B8A40200DDAA0200FE
:1004E000BAA50200B2AB020056A90200B3A30200F3
:1004F0002046E9F790F8C04985F8C1032046E9F79E
:100500008AF8BE4985F8C2032046E9F784F885F8E1
:10051000C30394F8261611B12046FFF71BFCB84917
:1005200020464FF0FF32E9F769F880B2A5F8620083
:10053000000448BF4FF0FF304FF0FF3348BFA5F82D
:100540006200A5F86630A5F868302046AD49E9F7A5
:1005500049F850B1AB492046E9F75DF880B2010493
:100560005CBFA5F86600A5F868002046A649E9F733
:1005700039F840B12046A449E9F74DF880B20204A9
:1005800058BFA5F866002046A049E9F72BF840B10E
:1005900020469E49E9F73FF880B2030458BFA5F80A
:1005A00068009B494FF0FF322046E9F727F84FF0EB
:1005B000FF32A5F8C40397492046E9F71FF896498A
:1005C000A5F8C6032046E9F726F89449A5F8C8031C
:1005D0004FF4CF722046E9F711F89149C5F8CC03E2
:1005E00047F69A622046E9F709F88E49C5F8D00324
:1005F0000A222046E9F702F88B49C5F8D4030822FD
:100600002046E8F7FBFF8949C5F8D80341F26E029E
:100610002046E8F7F3FF0A22C5F8DC0384492046A8
:10062000E8F7ECFF8349C5F8E0032046E8F7F3FF5D
:100630008149A5F8E4032046E8F7EDFF95F8E83393
:10064000A5F8E6032BB100B2002802DD0020A5F8D2
:10065000E603502279492046E8F7D0FF784985F82B
:10066000EA032046E8F7D7FF764985F8EC032046F1
:10067000E8F7D1FF744985F8ED032046E8F7CBFF92
:10068000724985F8EE034FF0FF322046E8F7B6FFD7
:100690006F4985F8F0034FF0FF322046E8F7AEFFD0
:1006A000FF2385F8EF3385F8F1036A494FF0FF32F5
:1006B0002046E8F7A3FF684985F8F2034FF0FF32C0
:1006C0002046E8F79BFF654985F859054FF0FF3252
:1006D0002046E8F793FF624985F85A054FF0FF324C
:1006E0002046E8F78BFF5F4985F8F3034FF0FF32B0
:1006F0002046E8F783FF5C4985F85B054FF0FF3241
:100700002046E8F77BFF594985F85C054FF0FF323A
:100710002046E8F773FF002285F8F4035449204689
:10072000E8F76CFF534985F809044FF0FF32204683
:10073000E8F764FF504984F8DA054FF0FF322046AD
:10074000E8F75CFF4D49A5F8F6034FF0FF3220466D
:10075000E8F754FF4A49A5F8F8034FF0FF32204666
:10076000E8F74CFF4749A5F8FA034FF0FF3220465F
:10077000E8F744FF4449A5F8FC034FF0FF32204658
:10078000E8F73CFF4149A5F8FE034FF0FF32204651
:10079000E8F734FF3E49A5F800044FF0FF32204649
:1007A000E8F72CFF3B49A5F802044FF0FF32204642
:1007B000E8F724FF0022A5F8040437492046E8F7AB
:1007C0001DFF0022A5F85E0534492046E8F716FF14
:1007D0000022A5F8600532492046E8F70FFF3149AD
:1007E000A5F8620500222046E8F708FF2E49A5F883
:1007F000640520465AE000BFA7A30200E4A9020056
:10080000EDA602005BA90200C0AA0200C2AB020072
:10081000FFA402005AA8020027A50200FCA60200BD
:1008200012A4020011A7020006A502000FA60200F2
:10083000AAA50200D7A90200DFA60200ECA50200CB
:10084000D4AB020065A30200FFA802005BA6020071
:1008500043A602005EAB0200EFA90200E0A4020082
:1008600087A60200AAA402002DA402001DA5020072
:1008700067A7020002AA020008A902003BA4020026
:1008800099A9020006A7020030A5020035A60200C1
:1008900029A60200FFA30200A6A9020061A8020087
:1008A0004CA802001DAA0200F6A50200E8F7B3FE5C
:1008B000022F85F8060414D12046AD49E8F792FED0
:1008C000002800F0C5822F46002632462046A8495F
:1008D000E8F7B8FE0136C7F80C040437052EF4D14A
:1008E00015E0012F13D12046A249E8F77BFE00282E
:1008F00000F0AE822F460026324620469D49E8F79A
:10090000A1FE0136C7F820040437052EF4D19A4918
:100910004FF0FF322046E8F771FE9849A5F83E04F3
:100920004FF0FF322046E8F769FE9549A5F84004EC
:100930004FF0FF322046E8F761FE9249A4F8FE0F1F
:100940002046E8F74FFE30B120468E49E8F763FEB7
:1009500004F5985358818C4920464FF0FF32E8F750
:100960004DFE04F59A53988288492046E8F73AFEEE
:1009700030B120468549E8F74EFE04F59853D881FA
:10098000204683490022E8F739FEC0B285F84D03BE
:1009900058B180492046E8F73EFE7F49C5F850032C
:1009A0002046E8F738FEC5F8600320467B49E8F7A3
:1009B00019FE002837D0D4F8B8007849D9F759FD86
:1009C000062830D175490022D4F8B800D9F3CAF509
:1009D00085F8950371490122D4F8B800D9F3C2F51E
:1009E00085F897036D490222D4F8B800D9F3BAF517
:1009F00085F8990369490322D4F8B800D9F3B2F510
:100A000085F8960365490422D4F8B800D9F3AAF50D
:100A100085F89803D4F8B80060490522D9F3A2F507
:100A200085F89A0310E0012385F89533322385F881
:100A30009633402385F8973385F89833042385F857
:100A40009933FF2385F89A3355492046FF22E8F76A
:100A5000D5FDFF23A5F85403A5F85633A5F8583360
:100A6000A5F85A3320464F49E8F7BCFD38B3D4F80F
:100A7000B8004C49D9F7FDFC2F460328B4BF804687
:100A80004FF00308002607E0324620464549E8F7C4
:100A9000D9FD0136A7F8540302374645F4DB28EAAE
:100AA000E8784246002308E005EB4801B5F8560314
:100AB000C918A1F8560301320233022AF4DD0122DB
:100AC00039492046E8F79AFD384985F84003204621
:100AD000E8F7A1FD012285F84B0335492046E8F7E8
:100AE0008DFD344985F841032046E8F794FD3249ED
:100AF00085F84C034FF0FF322046E8F77FFD2F4981
:100B000085F849034FF0FF322046E8F777FD2C497E
:100B100085F84A034FF0FF322046E8F76FFD294978
:100B200085F85C034FF0FF322046E8F767FD264961
:100B300085F85D032046E8F755FD002846D00126DC
:100B40002149002285F8BB642046E8F77BFD1E4959
:100B500085F8BC0432462046E8F774FD1A4985F84A
:100B6000BD0402222046E8F76DFD85F8BE042FE0A3
:100B700010A5020071A8020047A4020016AA0200F4
:100B80002AA702004FA6020034AA02003BA90200D5
:100B90009CA50200EBA80200A0A602008BA5020003
:100BA0003CA802002EAC020044AA020069AB02007D
:100BB0008BA4020074A90200DDA30200EEA30200D0
:100BC000B4A9020071A702001CAC020085F8BB04A6
:100BD000FF22A1492046E8F711FDFF2285F8BF0456
:100BE0009E492046E8F70AFD9D4985F8C004204645
:100BF000E8F711FD0022A5F8C2049A492046E8F75B
:100C0000FDFC002285F8180597492046E8F7F6FC18
:100C1000C0B285F81A05E369DB685B6C03F0070373
:100C2000052B03D910B1002385F81A358F4900220E
:100C30002046E8F7E3FC8E4985F81C050022204693
:100C4000E8F7DCFC8B4985F81D054FF0FF322046A4
:100C5000E8F7D4FC884985F81E0500222046E8F70D
:100C6000CDFC864985F895054FF0FF322046E8F720
:100C7000C5FC8349A5F8200501222046E8F7BEFC03
:100C8000804985F827054FF0FF322046E8F7B6FC8B
:100C90007D49A5F82A054FF0FF322046E8F7AEFC63
:100CA0007A49A5F82C0500222046E8F7A7FC7849E8
:100CB00085F83A0500222046E8F7A0FC754985F83A
:100CC0003B054FF0FF322046E8F798FC724985F863
:100CD0003C052046E8F786FC30B120466E49E8F72F
:100CE0009AFC85F8420502E0FF2385F8423520464C
:100CF0006A49E8F777FC30B120466849E8F78BFC91
:100D0000A5F8440503E04FF0FF33A5F844356449E6
:100D100020464FF0FF32E8F771FC6249A5F89005D4
:100D20002046E8F75FFC30B301265E49002285F8D3
:100D300052652046E8F786FC5A4985F85305324645
:100D40002046E8F77FFC574985F8540502222046E3
:100D5000E8F778FC534985F8550503222046E8F763
:100D600071FC504985F8560504222046E8F76AFCD4
:100D700085F8570501E085F852054B494FF0FF32E1
:100D80002046E8F73BFC494985F858054FF0FF320B
:100D90002046E8F733FC464985F859054FF0FF3205
:100DA0002046E8F72BFC434985F85A0500222046E7
:100DB000E8F724FC404985F8700500222046E8F752
:100DC0001DFC032285F880053C492046E8F716FC07
:100DD0003B4985F881052046E8F71DFC394985F82F
:100DE00082052046E8F717FC3749A5F88405204618
:100DF000E8F711FC3549A5F886052046E8F70BFC15
:100E00003349A5F888052046E8F705FC3149A5F8DF
:100E10008A052046E8F7FFFB2F49C5F88C0500221C
:100E20002046E8F7EBFB2D4985F894056FF040026A
:100E30002046E8F7E3FBC0B2A5F8C60528492046DE
:100E40006FF04602E8F7DAFBC0B2A5F8C80501204A
:100E500006B0BDE8F08100BF8CAA0200B8AA02006B
:100E6000BBA6020072A302007EA8020082A70200B5
:100E700058A50200DDA7020093A7020058A30200B4
:100E80007EAB02009FA40200B2A7020067A402008A
:100E900006A30200A3A802000FAC0200D1A3020027
:100EA00045A50200BEA802003DA70200EFA902006E
:100EB000E0A4020093A6020098A3020069A5020024
:100EC000B1A5020045A90200C5A902000AA80200B6
:100ED000FDA5020066A60200F5AA020091A9020083
:100EE000C5A40200C36970B504460D46986840F277
:100EF000CC51DDF3D5F4C4F8A800002859D0002166
:100F000040F2CC52D8F384F6E369D4F8A8601A6DA5
:100F1000D20305D4012204F5825184F81A260A71FD
:100F2000D868E4F774F904F5805398620023F363FA
:100F3000204B20462362204B294663621F4BA3624D
:100F40001F4BE3621F4BA3671F4BE3671F4BC4F8A4
:100F500090301F4BC4F884301E4B23631E4B6363D9
:100F60001E4BE3631E4B63641E4B63651E4BA36500
:100F70001E4BC4F88C301E4BC4F888301D4BE36602
:100F80001D4BC4F89C301D4BC4F8A0301C4BC4F85A
:100F9000A430FEF7A5FF60B12046EBF709FD20461F
:100FA000FEF700FF28B12046FEF758FF003018BFBB
:100FB000012070BDAD8D0100093A0100D5BE0100D0
:100FC000677F0100CD7D01009B3A01006185010032
:100FD00049850100F99C0100916201008D6F0100BB
:100FE000C15F010079430100B5450100C3BD0100A7
:100FF000993A010089410100C3620100F95C0100D6
:1010000091BD0100F8B505460E4600680C21174653
:10101000DDF346F4044630B100210C22D8F3F8F594
:1010200084E8A000A6602046F8BD014620B1036810
:101030000C221868DDF344B4704700007FB5054604
:1010400088214068DDF32CF4044600283AD00021C2
:101050008822D8F3DDF52B68256063600026042123
:1010600028461A4A1A4B0096019400F039F9B0420A
:10107000A06021DB174B02968DE84800039660685C
:101080001549164A2346FAF30FF5A8B91E226261E4
:101090000422E273022222740A22012362744FF6B0
:1010A000AF7284F82000E3772373A361A0746073A8
:1010B000A073A283A37705E0214668688822DDF348
:1010C000FFF30024204604B070BD00BF512385000B
:1010D0002523850081148500BC1D860003E8860059
:1010E00010B5044660B1224606494068FAF314F58B
:1010F00063682146D8688822BDE81040DDF3E0B37C
:1011000010BD00BF03E886002DE9F043074685B017
:101110008846104640F2C45115469946DDF3C0F3A7
:101120000446002876D0002140F2C452D8F370F56E
:1011300028461C21DDF3B4F30646206038B9284662
:10114000214640F2C452DDF3BBF3304662E0002199
:101150001C22D8F35DF5236840F2C4521C600026BF
:1011600062614FF0FF32A261A760E560C4F80490AD
:101170009E711423A4F808322823A4F806322D23E4
:10118000A4F80432FA23A4F80A32022384F80C32B9
:101190006423A4F83E3284F80D6240461F4922467B
:1011A0003346E6F371F0C4F8F80100B304F51073A8
:1011B000C4F81832C4F8143204F53D73C4F824326C
:1011C000C4F820320522164BC4F81C223C22C4F875
:1011D00028228DE84800134B029603933868124981
:1011E000124A2346FAF360F408B9206812E0D4F8F2
:1011F000F81111B14046E6F32BF0216819B12846E9
:101200001C22DDF35DF32846214640F2C452DDF393
:1012100057F3002005B0BDE8F08300BFC13C850056
:10122000F5378500F9C00100D41D8600E6E8860088
:1012300038B50468DCB1D4F8F811A56829B1A868FC
:10124000E6F306F00023C4F8F8310949286822467D
:10125000FAF362F4216819B168681C22DDF330F3F7
:10126000686862692146BDE83840DDF329B338BDBE
:10127000E6E88600F8B5C36906461B69C068DD1D4F
:1012800048BF03F10E05ED10EDB2EF0007F59277C0
:101290003946DDF305F30446A0B13A460021D8F300
:1012A000B7F4234643F8246BE36103EB850303F5AE
:1012B000807304F5927223614FF4037384F8205015
:1012C000E26063612046F8BD014640B190F82020FD
:1012D0000368D200D86802F59272DDF3F1B270476C
:1012E000F0B5D0F80045A5690F2D11D8E7692E019A
:1012F000B8190135A5614360059BBA518360069B0F
:10130000C3606069C31C591821F003016161F0BD1D
:101310004FF0FF30F0BD00002DE9F04F3B4D8DB098
:1013200028683B49D9F310F1012861D02B68DFF818
:101330000C910293DFF80881D9F800300024039360
:10134000D8F80030334F04932368334E05933B683D
:10135000DFF8F0A006933368DFF8ECB00793DAF813
:101360000030DFF8E8C00893DBF800302B48099321
:101370002B4B2C491A683C600A92DCF800201C6058
:101380000B92294ACCF800403260091A4FF0FF3224
:101390000193CDF800C02C60C8F80040C9F80040A7
:1013A000CBF80040CAF80040D9F322F11F4A019B54
:1013B0009042DDF800C028D1029A2A60039AC9F849
:1013C0000020049AC8F800202168194A1160059A83
:1013D0002260069A3A60079A3260089ACAF800209A
:1013E000099ACBF800200A9A1A600B9BCCF80030BF
:1013F000104A114BD17E1977117F5977517F997718
:10140000927FDA770DB0BDE8F08FFEE7A00B020007
:101410005C0A02001CCA000008CA000000000000AC
:1014200024CA0000E4420300DDBAADBBE320BBDE0A
:101430000CCA0000E0420300EC140200A40B0200FE
:101440009C0B020018CA000020CA000028CA000035
:10145000704700002DE9F04F91B0FFF75DFF6D4B35
:101460001B68043B012B03D86B4B1868FFF7F0FF98
:10147000FBF736FA00210446E1F300F5204600218F
:10148000E1F3B6F428B1036A002BBCBF4FF0004370
:1014900003620EA90822A06BD8F348F60246204644
:1014A000D4F83CB00B92E3F7B2FE82462046E3F755
:1014B000AEFE81462046E3F7AAFE80462046E3F7CB
:1014C00081FE07462046E3F77DFE06462046E3F709
:1014D00079FE05462046E3F787FC014620460C913D
:1014E000E3F782FC84462046CDF834C0E3F77CFC69
:1014F0000B9A0C99DDF834C0029208F54248474A2D
:1015000005F5424500F542400AF5424A09F54249CF
:1015100008F5A87807F5424706F5424605F5A8758F
:1015200001F542410CF5424C00F5A870B8FBF2F809
:10153000B5FBF2F50CF5A87CB0FBF2F00AF5A87A41
:1015400009F5A87907F5A87706F5A87601F5A87139
:10155000B1FBF2F1DFF8E8E0BAFBF2FA02FB18990E
:10156000B7FBF2F702FB156602FB10C2CDF804E0F0
:10157000DFF8D0E02A4BB2FBFEF2B9FBFEF9B6FB76
:10158000FEF6089109922749274A28480093CDF88A
:101590000CB0CDF810A0CDF8149006970796E6F79A
:1015A00087FA234840F60D0144F2F432FBF71CF9A8
:1015B00038B11F4840F6290144F2F432FBF714F920
:1015C00020B91C4A1C4B1A4D1A6000E00025204629
:1015D000FDF7B4FD44F218334FF6FF72904214BF8A
:1015E00002461A4640F612011448FBF7FDF813496B
:1015F000002818BF00214DB141B10F4B28461B6890
:101600005B6898472B6928465B689847204611B06D
:10161000BDE8F08F28CA000024CA000040420F0035
:10162000ABFF8600620A0200670A020074BB020078
:10163000A80B0200D40B0200F82600009C0A02004E
:10164000C4C60100A0860100776C25643A2042726E
:101650006F6164636F6D2042434D256420383032E2
:101660002E313120576972656C65737320436F6E3C
:1016700074726F6C6C65722025730A0025733A20B2
:1016800042726F6164636F6D20534450434D442038
:10169000434443206472697665720A007364706320
:1016A0006D6463646325640072737369736D66327D
:1016B000673D2564007874616C667265713D2564D0
:1016C00000616132673D3078257800627734307090
:1016D0006F3D30782578006C6564626825643D3024
:1016E0007825780074737369706F7332673D307852
:1016F0002578007273736973617632673D256400E3
:101700006C65676F66646D3430647570706F3D3002
:101710007825780070613168696D61787077723D05
:101720002564006D617870326761303D30782578CE
:10173000007061316974737369743D2564006D6173
:101740006E6669643D307825780073756276656EE3
:101750006469643D30782578002004D0023643FF68
:10176000FF626F617264747970653D30782578002E
:101770006D6373256467706F25643D30782578004C
:101780006D616E663D2573006D61787035676C61C3
:10179000303D30782578006D61787035676C613147
:1017A0003D30782578006F66646D35676C706F3DED
:1017B000307825780072737369736D6335673D25E2
:1017C0006400626F617264666C616773323D307889
:1017D000257800747269736F32673D307825780020
:1017E0007064657472616E676532673D3078257824
:1017F000006D63736277323035676C706F3D30789F
:1018000025780000006D637362773230756C356740
:101810006C706F3D30782578006D6373627734307B
:1018200035676C706F3D307825780000007061314D
:101830006C6F6D61787077723D25640075736265B9
:10184000706E756D3D30782578007278706F3567F1
:101850003D2564006D63733332706F3D30782578B9
:101860000073756264657669643D30782578006937
:101870007474356761303D3078257800697474354B
:101880006761313D30782578007061316D61787025
:1018900077723D256400626F6172647265763D30D7
:1018A000782578006D6373627732303267706F3DF0
:1018B000307825780000006D637362773230756C84
:1018C0003267706F3D30782578006D6373627734CE
:1018D000303267706F3D307825780000006D63739B
:1018E0006277323035676D706F3D30782578000053
:1018F000006D637362773230756C35676D706F3D64
:1019000030782578006D63736277343035676D7099
:101910006F3D3078257800000073726F6D726576C8
:101920003D2564007770736C65643D2564007061CB
:10193000316C6F62303D2564007061316C6F6231D3
:101940003D2564007061316C6F62323D256400702A
:101950006125646725637725646125643D307825BA
:1019600078006D617870326761313D30782578009C
:1019700070613062303D25640070613062313D2518
:10198000640070613062323D256400727373697364
:101990006D6332673D2564007472693567683D2563
:1019A000640075736266733D25640063636B706FDA
:1019B0003D307825780074726935676C3D25640088
:1019C0006F66646D356768706F3D307825780061AB
:1019D0006725643D307825780065787470616761AB
:1019E000696E35673D307825780070726F64756375
:1019F000746E616D653D257300636464706F3D3086
:101A0000782578006C65676F66646D627732303573
:101A1000676C706F3D307825780000006C65676FEB
:101A200066646D62773230756C35676C706F3D300F
:101A3000782578006C65676F66646D627732303543
:101A4000676D706F3D307825780000006C65676FBA
:101A500066646D62773230756C35676D706F3D30DE
:101A6000782578006C65676F66646D627732303513
:101A70006768706F3D307825780000006C65676F8F
:101A800066646D62773230756C356768706F3D30B3
:101A9000782578007278706F32673D25640072781F
:101AA000636861696E3D30782578006974743267C7
:101AB00061303D3078257800697474326761313D5A
:101AC0003078257800616E747377697463683D308F
:101AD000782578007478636861696E3D3078257880
:101AE0000070726F6469643D3078257800706130F1
:101AF0006974737369743D25640063636B6469671B
:101B000066696C74747970653D25640063686970FA
:101B10007265763D2564006F66646D3567706F3D54
:101B200030782578006C656464633D307825303406
:101B300078006D61787035676861303D3078257860
:101B4000006D61787035676861313D3078257800C7
:101B500070613162303D25640070613162313D2534
:101B6000640070613162323D256400627764757093
:101B7000706F3D30782578006D6178703567613021
:101B80003D30782578006D617870356761313D3082
:101B900078257800616E74737763746C35673D30B7
:101BA000782578006D63732564672563706F2564FD
:101BB0003D30782578006D63736277323035676821
:101BC000706F3D307825780000006D637362773266
:101BD00030756C356768706F3D30782578006D63BF
:101BE0007362773430356768706F3D3078257800E0
:101BF000000074726935673D2564006F706F3D2584
:101C0000640076656E6469643D30782578006C65A3
:101C1000676F66646D627732303267706F3D30781F
:101C2000257800006C65676F66646D627732307589
:101C30006C3267706F3D307825787061306D6178F7
:101C40007077723D256400706131686962303D25AE
:101C50006400706131686962313D256400706131F2
:101C6000686962323D256400637573746F6D7661D7
:101C70007225643D30782578007265677265763D1F
:101C80003078257800626F617264666C6167733DBD
:101C9000307825780062786132673D2564006F6591
:101CA0006D3D253032782530327825303278253038
:101CB0003278253032782530327825303278253028
:101CC00032780064657669643D307825780070610B
:101CD0002564677725646125643D30782578007236
:101CE000737369736D6635673D2564006F66646D57
:101CF0003267706F3D3078257800616135673D301F
:101D0000782578007770736770696F3D256400628D
:101D1000786135673D25640074737369706F73353E
:101D2000673D3078257800616E74737763746C3228
:101D3000673D307825780072737369736176356713
:101D40003D2564006F66646D706F3D3078257800C6
:101D500074726932673D25640073746263706F3D0D
:101D6000307825780063636F64653D307830006DAE
:101D70006163616464723D25730063636F64653DF4
:101D8000256325630063633D25640063636B3267ED
:101D9000706F3D30782578006363746C3D30782532
:101DA000780072656777696E646F77737A3D256432
:101DB0000065787470616761696E32673D307825BF
:101DC0007800626F6172646E756D3D256400747297
:101DD00069736F35673D307825780063636B627790
:101DE00032303267706F3D307825780000006363D1
:101DF0006B62773230756C3267706F3D3078257862
:101E0000007064657472616E676535673D30782572
:101E10007800000080000000FF0000000C000000BF
:101E20000000000000040000FF0000000C000000A3
:101E30000000000000000800FF0000000E0000008D
:101E40000000000002000000010004000300000088
:101E5000010002000A00000002006000DC05000032
:101E600008071700747870777262636B6F660032D0
:101E7000675F6367610072737369636F72726E6F1D
:101E8000726D00747373696C696D75636F6400744F
:101E9000656D70735F6879737465726573697300DB
:101EA00035675F6367610072737369636F72726134
:101EB0007474656E0074656D707468726573680023
:101EC000696E746572666572656E6365006D6373D5
:101ED0003267706F310074786761696E74626C3557
:101EE0006700747373696F66667365746D696E35C8
:101EF000676C00747373696F66667365746D696E81
:101F000035676D0074656D7073656E73655F736CB6
:101F10006F7065006D656173706F776572007273C5
:101F20007369736D6632670069716C6F63616C70A1
:101F3000777232670072667265673033335F63634E
:101F40006B00706C6C646F75626C65725F656E615E
:101F5000626C653267006F70656E6C706761696E88
:101F6000696478613134300072786761696E7462D7
:101F70006C776C6267610065787470616761696E27
:101F800035670065787470616761696E3267006FEC
:101F900070656E6C706761696E696478613134393F
:101FA00000747869716C6F7061673267006E6F6979
:101FB00073655F63616C5F7265665F3267006E6F49
:101FC0006973655F63616C5F7265665F356700703A
:101FD0006163616C617468356768693100706D6157
:101FE000780074656D705F616464006F70656E6C1D
:101FF000706761696E69647861313635007061635C
:10200000616C696478356768693100706163616C1F
:1020100061746832673100646163676332670070BE
:102020006D696E00727373697361763267006D63F8
:10203000733267706F300074786761696E74626CB8
:10204000006F70656E6C7074656D70636F72720096
:10205000747373696D61786E7074006E6F69736507
:102060005F63616C5F656E61626C655F35670070B0
:102070006163616C707772326700706163616C6973
:10208000647835676C6F31006F70656E6C70707757
:10209000726C696D0065646F6666746864006F7069
:1020A000656E6C706761696E6964786131353300A3
:1020B000706163616C69647835676869006F706529
:1020C0006E6C706761696E69647861313537007074
:1020D000616763326700766261745F6D756C74006E
:1020E00073776374726C6D61705F326700706163E7
:1020F000616C616C696D00747869716C6F746600F5
:10210000706163616C6174683567686900766261EB
:1021100074736D6300616463726673657132670026
:1021200076626174736D660069716C6F63616C696E
:10213000647835676F6666730072786761696E628E
:1021400061636B6F666676616C006F70656E6C7054
:102150006761696E696478622564006E6F69736592
:102160005F63616C5F757064617465006E6F697345
:10217000655F63616C5F64626700766261745F7162
:1021800000726672656730383800697163616C5F30
:102190007377705F646973006F70656E6C706761F0
:1021A000696E696478613132380074656D7073618D
:1021B000760074656D70636F72727800646163722B
:1021C000617465326700706172667073007278675F
:1021D00061696E74656D70636F727235676C0076DD
:1021E0006261745F6164640074656D7073656E73C1
:1021F000655F6F7074696F6E00706163616C6174AC
:102200006835673100706163616C61746835676C53
:102210006F3100706163616C69647832673100749A
:1022200078616C7066627970326700706163616CAE
:10223000696478326700756E6D6F645F727373697D
:102240005F6F6666736574006F70656E6C70766F35
:102250006C74636F727200706163616C696478356D
:1022600067310072786761696E74626C313030007A
:102270006E6F6973655F63616C5F6E665F737562D5
:102280007374726163745F76616C00706163616C1A
:1022900070756C73657769647468007473736974BE
:1022A0007864656C61790063636B3267706F00639B
:1022B000636B507772496478436F72720063636B2B
:1022C00064696766696C74747970650074656D70B3
:1022D0005F6D756C7400706163616C617468356703
:1022E0000074656D705F710070613062315F6C6F9A
:1022F000006D61787032676130006F66646D616E89
:10230000616C6F6766696C7462773267006C6F69C5
:102310006461636D6F6465356700706130623000C1
:102320007061306232006F70656E6C706761696EEB
:1023300069647861333600706163616C666364312F
:10234000006E6F6973655F63616C5F61646A5F35BE
:10235000670069716C6F63616C69647832676F667E
:1023600066730069716C6F7374316F6666326700F3
:102370006F70656E6C706761696E69647861313029
:102380003000706163616C70777232673100726126
:102390007774656D7073656E7365006F70656E6CD4
:1023A000706761696E696478613130340069716C9D
:1023B0006F63616C6964783267006F70656E6C7012
:1023C0007077726374726C006F70656E6C706761A9
:1023D000696E696478613130380072786761696E5E
:1023E00074656D70636F727235676D006F70656EC6
:1023F0006C707265667077720072737369736D6367
:1024000032670070613062305F6C6F006E6F6973AD
:10241000655F63616C5F706F5F32670070616361FD
:102420006C6964783567317468007061676335671B
:1024300000706163616C69647835676C6F317468D2
:102440000073776374726C6D61705F3567007370D1
:10245000757261766F69645F656E61626C65326723
:10246000006F70656E6C706761696E696478613168
:102470003631006C6F63636D6F646531006F70653A
:102480006E6C706761696E696478613430006C6F7E
:1024900067656E5F6D6F6465006F70656E6C706709
:1024A00061696E696478613434006F70656E6C7058
:1024B0006761696E696478613438006E6F6973654D
:1024C0005F63616C5F686967685F6761696E00720E
:1024D0006672656730333800706163616C6174687F
:1024E0003267006D656173706F77657231006D657D
:1024F0006173706F77657232006F70656E6C7067B4
:1025000061696E696478613131360062706879732F
:1025100063616C650072786761696E74656D706384
:102520006F727232670061613267006F66646D645A
:10253000696766696C7474797065006F66646D3282
:1025400067706F006E6F6973655F63616C5F706F5A
:102550005F626961735F356700766261747361768B
:102560000065646F6E74686400706163616C6174AF
:102570006835676C6F00706163616C69647832679D
:10258000317468006E6F6973655F63616C5F61646D
:102590006A5F32670072786761696E74656D706337
:1025A0006F72723567680063636B5077724F66664F
:1025B000736574007478707772696E646578007002
:1025C0006163616C69647835676C6F00706130625B
:1025D000310074785F746F6E655F706F7765725FDE
:1025E000696E64657800676D676332670070616368
:1025F000616C6964783567686931746800727870F5
:102600006F3267007478616C706662797032675FF0
:1026100063636B006E6F6973655F63616C5F656EAA
:1026200061626C655F3267006F70656E6C706761C8
:10263000696E696478613532006F70656E6C7067C1
:1026400061696E696478613536006F70656E6C70B3
:102650006761696E696478613131320074726973DF
:102660006F3267006F70656E6C706761696E696468
:102670007861313230006F70656E6C706761696EC1
:102680006964786131323400747269647832670049
:102690006F66646D64696766696C747479706532BD
:1026A0006700696E69747869647832670068775F7B
:1026B000697163616C5F656E0064796E7077726CCE
:1026C000696D656E006D75785F6761696E5F7461D5
:1026D000626C6500747373696F66667365746D61AF
:1026E0007835676800747373696F66667365746DB7
:1026F000617835676C00747373696F6666736574AF
:102700006D617835676D0074656D70736D63007011
:10271000613062325F6C6F0074656D70736D66005E
:10272000747373696F66667365746D617800706148
:1027300063616C6964783567006E6F6973655F63A8
:10274000616C5F706F5F626961735F326700706CAC
:102750006C646F75626C65725F6D6F646532670083
:102760006F70656E6C706761696E69647861363030
:10277000006F70656E6C706761696E696478613650
:102780003400667265716F66667365745F636F723D
:1027900072006F66646D64696766696C74747970E1
:1027A0006535670072667265673033330074737322
:1027B000696F66667365746D696E006F70656E6CC7
:1027C000706761696E69647861313332006F70657A
:1027D0006E6C706761696E6964786131333600745C
:1027E0007869716C6F706170753267007874616CB4
:1027F0006D6F6465007473736974696D65006E6FE5
:102800006973655F63616C5F706F5F3567007473D8
:1028100073696F66667365746D696E356768000904
:102820000C12181818090C1218181800000C076F51
:102830007A060C0F7B7E0105080B0E1100000000CC
:1028400000000000000306090C0F12000000000049
:1028500000000000000306090C000000000000005A
:1028600000000000DCB30200600000001200000065
:10287000000000002000000012B602002600000048
:102880000E0000000000000010000000A4B60200CE
:10289000980000000D000000000000002000000073
:1028A0004FAC0200440000001100000000000000D6
:1028B0000800000064BB02001000000010000000CF
:1028C000000000000800000007001F004807001F6C
:1028D000004607001F004407001E004307001D00BC
:1028E0004407001C004407001B004507001A00466F
:1028F000070019004607001800470700170048079F
:10290000001700460700160047070015004807009B
:102910001500460700150044070015004207001582
:102920000040070015003F07001400400700130097
:102930004107001300400700120041070012004049
:102940000700110041070011004007001000410777
:1029500000100040070010003E070010003C070078
:1029600010003A07000F003D07000F003B07000E64
:10297000003D07000E003C07000E003A07000D0066
:102980003C07000D003B07000C003E07000C003C1C
:1029900007000C003A07000B003E07000B003C0745
:1029A000000B003B07000B003907000A003D070041
:1029B0000A003B07000A0039070009003E0700092A
:1029C000003C070009003A07000900390700080029
:1029D0003E070008003C070008003A0700080039DD
:1029E0000700080037070007003D070007003C0705
:1029F0000007003A07000700380700070037070004
:102A000006003E070006003C070006003A070006E5
:102A100000390700060037070006003607000600E9
:102A200034070005003D070005003B07000500399D
:102A300007000500380700050036070005003507C8
:102A400000050033070004003E070004003C0700B7
:102A500004003A07000400390700040037070004A7
:102A600000360700040034070004003307000400A8
:102A7000310700040030070004002E070003003C6B
:102A8000070003003A070003003907000300370777
:102A9000000300360700030034070003003307007B
:102AA0000300310700030030070003002E07000376
:102AB000002D070003002C070003002B0700030074
:102AC00029070002003D070002003B070002003911
:102AD0000700020038070002003607000200350731
:102AE0000002003307000200320700020030070036
:102AF00002002F070002002E070002002C07000230
:102B0000002B070002002A0700020029070002002C
:102B10002707000200260700020025070002002404
:102B2000070002002307000200220700020021071D
:102B300000020020070001003F070001003D0700E0
:102B400001003B07000100390000000040000000C8
:102B500080000000C000000001000000050000002F
:102B600002000000060000000A0000004A00000009
:102B70008A000000CA0000000A0100004A010000AB
:102B80008A0100008A0500008A0900008A0D000001
:102B90008A1100008A5100008A9100008AD1000049
:102BA0008A1101008A5101008A9101008900000008
:102BB0008AD101008A11020000000000000000001C
:102BC0000000000000000000000000000000000005
:102BD00000000000000000000000000000000000F5
:102BE00000000000000000000000000000000000E5
:102BF00000000000000000000000000000000000D5
:102C000000000000000000000000000000000000C4
:102C100000000000000000000000000000000000B4
:102C200000000000000000000000000000000000A4
:102C30000000000000000000000000000000000094
:102C40000000000000000000000000000000000084
:102C50000000000000000000000000000000000074
:102C60000000000000000000000000000000000064
:102C70000000000000000000000000000000000054
:102C80000000000000000000000000000000000044
:102C90000000000000000000000000000000000034
:102CA0000000000000000000000000000000000024
:102CB0000000000000000000000000000000000014
:102CC000000000000000000078AF0200600000007B
:102CD000120000000000000020000000C6B5020045
:102CE000260000000E0000000000000010000000A0
:102CF00004B90200980000000D0000000000000070
:102D0000200000005EB60200440000001100000038
:102D1000000000000800000064BB0200100000007A
:102D20001000000000000000080000000300130075
:102D30004103001300400300120041030012004051
:102D40000300110041030011004003001000410383
:102D500000100040030010003E030010003C030080
:102D600010003A03000F003D03000F003B03000E6C
:102D7000003D03000E003C03000E003A03000D006E
:102D80003C03000D003B03000C003E03000C003C24
:102D900003000C003A03000B003E03000B003C0351
:102DA000000B003B03000B003903000A003D030049
:102DB0000A003B03000A0039030009003E03000932
:102DC000003C030009003A03000900390300080031
:102DD0003E030008003C030008003A0300080039E5
:102DE0000300080037030007003D030007003C0311
:102DF0000007003A0300070038030007003703000C
:102E000006003E030006003C030006003A030006ED
:102E100000390300060037030006003603000600F1
:102E200034030005003D030005003B0300050039A5
:102E300003000500380300050036030005003503D4
:102E400000050033030004003E030004003C0300BF
:102E500004003A03000400390300040037030004AF
:102E600000360300040034030004003303000400B0
:102E7000310300040030030004002E030003003C73
:102E8000030003003A030003003903000300370383
:102E90000003003603000300340300030033030083
:102EA0000300310300030030030003002E0300037E
:102EB000002D030003002C030003002B030003007C
:102EC00029030002003D030002003B030002003919
:102ED000030002003803000200360300020035033D
:102EE000000200330300020032030002003003003E
:102EF00002002F030002002E030002002C03000238
:102F0000002B030002002A03000200290300020034
:102F1000270300020026030002002503000200240C
:102F20000300020023030002002203000200210329
:102F300000020020030001003F030001003D0300E8
:102F400001003B03000100390300010038030001C8
:102F500000360300010035030001003303000100C7
:102F6000320300010030030001002F030001002E96
:102F7000030001002C030001002B030001002A03C1
:102F800000010029030001002703000100260300BF
:102F900001002503000100240300010023030001B8
:102FA00000220300010021030001002000000000B6
:102FB000040000004000000080000000C00000008D
:102FC0000100000005000000450000008500000031
:102FD000C50000000501000045010000850100005A
:102FE0008505000085090000850D000089090000A5
:102FF000890D0000891100008951000089910000AD
:1030000089D1000089110100854D0000858D0000E7
:1030100085CD000089510100899101000000000068
:1030200000000000000000000000000000000000A0
:103030000000000000000000000000000000000090
:103040000000000000000000000000000000000080
:103050000000000000000000000000000000000070
:103060000000000000000000000000000000000060
:103070000000000000000000000000000000000050
:103080000000000000000000000000000000000040
:103090000000000000000000000000000000000030
:1030A0000000000000000000000000000000000020
:1030B0000000000000000000000000000000000010
:1030C0000000000000000000000000000000000000
:1030D00000000000000000000000000000000000F0
:1030E00000000000000000000000000000000000E0
:1030F00000000000000000000000000000000000D0
:1031000000000000000000000000000000000000BF
:1031100000000000000000000000000000000000AF
:103120000000000000000000000000000700100088
:10313000390700100038070010003607001000346F
:10314000070010003307001000310700100030079F
:103150000010002F070010002D070010002C0700A2
:1031600010002B070010002A07001000280700108D
:103170000027070010002607001000250700100098
:103180002407001000230700100022070010002170
:103190000700100020008000800080008000800078
:1031A0008000800080008000810082008300840015
:1031B00085000401050180008000800080008000FF
:1031C000800080008100820083008400850004016B
:1031D00005010601070119018701880189018A019A
:1031E0008B01000400040004000400040004000437
:1031F0000004000400040004010480048204830429
:10320000840400040004000400040004000400041A
:1032100000040004010480048204830484048504FF
:103220008604050506050705080509050A05090CB4
:1032300012181818090C1218181800000C076F7AC9
:10324000060C0F7B7E0105080B0E1100000000002C
:10325000000000000306090C0F120000000000002F
:10326000000000000306090C000000000000000040
:10327000000000000000000040000000000000000E
:1032800040000000000000004000000000000000BE
:1032900040000000000000004000000000000000AE
:1032A000400000000000000040000000000000009E
:1032B000400000000000000040000000000000008E
:1032C000400000000000000040000000000000106E
:1032D0004000000000000000480000000000002046
:1032E00048000000000000304800000000000040DE
:1032F000480000000000005048000000000000608E
:103300004800000000000050500000000000006075
:10331000500000000000007050000000000000801D
:10332000500000000000009050000000000000A0CD
:1033300050000000000000B050000000000000C07D
:1033400050000000000000D050000000000000E02D
:1033500050000000000000F050000000000000E0FD
:10336000580000000000000059000000000000109C
:10337000590000000000002059000000000000304B
:1033800059000000000000405900000000000050FB
:10339000590000000000006059000000000000001B
:1033A000400000000000000040000000000000009D
:1033B000400000000000000040000000000000008D
:1033C000400000000000000040000000000000007D
:1033D000400000000000000040000000000000006D
:1033E000400000000000001040000000000000004D
:1033F00048000000000000204800000000000030ED
:10340000480000000000004048000000000000509C
:10341000480000000000006048000000000000506C
:10342000500000000000006050000000000000702C
:1034300050000000000000805000000000000090DC
:1034400050000000000000A050000000000000B08C
:1034500050000000000000C050000000000000D03C
:1034600050000000000000E050000000000000F0EC
:1034700050000000000000705100000000000080BB
:1034800051000000000000905100000000000020EA
:10349000590000000000003059000000000000400A
:1034A00059000000000000505900000000000060BA
:1034B00059000000000000A059000000000000B00A
:1034C00059000000000000000000000000000000A3
:1034D00000000000000000000800000000000000E4
:1034E00008000000000000000800000000000000CC
:1034F00008000000000000000800000000000000BC
:1035000008000000000000000800000000000000AB
:10351000080000000000000008000000000000108B
:10352000080000000000002008000000000000303B
:1035300008000000000000400800000000000050EB
:1035400008000000000000401000000000000050D3
:10355000100000000000006010000000000000707B
:10356000100000000000008010000000000000704B
:10357000180000000000008018000000000000900B
:1035800018000000000000A018000000000000B0BB
:1035900018000000000000C018000000000000D06B
:1035A00018000000000000E018000000000000F01B
:1035B00018000000000000001900000000000010CA
:1035C0001900000000000020190000000000003079
:1035D0001900000000000040190000000000005029
:1035E00019000000000000601900000000000070D9
:1035F0001900000000000080190000000000000019
:1036000008000000000000000800000000000000AA
:10361000080000000000000008000000000000009A
:10362000080000000000000008000000000000008A
:10363000080000000000001008000000000000204A
:1036400008000000000000300800000000000040FA
:1036500008000000000000500800000000000040CA
:10366000100000000000005010000000000000608A
:10367000100000000000007010000000000000902A
:103680001100000000000070180000000000008021
:10369000180000000000009018000000000000A0CA
:1036A00018000000000000B018000000000000C07A
:1036B00018000000000000D018000000000000E02A
:1036C00018000000000000F01800000000000000DA
:1036D0001900000000000010190000000000002088
:1036E0001900000000000030190000000000004038
:1036F00019000000000000501900000000000060E8
:103700001900000000000070190000000000008097
:1037100019000000000000A019000000000000B027
:103720001900000000000000000000000000000080
:10373000000000005F36291F5F36291F5F36291FF2
:103740005F36291F0A525445202825732D257325DD
:1037500073257329202573206F6E2042434D2573F6
:103760002072256420402025642E25642F25642E98
:1037700025642F25642E25644D487A0A0000000038
:103780002DE9FF4107460D460846FC21164698469E
:10379000DBF386F0044660B30021FC22D6F338F256
:1037A0000A9B3846009304F16403019304F1680313
:1037B0000293294632464346FBF78EFC2066D0B181
:1037C00040F612010022DFF301F300210A46E06611
:1037D0002560206EDFF31EF12046F8F723F9206EF6
:1037E000FBF7F2FA28462146FC22DBF369F00020C1
:1037F00002E01E2000E00B2004B0BDE8F0810000D4
:10380000AB86000001BC600300104E03BFDE02F077
:103810000C2803A85E02F0001303A65E02F000135A
:1038200002825E5300001302855EAF00001303A303
:103830005E02F000130283C21F0000130286C0372D
:10384000000013020200BF00001003A85E02F00097
:10385000130282DEBB0000130282DEB300001302FB
:10386000835EB700001302845EB30000130286007B
:10387000C7000013028480C300001301BC63FF1F54
:10388000F0400000DE02F00000035B5E02F0001575
:1038900001BC601300104300015E02F00000000252
:1038A0005E02F0119200025E02F011A7020200BF58
:1038B00000009202045EFF00001D006B446557800B
:1038C0001D01846002F7F7BF01BC6003000AAE006F
:1038D000025E02F00F360202DEFF000022006B449F
:1038E000655620220182E002F7F7BF03BFDE02F037
:1038F00005CA00682B6F0000270280DEFF000092DF
:10390000006B44655B60920184E006F577AB0002D2
:103910005E02F01139020480C7000029028180C7CD
:1039200000002B01806002F7F7BF01BC6003000AB2
:10393000E200902C0300D7A200E02BFEF457A30076
:103940006D446AF4602F00B02BF7000AF80187601D
:1039500002F7F7BF00682BDF00003600E944655E20
:10396000F7A300E8C4695F77A20068DE8B00003629
:10397000006DDE8D5F003601876006F7F7BF020736
:10398000DEFF00003B00E844655B37A2006D5E8906
:103990005B003B0187E002F7F7BF01BC6003000A50
:1039A000D900682B0700004600E844655837A1009D
:1039B0006DDE8557404200682B4300004600E84416
:1039C000655A17A1006DDE8557404403BFDE02F043
:1039D000004601BC6003000AC201BC6003000AC1CA
:1039E00001BC6003000AD001BC6003000AC80202E7
:1039F000DEB30000490200420300004900025E02FB
:103A0000F00B1F02845EB30000920068AB0F000051
:103A1000920283DEB700004D020180C700006800FB
:103A2000B02ACB0017A202802BF300005400B02B69
:103A3000230017A1006DDE855CE08600685E8700CC
:103A4000005400682C0700005400B02C070017A297
:103A500000682B0B00005900E844655857A1006D21
:103A6000DE86F4408600E05E8555F7A1006DDE86B7
:103A7000F440860202DEBB00006800682ABB00003A
:103A80006800E8446556D7A100E02ABB0157A200B0
:103A90006EDE86F440620182E002F5D7AE01BC60C2
:103AA00003000AF201BC6003000AAE03BFDE02F0AD
:103AB000006800E82ABAF437A100902ABB0037A2B8
:103AC000006E2ABEF4406600B02ABF0017A200694B
:103AD000DE86F4406803BFDE02F000860283DEB7B4
:103AE00000007E028881AB00007C02035EB700000C
:103AF00092020480C700006D02005EFF00007C029D
:103B00008080BF00007C00682B4300007302802B84
:103B1000F300007300B02B4B0017BB006E2B22F795
:103B2000609203BFDE02F0007C0204DEB700007585
:103B300003BFDE02F0007C028400C700007702862B
:103B400000C700007800682B0B00007C00E844658B
:103B50005737A1006DDE8558007C006CC465576046
:103B60009202845EB700009200025E02F0115403DC
:103B7000BFDE02F0009201BC63FF1FF7A1006845A1
:103B800086F4207C0203C57300008602845EB700C1
:103B90000086020100C7000092006B4465578092C6
:103BA0000020E3FE1460920282DEBB0000920288D5
:103BB00081AB0000920282DEB3000092028080BFDF
:103BC0000000920284DEAF00009202825EBB000021
:103BD0009203A0DE02F0008E0200420300008E007D
:103BE000025E02F00B1F01836002F5B7AD0184E0B5
:103BF00006F577AB01BC6003000AC300B044670060
:103C00000AC4018060020D906C03595E02F00094BA
:103C100003D85E02F0009503D8DE02F0009601BCE6
:103C2000618300112900B0007B00112B01BC6303EC
:103C300000112303125E02F00A9803975E02F00B54
:103C400030020181B30000A90285C5230000A9024A
:103C50008781B30000A203A3DE02F000A903A0DE67
:103C600002F000A900025E02F00B1F0187E0040DC4
:103C7000806C00E044640DB7BD006B4466F7A0A300
:103C800001BC600301978001BC600300378101BC67
:103C9000606B00508A01BC600306379203BFDE02EE
:103CA000F002DA03D05E02F0031403D0DE02F00566
:103CB0002703D5DE02F00A5203915E02F0059D0350
:103CC00096DE02F00A4D0288C1730000CA03C45E8A
:103CD00002F0071803C75E02F0073E03DCDE02F0C5
:103CE00011E703AA5E02F007810386DE02F00A9064
:103CF0000287C037000A9003835E02F008C2039176
:103D0000DE02F0062003C2DE02F00AF500025E02C7
:103D1000F00F3500025E02F0119203D4DE02F006CD
:103D2000B103A3DE02F0000200025E02F00E6603A1
:103D3000A25E02F000C703565E02F000C401866076
:103D400006091048031F5E02F000C4006A5E2300EB
:103D500000C300B0002700178800E85E2300378802
:103D600003A65E02F0012800025E02F00EFD0028AC
:103D7000600E08E14903C4DE02F00B670020C203B5
:103D800000215B03BFDE02F001A603815E02F000AA
:103D9000CC0300DE02F000AF0188E0020B905C0370
:103DA000BFDE02F00311028740630000CE0282C131
:103DB000070000CF01866006F430180286406300D9
:103DC00000D100B05E870017A10002DE02F0000003
:103DD000028740630000D400B05E8B00101901869A
:103DE000E006F430180281DEAF0000D90286C0631D
:103DF0000000D800B05E870017A10002DE02F000CC
:103E00000001BC60030280060280DE070000E501BD
:103E1000DA6002F0178002085E070000F501BC605E
:103E2000031E17A100E05E02F4306501BC60031CB4
:103E300017A100E05E02F4306401BC6003002818A2
:103E400003BFDE02F000FB01105E030017A1008833
:103E50005E870037A200E05E86F457A100E0015AB9
:103E6000F43063028600C30000EE00B0560B001071
:103E70006200B0540300106201BC60030028180304
:103E8000BFDE02F000FD00B0418F0010620109DECC
:103E9000030017A100885E870057A100E05E85053A
:103EA00097A100E05E8703C00601BC6003004818CC
:103EB00003BFDE02F000FD01BC60070217A100E0B5
:103EC0005E02F4306501BC60070017A100E05E02ED
:103ED000F4306401BC600318000601BC60030008F4
:103EE0001800B05A0300106200B0580300106301BC
:103EF0000501430017A10088001AF420060002DE25
:103F000002F0000001BC600306379201BC63FF1F92
:103F1000F0C301BC60031890E301BC63FF1FF0C550
:103F200001BC63FF1FF0C601BC63FF1FF0C701BCEB
:103F300060FB1C10E501BC600300501000B0404362
:103F400000180000B040470010E701BC63FF1FF0FD
:103F5000C40002DE02F0000000E840330097A10038
:103F6000B0400B0017A3006D5E86F4611100905EF7
:103F70008F0037A303BFDE02F0011200905E8700BE
:103F800037A301BC601F1417A100E05E8EF437A3B5
:103F900001F041970017A1006DDE86F461260287CB
:103FA000C19700011A01385A030017A1013C5A03B6
:103FB0000017A203BFDE02F0011C013C5A030017E8
:103FC000A101385A070017A200685E86F48121001B
:103FD000D85E8B0037A200E14196F4506500E1C144
:103FE0009700306503BFDE02F0011400D85E8B003D
:103FF00037A200E14196F457A100E1DE870037A126
:1040000001F05E870017A1006EDE86F4612701BC17
:1040100063FF1FF7A40002DE02F000000020E38E21
:10402000090002031EDE02F0012D039F5E02F00173
:104030002D00025E02F0015003BFDE02F00002021A
:1040400008411F00012B01816005620B1000025E18
:1040500002F00B1F00B000AB00108600B00163003F
:10406000108A00025E02F00D3801BC600304179252
:1040700000B0003B00111D0190600609104803A12B
:10408000DE02F001430181E00609104801BC600333
:1040900000904201BC600300112D039EDE02F0017E
:1040A0004601846002F2979400B0451700178F0014
:1040B000B05E170017900200441F000141018560A7
:1040C000020910480181600700104701F0DE0F006F
:1040D00037A100A044B6F43145039EDE02F001464C
:1040E00001BC613712B08003BFDE02F0000200A005
:1040F00044B42A314501BC612712708003BFDE023F
:10410000F000020020E082090002010CDE530017DB
:10411000A101885E8700104701BC60030050420186
:1041200008411F0017A1018CDE86F2979403BFDEC1
:1041300002F0000201BC600300904200E02FC700C3
:104140002BF100E85E230037880069DE230001556B
:1041500000E80027003788018660020910480185C1
:104160006006F5B7AD0088009B00D1260090009B4B
:1041700001512801BC63030011240002DE02F0009B
:10418000000020E07E09000200025E02F00F07023C
:1041900083C21F000002020280F300016500B044E8
:1041A000670017A1017C5E862357A302835EFF0090
:1041B000016400E000FAF4683001836006F7F7BF9D
:1041C000006BDE8D0601690206D00300016D00E977
:1041D00050862337A100E8D08A2357A20069DE8BDE
:1041E00000016D00025E02F00B1F0191601684F465
:1041F0002700E020C300883003BFDE02F002F70290
:104200000400BF00017303945E02F0000200A042AC
:104210008F01F78000685E002DC00200025E02F090
:104220000B1F03BFDE02F000130201C28F00000269
:10423000011400630017A100685E8700600200029D
:104240005E02F00B1F0194600F00001800025E0276
:10425000F0017A03BFDE02F00013011400630017BF
:10426000A100B05E870010A501BC601311106000B2
:10427000685E8700018100E0418306D06000E85E4F
:10428000870037A103BFDE02F0017D028050C3002A
:10429000018B018760040310A000B000630010B41C
:1042A00000B042D3001800008841830030B601BC42
:1042B00060030B10B500B0006300B0B40317DE025A
:1042C000F001880397DE02F0018901806006861400
:1042D000300002DE02F000000020E0128041A50163
:1042E0008760040310A000B000630010B401BC603C
:1042F000030E10B500B0006300F0B401BC605704B9
:1043000090B600B000630010B401BC600302D0B5E9
:104310000207500B0001A201BC600303D0B5018E5F
:104320006002F297940204500B00019B0204D00B30
:1043300000019B01866006F2979400E042D700D00E
:10434000B500A0500B1117A10068DE871101A10173
:1043500086E006F2979400E042D70050B50207D0FD
:104360000B0001A100E042D70090B500B042D70099
:1043700011E100B0006300B0B40317DE02F001A346
:104380000397DE02F001A40002DE02F000000068E4
:1043900020DF0001A9006CC46506E01301BC6003C6
:1043A000000837006820D70001AC006CC46506C067
:1043B0001301BC60030008350020E0BE09000203C1
:1043C000905E02F0001303A25E02F001E702020019
:1043D000BF0001B10203C5730001DA00682F6B0052
:1043E00001B500E844657B57A1006D5E857B21DA4D
:1043F00001BC6003000BDA00682D9B0001DA028229
:10440000C1070001DA028042030001DA0285C523F8
:104410000001DA028640370001DA0181E006F57713
:10442000AB00B02D9F0017A101BC602F1077A20137
:10443000BC60030017A300025E02F0131E00B02D43
:10444000A30017A101BC602F1777A201BC60030075
:1044500017A300025E02F0132C01BC60131A17A10F
:1044600000025E02F000CE00B040670417A2000216
:104470005E02F000D400E0446700D7A1006CC4667F
:10448000F421C801BC60130ED7A100025E02F00047
:10449000CE00A040673FF7A201BC601314D7A10172
:1044A000BC62030017A300B05E8AF477A200025E2C
:1044B00002F000D400B02D9F0017A101BC602F0DA9
:1044C00037A201BC60030017A300025E02F0131EB6
:1044D00000B02DA30017A101BC602F13B7A201BC2F
:1044E00060030017A300025E02F0132C0181E002BA
:1044F000F577AB01BC6003000B6600025E02F00EB4
:1045000016020200BF0001E60284DEAF0001E102F4
:10451000035EB70001E600025E02F0110502035ED1
:10452000B70001E603BFDE02F0000202035EB7003F
:1045300001E4020480C70001E602805EFF0001E69C
:1045400000025E02F010C503BFDE02F000020002AE
:104550005E02F00F070200421F0001FE006842F3F6
:104560000001EA006D42F30041FE011400630017F0
:10457000A100B05E870017A203A25E02F001F30162
:1045800083E0020D906C03145E02F00200006EC422
:104590005680620002814523000200006E5E8700A3
:1045A00061FE01BC60030077A200886006F457A397
:1045B00000885E8B01001800E85E8B0037A20020A7
:1045C000C28EF461F9006ADE86F441F303BFDE02B5
:1045D000F001FE00900063010165008085970217DD
:1045E000A100E064820DA16600025E02F00EBE032F
:1045F000BFDE02F0022A0182600209104803BFDE1A
:1046000002F0000201BC600300111500B0017F0040
:1046100017A6031F5E02F0020F020300C30002058B
:104620000020C28F02020903255E02F0020F002063
:10463000C28F02020900688153FFE01303BFDE024C
:10464000F0020B0194601300001803BFDE02F002B9
:104650002A039EDE02F0020E0068DE980BC20E02F4
:1046600001411F000C830185600209104800685E4B
:10467000980BC21300695E9F00622F0298428F0060
:10468000021303BFDE02F0022F0201411F000C8360
:10469000020400BF00021A0218428F000C830002BD
:1046A0005E02F00EA000025E02F00EBE01940587CD
:1046B00000001803BFDE02F0022A020013BB000252
:1046C000230200156B00022600B013470017A1005B
:1046D00068DE84A7A22300B0134B0017A10068DE98
:1046E00084A7C22300B0134F0017A10068DE84A77F
:1046F000E223029E13970002260201C28F000228C5
:104700000194600F00001803BFDE02F0022A0201CC
:10471000C28F000228018060060D906C0200C28FDB
:10472000000C830194600700001800025E02F00193
:104730007A020400BF00025F0285006300025F018D
:1047400083E0060D906C03BFDE02F0025F01BC60E7
:10475000031810600129500B00179200B0017B0074
:104760001065006800EB00023800885A130117A199
:1047700000E84466F437A1006EDE8407423800E0AA
:10478000029B0020A603BFDE02F006AA0190601281
:104790000910480194601F00001801085A0F001703
:1047A0008101885E0681540A01345A0F0017800087
:1047B000025E02F000DB00B0017B00106500B05625
:1047C000230017A100E05E86A097A100E85E8400A8
:1047D000F40300E85E8400F41600B05A03001413DA
:1047E00000B05A0700141400B05A0B0014150068EA
:1047F000DE0700425000E800970057A101BC5E862A
:10480000F0141B017C5E8700F41C00B020630017CD
:104810008100025E02F00D3C00B0017B00106501DA
:10482000085A0F00178100B05E8700141E03BFDE18
:1048300002F0025300B0561700141B00B0561B00C4
:10484000141C00B0541300141E00B0501300108646
:10485000006D00A70082590190016300108A00B02A
:10486000418F00106200025E02F011B400B0422BD2
:1048700000140601BC60031817A1006DC18C200252
:104880005C01BC60030297A100E05E840377A10095
:10489000E05E86B0111D03BFDE02F002D402030009
:1048A000C700026F020CD00300026F011400630006
:1048B00017A10285006300026F0080DE8701F7A266
:1048C00001BC601B0257A200E05E8A0DB06500B01B
:1048D00041970014320080DE8700B7A201BC601748
:1048E0001FD7A200E05E8A0DB06400B041930014AF
:1048F000330068D81300027902005A1B00027101CC
:1049000080600684F42703BFDE02F005CA0201D0EE
:104910000300027100B0509B00142F0281D0C70029
:1049200002F4010BD0030017A1013C502B0017A289
:10493000018C5E86F457A1014801430017A200686C
:104940005E86F442790191601284F42703BFDE028F
:10495000F002F700025E02F0018C00B0501300106C
:104960008600B0501700108A00682FC3000284022E
:1049700091D0170002820291D01B0002820291D0D6
:104980001F0002820291D02300028203BFDE02F0E8
:1049900002840191600284F42703BFDE02F002F773
:1049A00003A25E02F002B3020CD0030002A00203D5
:1049B00000C700029F00B050CB00106500025E02ED
:1049C000F0124D020350C700028D01BC6023009716
:1049D000A100A85002F4340003BFDE02F002A402DA
:1049E0000481AB00028F006D4246C0801300B05AB4
:1049F0001300178000025E02F000E500B0540F00C3
:104A0000141E00B05A070017A100B05A13001780F7
:104A100001875A16F0178000B0418F001065000220
:104A20005E02F011BD00E05E86A0740302875E03A3
:104A300000029E0109DE030017A300E05E8B0077F1
:104A4000A200E05E8AF477A200885E8B0037A100A6
:104A5000E05E86F4508903BFDE02F002A4006D42DE
:104A60004A848013010650070017A1028CD003006E
:104A700002A300685E870002A40182DE86863431CC
:104A8000018260028634310020D0030402AA00B003
:104A9000504F0011F200B050530011F300B05057C6
:104AA0000011F401BC60030091F0020101B30002A7
:104AB000AC0187E006F577AB03945E02F002B30227
:104AC0000650030002AF0287DEAF0002B30281503E
:104AD000030005080202D0C70002B20208502B00F2
:104AE00002B30285D00300051F01906012863431A5
:104AF00003A25E02F002C000B0500F0011160202C5
:104B0000D0C70002B800B0505B0011160282D0037B
:104B10000002C0028147C30002B90280504F000268
:104B2000BE002047C73F82C00020C7DB00C2F6039B
:104B3000BFDE02F002C003A55E02F002C00280C721
:104B4000DF0002F6028850C70002DA0129500B008C
:104B50001792020300C70002CD020CD0030002CD61
:104B6000028350C70002CD00B050CB001065013861
:104B70005A1300178001825A17005781010E5A13E9
:104B80000017A1018E5E86F037810202D0C70002B5
:104B9000DA00B0501B00108A03BFDE02F002DA0216
:104BA00082D0C70002D40138502700178001085076
:104BB00013001781010250130017A101825E86F0D5
:104BC000378100B0507F00108903BFDE02F002DAA7
:104BD0000138506F0017800108502B001781010623
:104BE000D0070017A101825E86F0378100B0501B0C
:104BF00000108A00B0508300108900025E02F000AD
:104C0000DB00025E02F00D2F0102421B0017810142
:104C1000825E0503178100025E02F00D3C00E05E3B
:104C2000840117A101D9DE87001083020001B300BF
:104C300002E301E001B700108301BC613703B791C3
:104C400000685E4B0282FA020400BF0002E802879D
:104C500050030002E803945E02F002E903225E02C0
:104C6000F002EB01BC610300308003BFDE02F00004
:104C70000201BC613303B791032BDE02F002F100A5
:104C80009000630097A100E06482F43065006E5AE2
:104C9000130022F10188E006F237910068DE4B0430
:104CA00082F301BC61BB03B79103BFDE02F002FADD
:104CB0000191600E84F42703BFDE02F002F7019138
:104CC000600684F42701BC60030010B40181E00693
:104CD00086343103BFDE02F005CA03C4DE02F00BE6
:104CE00067020650030003020207DEAF0003020161
:104CF000BC61030037910207500300030001BC624E
:104D00000300F79100E0010B00204203BFDE02F038
:104D1000030301BC600300204200B05E4700108026
:104D2000020001B300030901826006103081020114
:104D300081B300030901BC600305B79303BFDE0222
:104D4000F006DC020400BF00031000B0058B001069
:104D500064006E45170000020068DE4B02830F00FE
:104D6000A044B42A314503BFDE02F0000200025E17
:104D700002F00D490068C51700000203D05E02F082
:104D8000031400025E02F00D4903BFDE02F00002D0
:104D900000B041395C904E01836002F7F7BF01BC5F
:104DA000600300900400A8412330104801BC620F4A
:104DB0000011E001816002F5D7AE020200BF0003DE
:104DC000290068DE4B02031D00025E02F01318008A
:104DD00068DE4B06232902045EB300032902004566
:104DE0006F00032900E844655737A100E82AB6F4AC
:104DF00037A100695E870823290183E0022B915CBB
:104E0000020701AB0003260180E00209D04E01BC7D
:104E1000600318517800B045E3001800018060027B
:104E20002F31790187E002F577AB0068810B002311
:104E30002C00B044670000430182E00609104801DD
:104E40008160020D906C018260062891440188E027
:104E5000020B905C00025E02F00F350185E002F764
:104E6000F7BF0288421B0003340185E006F7F7BF55
:104E7000035B5E02F0033601BC601300104301BC0B
:104E8000600300108501BC60030010B800885077F3
:104E90000090B90208502B00033D013850730017F1
:104EA000A1017C506EF437A100885E870090B902A2
:104EB0000047A300034101BC60030011EA009042D7
:104EC000E70091EB00B047A300D1E8020047B30030
:104ED000034301B0E08E3D91EC01D2E002109084DA
:104EE00003A95E02F0043201BC600300108400E0FC
:104EF00001C3002070028181B30003790320DE0228
:104F0000F0039501816006F5B7AD0068DE4B04A3A0
:104F10005C0203DEBB00034E00E02C93001065032F
:104F2000BFDE02F0034F01BC602301D06500A05E2C
:104F30007FFE10EC00B05A030010ED00B05A0700DD
:104F400010EE00B05A0B0010EF00B05A0F0010F036
:104F500001BC63FF1EF08401BC600300308501BC0E
:104F600060030010B401BC600301D0A601BC600363
:104F70000450B501BC602304D0B400E002AF0020AF
:104F8000AB03BFDE02F003DD0068DE4B05236201E8
:104F9000BC60030010B401BC600715D0A601BC6062
:104FA0000302D0B501BC602304D0B403BFDE02F01D
:104FB000036C0068DE4B0243790285C38F000365F2
:104FC00000E05E2700378901DA5E270010EE01BCA1
:104FD00063FF1FF0CE01BC60030010B401BC60038E
:104FE00000D0A601BC600303D0B501BC602304D08F
:104FF000B400E001D300207401BC61FF1FF0840104
:10500000BC6003001085018460070011E00282DEAD
:10501000B30004EF02045EB30004EF0183E006096D
:10502000104800B0412300180001BC600306B78E91
:105030000181E006F5D7AE00B054130017A100E0DF
:105040005E840117A100885E8700708303BFDE02C3
:10505000F004EF01BC60031FF0840103DE5300176E
:10506000A202005EFF00037D01BC60030037A200C6
:10507000682B6F00037F01BC60030037A201865ECE
:105080008A1C70E3006AC39300038900E843900020
:10509000D0E40202421B0003870090001B0037A1EE
:1050A0000020421B00438600B020B30017A100E09F
:1050B0004392F430E40069C39300038901BC6003A8
:1050C0000010E400682B6F00038B00E043915C301C
:1050D000E401BC60030010B401BC60030010A60131
:1050E000BC60030210B501BC602304D0B400685E4C
:1050F0004B06A39300E001CB00207201BC600300CB
:10510000083803BFDE02F003DD00E001CF002073AA
:1051100003BFDE02F003DD03205E02F003E4018141
:10512000E00209104800E001D7002075031EDE02EE
:10513000F003C401BC60030017A2006A5E230003F1
:105140009D0102428F0017A201855E8A0910480165
:1051500080E0061030810284DE530003A400B0001A
:10516000770017A100E05E840437A100885E870005
:1051700057A100E05E870D57A103BFDE02F003A533
:1051800001BC60030D57A1006800270003C400E0C4
:105190005E8401F7A101BC6023015065008841973E
:1051A0000030B601BC60030010B400905E87005070
:1051B000A601BC60030110B501BC602300B0B403BC
:1051C00017DE02F003AD0397DE02F003AE0020DE2F
:1051D000870043B70020DE870023B401B85E22D0E9
:1051E000168001805E8AD0368103BFDE02F003BDE7
:1051F00001BC5E22D0168001845E8AD0368103BF56
:10520000DE02F003BD0020DE870023BB01B85E2272
:10521000D0368101805E8AD0568203BFDE02F00361
:10522000BD01BC5E22D0368101845E8AD0568201E7
:10523000886002F430A800B05A030010B000B05AE1
:10524000070010B1028042A30003C000E042A300A7
:1052500090A800B05A0B0010B000B05A0F0010B167
:105260000187600610908400E05E2700378901DA2C
:105270005E270010EE01BC60030010B401BC6003A7
:105280000350A600B000330010B50284DE530003C3
:10529000CE00E0606803B0A600E042980430A600AB
:1052A000B000370010B501BC602304D0B4018460A5
:1052B00006F2979401866002091048039EDE02F010
:1052C00003D80280441F0003DB00B05E3F0011459D
:1052D00001BC600300178F00B05E4300178500B06B
:1052E0005E0F00179003BFDE02F003DB00B05E0F1D
:1052F0000017850280441F0003DB00A044B6F0B114
:105300004501BC600301104201836006F2979401DD
:105310008460070011E003A05E02F004ED02065E67
:10532000AF0004EF0186E006F577AB01BC60030037
:10533000108000025E02F00B2503BFDE02F00620A3
:1053400003A15E02F00459011400630017A1006874
:10535000DE8700E3E90181600609104803BFDE0231
:10536000F0045901816006F5D7AE0020600E862456
:1053700011018760040310A000B000630010B401A5
:10538000BC60030B10B500B0006300F0B402030072
:10539000C70003FC020CD0030003FC028050C700CE
:1053A00003F400B054130017A100E05E8680741A65
:1053B00000B0506B0010E400B042130210840209E8
:1053C000502B0003FC00B0421300308401D2E03ABD
:1053D000A030E0028050C700040201D2E052A030A9
:1053E000E003BFDE02F004020202D0C700040200A4
:1053F000B0505F0010E000B050630010E100B0500A
:10540000670010E200B0506B0010E400B0421302DD
:10541000F084020050C700040C018AE00E10908452
:1054200001BC60FB1C10E501BC60030890E600B005
:1054300000630010B401BC60030210B500B000634B
:1054400004D0B4018460070011E001BC60030017C0
:105450008E03BFDE02F004F100E001C700207100FE
:10546000B000630010B401BC600302D0B500B0000E
:105470006304D0B403BFDE02F0048901856006F73F
:10548000F7BF010350030017A100B85E870037A1E2
:1054900001875E86101080020CD0030004580203BE
:1054A00000C700042800B050CB00106501BC6003A9
:1054B00000168500E05A3300368C020350C7000402
:1054C0001D00E05A2700368903BFDE02F0045901AF
:1054D000BC60030017B200B05A0B000B2501385A0C
:1054E000130017A101BC5A06F430E0013C5A130026
:1054F00017A1017C5A06F430E10181E00610908486
:105500000185E0070010E30185E0070010C3028277
:10551000D0C700042D03BFDE02F004300202D0C762
:1055200000043200B02A4B0017A101B8506EF430CD
:10553000E000B050730017A101B82A4EF430E10228
:1055400082421300043000B0507B0010E400B042EF
:10555000130210840185E0061C30E100B042130004
:105560007084018760040310A0020300C700044791
:1055700000B050CB001065006D5ECAD1C438018503
:10558000E0021870C300E05ECB00368E01BC601BE9
:1055900009D06500E04196F6506500B050970016BE
:1055A000800068DECB00043F01BC60230150B800DE
:1055B000682C9700244503BFDE02F0045100B05E62
:1055C000CB0010B500B000630870B4028342D30072
:1055D000044101BC60030170B80068AC970024511D
:1055E00001BC60030170B802BC506700045003BFE7
:1055F000DE02F0044F010CD0030017A103A95E02E4
:10560000F0044C01BC60230150B800685E87006460
:105610004F03BFDE02F0045101BC60030170B8000B
:10562000685E8700445101BC60030170B80181E0ED
:10563000021710B801BC600300F0A501BC60030EA6
:1056400010B500B000630010B400B0006300F0B407
:1056500000B042D3001800018860080310B4018133
:1056600060060D906C03BFDE02F004890202D0C711
:1056700000045F00B0506F0010E000B050730010E5
:10568000E100B050770010E20282421300045E0095
:10569000B0507B0010E400B0421302F08400E05EE2
:1056A0009F0037A703A15E02F0046801BC600300FD
:1056B00017A7018760040310A000B000630010B4B6
:1056C00001BC60030E10B500B0006300F0B40188A7
:1056D00060080310B403BFDE02F0047E00B0017B5B
:1056E00000106500B05A030010E501BC63FF1FF015
:1056F000C500B05A070010E601BC63FF1FF0C600EA
:10570000B05A0B0010E701BC63FF1FF0C70068A090
:105710006700047100E05E27003789006820670099
:1057200004750185E0070010E30185E0070010C360
:1057300000B0421301108401DA5E270010EE0187E9
:10574000600610908400B042131C108401BC6003FA
:105750000010B400E0606803B0A600B0009700102D
:10576000B501BC602304D0B4018460070011E003DC
:10577000BFDE02F004DD01085E4B0017A100685E89
:105780008700248902025003000488029E509F0073
:1057900004850201D00300048500E05E27003789FC
:1057A00001585E2700142D01DA50B70010EE018772
:1057B000600610908403BFDE02F0048901BC600320
:1057C00000142D0104C1070017A103225E02F0049A
:1057D0008C0103DE530017A100B05E870017A20200
:1057E000005EFF00048F01BC60030037A200682B3D
:1057F0006F00049101BC60030037A202885E4B0079
:10580000049400685E4B06849401BC60030017A2F8
:105810000183DE86F297940183DE8684F427028179
:10582000C21300049B01865E8B0010E301866007B3
:105830000010C30181E00610908403BFDE02F00473
:105840009D01865E8A1C70E3018660061870C302A3
:10585000B847A70004D902A047B70004DB03A95E3C
:1058600002F004A501085E4B0017A100685E8700E6
:1058700024DA021E509F0004A50185E0061C70E397
:105880000185E0061870C3011400630017A10068C9
:10589000DE870084AE00B001530017A20068DE8BE3
:1058A000FFE4AA006842470024AB0068DE8A84C493
:1058B000AE018560020910480186E0021C70E30118
:1058C00086E0061870C3011050070017A600685E36
:1058D0009B0004DA01BC60030011E4013A500700A8
:1058E000178000885E0300778000E000AEF010644F
:1058F0000068DE9B0044BF0207D0030004B901BC6E
:10590000602B12B7A200E05E000B37A300025E021C
:10591000F00D8A01BC602307978100E0418301708C
:105920006300E0418F00B06500025E02F00D5F0190
:10593000BC602307506401BC60470017A200025EF0
:1059400002F00DB200685E9B0044DB01A46046F4E7
:1059500071E00068DE9B00C4CD01BC611300B7A1FB
:10596000020600F30004C601BC601300B7A1019257
:10597000C21AF437A203295E02F004CB01BC600313
:105980000011EE009042E70091EF0192E00EF43733
:10599000A200B05E8B0011EC03BFDE02F004DB005E
:1059A000685E9B0064D200685E9B00A4D200B05089
:1059B0002F0011E200B050330011E203BFDE02F00D
:1059C00004DB018760023D11E80068DE9B00A4D57E
:1059D000018760063D11E801BC60030011EA0090F8
:1059E00042E70091EB0192C21B00B7A201B85E8AA8
:1059F0003D11E803BFDE02F004DB01846007001103
:105A0000E001BC600300112D00B0448300142C039E
:105A1000A3DE02F004F001BC600300178E00685E94
:105A20004B05A4E1020050030004EA0183E00609EB
:105A3000104800B0412300180001BC600304B78E79
:105A400003A95E02F004EF00685E4B0424EF01BC82
:105A5000600306378E00685E4B05A4EF01BC60034F
:105A600006B78E03BFDE02F004EF01816006F57712
:105A7000AB00B05E0F00178500025E02F00D490119
:105A8000BC600300178C01BC600300178D0323DE8C
:105A900002F004F10187E0061070830185E002F551
:105AA000B7AD03295E02F00505020300C70005003B
:105AB00000B050CB0010650282D0C70004F800E0AF
:105AC0005A2300368803BFDE02F004F900E05A27AB
:105AD00000368900682C9700250000E05ECB003777
:105AE000B2010A5ECB0017A100E050CAF430650095
:105AF000D06006F657A200205A1AF4450003BFDE14
:105B000002F004FA00025E02F00F3503D5DE02F067
:105B10000A5203D6DE02F00A6A0350DE02F00500E4
:105B200003BFDE02F0052702055EAF00050701870F
:105B3000E00626713303BFDE02F000020190600A26
:105B40008634310282D0C7000511013C502700176E
:105B5000800109502B001781010750070017A10190
:105B6000825E86F0378100B0501F00108A00B0506E
:105B70000F00111603BFDE02F005170138505F0059
:105B80001780010A502B0017810107D0070017A1C9
:105B900001825E86F0378100B0502300108A00B089
:105BA000505B001116020300C700051C020CD00355
:105BB00000051C02085E0700051C01385407001789
:105BC0008000B0542700108A028050C700052501CC
:105BD000BC600305B79203BFDE02F002B80190601B
:105BE00006863431020300C7000509020CD0030009
:105BF000050900B0001F0017A100E05E8680741A3E
:105C000003BFDE02F0050901BC600306379203BF43
:105C1000DE02F002B802055EFF0005360185600273
:105C2000F7F7BF032BDE02F00536020000F3000594
:105C30002D00E8002300514201BC600A28514203B4
:105C4000945E02F0053200B0058B001064006858C5
:105C50000300053200B0446700111200B058030081
:105C600011150068451F00053603A25E02F00536D7
:105C70000185E006F577AB00025E02F00E790201C5
:105C8000C2E3000560020300C700053B00682C97D3
:105C900000254B006E4246F6454B03BFDE02F00581
:105CA0003D006E424700254B020300C70005480334
:105CB00055DE02F0053D0180600286143001385047
:105CC000830017A100B050CB001065006DDA32F4EC
:105CD0002A5200A8412314104801140063001065E3
:105CE00000E041970ED06500E05A0300368001BC09
:105CF000621F0011E003BFDE02F000130181E00625
:105D00008634310191600E84F42703BFDE02F00572
:105D100060013C50670017A101AC5E861750BA01C4
:105D2000BC60030190B8020300C700055A0068ACCC
:105D3000970025550181E0021710B803D5DE02F067
:105D40000A5203D6DE02F00A6A0350DE02F0055161
:105D500003BFDE02F0056000E82C97002B2500B0A1
:105D60005ECB0010B500B000630870B4028342D36C
:105D700000055803BFDE02F0055B0186E004031056
:105D8000A000025E02F0018303D5DE02F00A520396
:105D9000D6DE02F00A6A0350DE02F0055C03BFDEC5
:105DA00002F0033401BC600300F0A50182E00209A7
:105DB000104801BC621F0011E001BC60030011EC3F
:105DC00001BC600F0011E80285500B0005670182DD
:105DD0006002091048028181B300056E03A0DE0253
:105DE000F0056C03D5DE02F00A5203D6DE02F00A9B
:105DF0006A03205E02F0056E018860020910480304
:105E0000BFDE02F0001301BC60030037A1020001F5
:105E1000B300057C020401B300057B00E901BB006F
:105E2000206E00E881BF00006F006881BB00057B29
:105E3000006881BF00057B028181B300057801BC49
:105E4000600300006C03BFDE02F005CA01BC600302
:105E500000006C00025E02F00AE203BFDE02F00006
:105E60001301BC60030017A100025E02F00C6D027A
:105E70000101B300057F03BFDE02F0001303A3DEC0
:105E800002F00013020050C700058801BC60030047
:105E9000108001826006091048018060028634315A
:105EA0000104C1070017A10183DE86F2979400E088
:105EB00001CB00207203BFDE02F001A6020101B394
:105EC00000058A0187E006F577AB00B0010B0017EB
:105ED000A1006DDE840805CA00E844640877A100CB
:105EE0006E5E840825CA0187E006F577AB020200E2
:105EF000BF00059C028881AB00059C028400C7009E
:105F0000059C0129500B0017A10068DE8702059C43
:105F10000203C57300059B0283DEB300059B02826A
:105F2000DEBB00059800682B0700059C006DDE2F86
:105F300001E59C0182E006F7F7BF00E04465564AA0
:105F4000B103BFDE02F0001303BFDE02F005CA009A
:105F5000A841395C904E02825EAF0005AD018260BF
:105F600006F577AB00B0446700082300B0014B0092
:105F700017A20208421B0005A400B0016B0017A283
:105F800000685E8B0005AA0090452B0097A1008059
:105F9000DE86F457A1006E20D60DA5AA00B041B749
:105FA00000083500E020D62328360185E002F5B749
:105FB000AD02055EAF0005AD01BC61030011330009
:105FC000E844650477A500B04467000BDA006D5E15
:105FD000970100AD020200BF0005BC0068DE4B0661
:105FE000A5B30184E002F7F7BF0068DE4B0405B6F5
:105FF0000282DEB30005B601BC6003000B1202048E
:106000005EB30005B90068DE4B0625B900025E02EA
:10601000F0112D00025E02F00F3603A3DE02F00540
:10602000BC0183E002F597AC01BC60131497A1009A
:10603000025E02F000CE01BC63830017A100A04005
:1060400066F437A20068DE8AF425C801BC60130E2E
:1060500077A100025E02F000CE00A040673FF7A2E9
:1060600000985E8B0037A200685E8B0005C7006851
:10607000DE8B0FE5C801BC60230010430182600283
:10608000F577AB03D15E02F00002020050C30006B8
:10609000190325DE02F005CE0183600684F4270390
:1060A000BFDE02F00600020CD0030005FE02030072
:1060B000C70005ED011400630017A1006DDE870025
:1060C00085FE01BC600300178000B050CB00106556
:1060D00000B050CF001064018160060D906C018209
:1060E000600686343100B05A230017A101BC60035A
:1060F00000168801BC5A2AF437A101BC60030016BF
:106100008A00B05E8700148F00B05A270017A101E3
:10611000BC600300168901BC5A2EF437A101BC6093
:106120000300168B00B05E8700149000B05A1B006D
:10613000148D00B05A1F00148E01BC6003001604B9
:106140000068DE030005EA020350C70005E901000C
:10615000509F00178001805E0291B48D01BC5E02E9
:1061600092149001BC600300378000025E02F012BE
:106170009900B05E0300148C03BFDE02F005F90045
:1061800068C2470005F20181E00686343101916062
:106190000E84F42701BC600300143003BFDE02F05C
:1061A000000200B0509F0017A100025E02F00182C1
:1061B00000B05E870014270186E0040310A000B041
:1061C0004283001800010CD0030017A10068DE878D
:1061D0000065ED010250C70017A101805E8684F4BE
:1061E00027018AE00E84F42700B050BF0014260374
:1061F000BFDE02F006000186E0040310A00200509A
:106200009F0006000286C10700061403295E02F003
:10621000060500B0523300142D00B052370017A10C
:10622000019E5E8684F42700B0509F0017A1018074
:10623000DE86F437A100B050BB00108F00B050B71D
:1062400000108E00B0509B00108D01806006F4306D
:106250008C020250C700061300B0524300108F009A
:10626000B0523F00108E00B0523B00108D011A5208
:10627000370017A10198DE870437A101B85E869127
:10628000B08C01826002863431018160020D906C15
:106290000325DE02F00617019C600284F42703BF89
:1062A000DE02F0061B0285500B00061900A850C73D
:1062B0000D143101BC600300143001816002F5D778
:1062C000AE0183600284F4270185E00209104801D1
:1062D000BC600300142E03A25E02F001A603BFDE21
:1062E00002F000130323DE02F0068B03A35E02F02C
:1062F000068B03A2DE02F0068B01816006F577AB08
:1063000003AA5E02F0068B0183E0020910480351E4
:10631000DE02F0064302045EB30006300184600230
:10632000F597AC0183E00209104800B02B5F00171D
:10633000A1006D2B0EF4200200E0027B00209E01E4
:10634000BC6003000AC300025E02F0113003BFDE2E
:1063500002F000020203DEB30006400183E002F512
:1063600097AC00E02A9B002AA602015EBB00064013
:1063700000B02A9F0017A1006D2A9AF4263B01BCA9
:106380006003000AA600E0027F00209F03A95E02CE
:10639000F0063E0191601A84F42703BFDE02F0028A
:1063A000F701BC63FF1FF7A100025E02F00C6D0352
:1063B000295E02F006400191601A84F42703BFDED3
:1063C00002F0064000E0026B00209A0180E006F532
:1063D00077AB03BFDE02F006480301DE02F006469B
:1063E00000685E4F06264601BC60030017A803A4A0
:1063F0005E02F0064803C1DE02F0068E01846002F0
:10640000091048020400BF00064D01BC60030011E2
:1064100015011400630017A100E06602F430650066
:10642000025E02F00D4E0182600209104803A95E6F
:1064300002F0066800685E3B04A65801F0DE170013
:10644000378500A05E16F0978500685E3B062658EB
:1064500002015003000657028780BF0006570185DE
:10646000E0060910480280D00300066800B05E1BF9
:106470000017A300B0008B0017A4020400BF0006A1
:106480005E006E419730665E01185A030017A30143
:106490001A5A030017A40068C18318066100E002BD
:1064A000930020A403BFDE02F00663006D5E2EF4AD
:1064B00086630182E00686343100E05E3300378C6B
:1064C0000068DE32F4666600B05E0F001785006D6E
:1064D000DE2EF4667403BFDE02F0068600B05E1F97
:1064E0000017A300B0008F0017A4020400BF00062D
:1064F0006E006E419730666E011C5A030017A301AF
:106500001E5A030017A4006D5E2EF486700182E00F
:106510000686343100E05E3700378D0068DE36F4E1
:10652000667300B05E0F001785006D5E2EF4668600
:106530000185E00209104803D1DE02F0067600680A
:106540005E4B04868000025E02F00D4900684183C4
:106550001806AA020300C700067E020CD00300063C
:106560007E028350C700067E0068DE4B05A67E03D0
:10657000BFDE02F012170181E00686343103BFDE70
:1065800002F005CA00B0504F0011F200B0505300A5
:1065900011F300B050570011F401BC60030111F574
:1065A00001BC60030051F003BFDE02F005CA000227
:1065B0005E02F00D490181600209104803295E0264
:1065C000F0068B028300C700121703BFDE02F0053E
:1065D000CA03D1DE02F0068C03A5DE02F005CA0371
:1065E000BFDE02F00013028001B300001302065068
:1065F0000300069500B001030017A1006D810AF4A5
:10660000269500E844640877A1006E5E840826950C
:106610000187E006F577AB01085E4B0017A1006823
:106620005E8700269800B05E0F00178500025E02AC
:10663000F00D4900685E3B06269E01BC6003001712
:106640008C0200D0030006A301BC600300178D0379
:10665000BFDE02F006A301BC600300178C0203003A
:10666000C70001A6020CD0030001A6019C600284B1
:10667000F42703BFDE02F001A6006841831806A9D3
:106680000180600684F42703295E02F005CA0182B6
:106690006006863431028300C700121703BFDE0292
:1066A000F005CA00E002970020A5018160020910F0
:1066B0004801BC600300081900E0017B00A05E01F6
:1066C000BC601310D7A1006D017AF4201301BC60E7
:1066D0001309405E03BFDE02F0001300025E02F009
:1066E0000B1F0338DE02F00013039EDE02F00013DE
:1066F00000E8444C00F7A100E85E840117A1006A9D
:10670000DE840106BA00E85E8401118701BC6003E3
:1067100000118801A5E02230118001BC6003001146
:106720001301BC600300111400B044670017A100FE
:10673000B0446B0017A200B05E8700110400B05E89
:106740008B00110503B8DE02F006BC03BFDE02F0C9
:10675000001301BC600304B79201BC60030417A1DD
:1067600001BC63FF1FF0CB01BC63FF1FF0CC01BC79
:1067700063FF1FF0CD01BC63FF1FF0CE01BC63FFC0
:106780001FF0CF01BC63FF1FF0D000B05217001004
:10679000E801BC63FF1FF0C800B0521B0010E90104
:1067A000BC63FF1FF0C900B0521F0010EA01BC63B8
:1067B000FF1FF0CA01BC60030010E4028600C300A2
:1067C00006DD00B0540F0017A20069DE8A9086D55E
:1067D00000E85212F450E40068A0630006DD01BC3A
:1067E00060030010E400B054270010E000B0542F04
:1067F0000010E103BFDE02F006E603A4DE02F008AB
:10680000C203A9DE02F008C201BC600301D7A102E5
:106810000600C30006DF0280DE5F0006E400B0541D
:10682000070010E0006820630006E201D2DE86A0C7
:1068300030E000B0540B0010E103BFDE02F006E6CA
:1068400001BC5E869010E001BC601F0010E101BC3D
:1068500060030010E200B052230010E501BC63FFAA
:106860001FF0C500B052270010E601BC63FF1FF007
:10687000C600B0522B0010E701BC63FF1FF0C70039
:10688000B0004700108601082063001781013852CC
:10689000030017800102C0270017A600025E02F065
:1068A00011B0006820630046F400B0540700178060
:1068B000028181B30006F600025E02F00D2F00682F
:1068C00020630026FE0068A0630006F9021A540740
:1068D0000006FE006800A70106FC0103C0270017A0
:1068E000A103BFDE02F006FD0106C03B0017A101B7
:1068F000825E8610D08603A9DE02F0091D00685E64
:106900004F04271001BC63FF1FF0C300685E4F05F2
:10691000A70601BC60031A90E301BC600306B792AE
:1069200000685E4F05271003BFDE02F0070A01BCB6
:106930006003063792029844070009EB028046077D
:106940000009EB01BC60031890E300B0206300175E
:106950008100025E02F00D3C00E85E8400D7A100D9
:106960006A5E8690871000E85212F430E403BFDEBE
:1069700002F0071301BC60030010E40338DE02F0EC
:1069800007130187E0061C90E40190600A09104893
:1069900001BC610304379100685E4F05A9EB0383D6
:1069A0005E02F008C203BFDE02F000020186600250
:1069B000F7F7BF0182E002F5B7AD0185E002F5B758
:1069C000AD02044163000723018460020B105802EA
:1069D000055EAF00071F0187E00626713302040041
:1069E000BF0007220185E002F577AB00025E02F0EE
:1069F0000E7903BFDE02F000020283C03700072BCE
:106A0000006CC4656C272C01BC601B1A77A10002C6
:106A10005E02F000CE0180E0060337A200025E02B3
:106A2000F000D40180E002F457A200025E02F00000
:106A3000D400E044656C4B610285C5230007320138
:106A40008460060B10580200DEFF0007320180E070
:106A500002F7F7BF00682B6F00073200E044655B68
:106A60004ADB02055EAF00073401BC61030011334D
:106A7000020580BF00073A01BC60131157A1000254
:106A80005E02F000CE0196600E03301900B0406740
:106A90000017A200025E02F000D40283C03700009B
:106AA0001300E0021F002087018260062891440342
:106AB000BFDE02F000130281401300000202004218
:106AC0000300074101846002F597AC01BC6003003C
:106AD000108003A3DE02F007440190600209104811
:106AE00000B0446700179E00B0446B00179D00B0D3
:106AF000446F00179C00B0447300179B0068DE7A57
:106B000023274400E002230020880115403B0017A2
:106B10009700B001430017A101C9DE8405280501D3
:106B2000BC60031077950191E0020D906C028640E5
:106B30003700075200E002BB0020AE03BFDE02F0C8
:106B40000A9301BC600300148001BC60030014813F
:106B500001B8600A04902401BC600304082B01BC46
:106B6000600300482A01BC600300D02A01B360071B
:106B700000100401BC600300080E01BC60030008A3
:106B80000F01BC600300081001BC60030008110184
:106B900083E002F5D7AE0287C037000A8F00025E9D
:106BA00002F0119200025E02F00F3503435E02F024
:106BB000075E006D403300CB0000685E5F004776E3
:106BC00000685E5F002773006800A700C768006860
:106BD00000A7010768006880A700A76900E0446675
:106BE00090283701BC62C30017A10280520300073E
:106BF0006C019652030017A10080DE8690379A023E
:106C000003520300077100E05E6A90379A0207D2D0
:106C10000300077100E85E6B00379A029E5E6B000E
:106C20000B0003BFDE02F0077B0152D2030017A165
:106C30000185D206F4379A03BFDE02F0077B013CE0
:106C400052030017A101BC5206F4379A006E5E6829
:106C50000BAB0000682FC300077B028E5207000BAE
:106C6000000204C03B0007850181E0060D906C0224
:106C7000874037000A9300025E02F0119200025E24
:106C800002F00F350287C0AF00077D0287C0AF005A
:106C90000A8F015840AF00179A01BC603F1E17A130
:106CA000006DDE6AF42A8F035B5E02F0078701BC89
:106CB000601300104300B041232810480180600297
:106CC000F297940184E002091048015840AF001087
:106CD0002A006840AB002A8F01BB5E560090040278
:106CE000035E57000796020047A300079301BC62AA
:106CF0001E3C11E001BC60030011EA00B05E6B00B5
:106D000011EB0198601E3D11E8020047B3000796A1
:106D100000B05E6B0011EF01B0E0CE3D91EC03835B
:106D20005E02F0079A00025E02F0119200025E021B
:106D3000F00F35006D403304C796018360020D905B
:106D40006C020200F30007A203AADE02F007A4020D
:106D50008052170007A400E0418700B06500025E82
:106D600002F00C7D0200C0770007A203BFDE02F034
:106D700007A303305E02F007A4018360060D906C48
:106D800001BC60030008020188E00F000803006DE9
:106D900040330208BC0129520F0017930109520F1A
:106DA0000017AA01966002F2979400E0418701F073
:106DB0006501BC600F0017A10028DE869067B00156
:106DC000866006F2979400E0419700706500E0202D
:106DD000AF00C82B01065E530017A200A05E4F044F
:106DE00077A10068DE870447BE0186E006F297942B
:106DF00000B85E8B0037A200B05A030017A0020A49
:106E0000DA030007B801876006F297940284C03B5A
:106E10000007BE0203DA030007BE03AB5E02F00701
:106E2000BC020441070007BE018060050068030141
:106E3000065E530017A20182DE8A00900403AADED8
:106E400002F007ED03AB5E02F007D90287D2130010
:106E500007ED00B0521300118601A5E00A30118041
:106E6000018460020D906C01BC63FF1FF79900E084
:106E700041870170650068DEAB0027CB00A05E4F44
:106E8000FF77A10068DE870727D703BFDE02F00780
:106E9000CD0284520F0007D70204D20F0007D0039F
:106EA000B15E02F007D600E0418701106503BFDE46
:106EB00002F007D103B35E02F007D6020080F300B0
:106EC00007D7020052170007D700025E02F00C7DC0
:106ED0000200C0770007D701294077001799018485
:106EE00060060D906C020052170007ED03315E0240
:106EF000F007ED018660023011800180E001620B35
:106F000010020052170007DD0202AB4F0007E80035
:106F100068DE5F0007E800B02BB70017A100682A01
:106F2000BB0007E800B02BB30017A2006DAABAF4AB
:106F300047E80068DEAB0047E40184E006F7F7BFEE
:106F40000068DE4F0287E800025E02F013180206B6
:106F5000DEFF0007E800E02BE7002AF90068DE5FAB
:106F60000007EB0068DEAB0047EB0180E005620B39
:106F70001000682B6F0007ED0180E006F7F7BF02F5
:106F800007520F00086D028047A300086A0280477D
:106F9000B300086A00E020AF00882B00E820AB00B7
:106FA000882A01BC60030011E401BC63FF1FF7A540
:106FB00001BC600303D1E102065E530007F701BC88
:106FC00060030491E10206DE530007FB00E04787FF
:106FD0000051E10207D20F0007FB00E04787009154
:106FE000E1006D403302C8BC00685E4F0587FE00BB
:106FF00068DEAB00486D03AB5E02F0080102005290
:107000001700086D020580F300080C00E0418701BD
:107010001065020200F30008050204D20F00080503
:1070200000E0418700B06500025E02F00C7D0200C6
:10703000C077000809012940770017A500E05E9796
:107040000097A50068DE97FFE80C02805217000841
:107050006D020700BF00086D01BC601F1417A2007D
:1070600090478700306500E04196F4506500E047A6
:107070008701082103835E02F0081400025E02F01B
:10708000119200025E02F00F35006D4031042810AD
:10709000006D40310428BC01BC600B1D57A1006885
:1070A000DE97FFE824010F5A070017A5031EDE0232
:1070B000F0082402005217000824032C5E02F00896
:1070C0006D00685E67FFE82400E05E670097990046
:1070D000E05E66F43064012A58030017990100DE6F
:1070E000970017A500E05E66F4B79900E05E6700C0
:1070F0003799011558030017A603BFDE02F00834C4
:1071000000E05E96F43064012A58030017990205E6
:1071100080F30008330182E002F33799020052172E
:107120000008330116D8030017A6010F5A070017ED
:10713000A4010CD8030017A10068DE92F4282F00E8
:10714000E05E6702179903BFDE02F00838010DD830
:10715000030017A10068DE92F4286D00E05E67046A
:10716000179903BFDE02F00838011058030017A674
:107170000068DE9B00C8380181DA030017A100B85F
:107180005E86C017A10281DE8700086D00885E67F9
:1071900000778000E000AEF0106401AADE650048D0
:1071A000020068DE9B004852020781870008450004
:1071B0006DDE030C08450285520F00084502985207
:1071C0003B0008450181E00500680300E05E000B1C
:1071D00037A300E05E8F0097A300E041870077A20D
:1071E00000025E02F00D8A00E820AB01082A01BC13
:1071F000602307978100885E970077A100E85E868C
:10720000F4B06301BC60070E17A100E0418EF430BA
:107210006300B056170017A100B0561B0017A2005C
:1072200068DE86D0486D0068DE8AD0686D00025E38
:1072300002F00D5F01BC602307506401BC624F0087
:1072400017A200025E02F00DB200685E9B00486A61
:1072500001BC621EF471E00068DE9B00C85D01BCE9
:10726000611300B7A1020600F300085901BC6013C6
:1072700000B7A101BC60030011EE00B05E6B00110D
:10728000EF0192E00EF431EC03BFDE02F0086A0079
:10729000685E9B00685F0068DE9B00A86A019860DA
:1072A000063D11E800E020AF00882B00E820AB008D
:1072B000882A01BC60030011EA0068DE5F004865AF
:1072C00000B05E6B0011EB0192DE5E3D11E80187BC
:1072D00060023D11E80068DE9B00A8690187600636
:1072E0003D11E8019860163D11E80181E005004874
:1072F0000201AADE6500480203BFDE02F008720147
:10730000BC620F0011E001BC60030011E40181E0E8
:107310000100680301BC600F0011E801BC600300BC
:1073200011EC0200200F00087900E020AAF3482A9F
:1073300000B020AF00102500E820AA04A82A006AA7
:10734000A0AB01C87901B860060490240182E00670
:10735000F297940188600A00900401BC60031877DA
:107360009503A0DE02F0088600685E4F06A88B0138
:1073700038520300178000B05E5F0017810203DE01
:10738000B700088500685E0700088401BC6003013F
:10739000778001BC600300378103BFDE02F00885FF
:1073A00001BC600301578000025E02F000DB006850
:1073B000DEAB00488B00A05E4F0477A100685E87BB
:1073C000004A3B00685E87044A3B03BFDE02F00CC4
:1073D000030386DE02F00A900287C037000A8F009E
:1073E000025E02F0119200025E02F00F3503035EAE
:1073F00002F0088B03A9DE02F0089700025E02F09B
:10740000119200025E02F00F35020740370008912A
:107410000386DE02F00A900287C037000A8F00025E
:107420005E02F00C7A006E40300208C20301DE02F8
:10743000F008C20068DEAB0008A9032B5E02F0086A
:107440009D00E0022B00208A03BFDE02F008A102AB
:107450008052170008A000E0024300209003BFDE26
:1074600002F008A100E0025700209500685E4F047A
:107470000B7200685E4F028B7200685E4F0209F269
:1074800000685E4F048A3400685E4F050BF40068A4
:107490005E4F060BF400685E4F068BFD03BFDE02F5
:1074A000F00C030068DEAB0028BA032B5E02F00884
:1074B000AD00E0022F00208B03BFDE02F008B10216
:1074C0008052170008B000E0024700209103BFDEA1
:1074D00002F008B100E0025B00209600685E4F06F3
:1074E000A9C600685E4F042C1B00685E4F04AC1BED
:1074F00000685E4F05AA4100685E4F0629C6006815
:107500005E4F052BF200A05E4FFF77A100685E87FB
:10751000072C0E03BFDE02F009EB00E0021300208F
:107520008403BFDE02F009EF00E0020F00208301B8
:10753000BC60030011EC01BC600F0011E80284C0C4
:107540003B00086D0184E00609104803BFDE02F02D
:10755000086D0200C09300000203A35E02F008C69B
:1075600003C35E02F008C503BFDE02F00AFC00029E
:107570005E02F0119200025E02F00F350207C0AF0A
:107580000008CA020740370008C60107C0AF00174D
:10759000A100B85E870037A101825E860D906C0065
:1075A000B0447F000804018360020910480287C0CC
:1075B00037000A8F0386DE02F00A9000025E02F0B6
:1075C000119200025E02F00F3503435E02F008CF15
:1075D0000287C037000A8F020081B30008ED0180E6
:1075E0006006F297940301DE02F008ED01385203C1
:1075F00000178000B05E5F0017A400025E02F01367
:107600000B01BC602F0657A400E05E86F490650075
:10761000E05A0300368003B05E02F008E100E002A9
:107620000700208103BFDE02F008E200E002030051
:107630002080028481B30008E70184E0040D806C9F
:1076400001BC600300006E01BC600300006F03BF5B
:10765000DE02F008EC00E8523AF7B7A100E85E87D6
:107660000217A100905E870097A100E101BAF42003
:107670006E00E081BF00006F00B0523B0017BD03F9
:1076800001DE02F00903028081B30008F003305EDE
:1076900002F0090301BC601B1F506500E04194DF4C
:1076A0003065012D406B0017A200885E8B0137A268
:1076B0000138402B001680028840270008F701841B
:1076C0006006D0168000B05A02F456800205C0272A
:1076D0000008FA0187E006D0168001BC601B0DD7B8
:1076E000A100025E02F000CE00B0406700168101EA
:1076F000BC601B0DF7A100025E02F000CE00B0409E
:107700006700168200E01BE70066F900691BE701CD
:10771000890301BC60030006F9020081B30009057A
:10772000020501B3000B000280200F000907006E64
:1077300040300209C10381DE02F0091100E00217A6
:1077400000208503A9DE02F0090D0184E00609107E
:10775000480180E0020910480184E002F7F7BF0306
:1077600086DE02F00A900180600500480201806018
:1077700006F2979403BFDE02F0098F01836002F7DF
:10778000F7BF0386DE02F00A90032B5E02F0093792
:1077900003A9DE02F0091A0068DEAB00493700B029
:1077A000523B00179F00B0523B0017BE01BC600364
:1077B00000280E03BFDE02F0093702875E5300097E
:1077C0004403A0DE02F0092603BFDE02F006C20178
:1077D00082E0060D906C0190600A09104800B052DA
:1077E0003B00179F00B0523B0017BE019E5E830016
:1077F000B0EB0106520F0017A100B85E870037A159
:107800000182DE86F577AB01BC610300308000E8C1
:10781000523AF3F7A2006BD23AF3E92900E85E7E10
:1078200091D7A200905E8B0097A101BC602301D08C
:1078300064006B523AF3E93401185E870017A20125
:107840000A5E870017A300886006F457A200E04193
:1078500092F4706400B05802F45600006BDEFA91A6
:10786000C93700B0523B0017BE03BFDE02F0093734
:1078700000025E02F0120200B0203B00280E00B0B1
:10788000523B00179F0320DE02F0094402075E53BB
:1078900000093B0180E00209104803BFDE02F00945
:1078A000440068DE5F000941021A540700093F01E5
:1078B00003C0270017A101825E8610D0860102C096
:1078C000270017A100E0422AF4308A0180E0050079
:1078D000480203A9DE02F0094400B05E47001080B0
:1078E00001085E4F0017A100685E8700296303ABA3
:1078F0005E02F00967020052170009550068DEAB0E
:1079000000494A00E0025300209402865E530009B9
:107910008F0284520F000B000284D20F00094F0324
:10792000AC5E02F0095303BFDE02F0095C032C5E7B
:1079300002F0095C00685E4F0409530106D20F0093
:1079400017A101845E86F2979400685E4F02098F4A
:1079500003BFDE02F0097F031EDE02F00959033186
:107960005E02F009590068DEAB00495901846002EB
:10797000F297940068DEAB00495E00E0023F002011
:107980008F03BFDE02F0096100685EAB004961024F
:1079900080522F00098F0202410700096100685ED2
:1079A0004F04098F00685E4F02898F02044107006F
:1079B0000B0003BFDE02F0098F032B5E02F0098F7C
:1079C00000685E4F05A97F00685E4F05297F03BFF1
:1079D000DE02F0098F0068DEAB00496F01BC600376
:1079E000000ABD01826002F5D7AE02805EFF000989
:1079F0006D00682B6F00096F00E044655B4ADB0097
:107A0000682B8BFFC96F00E02B8B002AE202065E19
:107A10005300097200E0026300209803BFDE02F009
:107A2000098F0323DE02F0097A0129500B0017A306
:107A30000068DE8F05297A0187E0021070830184D7
:107A4000600209104800B05E870017A1006EE003D5
:107A500000297903D1DE02F0097A0068DEAB004923
:107A60007C00E0022700208900685E4F00098F003B
:107A7000685E4F01098F00685E4F05898F0280475D
:107A8000C70009BF0329DE02F009850102DEAF004D
:107A900017A10106520F0017A200385E86F4498F25
:107AA0000182DE8AF577AB00B052230011F200B0FC
:107AB00052270011F300B0522B0011F40106520FAF
:107AC0000017A100E05E870031F500B0005B0011F7
:107AD000F000B047C30018000134C7C70017A10069
:107AE0006EDE8402A98F01BC60030810420283C1CC
:107AF0000700099102805E53000B0000B040330084
:107B000017A10108A00F0017A200685E8B006999F9
:107B100000E840310577A10281200F00099900B0EB
:107B200020AF0017A10280A00F00099900B05E638A
:107B30000017A1006E5E840209C100B05E870007D5
:107B4000FA018160010048020202C01300099F008F
:107B5000E05E840347FA01816005004802020120CB
:107B60000F0009BA01035E530017A10187DE8500EB
:107B700048020386DE02F00A9000025E02F01192D3
:107B800000025E02F00F3503855E02F009A2018E4D
:107B900060023D11E80107C7830017A101825E85DD
:107BA0000048020201A00F0009AC0103C7970017AB
:107BB000A101825E8500680300B0204B0017A1017F
:107BC0008E5E850068030207C0AF000C5E01BC60DA
:107BD000030011EC01BC600F0011E8018460050096
:107BE000680300B040270007FC00B0402B0007FDF1
:107BF00000B0406B0007FE00B0406F0007FF01843B
:107C0000600500680300025E02F00C7A01BC63FFAD
:107C10001FD7A800025E02F00D4E00025E02F00CBB
:107C20005E01A8600A0090040201200F0011ED001F
:107C3000A8401300500403BFDE02F0062000E0025B
:107C4000870020A103BFDE02F009C200E0020B00A2
:107C5000208203A9DE02F00B0001846006091048AF
:107C60000184E00609104803BFDE02F00B00032B7D
:107C70005E02F009E30068DE4F06A9CA00E0023B9D
:107C800000208E03BFDE02F009CB00E002370020A7
:107C90008D0323DE02F009EB0068DE4EF1C9EB0133
:107CA00087E0021070830184600209104800B05E12
:107CB000870017A1006EE0030029D103D1DE02F096
:107CC00009D200685E4F0629E101BC6003000AA6E4
:107CD00003295E02F009D70203DEB30009D801913F
:107CE000601A84F4270183E002F597AC020200BF1A
:107CF0000009E00203456F0009DB0185E0062B71F6
:107D00005B02045EB30009E00187E00210708301AA
:107D100083E00209104800025E02F0113103BFDE69
:107D200002F009EB0205500B0009EB018260060925
:107D3000104803BFDE02F009EB028700C30009E828
:107D40000068DE4F06A9E80068D2130009E801BC0C
:107D5000600300118301BC60030011820068DE4FE4
:107D60000629EB00E0024F00209303BFDE02F0097A
:107D7000EB03AB5E02F009ED020441070009F002DB
:107D80008341070008C203BFDE02F009F00284410C
:107D9000070008C201806006F2979403BFDE02F07C
:107DA00008C2039F5E02F009F5039EDE02F00C0399
:107DB00002035E53000C03020481430009F9010031
:107DC00001630017A10102C0270017A20038DE8658
:107DD000F449EF03AB5E02F009FB02005217000901
:107DE000EF0280522F0009FD03335E02F00C030204
:107DF0003C523F000A0E013C523F0017A10068DED2
:107E000084048A2E01BC600316106401BC601F1636
:107E1000106500685E87002A0A00B05A030017A2A6
:107E20000068DE8AC00A2E00E0419700306500E05D
:107E3000419300306400E85E870057A1006A5E87C6
:107E4000002A0300685E87000A0F01385A030017F2
:107E5000A1013858030017A20068DE86F44A2E03F9
:107E6000BFDE02F00A0F0285C107000C0301BC60EF
:107E70001F15F06501BC600305B7A400025E02F0A7
:107E8000010C028000C3000A2E01BC601310D7A6AB
:107E900000E0017F00B7A5006D5E96F4CA1701BC33
:107EA00060130957A500685E940BCA3200B0017BCD
:107EB00000106500B052270017A200B0522B001727
:107EC000A3006841940BEA220068DE8ED04A1E00AF
:107ED000685E8AD02A2E00E0419700B065006D41AF
:107EE00096F4CA1B01BC601309506503BFDE02F0A3
:107EF0000A1B00E0028B0020A200B0017F00106589
:107F000000B0522300168000B0522700168100B046
:107F1000522B00168201BC5202F2F7A101A95E02A7
:107F2000F4368300904467011684020281AB000A94
:107F30002C0068DE9305AA2D01846006D09684008B
:107F4000B05E9700005F020781AB000A30018060DD
:107F500006F2979403AB5E02F006DA03BFDE02F08E
:107F600008C200E0028F0020A303BFDE02F009EF89
:107F7000039EDE02F00C0303AB5E02F00A37020040
:107F800052170009EF03335E02F00C030184600610
:107F9000F2979403AB5E02F006DA03BFDE02F0084C
:107FA000C203835E02F00A3E00025E02F0119200FC
:107FB0006D4033038A3B006D40330389EF032B5E32
:107FC00002F00C0703BFDE02F006DA032B5E02F0BC
:107FD0000A4400E0023300208C03BFDE02F006DC1E
:107FE00000E0024B0020920103C0270017810182AC
:107FF0005E0503178100025E02F00D3C008800233D
:108000000037A200E05E8800F7A200E05E86F4512F
:10801000890186E00630118003BFDE02F009EB0320
:10802000A2DE02F000AE03A3DE02F00A6A00E00165
:10803000FF00207F01BC60030017A303BFDE02F036
:108040000A6C018760040310A001BC60030051E4C6
:1080500000B0479300180001BC600302900401BC0B
:10806000620F0011E001BC600F0131E800B047A3CE
:1080700000180001BC600F0011E801BC6003013171
:10808000EC00B047B300180001BC60030011EC0124
:108090008460060910480020601E090A6100E001A2
:1080A000FB00207E03BFDE02F00A7201BC60030EFB
:1080B000D7A1011400630017A200E05E86F45065AA
:1080C00000E05A03003680020300C7000A6703A9D4
:1080D0005E02F00A6C0291509F000A6B0191601AD7
:1080E00084F42703BFDE02F00A6B00E001FF0020EA
:1080F0007F01BC60030037A30323DE02F00A720194
:1081000083E00209104801846002F597AC01BC606D
:108110000300178E0187E00210708301826002095C
:10812000104803D0DE02F00A7303D05E02F00A7436
:108130000182E00209104803D5DE02F00A7601BC94
:1081400060030010B401BC600300F7A1006800A741
:10815000000A7A0185421AF437A100025E02F0009B
:10816000CE00B040670017A501BC63FF1FF7A20057
:10817000025E02F000D4008860070157A400B85ED8
:1081800086F497A100025E02F000D40283C21F00B1
:108190000A8100E044670117A102044523000A8612
:1081A000006B4466F42A8300025E02F011790068D5
:1081B0005E8F000002006801B3000A8A01BC600300
:1081C0000004EE03BFDE02F00A8D0020E01E090A63
:1081D0008D00B05E9700142E03BFDE02F002F700A0
:1081E000A8412300F04803BFDE02F00002018360D3
:1081F0000209104801BC6007001042006E403002C6
:108200000A9300E0027700209D00025E02F012BF98
:1082100003A35E02F008C203C6DE02F00A960184E0
:10822000E00609104803BFDE02F00B00006820E3FF
:10823000000A9E00E844650717A101BC609F021771
:10824000A2006D5E86F44A9E01BC600300083800FF
:10825000025E02F00B1F0020E10209009B00206279
:108260008A090AA200025E02F0119203BFDE02F048
:10827000009B0284452300009B03915E02F0009B5B
:108280000396DE02F0009B03965E02F0009B000264
:108290005E02F00B1F01BC600300602000680173E8
:1082A000000AB901BC60130890E600025E02F0010A
:1082B0000000B0446700083800B001730010E4010A
:1082C000BC600300000601BC600300005C01BC60F0
:1082D0000301D78201D2DE087570E000B00EB30052
:1082E00010E100B0004700108600B00ECF00108AE9
:1082F00001BC600300378100025E02F00D2F019087
:10830000600A09104801BC610300308003BFDE022F
:10831000F0000201BC60030030420187E0022471DA
:108320002300025E02F0109401BC60030677800017
:10833000680DEF000AC000B00DEF00178100025E6B
:1083400002F00DE603975E02F00B3003125E02F0BE
:108350000AC001BC600300402001BC6183001125FC
:1083600000B0007B00112701BC60070257800002AB
:108370005E02F00DE100B05E07000B3001BC60074B
:1083800002778000025E02F00DE100B05E07000B94
:108390003101BC60130997A100025E02F000CE001B
:1083A000B04067000B6301BC601309405E01BC6014
:1083B0001309405F0180E006F5D7AE0107C1070051
:1083C00017A101805E86F577AB01BC600F0011E854
:1083D00001BC620F0011E000025E02F00AE201BC83
:1083E00061CF0C105C01BC600300105D01BC61CF6B
:1083F00001F05E01BC603B0AF05F00025E02F0101B
:108400005801BC6003000835020300C700001301D7
:10841000BC600300060201BC600300060701BC60EB
:108420000300060C01BC600300061103BFDE02F06E
:10843000001301BC60030010480185E002F5B7ADF0
:1084400001BC63FF1FF05401BC63FF1FF05501BC6A
:1084500063BF1FF05601BC63FF0FF05700025E02BE
:10846000F012BF0187E00624712301BC60030010F5
:108470005401BC600300105501BC6003001056019C
:10848000BC600300105701BC600F0020170106C13B
:10849000070017A101825E8402E01701074107006F
:1084A00017A100B85E870037A10180DE87000016A3
:1084B0000002DE02F000000285C037000002000268
:1084C0005E02F0119200025E02F00F350286403724
:1084D000000AF500E0021B0020860386DE02F00A97
:1084E000900287C037000A900158600300102A01EB
:1084F000BC600300900400B040130017A103BFDE6E
:1085000002F0001301B8600A04902403AA5E02F08E
:108510000B030158600300102A01BC6003029004A1
:1085200000B040130018000183600209104801BC2C
:1085300060030051E400B0479300180001BC620FD3
:108540000011E00180600100680300025E02F00F8C
:108550003503855E02F00B0A01BC620F0011E001D9
:10856000BC600F0131E800B047A300180001BC60F7
:108570000F0011E801BC60030157A100E85E87000D
:1085800037A10068DE87000B1101BC600302900474
:1085900000B0401300180001BC60030131EC00B0D2
:1085A00047B300180001BC60030011EC0324DE0295
:1085B000F0062001866006F577AB00025E02F00B44
:1085C0001F0180600610308100B05E870017A10196
:1085D00080600210308103BFDE02F0062001BC6122
:1085E0000300108000B04203001800006EE003009A
:1085F0002B2203505E02F00B2500015E02F000000A
:1086000003BFDE02F0031401846002F597AC00A8FA
:10861000412304F048018260020910480206DEAFDF
:10862000000B2B03D5DE02F00B2B0350DE02F00B08
:108630002901BC60030010B40284C783000B2E0123
:10864000BC600B0011E0018E6002F577AB0002DE2A
:1086500002F0000003A2DE02F0009B02BC42870091
:108660000B3701BC60030037A401BC60031FF7A3F4
:10867000011400630017A200886006F457A203BF2C
:10868000DE02F00B3C008860070117A401BC63FF09
:108690000017A3011400630017A200E05E8B01170E
:1086A000A200886006F457A201BC60131110650196
:1086B000BC601B02506401BC60030017A50020C20F
:1086C00086F48B4600E0419706D06500E0419301B7
:1086D000F06400E05E970037A500885E930037A441
:1086E00000205E92F46B6503BFDE02F00B3F006872
:1086F000DE92F44B4B00680083006B4B03A0DE025C
:10870000F00B4B0020C123160B4000025E02F00B61
:108710001F006DDE93200B61020300C7000B5500A4
:108720006DDE97008B5501BC600300160801BC602C
:108730000300160901BC600300160A01BC600300B7
:10874000160B01BC600300160C01BC600300160D83
:1087500001BC600300160E02005AC3000B60023C0D
:108760005A9F000B6000680083006B600385DE0287
:10877000F0009B03855E02F0009B03A2DE02F00086
:108780009B03A3DE02F0009B0397DE02F0009B0038
:10879000B041970010600191600A84F42703BFDEA6
:1087A00002F002F701806002D616B000B05E9300BE
:1087B00010A101836002F7F7BF01BC6003003043E2
:1087C00003BFDE02F00B400068808300609B03BFA4
:1087D000DE02F00AC10283C21F00000200B05E8701
:1087E0000017A103D0DE02F0052701BC60030410CE
:1087F00042039EDE02F0001300B05E3F001145010F
:10880000BC600300178F00B05E4300178500B05EA8
:108810000F00179000025E02F00B1F03BFDE02F094
:108820000013006D40330589F003AC5E02F00B7756
:1088300000685E4F028BAE00E0026700209903BF24
:10884000DE02F00BAE00685E4F028BAD00E0025F0F
:1088500000209701856002F5B7AD01826002F5D76F
:10886000AE01BC6003000ABD039F5E02F00BF00383
:108870009EDE02F00B8C0321DE02F00B8C00E00286
:108880006F00209B00025E02F00B1F018660020950
:108890001048018060020910480181E00209104877
:1088A00001BC60030210420280441F000B8B00B029
:1088B0005E3F00114501BC600300178F00B05E43AE
:1088C00000178500B05E0F00179003BFDE02F00BAB
:1088D0008C00A044B6F07145039F5E02F00BF002DD
:1088E0008200C3000BAD03335E02F00BAD00B0009D
:1088F000730017A100E05E86B017A100E15E7AF474
:10890000379E00E1DE7700179D00E1DE7300179CC3
:1089100000E0DE6F00179B039EDE02F00B9D006EF1
:108920005E6E924BF0006D5E6E924B9D006E5E72BD
:10893000922BF0006D5E72922B9D006E5E76920B14
:10894000F0006D5E76920B9D006DDE7A91EBF0008B
:10895000B0446700083400B0446B00083300B044F2
:108960006F00083200B044730008310068A0D223C1
:108970002B9D00E920D2F3D79E00E9A0CEF3B79D4E
:1089800000E9A0CAF3979C00E8A0C6F3779B00E13A
:108990005E7A91F7A100B05E8700111900E1DE76E2
:1089A00092111A00E1DE7292311B00E0DE6E9251EC
:1089B0001C0068DE86232BA601BC6003000BF103BC
:1089C0001EDE02F00BF000685E4F028BF001BC600F
:1089D0001F16B06501BC60030097A400025E02F0A0
:1089E000010C0068DE93008BDD028500C3000BDD07
:1089F0000207C197000BB8013C5A0F0017A201BC37
:108A00005A12F457A203BFDE02F00BB900B05A0F9E
:108A10000017A201BC6003001132032C5E02F00BB0
:108A2000BF0280441F000BDD00B05E8B0011860189
:108A3000A5E00E30118003BFDE02F00BDD03335ED4
:108A400002F00BD6029B402F000BD6020044070019
:108A50000BD00200C407000BCA02814407000BDDE3
:108A60000182E00701901000B0522F00101100B0F9
:108A7000523300101100B0523700101100B05E8B5D
:108A800000110F03BFDE02F00BDD0182E0070130B1
:108A90001000B0522F00101100B05233001011001E
:108AA000B0523700101100B05E8B00110D03BFDE15
:108AB00002F00BDD0182E00700D01000B0522F0061
:108AC000101100B0523300101100B05237001011D5
:108AD00000B05E8B00110B03BFDE02F00BDD033331
:108AE000DE02F00BD900B05E8B00110B03BFDE027B
:108AF000F00BDD03345E02F00BDC00B05E8B001186
:108B00000D03BFDE02F00BDD00B05E8B00110F0322
:108B10001EDE02F00BF0039F5E02F00BF000685EB9
:108B20004F028BF003335E02F00BF001BC601F16A6
:108B3000B06501BC600300B7A400025E02F0010C46
:108B40000068DE9300ABF00207C197000BE9013C1F
:108B50005A07001788013C5A0B0017A103BFDE0219
:108B6000F00BEB01385A0700178801385A0B001731
:108B7000A101845E86F297940187DE862491240207
:108B80000680F3000BF001846002F297940187E005
:108B90000224912403AB5E02F006DA03BFDE02F08A
:108BA00008C2032B5E02F009EF03BFDE02F006DA13
:108BB00003AB5E02F00BF7032C5E02F009EF03BF7C
:108BC000DE02F00C0700B052230011F200B0522771
:108BD0000011F300B0522B0011F401BC60030091AE
:108BE000F500B0005B0011F003BFDE02F006DA0111
:108BF00038523F0017A102065E53000C00013852A4
:108C00004B0017A10068DE87008C0303AB5E02F007
:108C100006DA03BFDE02F008C20068DE4F020C066F
:108C2000020781AB000C0601806006F2979403AB4B
:108C30005E02F006DA020000F3000C0C0206DE53BE
:108C4000000C0C01185E830017A10068DE8700ACE1
:108C50000C01BC600B025142020052170009EF03E5
:108C6000BFDE02F008C201BC600300118301BC60DA
:108C700003001182032C5E02F00C130199E0062020
:108C8000110003BFDE02F00C170119402F0017A1DD
:108C900000685E870009EB0199DE86201100033130
:108CA0005E02F009EB00A05E3B0097A200205E4E42
:108CB000F449EB0184600209104803BFDE02F009A9
:108CC000EB032B5E02F009EB0068DE4F042C200062
:108CD000B0523300179F00B0522F0010EB028152A8
:108CE0002F0006C200E002AB0020AA0281522F0032
:108CF00009CB03295E02F00C260203DEB3000C262A
:108D00000191601A84F4270183E002F597AC020810
:108D1000522F0006DA03BFDE02F008C201BC600376
:108D200000106701BC60030010460180E0060930B6
:108D3000490282C11F000C3001BC602F1FF0650189
:108D4000BC600300168000E841970030650069C1EF
:108D500097000C2D01BC600B00179401BC60030050
:108D600017AB01BC60030017AC01BC60030017AD7A
:108D700001BC60030017AE01BC60030017BF01BC5B
:108D8000600300202001BC60030017A100025E0206
:108D9000F000CE01384067000028011C4067000049
:108DA0002901BC600300504901BC60030017A70102
:108DB000BC60030017A801BC60030017A901BC60D8
:108DC000030017AC01BC60030017AD0182E0060F81
:108DD00010780206C1E3000C42006880A7000C4531
:108DE00003BFDE02F00C46006880A7008C4601BC81
:108DF000600B1AE00001BC603303E00101BC6217A4
:108E000002C00201BC600300000301BC600300005B
:108E10000401BC60530D800501BC601F141061018A
:108E2000BC601317D06001BC600300082900B05E6D
:108E30000F00178500A044B6F07145028741D700A6
:108E40000C5101BC6003000BF001BC600300107DFD
:108E500001BC600300107C01BC606300107B01BC9E
:108E6000600300107A01AC607F00107501BC63479D
:108E70000897A10068C1DAF42C5D011A41DF0017E0
:108E8000A10068DE87016C5D01BC637B15ABF0035C
:108E9000BFDE02F00AA701885E5CFF87FC01BC60B0
:108EA0001F1F500701BC6003019008018860060085
:108EB00090040386DE02F00A900305DE02F00C62E5
:108EC0000386DE02F00A900385DE02F00C6400B037
:108ED0005E870017A1006EE003002C680386DE02A7
:108EE000F00A90006EC0146F2C6B01BC600700107C
:108EF000420207C0AF0007810002DE02F00000035B
:108F0000215E02F00C7100E02066F4281900B02008
:108F10006700178B03BFDE02F00C79028150C70097
:108F20000C76011C509F00178B00E05E2EF4378BEF
:108F3000019C5E2E84F42703BFDE02F00C79011E33
:108F4000509F00178B00E05E2EF4378B019E5E2E43
:108F500084F4270002DE02F0000001074027000829
:108F60002800E020A30028280002DE02F000000014
:108F7000B05A0300101F00B05A0700102000B05A6A
:108F80000B0010210180600700101D028040770057
:108F90000C810002DE02F000000187E002F577ABF1
:108FA00003915E02F000020020E3FE09000202814C
:108FB0005E53000C8F0283411F000C890281DE5337
:108FC000000C9501BC600300115101BC600300114D
:108FD0005201BC620300115301BC600300515001F7
:108FE000896006F2979403BFDE02F000020280C59A
:108FF0004300000201F0C5470011560107C54700B4
:1090000017A101F0C54AF431550189600AF297941D
:1090100001BC60030810470392DE02F00002006802
:10902000C0170000020204C107000002039EDE0216
:10903000F00C9D03B8DE02F0000200B0017F0017C3
:10904000A10068DE840BC00203BFDE02F00C9F02A9
:1090500003DE530000020068DE23000CA002845EE1
:10906000530000020287C4930000020282DEBB00AC
:109070000CA300682B07000CA600682B8FFFE002F2
:1090800000B02AF70017A1006DDE8556000200B07F
:10909000012B0017A30282DEBB000CA900682B077E
:1090A000000CAA00E05E8D5C77A300B0440B0017B3
:1090B000A100B0440F0017A200E95E862337A1008B
:1090C000E8DE8A2357A200E95E86F4681400E8DE31
:1090D0008B00081500B0441F0018000088442301CD
:1090E00057A30090442300D7A4006E5E8AF48AD46C
:1090F000006DAFC7002CCA0068816F000CB8006813
:109100005E23002CCA00680027002CCA00E85E23FA
:109110000037A10069DE87000CBB00E05E840137E8
:10912000A1013C016F0017A50068DE97000CC20189
:1091300038016F0017A500685E97000CC600E85E56
:10914000970037A100685E87000CCA03BFDE02F0FB
:109150000CC600E85E970037A50080DE940137A5B5
:1091600000E05E860DB7A100685E87000CCA00E1D2
:109170002052F4681400E0A056F4881500E85E87D9
:109180000037A1006A5E87000CC601BC61030011B4
:109190002300692057000CCE0180E006F29794036B
:1091A000BFDE02F00CD00180E002F2979403BFDE34
:1091B00002F0000200684127000CDA028445230017
:1091C0000CD100B044670017A100E84466F437A250
:1091D000006D5E8B004CD30392DE02F00AD40002D5
:1091E0005E02F0109800025E02F00DF100025E02D5
:1091F000F00DEC00025E02F00DFC01BC600F0011EE
:10920000E8031EDE02F00CE101BC600300105C010B
:10921000BC600300905D01BC605304105E01BC6043
:109220000300105F03BFDE02F00CE501BC600B0021
:10923000105C01BC600300905D01BC604304105EE3
:1092400001BC600300105F01BC6003008020028548
:1092500000BF000D2000B0205300115100B0205776
:10926000001152006E20522A8CED0068A057000CAD
:10927000ED00E0205223281603BFDE02F00CEF00C1
:10928000B0446700081601BC600300315001BC60A7
:10929000030C90400000DE02F000000068C10300F3
:1092A0000CF402804543000CEF006B446502CCEFE8
:1092B00001BC600300115002844543000CF500B06E
:1092C00044670017A100685E86232CF701BC600389
:1092D00000402000E920522A37A100E8A0562A5772
:1092E000A200E14466F4311900E1C46AF4511A00A5
:1092F000E1C46F00111B00E0C47300111C00B044F6
:109300001F001800008844230157A3009044230045
:10931000D7A400B0440B0017A100B0440F0017A25F
:1093200000E95E862337A100E8DE8A2357A20069A0
:10933000DE8B000D0E00E1440AF4710200E0C40E61
:10934000F4910300E02AF7002ABD00E85E2300370D
:10935000880069DE23000D0200E80027003788033B
:10936000BFDE02F00D02018660022011000200DE65
:1093700053000D220180E002F2979400025E02F099
:109380000DEF01BC600300104003BFDE02F00D15BD
:10939000020080C3000D1900E044640957A100E8F1
:1093A0005E862137A1006CC466F42D1703BFDE0270
:1093B000F00D2200E8012A21281401BC60030008F6
:1093C0001500B0205300115101BC6003001152017F
:1093D000BC600300315002804543000D1E03BFDE18
:1093E00002F00CF901BC600300104000B0012B003A
:1093F00011090068AAE7000D240000DE02F0000059
:1094000003565E02F00D2600025E02F0015000B02D
:10941000012F00110901BC61CF0C105C01BC60037D
:1094200000105D01BC61CF01F05E01BC603B0AF041
:109430005F00025E02F00DF800025E02F00E010015
:10944000025E02F00DF503BFDE02F00AD401885E71
:109450000610D08601025E070017A101825E861009
:10946000D08601BC600306778000B00DEF00178145
:109470000288421B000D3600B00DEB00178100681A
:109480005E07000D3800025E02F00DE6020B421B83
:10949000000D3A03BFDE02F00D3B018B20A210D07D
:1094A000860002DE02F0000000B054130017A10293
:1094B00000DE07000D4300B0418B00106501BC6069
:1094C0000301D7A100025E02F011BD00E05E84003E
:1094D000F7A103BFDE02F00D48020480F3000D483F
:1094E00002025E07000D4802805E07000D480090F2
:1094F000001B0037A200E85412F457A10002DE025C
:10950000F00000020400BF000D4C00025E02F00EED
:10951000EF03BFDE02F00D4D00A044B6F0B14500F0
:1095200002DE02F00000020000BF000D5E0068AC29
:109530000F000D5E00E05EA30037A8006D5EA00581
:10954000CD5E00B02CB70017A100025E02F000CE85
:1095500000B040670017A20068DEA3FFED5B00B01B
:109560005E8965D7A2006D00A7008D5A006DA0A38B
:10957000004D5C03BFDE02F00D5B0068A0A3000D90
:109580005C00B85E8965D7A200025E02F000D401DB
:10959000BC60030017A80002DE02F0000000D85AE9
:1095A000030117A201B85A06F457A200B0560300EF
:1095B000083C00B0560700083D00B0560B00083EBE
:1095C00000B0560F00083F00B0561300084000E0FE
:1095D0005612F4484100B05A0300083A01385E8B35
:1095E00000083B00B021070017A401BC600300176E
:1095F000A200B0419300106500B85E92D017A4009D
:10960000E05E06F4506300F05E930017A300F05E86
:10961000930077A400E05E8B0037A200B85E92F45E
:1096200077A400E04192F4506500E05602F4958082
:1096300000B056030017A4006EDE8B00AD6C00B8BE
:109640005E92C0D7A200D85E8B0037A200E020F265
:10965000F4483C00B020F30017A400B85E92C0F7B5
:10966000A200D85E8B0037A200E020F6F4483D004F
:10967000D820F70037A200E020FAF4483E00D820B6
:10968000FB0037A200E020FEF4483F00D820FF0096
:1096900037A200E02102F4484000D821030037A29D
:1096A00000E02106F4484100B021070017A200B8ED
:1096B0005E8AC017A200905E8B0037A201BC5E8953
:1096C00007683B0002DE02F00000018060063C916A
:1096D000E4018760063CD1E601A860023CD1E601C6
:1096E0008B60023CD1E600B05E8F00106300B05684
:1096F000030011E700B056070011E700B0560B0059
:1097000011E700B0560F0011E701A960423C91E457
:1097100001A860023CD1E6018B60063CD1E600B0B6
:109720005E8B00106301BC60030057A10204560366
:10973000000D9A01BC60030117A100E0418EF430D6
:109740006300B056030011E700B056070011E700B0
:10975000B0560B0011E700B05E8B00106301BC60D7
:109760000300B7A10204D603000DA401BC600301ED
:1097700017A102065E53000DA401BC60030197A16E
:1097800000E0418EF4306300B056030011E700B0F2
:1097900056070011E700B0560B0011E701BC60034B
:1097A0000017A10206DE53000DAF00B05E8B001063
:1097B0006302065E53000DAE00A0563F01F7A10301
:1097C000BFDE02F00DAF00A0563301F7A100B05E7E
:1097D000870011E701BC60030011E70002DE02F020
:1097E000000000685E9B00CDCC01BC60070211E365
:1097F0000068DE9B004DBF00E847870111E101BC16
:1098000060030011E201BC60030011E201BC6003CF
:109810000011E201BC60030011E201BC6003001111
:10982000E201BC60030011E201BC60030011E2012F
:10983000BC60030011E200B06142F451E000B05896
:10984000030011E200B058070011E200B0580B000D
:1098500011E200B0580F0011E200B058130011E2FD
:1098600000B058170011E200B0581B0011E200B020
:10987000581F0011E200B05E9B0017A40068DE9B39
:1098800000ADCA01BC60030077A40192DE93021709
:10989000A30002DE02F0000001BC60070011E3003B
:1098A000B058030011E200B058070011E200B058B0
:1098B0000B0011E200B0580F0011E200B058130085
:1098C00011E200B058170011E200B0581B0011E27D
:1098D00000B0581F0011E200E00146F0106401BC26
:1098E00060070031E300B058030011E200B05807F0
:1098F0000011E200B0580B0011E200B0580F001147
:10990000E200B058130011E200B058170011E20055
:10991000B0581B0011E200B0581F0011E20192E0A4
:109920001B0017A30002DE02F00000028740C30004
:109930000DE101866006F01030028640C3000DE3A1
:1099400000B040C70017810002DE02F0000002876D
:1099500040C3000DE600B05E070010310186E0064E
:10996000F010300002DE02F00000006800A70112D3
:10997000FB03BFDE02F00E0000025E02F00DEF00FE
:10998000025E02F00E010002DE02F000000068003C
:10999000A70112C40002DE02F00000018160060986
:1099A0003049006800A7008DF400025E02F00E113D
:1099B0000002DE02F0000000025E02F00E110181E2
:1099C00060020930490002DE02F000000188E00E6A
:1099D00009304900B0412700180000B0002B0010EA
:1099E000020002DE02F0000001BC60030010020170
:1099F00082E0020F107801BC600300104900B04102
:109A0000270018000002DE02F00000006800A70135
:109A10000E020280DE53000E0801BC60130777A11E
:109A200000025E02F000CE019060020337A2000245
:109A30005E02F000D40002DE02F0000001BC601300
:109A40000797A100025E02F000CE0190601E03376E
:109A5000A200025E02F000D401BC60130777A100EF
:109A6000025E02F000CE0190601E0337A200025E8B
:109A700002F000D40002DE02F000000100DE53001C
:109A800017A60181DE9A09304900B041270018006D
:109A90000002DE02F000000002DE02F0000000B072
:109AA00044670017A2017D5E8A2357A300B01C778C
:109AB0000017A100B85E84E3D7A2025A5E8B000EA5
:109AC0001E0180E006F4271E01825E86F297940054
:109AD000B05E8F00071B02001C7B000E6500E85E75
:109AE0008CE377A2006D5E88E38E6500E044670238
:109AF00087210285C523000E620020E3FE090E6265
:109B000001BC60130997A100025E02F000CE00685C
:109B1000C067000E6201BC60131617A100025E024E
:109B2000F000CE0068C067000E6201BC601309D768
:109B3000A100025E02F000CE0068C067000E620164
:109B4000BC63FF1FF7A10068DE862C2E6202009C1A
:109B50007B000E560180E000E3C71E01BC60230FAE
:109B600057A100025E02F000CE00B040670077A46B
:109B700000B05E930017A200025E02F000D401BCA8
:109B8000601B1B57A100025E02F000CE0181E006BF
:109B90000337A20186E006F457A200025E02F0003D
:109BA000D401BC601714D7A101BC600300B7A200A8
:109BB000025E02F000D401BC60171457A101BC6022
:109BC000031877A200025E02F000D401BC601714F3
:109BD000B7A101BC600300F7A200025E02F000D44E
:109BE00001BC60171077A101BC600F0417A200022E
:109BF0005E02F000D401BC60171097A101BC6003A5
:109C00000017A200025E02F000D401BC601710B77A
:109C1000A101BC600B0017A200025E02F000D4019B
:109C2000BC601710D7A101BC60030017A200025E40
:109C300002F000D401BC60171017A101BC600B003A
:109C400037A200025E02F000D401BC60230F57A1CE
:109C500000A85E930077A200025E02F000D401BC6F
:109C600060171017A100025E02F000CE02004067EC
:109C7000000E5B006CC464E42E2203BFDE02F00E13
:109C80006201BC60171277A100025E02F000CE00F4
:109C900068C0671FEE6201806000E3C71E01BC6000
:109CA0000300904301806000E3C71E01826002F25E
:109CB00097940180E004E3C71E01BC600300071A0B
:109CC00003BFDE02F00E650002DE02F000000201BA
:109CD000C11F000E7802855EAF000E6B0185600625
:109CE000F577AB00B0446700082500B0446B00086E
:109CF0002600E9446504B7A100E8C46904D7A200BE
:109D0000D05E870077A101E1DE8AF437A200E95E28
:109D1000862697A100E8DE8A26B7A200695E8B003E
:109D20000E7801BC610300113300E144DAF43136EE
:109D300000E144DEF4513701856002F577AB01BCE8
:109D4000600301104701BC60030050430002DE02C3
:109D5000F0000000B0451F00178100B005B70017E4
:109D6000A601BC600704106401BC601311106501FA
:109D7000BC60030017A10205DEAF000E9100B058D1
:109D80000F00178000685E842C2E9902005E9B00F5
:109D90000E910280DA03000E870118581F00178207
:109DA00000E05E0B00378201985E0AC0F60703BF31
:109DB000DE02F00E8A011A581F00178200E05E0BC7
:109DC000003782019A5E0AC0F60701F0DE03003711
:109DD0008000A05E02C0578000B05E030016030042
:109DE000A044B6F0178200B05E0B00160500E05EDE
:109DF0000AC0960603BFDE02F00E9900B0581300A9
:109E0000178200E85E06F057A5006ADE97000E97FD
:109E100000E85816F4B6050069D817000E9701BC83
:109E2000600300160500B058170017A500E058128F
:109E3000F4B60600E0419302106400E0419706D0BA
:109E40006500E05E870037A100905E9B0037A600AA
:109E500068DE87008E7E01BC60030011470002DED1
:109E600002F0000001BC600300016C01BC60030053
:109E7000016D01BC60070A106401BC60030077A19A
:109E800000B0428F00178000A05E0301F78000B091
:109E90005E0300016E01BC63FF1FF7A20068DE03D2
:109EA000000EAA01BC60030017A200886006F43708
:109EB00081002005BAF02EAF0068DE8AC0CEAF0068
:109EC000E005B300216C00B005B6F0216D00685EBE
:109ED00003000EB300205E06F00EB9006EDE8AC0ED
:109EE000CEB903BFDE02F00EB4006DDE8AC0CEB97B
:109EF00000B05E870017A300B0419300016600B078
:109F0000581B0017A201BC600300016C01BC600378
:109F100000016D00E8419302106400E85E8700379D
:109F2000A10069DE87000EAA00B05E8F0001650007
:109F300002DE02F0000000B0059B001064006E58C5
:109F40001B002EC200E0581B00314503BFDE02F0AB
:109F50000EC300E8581B00314500B0059B000162AC
:109F600000B0059700016100B0580F00178500B0E0
:109F7000580700178300B0580B0017840118581FAA
:109F800000178C011A581F00178D0002DE02F00026
:109F90000000B0059700178000685E002C2EEE01CF
:109FA000BC600300111201BC600300111500B00574
:109FB0009B00106402004523000ED800B0451F002E
:109FC000178100E80592F03780006ADE03000ED6A4
:109FD00000B05E0300114503BFDE02F00ED901BCE4
:109FE000600300314503BFDE02F00ED900B00593D7
:109FF00000114500B0058300016900B0058B000128
:10A000006A00B0058F00016B00B005870001680091
:10A01000B005AB00106502845A1F000EE200B05E6E
:10A020001700168301985E32D0F687019A5E36D00B
:10A03000F68701846002D0F68700B00593000160C6
:10A0400000B0059B00016200B0059F00016300B0F5
:10A05000059700016100B0058B00106400B0580F37
:10A0600000178500B0580700178300B0580B001781
:10A07000840198581EF1978C019A581EF1B78D03F0
:10A08000BFDE02F00EEE0002DE02F0000000B005BE
:10A090008B001064006E41932A0EFB00A044B6F0C2
:10A0A000B7A100B05E8700160500E05812F436062E
:10A0B000020000F3000EF8006D4193280EF8020034
:10A0C000DEAF000EF801BC600B02514200B05E87AB
:10A0D00000016F02015EAF000EFB00B05E170016BC
:10A0E0000301816002F577AB0002DE02F00000029E
:10A0F000014523000F060287C493000F060182600A
:10A1000002F5D7AE02012C43000F0300E02C4B00F8
:10A110002B1201816001620B1002055EB7000F0671
:10A1200000E02AF7002ABD01856002F5B7AD000204
:10A13000DE02F00000020200BF000F1400025E0207
:10A14000F00F360202DEB3000F0C0020428F000C2D
:10A150008303BFDE02F00002028881AB000F14020D
:10A16000845EFF000F0A02845EB3000F0A0282DEE3
:10A17000FF000F0A02822B4F000F1200682ABB005B
:10A180000F140284DEAF000F0A02835EB7000F0ACD
:10A1900000B05E870017A10002DE02F0000001821D
:10A1A000E002F597AC0203DEFF000F1E0284452398
:10A1B000000F1E02012B4F000F1E0180E006F297D8
:10A1C0009400025E02F00E110180E002F29794000A
:10A1D000025E02F00E110180E002F2979402840008
:10A1E000C7000DEA03BFDE02F00DEC020400C70059
:10A1F0000F280284C56F000F3402844523000F2509
:10A2000002004203000F3400685E4B04AF34006864
:10A210005E4B06AF3400685E4B062F340182E006C9
:10A22000F597AC02844523000F2B0323DE02F00FC9
:10A230002C0183E006F597AC0180E006F2979402CA
:10A240008400C7000DEA00B02AF70017A2006DDEF7
:10A2500089560DEA02872B4F000DEC02005EFF00CD
:10A260000DEA0287AB4F000DEC03BFDE02F00DEAF2
:10A270000002DE02F00000020200BF00104C006885
:10A280002B0B000F3B00E844655857A101BC63F756
:10A290001D17A2006D5E86F44F3B00E84466F44A49
:10A2A000C2006CC465576F3D00E84467002ABB02DA
:10A2B00080456F000F740203DEB700104C0183E08D
:10A2C00002F5B7AD0202DEB3000F43018360062B37
:10A2D000915C00025E02F00F1602835EBB000F4627
:10A2E00000E845895BF7A1006E5E8555AF5B02040F
:10A2F000DEB7000F5700E02BB7002AED01BC60036A
:10A30000000AEF00B02BB70017A20204DEFF000F17
:10A310004D006D5E895DCF4D0184E002F7F7BF020D
:10A3200006DEFF000F5700E02BE7020AF900B044F9
:10A3300067000B0401182BE70017A1011A2BE70097
:10A3400017A2006E5E87000F55006DDE895F4F55C6
:10A3500003BFDE02F00F5701BC6003000AF901865B
:10A36000E002F7F7BF02025EFF00104C0068AB0B83
:10A3700000104C00B02AE7000AC20002DE02F00022
:10A38000000182E002F7F7BF02025EFF000F6802E1
:10A390000600C7000F6102802BF3000F6100B02B95
:10A3A0004B0017BB006E2B22F7704C02025EFF00C1
:10A3B0000F6800E845895BF7A1006DDE85614F6697
:10A3C00000E844656177A1006D5E85618F6800B02B
:10A3D0004467000AC20002DE02F000000204DEB799
:10A3E000000F6E00E8446556CABE00E02BBF002A8D
:10A3F000EF00B02BC30017A1006D2BBEF42F6E0130
:10A40000BC6003000AED0068AB1700AF7100B044F8
:10A4100067000AF700B0446B000AFB0068AB170145
:10A420002F7300B04467000B130002DE02F000003F
:10A430000203DEB7000F8001BC6003000ADF006D7D
:10A4400045871F4F7800B04587000ADF00E044656C
:10A450005BF7BB00E85EEE2C2AB90282DEB3001087
:10A460004C0203C57300103E00E844655737A10055
:10A470006D5E8556B04C01836006F5D7AE03BFDE36
:10A4800002F0104C01BC6003000ADF006D45871F1D
:10A490004F8300B04587000ADF00E044655BF7BBEF
:10A4A00000E85EEE2C2AB901836002F5D7AE018385
:10A4B000E006F5B7AD0184E002F5B7AD01826002B8
:10A4C000F7F7BF01846002F5B7AD0101456F0017D2
:10A4D000A101875E86F577AB01BC6003000B0D0020
:10A4E000E844655737A1006D5E855ECF8D006D5ED7
:10A4F0008556AF9100E02B83002AE000B02AB3001C
:10A5000017B301BC600300117800B045E3001800E8
:10A5100000B045E7000ACC01BC600300317800B010
:10A5200045E300180000B045E7000ACD01BC600318
:10A5300000517800B045E300180000B045E7000A7C
:10A54000CE018460000600300207AB3B000F9E0185
:10A5500084600406003000B02B330017BB012A5E74
:10A56000EF000AC501BC60131C57BB021E2B330051
:10A570000FA5011E2B330017A60080DE9AF777BBCC
:10A5800000B041B70017B3006E2B1701EFA9008888
:10A59000600558B7BB0020DEED5D4FAC03BFDE02A7
:10A5A000F00FAF00E82B170217BB00886006F777A3
:10A5B000BB00205EED5D6FAF01846006F5B7AD02B4
:10A5C0000480C3000FAF0184E00561AB0D006E2B6A
:10A5D0001701EFB30088600558B7BB0020DEED5BC4
:10A5E0008FB603BFDE02F00FB700E82B170217BBD0
:10A5F00000886006F777BB00205EED5BAFB7018493
:10A60000600561AB0D0068AB1700AFC102075EFFCC
:10A61000000FC1012C2B3B0017A3006DDE8D612FB5
:10A62000C100685E8F000FC10280AB37000FBF0111
:10A6300083600561AB0D03BFDE02F00FC100B02BDC
:10A64000FB000AF800B0446B000AFF0281ABF30084
:10A650000FCE0068AB17012FCE01BC6003000AE2E9
:10A6600000682C4F000FCE00E844656277A1006DB2
:10A670005E85628FCB00B02C530017A200E05E898C
:10A6800062B7A2006DDE86F44FCD0200AC43000F2E
:10A69000CE0185600561AB0D03BFDE02F00FCE0178
:10A6A00080E001620B100068AB17010FD100B02AE7
:10A6B000E7000AD90187E006F7F7BF0207DEFF00CF
:10A6C0000FD30181E00561AB0D00682B17002FD778
:10A6D00000682B1701EFD700682B17030FD700680E
:10A6E000AB17008FDC01826006F7F7BF00B02AE7E6
:10A6F000000AC10068AB17008FDC011A2B37000A73
:10A70000C800B02AE7000AD00202DEBB000FE20256
:10A7100084DEFF000FDF0206DEFF000FE200B02B39
:10A72000B70017A1006DDE855DCFE20182E0056113
:10A73000AB0D00E05ECD55B7B301826002F5D7AE38
:10A7400000B02C4B0017A100B02AF70017A2006D33
:10A750005E89560FE902855EB7000FF203BFDE0285
:10A76000F00FEB006D5E8560EFF402812C43000F6B
:10A77000F200B0440B0017A300B0440F0017A20072
:10A78000E95E8E2337A300E8DE8A2357A200695EC4
:10A790008B000FF40068DE8B000FF4006E5E8EF607
:10A7A0006FF401826006F5D7AE00025E02F011542C
:10A7B00001BC60131C57BB012C2B3B0017A200806F
:10A7C000DE8AF777BB00B041B70017A200682B17ED
:10A7D000004FFD00682B17024FFD00682B17026F1A
:10A7E000FD00682B17006FFD03BFDE02F0100B01A8
:10A7F00084E006F5B7AD00685E8B00100400B05E23
:10A800008B000AAE0182E006F5D7AE00E02BCB004C
:10A810002AF2006E5E896110040182600561AB0D51
:10A8200000E844655737A100B0446B0017A200B0A0
:10A8300044670017A30068DE8A23500400E95E8E97
:10A84000F42AB600E8DE8B000AB701846002F7F74D
:10A85000BF0282DEB300104C0203C57300103E003D
:10A86000B02ACB0017A200B02AD30017A30068AB10
:10A870001700901802802BF300101800B02B230053
:10A8800017A1006D5E855970140180E00561AB0D64
:10A8900000685E8700101800682C0700101800B0D0
:10A8A0002C070017A200B02C0B0017A300685E8FC6
:10A8B00000101E00682B0B00101E00E8446558575E
:10A8C000A100E05E8EF457A2006D5E86F4501E017A
:10A8D00081600561AB0D0281AB4F00102302005E69
:10A8E000FF0010230204452300102303A0DE02F022
:10A8F00010230183E00561AB0D028080BF00104C86
:10A9000002825EBB00104C02822BF30010380281E1
:10A91000AC370010380280AC3700103802812C3779
:10A9200000103802822C37001038028881AB0010EA
:10A93000380282AC3700103102802B370010380209
:10A94000832C3700103102852C3700103102842C03
:10A95000370010380284AC370010380283AC37005F
:10A96000103802835EB70010370204DEAF001037E4
:10A970000281DEBB0010370184E002F577AB0002F4
:10A980005E02F0113D03BFDE02F0104C0183E002D5
:10A990002B915C020701AB00103B0180E00209D063
:10A9A0004E01BC600318517800B045E30018000167
:10A9B0008060022F317900E844655737A1006D5E51
:10A9C0008555B04C028101AB001044020081AB0000
:10A9D000104602842C370010460280AC3700104627
:10A9E000018360022B915C03BFDE02F0104C0183F7
:10A9F00060022B915C00025E02F00F2102835EB7C1
:10AA000000104C0184E006F577AB00E02B47002AEC
:10AA1000D103BFDE02F011250002DE02F0000001CA
:10AA200084E002F5B7AD01836002F5D7AE0182E0A4
:10AA300002F5D7AE0182E002F7F7BF0184E002F72A
:10AA4000F7BF01BC6003000ADB01BC6003000AD051
:10AA500001BC6003000AC801BC6003000AF2018760
:10AA60006001606B030002DE02F00000020200BF22
:10AA70000010840283DEFF0010930183E006F7F7E5
:10AA8000BF01BC600302115D00B02AB700115E0176
:10AA90008560060B705B018560060BF05F028045E8
:10AAA0006B001065018B60022B915C01BC60031888
:10AAB000517800B045E3001800018060022F317921
:10AAC0000188600E2B515A01BC60030037A30002BD
:10AAD0005E02F0116F00682ADB00106A01846006D4
:10AAE000F7F7BF01BC6003000AB600025E02F01077
:10AAF0004D00E8446960D7A1006EDE870030720027
:10AB0000B02BF7000AF801BC6003000AF700682BBD
:10AB10000B00107200B04467000AC100E84465569B
:10AB20004AC2028080BF0010780281DEBB00107F25
:10AB30000200456F0010780283C57300107801BCD5
:10AB400063FF1FF7A10068C586F4307F018B600E9C
:10AB50002B915C01BC600318517800B045E30018EC
:10AB600000018B2B4E2F31790183E002F5B7AD0147
:10AB700084E002F577AB03BFDE02F01130018360A1
:10AB8000022B915C00025E02F00F210183E006F5CA
:10AB9000B7AD0184E006F577AB03BFDE02F01130FC
:10ABA000018D60020BF05F0188600E2B515A02810B
:10ABB00081AB00108C018B60062B915C01BC6003A3
:10ABC00018517800B045E3001800018060022F3171
:10ABD0007903BFDE02F01090018B60022B915C01C3
:10ABE000BC600318517800B045E300180001806094
:10ABF000022F31790183E002F5B7AD0184E002F55F
:10AC000077AB00025E02F0104D0002DE02F00000A1
:10AC100000B0446B000B060202DEB3001098018303
:10AC200060062B915C00025E02F00F16020200BF6C
:10AC30000010A80183E002F7F7BF0203C5730010FC
:10AC4000A1020080BF0010A1018B600E2B915C015E
:10AC5000BC600318517800B045E3001800018B2B4D
:10AC60004E2F317903BFDE02F010A5018B60022B5D
:10AC7000915C01BC600318517800B045E3001800F6
:10AC8000018060022F31790182E002F597AC01BCAE
:10AC900060030017A300025E02F0116F0002DE02E3
:10ACA000F0000001BC600300701001BC63FF1FF0E6
:10ACB000C501BC63FF1FF0CB00B040470010E500AA
:10ACC000B040470010EB01BC600300901001BC6372
:10ACD000FF1FF0C601BC63FF1FF0CC00B04047006F
:10ACE00010E600B040470010EC01BC600300B0105B
:10ACF00001BC63FF1FF0C701BC63FF1FF0CD00B0B4
:10AD000040470010E700B040470010ED01BC600371
:10AD100000101000B0404300180001BC63FF1FF09A
:10AD2000C800B040470010E801BC600300301000CC
:10AD3000B0404300180001BC63FF1FF0C900B040E1
:10AD4000470010E901BC600300501000B040430010
:10AD5000180001BC63FF1FF0CA00B040470010EAB2
:10AD60000002DE02F0000001BC60030037A20020F8
:10AD7000E3FE0911040020E0420D91040280420329
:10AD80000011040284452300110403915E02F011B6
:10AD9000040068AB6F0011040282DEFF00110402A0
:10ADA000805EFF001139020180C70011300282DE8F
:10ADB000B3001104020480C70010F000685E8B002D
:10ADC00010DC00B02BA30017A1006EAB8AF430DCBE
:10ADD0000203C5730010F000682ABB0010DB006896
:10ADE0002ADB0010DC00E8446556D7A100E82ABA47
:10ADF000F437A1006ADE8555F0F0006ADE855B500D
:10AE0000F000682B070010F00203DE530010DF0093
:10AE1000B02BA7000AAF03BFDE02F0113001BC6007
:10AE20000302579201BC63FF1FF0C301BC6003091A
:10AE300010E301865E8A1C70E3018460061C70E3E7
:10AE400000682B0F0010E60185E0061C70E301BCD2
:10AE5000600303978200025E02F0110E01BC63FFE3
:10AE60001FF0C400B054130010E400E043915C30C4
:10AE7000E400025E02F010A901BC60030010EE01C4
:10AE8000BC63FF1FF0CE00E02B0F002AC303BFDE20
:10AE900002F010FE02835EB700110401BC602308BB
:10AEA00090E600025E02F0010000B05ECF0010E408
:10AEB00000682ABB0010FB00B02AFB0010E40280EF
:10AEC000456F0010FB00E8446556D7A100E82ABA98
:10AED000F437A100695E870010FB00E05E8557D063
:10AEE000E401BC600301D78200025E02F0110E0390
:10AEF000BFDE02F010FE00B0004700108600025EC8
:10AF000002F011B000025E02F00D2F0190600A09FC
:10AF1000104801846006F597AC01BC613300708075
:10AF20000002DE02F0000002805EFF0011090281D3
:10AF3000DEBB001109020180C7001130020480C786
:10AF400000113001806002F7F7BF0280C28F00114C
:10AF5000310201DEBB00113101BC60030017A20306
:10AF6000BFDE02F010C601BC63FF1FF0C001BC636E
:10AF7000FF1FF0C10285DEFF00111E00685E4B0658
:10AF8000311700B02B570017A1006DAB0EF4311E26
:10AF900001BC600301378000B02B5B0017A1006D7E
:10AFA0002B0EF4311902812BF300111901BC60033F
:10AFB00001778001BC600300378100025E02F0006F
:10AFC000DB01D2DE0AA030E000B0540B0010E10338
:10AFD000BFDE02F011240280ABF300111701BC6048
:10AFE0000301578001BC600300178100025E02F07C
:10AFF00000DB00B054070010E000885E0B0070E139
:10B000000002DE02F0000000682B13001130020481
:10B01000DEAF00113000E844655897A4006E5E91E1
:10B0200055F13000885E930037A4006D5E9155F1B4
:10B030003000025E02F0116403BFDE02F0113D0039
:10B04000E844655897A400885E930037A400025E28
:10B0500002F0116403BFDE02F0113D0284DEAF0096
:10B0600011340181E002F5D7AE03BFDE02F0113DDD
:10B0700000682B8700113900E044655C2ADB00681A
:10B080002B8B00113800E044655B4ADB0002DE02D6
:10B09000F0000001806006F7F7BF00682B13001175
:10B0A0003D00E844655897A400025E02F011640177
:10B0B000846002F597AC01BC6003000AC401BC6067
:10B0C00003000ADB01BC6003000AC30104DEAF0019
:10B0D00017A101835E86F5B7AD0284DEAF0011468D
:10B0E000018060060D906C0002DE02F0000000B0EE
:10B0F0002AAF0017A3020400C300114900B02ACFF1
:10B100000017A30202DEBB00114B00B02AAB0017F0
:10B11000A300E04466F46ABB00B04467000B0B0177
:10B1200083E0022B915C020701AB0011500180E02B
:10B130000209D04E01BC600318517800B045E3000D
:10B140001800018060022F31790002DE02F0000059
:10B150000202DEB3001157018360062B915C0002EE
:10B160005E02F00F160203C57300115C0284DEAFAD
:10B1700000115C0281DEBB00115C02805EFF0011E9
:10B180005C02035EB7001163018B600E2B915C01C2
:10B19000BC600318517800B045E3001800018B2B08
:10B1A0004E2F317901836006F5B7AD0184E002F5D9
:10B1B00077AB01BC6003000AC30002DE02F00000AE
:10B1C00000682B7B00116600B02B7B0017A4006D7C
:10B1D0005E9156516800B02ACB0017A400882B2737
:10B1E0000037A500E82B2AF4AACA00885E9300372E
:10B1F000A400E02B2AF48ACA00902B2B00AAC900D5
:10B20000B02B27000AAF0002DE02F0000002032C80
:10B2100047001178028741D700117001BC606300BC
:10B22000107B01BC600700107A01AC607F1C1075B8
:10B23000028741D700117401845E8E0ED07601AC76
:10B2400060BF1C1075028741D70011770002DE0233
:10B25000F000000286410700117901BC6013091754
:10B26000A100025E02F000CE018760060337A20053
:10B27000025E02F000D400B05E870017A100B05E4D
:10B28000870017A100B05E870017A101876002F454
:10B2900057A200025E02F000D401BC60130957A15E
:10B2A00000025E02F000CE018060060337A20002B9
:10B2B0005E02F000D400E002B30020AC0180600226
:10B2C000F457A200025E02F000D401BC60270857C8
:10B2D000A100025E02F000CE0068C06701F191019A
:10B2E000BC60030017A200025E02F000D401BC6043
:10B2F0000301F7A200025E02F000D40002DE02F0B9
:10B30000000003905E02F011A503875E02F011A514
:10B310000390DE02F011A50204452300119C028374
:10B32000C21F0011A50068A0B700119900B04467C2
:10B3300000082D00E8446505B7A1006E5E877D1109
:10B34000A003BFDE02F011A60286C0370011A500DF
:10B35000E0446700D7A1020640370011A5006CC485
:10B3600066F4319E00025E02F00B1F00025E02F0E6
:10B37000117901BC600300082D00025E02F00AE2B0
:10B3800003BFDE02F0001301BC600300082D0002C1
:10B39000DE02F00000028042030011AF0285452367
:10B3A0000011AE0285DEB70011AC0185E006F5B7ED
:10B3B000AD00E0446B002B21006CC4696431AF0028
:10B3C000025E02F011790185E002F5B7AD0002DE00
:10B3D00002F00000010C81430017A101BC600300D2
:10B3E000508A00685E070011B400685E870011B4DF
:10B3F00000685E070011BC0190422AA1308A0068F3
:10B400005E070031BC0190422AA0108A0109DE03C8
:10B410000017A2018F5E8A11508A00685E8B0011AE
:10B42000BC0191E00E11508A0002DE02F000000122
:10B4300009DE030017A400E05A06F497A500905E09
:10B4400096F497A50203DE030011C40282DE030016
:10B4500011C401BC61EF0857A60080DE96F4D7A5A1
:10B460000116DE870017A300885E870077A100E140
:10B470005E8702D7A100E0DE8F0017A301BC600346
:10B480000017A2020E5E030011CB01BC600300375F
:10B49000A200905E96F457A50080DE96F437A100D6
:10B4A000E141B7FFF7A600E1DE8701F7A10080DEEA
:10B4B00096F477A300E1DE860DB7A100E0DE8F00F1
:10B4C00017A3017A5E86F477A100885E86F457A1FF
:10B4D00000B05E870017A20287DE030011D8008843
:10B4E0005E870057A103BFDE02F011E502875E030D
:10B4F0000011DF01BC639B0CD7A50080DE86F4B78A
:10B50000A100E141B7FFF7A500E0DE870017A10029
:10B51000885E870057A103BFDE02F011E500885E58
:10B52000870057A101BC639B0CF7A50080DE86F461
:10B53000B7A101BC62030017A500E141B6F4B7A5AD
:10B5400000E0DE870017A100E05E8400D7A10002C2
:10B55000DE02F000000200200F0000130282DE5322
:10B560000011ED0188600204902400E020AEF30891
:10B570002B00E820AAF3082A03BFDE02F0098F019E
:10B58000B8601604902401BC600301D02503055E59
:10B5900002F011FF0287C037000A8F0386DE02F037
:10B5A0000A9000025E02F00F3500025E02F0119276
:10B5B000035CDE02F011EF00D8409B0117A100E010
:10B5C0005E8702379800A85E630077980102DE5319
:10B5D0000017A10182E002F297940188DE850068DD
:10B5E00003006EA0AAF311FF00E85E6301D02501FD
:10B5F000B8600604902403BFDE02F00002018160FF
:10B600000500680301B8600A04902403BFDE02F05D
:10B61000000202285E8700121500B041930017A4B3
:10B6200000E04193007064010A5E870017A200E801
:10B630004192F4506301185E870017A100E8604250
:10B64000F437A200885602F436000068418EF49266
:10B650001100E8418F00306300E84193003064003E
:10B66000685E8B02120900905602F457A300B0588E
:10B6700006F4760103BFDE02F0120900684192F47D
:10B68000921500E8419300306401BC60030016008D
:10B6900003BFDE02F0121100B05E870017A10002A6
:10B6A000DE02F000000180600286143000B050CB52
:10B6B000001065013850830017A10068DE3B063298
:10B6C0001D00E05A3300368C006EDA32F42013008D
:10B6D000B05A0B0017A200E001F700207D00E00146
:10B6E000D2F4407401BC63FF1FF7A300B050CF0039
:10B6F0001064006EDA32F4322400B05A370017A317
:10B7000000B0581300178201BC600300160401BC8E
:10B71000601B09D7B60102D0C70017A100E041960F
:10B72000F4306500E050CB00D06401BC600300172A
:10B73000B401BC600300178001BC600300378101C5
:10B740008760040310A0009052330097A400E041EA
:10B750008701B7B500685ED2F0524B00E05EDAF6C2
:10B7600090630020D802F0323F020250C700124519
:10B77000009056030097A100E85E86F497A1019E11
:10B780006002F437A1006DDE87081245010A5E876A
:10B790000017A201DA6002F437A100E05ED6F4508F
:10B7A0006300886006F437A100205602F432450099
:10B7B000B05802F0360000E05A2B00368A006ADEEC
:10B7C000D2F472410068DED2F0124600E05E03005F
:10B7D000378000685E030032460186E0040310A053
:10B7E00003BFDE02F01246006ADED2F4724100E0CE
:10B7F0005ED30037B400D05E0700378102985ED375
:10B8000000123000E0419300306403BFDE02F0120A
:10B810003000685E0300001303BFDE02F005D302B0
:10B8200082D0C700125500B02A4F0017A101B82AD4
:10B830004AF4368401025013001685013C508300FF
:10B8400017A100B050A70017A4006D5A32F4325E61
:10B850000182E0068634310288502B00125A00B073
:10B860005A330017A1019E5E8684F4270183600687
:10B870008634310002DE02F0000000B05073001781
:10B88000A101B8506EF436840106D0070016850079
:10B89000B050AB0017A400D06006C0978000E04114
:10B8A0009700D7B5010A58130017A100E05ED6F43F
:10B8B00037B500B0580F001063011656030017810A
:10B8C0000068D813001273011400630017A1006808
:10B8D000DE870012690088013B01168003BFDE028B
:10B8E000F0126E0068DE8700726C00A0013BE0166B
:10B8F0008003BFDE02F0126E00E05E870970620016
:10B9000088540301168000E85A0330168001BC6099
:10B910000300168101BC600300168201BC600300B5
:10B92000168303BFDE02F0127800E0418EC0906300
:10B93000006EC18EC0327800E8418EC0306300E8EE
:10B9400058030037A100E0418EF43063013850A362
:10B950000017A50068581303F2930068418EC05287
:10B9600093006DDA0AF4B293011656030017A10092
:10B9700068DE86F03293015856030017A100E05E9E
:10B98000870DD7A200B05ED70010620020DE02A0B3
:10B99000128A00E05E86D037A300E05E8ED077A3E7
:10B9A000006D5A02F45293006E5E8EF4929300E89A
:10B9B0006002F4368300B05E8F00168100A05A0F3B
:10B9C00000768300E05A0B00368200E85A02F456F3
:10B9D0008000D05E0300378000E05813003604007A
:10B9E000E0418F0030630298581300129000E05E2F
:10B9F000D70037B5006EC18EC0327900B058030051
:10BA0000106303BFDE02F0127900B058130017A1D3
:10BA10000068DA3700129600B05E8700168D006D60
:10BA2000DE86D1B29800B05E8700168D0002DE027D
:10BA3000F0000001BC60030017A10187600403103F
:10BA4000A001BC60030990B500B0006300F0B40130
:10BA5000BC60570490B601BC60030090B500B00014
:10BA60006300B0B400B042D30018000317DE02F048
:10BA700012A10397DE02F012A200B02A4B00142F8D
:10BA8000018EE00C0310A0006DDE02D1B2A800E828
:10BA90005A36F0168D03BFDE02F012AA01BC600315
:10BAA00000168C01BC600300168D006E5A3AF0122D
:10BAB000AD01BC600300168E03BFDE02F012AE00C3
:10BAC000E85A3AF0168E00B058070017A100E05867
:10BAD0000EF01603006ED80EF432B400E85E86C095
:10BAE00017A100E8580EF4360300E8580F0036039B
:10BAF00001185E030017A1006DDE030212BC00E80E
:10BB00006042F437A200905A1AF4368600885A1E12
:10BB1000F457A200905A1EF4368700B05A1AF45611
:10BB20008603BFDE02F012BE00905A1EF436860174
:10BB3000BC60030016870002DE02F00000015860BE
:10BB40000300102A01B8600A04902401BC600302BB
:10BB500090040189E0020D906C0002DE02F000000A
:10BB60000200DE530012E901BC601309B7A1000214
:10BB70005E02F000CE01A560020337A20199E00247
:10BB8000F457A200025E02F000D401BC60130997D2
:10BB9000A100025E02F000CE01A4607E0337A20184
:10BBA00099E03EF457A200025E02F000D401BC60AE
:10BBB0001316F7A100025E02F000CE01B46002038A
:10BBC00037A200025E02F000D401BC60131637A158
:10BBD00000025E02F000CE0186E0020337A201857A
:10BBE0006002F457A200025E02F000D401BC6013B0
:10BBF0001617A100025E02F000CE0181E0060337B5
:10BC0000A20185E006F457A201836006F457A20062
:10BC1000025E02F000D401BC60131F57A100025E57
:10BC200002F000CE0181E0020337A2028600C700C5
:10BC300012E30181E0060337A200025E02F000D4A5
:10BC400001BC60131F37A100025E02F000CE01812B
:10BC5000E0060337A200025E02F000D40002DE021A
:10BC6000F0000001BC60130997A100025E02F00021
:10BC7000CE01A460020337A20199E002F457A201A9
:10BC8000886002F457A200025E02F000D401BC609A
:10BC9000131617A100025E02F000CE0181E002033C
:10BCA00037A20185E002F457A201836002F457A293
:10BCB00000025E02F000D4020600C70012FA01BCC6
:10BCC00060131F37A100025E02F000CE0181E00286
:10BCD0000337A200025E02F000D40002DE02F00090
:10BCE000000200DE530012E901BC601309B7A10095
:10BCF000025E02F000CE018760020337A20181E0FC
:10BD000002F457A201886006F457A200025E02F016
:10BD100000D401BC60130997A100025E02F000CEBE
:10BD2000020400C70013070188600E0337A203BF97
:10BD3000DE02F01309018660060337A20181E006E6
:10BD4000F457A200025E02F000D403BFDE02F0123C
:10BD5000DE0068DE9300130F00E05E030057A201CF
:10BD6000095E8B0017A103BFDE02F013170068DE27
:10BD70009300331301105E030017A200E05E8B00F6
:10BD800097A103BFDE02F0131701305E030017A274
:10BD900000E05E8B0197A1006D5E8705931701BCE3
:10BDA00060030597A10002DE02F0000000682BEBA3
:10BDB00000131D00B02C130017A100E05E8560B7D2
:10BDC000A1006BDE8623331D0186E006F7F7BF0076
:10BDD00002DE02F0000000B05E8F00106400B05E72
:10BDE000870017A300B05E8B00106500B05A0300F7
:10BDF00017A10068419300132600025E02F000CEF6
:10BE000000B0406700160100E0419300506400B0AC
:10BE10005A070017A200025E02F000D400E041972A
:10BE200000506500E85E8F0037A30068DE8F0013C6
:10BE3000210002DE02F0000000B05E8F00106400FE
:10BE4000B05E870017A300B05E8B00106500B05A8B
:10BE5000030017800068419300133400025E02F073
:10BE60000DE100B05E0700160100E0419300506450
:10BE700000B05A0700178100025E02F00DE600E0F4
:10BE8000419700506500E85E8F0037A30068DE8FA1
:10BE900000132F0002DE02F00000020200BF0001CA
:10BEA000B10203C5730001DA0000000000000000C9
:10BEB000DFF287BB00000000E4420300D07B0108F2
:10BEC00000000000232D302B2000686C4C006566BC
:10BED00067454647003031323334353637383941DB
:10BEE00042434445460030313233343536373839F1
:10BEF000616263646566000925733A2025642E2516
:10BF0000642E25642E25640D0A00464E49004E41DC
:10BF10004E005252450053656E642073746174750F
:10BF2000733A204F4B0053656E64207374617475CF
:10BF3000733A204641494C00425554544F4E2025F7
:10BF40006320505245535345440053656E64696EF7
:10BF50006720257300546F2025752E25752E2575B5
:10BF60002E2575005544502033303530320046417F
:10BF700054414C3A2053544D3332204572726F7203
:10BF80002048616E646C65720D0A00496E69742008
:10BF90004572726F722050726573737572652053AB
:10BFA000656E736F720D0A00496E69742045727276
:10BFB0006F722048756D69646974792D54656D7070
:10BFC000657261747572652053656E736F720D0AC8
:10BFD00000496E6974204572726F72204163636517
:10BFE0006C65726F6D657465722053656E736F72E8
:10BFF0000D0A00496E6974204572726F72204D619E
:10C00000676E65746F6D657465722053656E736FCE
:10C01000720D0A005363616E6E696E672049324388
:10C02000206275730D0A0900307825303278002EB1
:10C03000000D0A0D0A0053797374656D2054696D03
:10C040006572205468726561640047756172646945
:10C05000616E2073656E736F72207075626C6973A8
:10C06000686572004552524F523A204775617264BA
:10C0700069616E20746872656164206372656174C1
:10C08000696F6E206661696C6564202830782530A0
:10C090003878290D0A000D0A496E697469616C6966
:10C0A0007A696E6720534E54502074696D65207311
:10C0B000796E630D0A0009534E54502073657276F1
:10C0C00065722025730D0A004552524F523A205591
:10C0D0006E61626C6520746F207265736F6C76653B
:10C0E00020534E5450204950202573202830782565
:10C0F000303878290D0A004552524F523A20556E79
:10C1000061626C6520746F20696E697469616C6925
:10C110007A6520756E696361737420534E545020A4
:10C12000636C69656E742028307825303878290D65
:10C130000A004552524F523A20556E61626C65209A
:10C14000746F20737461727420756E6963617374A7
:10C1500020534E545020636C69656E7420283078EB
:10C1600025303878290D0A004552524F523A20495D
:10C170006E7465726E616C206572726F7220776981
:10C1800074682067657474696E67206C6F63616C96
:10C190002074696D652028307825303878290A00A8
:10C1A00009534E54502074696D6520757064617434
:10C1B000653A2025730D0A00535543434553533ABE
:10C1C00020534E545020696E697469616C697A65B8
:10C1D000640D0A004552524F523A2047756172640D
:10C1E00069616E20554450207061636B65742061F5
:10C1F0006C6C6F636174696F6E206661696C6564F5
:10C200002028307825303878290D0A004552524FC1
:10C21000523A20477561726469616E20554450201E
:10C220007061636B657420617373656D626C7920F6
:10C230006661696C65642028307825303878290D6E
:10C240000A004552524F523A204775617264696143
:10C250006E205544502073656E64206661696C657C
:10C26000642028307825303878290D0A0063616E03
:10C270005F6661756C74007B2274797065223A2266
:10C2800063616E5F6661756C74222C227363656EE8
:10C290006172696F223A22636F756E7465725F73A3
:10C2A0007475636B227D007B2274797065223A225B
:10C2B0006261645F73616D706C65222C22736571BD
:10C2C000223A256C757D004552524F523A204775EF
:10C2D00061726469616E20627574746F6E20657638
:10C2E000656E7420646964206E6F742066697420C2
:10C2F000554450206D65737361676520627566668D
:10C3000065720D0A005374617274696E6720415A38
:10C3100033313636204F5441204F75746C6177733A
:10C320002073656E736F72207075626C69736865D7
:10C33000720D0A004861636B6174686F6E2D5465FD
:10C34000616D2D30340044565465616D2D313233AA
:10C35000343536004E657458205458205061636B54
:10C36000657420506F6F6C004552524F523A206EE8
:10C37000785F7061636B65745F706F6F6C5F637221
:10C380006561746520545820283078253038782924
:10C390000D0A004E657458205258205061636B6539
:10C3A0007420506F6F6C004552524F523A206E7895
:10C3B0005F7061636B65745F706F6F6C5F637265F4
:10C3C0006174652052582028307825303878290D3E
:10C3D0000A000D0A496E697469616C697A696E6751
:10C3E00020576946690D0A004552524F523A20774C
:10C3F0006966695F7373696420697320656D707421
:10C40000790D0A004552524F523A207777645F62A5
:10C4100075666665725F696E69740D0A00455252F1
:10C420004F523A207777645F6D616E6167656D6525
:10C430006E745F776966695F6F6E0D0A00094D4122
:10C440004320616464726573733A20253032583A30
:10C45000253032583A253032583A253032583A256C
:10C460003032583A253032580D0A0053554343456F
:10C4700053533A205769466920696E697469616C43
:10C48000697A65640D0A004552524F523A20776925
:10C4900066695F696E69742028307825303878299C
:10C4A0000D0A0050524900496E7465726E616C202D
:10C4B0004950204C6F6F706261636B004E65745819
:10C4C00020495020496E7374616E636520300045C9
:10C4D00052524F523A206E785F69705F63726561A5
:10C4E00074652028307825303878290D0A004552A7
:10C4F000524F523A206E785F6172705F656E616272
:10C500006C652028307825303878290D0A0045528E
:10C51000524F523A206E785F7463705F656E61624D
:10C520006C652028307825303878290D0A0045526E
:10C53000524F523A206E785F7564705F656E61622B
:10C540006C652028307825303878290D0A004E6532
:10C550007458204448435020436C69656E7400440D
:10C5600048435020436C69656E742054696D657250
:10C57000004552524F523A206E785F69636D705F8A
:10C58000656E61626C652028307825303878290D19
:10C590000A004448435020436C69656E7420457618
:10C5A000656E7473004552524F523A206E785F6444
:10C5B0006863705F63726561746520283078253028
:10C5C0003878290D0A004552524F523A206E785F52
:10C5D000646863705F7374617274202830782530EA
:10C5E0003878290D0A00444E5320536F636B6574ED
:10C5F00000444E53204D7574657800444E532043DB
:10C600006C69656E74004552524F523A206E785FE5
:10C61000646E735F637265617465202830782530BD
:10C620003878290D0A00534E5450004552524F524B
:10C630003A206E785F646E735F7061636B65745FE0
:10C64000706F6F6C5F7365742028253078303829DF
:10C650000D0A004552524F523A204372656174658B
:10C6600020534E5450206576656E7420666C616769
:10C67000732028307825303878290D0A00534E541D
:10C680005020436C69656E7420736F636B65740032
:10C69000534E545020436C69656E7420557064612C
:10C6A00074652054696D6572004E65745820534E50
:10C6B000545020436C69656E74204D757465780024
:10C6C0004E65745820534E545020436C69656E7407
:10C6D000204576656E7473004E65745820534E5431
:10C6E0005020436C69656E7400544C53206D757412
:10C6F0006578004552524F523A20534E54502063B1
:10C700006C69656E74206372656174652066616929
:10C710006C65642028307825303878290D0A00456A
:10C7200052524F523A204661696C656420746F2002
:10C73000696E69742074686520534E545020636C90
:10C7400069656E742028307825303878290D0A0004
:10C750004552524F523A2057692D46692F6E6574E3
:10C76000776F726B20696E697469616C697A617444
:10C77000696F6E206661696C6564202830782530A9
:10C780003878290D0A000D0A436F6E6E656374696F
:10C790006E6720576946690D0A0009436F6E6E6522
:10C7A0006374696E6720746F2053534944202725B2
:10C7B00073270D0A0009417474656D707420256C2F
:10C7C000642E2E2E0D0A00535543434553533A20F1
:10C7D0005769466920636F6E6E65637465640D0A00
:10C7E000000D0A496E697469616C697A696E672027
:10C7F000444843500D0A004552524F523A2043617B
:10C800006E2774207265736F6C76652044484350C0
:10C81000206164647265737320283078253038781D
:10C820000D0A004552524F523A20646863705F63AC
:10C830006F6E6E6563740D0A004950206164647206
:10C84000657373004D61736B00476174657761793F
:10C8500000535543434553533A20444843502069BD
:10C860006E697469616C697A65640D0A000D0A4924
:10C870006E697469616C697A696E6720444E5320F1
:10C88000636C69656E740D0A004552524F523A202E
:10C890006E785F646863705F696E74657266616309
:10C8A000655F757365725F6F7074696F6E5F7265D7
:10C8B0007472696576652028307825303878290DBE
:10C8C0000A004552524F523A206E785F646E735F91
:10C8D0007365727665725F72656D6F76655F616CA8
:10C8E0006C2028307825303878290D0A00444E53C2
:10C8F0002061646472657373004552524F523A204E
:10C900006E785F646E735F7365727665725F616483
:10C91000642028307825303878290D0A0053554393
:10C92000434553533A20444E5320636C69656E74FB
:10C9300020696E697469616C697A65640D0A0045E5
:10C9400052524F523A20646E735F636F6E6E65632E
:10C95000740D0A004552524F523A2057692D4669CC
:10C9600020636F6E6E656374696F6E206661696CBB
:10C9700065642028307825303878290D0A004775FD
:10C9800061726469616E20686F73742061646170A4
:10C99000746572004552524F523A20477561726475
:10C9A00069616E2055445020736F636B657420631A
:10C9B00072656174696F6E206661696C65642028B8
:10C9C000307825303878290D0A004552524F523AB6
:10C9D00020477561726469616E2055445020736F01
:10C9E000636B65742062696E64206661696C65645E
:10C9F0002028307825303878290D0A00486F737464
:10CA000020616461707465722061742049507634CD
:10CA10002025752E25752E25752E257520554450FB
:10CA20002025750D0A00636F756E7465725F7374EF
:10CA300075636B0043414E206661756C74004275EE
:10CA400074746F6E20413A2072657175657374203D
:10CA5000636F756E7465725F737475636B204341A9
:10CA60004E207265706C61793B2055445020737480
:10CA700061747573203078253038780D0A00626152
:10CA8000645F73616D706C650031323020432073D8
:10CA9000616D706C65006261642074656D70004248
:10CAA0007574746F6E20423A207265717565737487
:10CAB000206F6E652D73686F742025752043207379
:10CAC000616D706C653B20554450207374617475C2
:10CAD00073203078253038780D0A004552524F5275
:10CAE0003A205265667573696E6720746F207365AE
:10CAF0006E64206E6F6E2D66696E69746520485491
:10CB0000533232312074656D70657261747572656F
:10CB10000D0A007B2274797065223A2273616D7070
:10CB20006C65222C22736571223A256C752C227457
:10CB3000656D70657261747572655F63223A256414
:10CB40002E253032647D004552524F523A204775AF
:10CB500061726469616E2073616D706C65206469D7
:10CB600064206E6F742066697420554450206D6592
:10CB70007373616765206275666665720D0A0045AC
:10CB800052524F523A204854533232312073616D21
:10CB9000706C65207075626C697368206661696C81
:10CBA00065642028307825303878290D0A004854EB
:10CBB000533232312054454D502F524800543A20C0
:10CBC000252E326620430048756D69646974793A90
:10CBD00020252E32662525004C5053323248422003
:10CBE000505245535355524500503A20252E326637
:10CBF00020685061004C534D3644534C2041434310
:10CC0000454C206D6700583A20252B2E316600597F
:10CC10003A20252B2E3166005A3A20252B2E3166DC
:10CC2000004C534D3644534C204759524F206D64AD
:10CC3000707300583A20252B2E306600593A202573
:10CC40002B2E3066005A3A20252B2E3066004C4998
:10CC500053324D444C204D4147206D4700485453BA
:10CC60003232312074656D70657261747572652041
:10CC700025642E2530326420432C2068756D69644C
:10CC80006974792025642E2530326425253B207374
:10CC9000657175656E636520256C750D0A00302E13
:10CCA000706F6F6C2E6E74702E6F726700312E7005
:10CCB0006F6F6C2E6E74702E6F726700322E706FF5
:10CCC0006F6C2E6E74702E6F726700332E706F6FE4
:10CCD0006C2E6E74702E6F7267004A616E0046652E
:10CCE00062004D617200417072004D6179004A75B9
:10CCF0006E004A756C0041756700536570004F63A4
:10CD000074004E6F76004465630041435354004104
:10CD1000555448004155544F004243535400435228
:10CD200059500044454E590044524F5000525354FC
:10CD30005200494E4954004D435354004E4B4559FF
:10CD4000005241544500524D4F5400535445500039
:08CD5000A03AFB7F0100000086
:04CD5800390A00088C
:04CD5C00110A0008B0
:10CD6000010306000500000085160008091A0008E6
:10CD7000380C01200500000065160008F1190008B4
:10CD8000380C012005000000C91600083D1A0008F3
:10CD9000380C01204841434B4154484F4E00454315
:10CDA0004C4950534520534456000000F0F0F0F039
:10CDB00005000000A5160008211A0008380C012003
:10CDC0000024F40000000000010000000200000048
:10CDD000000000000100000002000000040000004C
:10CDE000000102030405060700040000FD2B0108F2
:10CDF000E52C01088C0000200A000000FFFFFFFF67
:10CE000002000000415500005856000000000000DC
:10CE1000000000000300000078220120C000002074
:10CE20000000000078220120E02201204823012098
:10CE300000000000000000000000000000000000F2
:10CE400000000000000000000000000000000000E2
:10CE500000000000000000000000000000000000D2
:0CCE6000000000000000000000000000C6
:040000050800DF5DB3
:00000001FF
